activity_year,country,iso3,stars,dataset,dataset_calendar_year,tool_version,factor_value,factor_unit,method,sample_count,is_temporal_fallback,is_geographic_proxy,source,source_url
2022,Afganistán,AFG,2,CHSB 2024v2,2022,Greenview CHSB public dataset,14.037051,kgCO2e/occupied room-night,GLOBAL_STAR_FALLBACK,2777,False,True,Greenview / Cornell Hotel Sustainability Benchmarking Index,https://greenview.sg/resources/chsb-index/
2022,Afganistán,AFG,3,CHSB 2024v2,2022,Greenview CHSB public dataset,19.102623,kgCO2e/occupied room-night,GLOBAL_STAR_FALLBACK,4306,False,True,Greenview / Cornell Hotel Sustainability Benchmarking Index,https://greenview.sg/resources/chsb-index/
2022,Afganistán,AFG,4,CHSB 2024v2,2022,Greenview CHSB public dataset,37.703218,kgCO2e/occupied room-night,GLOBAL_STAR_FALLBACK,2205,False,True,Greenview / Cornell Hotel Sustainability Benchmarking Index,https://greenview.sg/resources/chsb-index/
2022,Afganistán,AFG,5,CHSB 2024v2,2022,Greenview CHSB public dataset,78.970495,kgCO2e/occupied room-night,GLOBAL_STAR_FALLBACK,887,False,True,Greenview / Cornell Hotel Sustainability Benchmarking Index,https://greenview.sg/resources/chsb-index/
2022,Afganistán,AFG,unknown,CHSB 2024v2,2022,Greenview CHSB public dataset,25.514392,kgCO2e/occupied room-night,GLOBAL_UNKNOWN_FALLBACK,10183,False,True,Greenview / Cornell Hotel Sustainability Benchmarking Index,https://greenview.sg/resources/chsb-index/
2022,Albania,ALB,2,CHSB 2024v2,2022,Greenview CHSB public dataset,14.037051,kgCO2e/occupied room-night,GLOBAL_STAR_FALLBACK,2777,False,True,Greenview / Cornell Hotel Sustainability Benchmarking Index,https://greenview.sg/resources/chsb-index/
2022,Albania,ALB,3,CHSB 2024v2,2022,Greenview CHSB public dataset,19.102623,kgCO2e/occupied room-night,GLOBAL_STAR_FALLBACK,4306,False,True,Greenview / Cornell Hotel Sustainability Benchmarking Index,https://greenview.sg/resources/chsb-index/
2022,Albania,ALB,4,CHSB 2024v2,2022,Greenview CHSB public dataset,37.703218,kgCO2e/occupied room-night,GLOBAL_STAR_FALLBACK,2205,False,True,Greenview / Cornell Hotel Sustainability Benchmarking Index,https://greenview.sg/resources/chsb-index/
2022,Albania,ALB,5,CHSB 2024v2,2022,Greenview CHSB public dataset,78.970495,kgCO2e/occupied room-night,GLOBAL_STAR_FALLBACK,887,False,True,Greenview / Cornell Hotel Sustainability Benchmarking Index,https://greenview.sg/resources/chsb-index/
2022,Albania,ALB,unknown,CHSB 2024v2,2022,Greenview CHSB public dataset,25.514392,kgCO2e/occupied room-night,GLOBAL_UNKNOWN_FALLBACK,10183,False,True,Greenview / Cornell Hotel Sustainability Benchmarking Index,https://greenview.sg/resources/chsb-index/
2022,Alemania,DEU,2,CHSB 2024v2,2022,Greenview CHSB public dataset,10.736522,kgCO2e/occupied room-night,COUNTRY_STAR_WEIGHTED,11,False,False,Greenview / Cornell Hotel Sustainability Benchmarking Index,https://greenview.sg/resources/chsb-index/
2022,Alemania,DEU,3,CHSB 2024v2,2022,Greenview CHSB public dataset,9.766481,kgCO2e/occupied room-night,COUNTRY_STAR_WEIGHTED,42,False,False,Greenview / Cornell Hotel Sustainability Benchmarking Index,https://greenview.sg/resources/chsb-index/
2022,Alemania,DEU,4,CHSB 2024v2,2022,Greenview CHSB public dataset,15.147858,kgCO2e/occupied room-night,COUNTRY_STAR_WEIGHTED,79,False,False,Greenview / Cornell Hotel Sustainability Benchmarking Index,https://greenview.sg/resources/chsb-index/
2022,Alemania,DEU,5,CHSB 2024v2,2022,Greenview CHSB public dataset,25.757177,kgCO2e/occupied room-night,COUNTRY_STAR_WEIGHTED,33,False,False,Greenview / Cornell Hotel Sustainability Benchmarking Index,https://greenview.sg/resources/chsb-index/
2022,Alemania,DEU,unknown,CHSB 2024v2,2022,Greenview CHSB public dataset,15.605828,kgCO2e/occupied room-night,COUNTRY_NONRESORT,165,False,False,Greenview / Cornell Hotel Sustainability Benchmarking Index,https://greenview.sg/resources/chsb-index/
2022,Andorra,AND,2,CHSB 2024v2,2022,Greenview CHSB public dataset,14.037051,kgCO2e/occupied room-night,GLOBAL_STAR_FALLBACK,2777,False,True,Greenview / Cornell Hotel Sustainability Benchmarking Index,https://greenview.sg/resources/chsb-index/
2022,Andorra,AND,3,CHSB 2024v2,2022,Greenview CHSB public dataset,19.102623,kgCO2e/occupied room-night,GLOBAL_STAR_FALLBACK,4306,False,True,Greenview / Cornell Hotel Sustainability Benchmarking Index,https://greenview.sg/resources/chsb-index/
2022,Andorra,AND,4,CHSB 2024v2,2022,Greenview CHSB public dataset,37.703218,kgCO2e/occupied room-night,GLOBAL_STAR_FALLBACK,2205,False,True,Greenview / Cornell Hotel Sustainability Benchmarking Index,https://greenview.sg/resources/chsb-index/
2022,Andorra,AND,5,CHSB 2024v2,2022,Greenview CHSB public dataset,78.970495,kgCO2e/occupied room-night,GLOBAL_STAR_FALLBACK,887,False,True,Greenview / Cornell Hotel Sustainability Benchmarking Index,https://greenview.sg/resources/chsb-index/
2022,Andorra,AND,unknown,CHSB 2024v2,2022,Greenview CHSB public dataset,25.514392,kgCO2e/occupied room-night,GLOBAL_UNKNOWN_FALLBACK,10183,False,True,Greenview / Cornell Hotel Sustainability Benchmarking Index,https://greenview.sg/resources/chsb-index/
2022,Angola,AGO,2,CHSB 2024v2,2022,Greenview CHSB public dataset,14.037051,kgCO2e/occupied room-night,GLOBAL_STAR_FALLBACK,2777,False,True,Greenview / Cornell Hotel Sustainability Benchmarking Index,https://greenview.sg/resources/chsb-index/
2022,Angola,AGO,3,CHSB 2024v2,2022,Greenview CHSB public dataset,19.102623,kgCO2e/occupied room-night,GLOBAL_STAR_FALLBACK,4306,False,True,Greenview / Cornell Hotel Sustainability Benchmarking Index,https://greenview.sg/resources/chsb-index/
2022,Angola,AGO,4,CHSB 2024v2,2022,Greenview CHSB public dataset,37.703218,kgCO2e/occupied room-night,GLOBAL_STAR_FALLBACK,2205,False,True,Greenview / Cornell Hotel Sustainability Benchmarking Index,https://greenview.sg/resources/chsb-index/
2022,Angola,AGO,5,CHSB 2024v2,2022,Greenview CHSB public dataset,78.970495,kgCO2e/occupied room-night,GLOBAL_STAR_FALLBACK,887,False,True,Greenview / Cornell Hotel Sustainability Benchmarking Index,https://greenview.sg/resources/chsb-index/
2022,Angola,AGO,unknown,CHSB 2024v2,2022,Greenview CHSB public dataset,25.514392,kgCO2e/occupied room-night,GLOBAL_UNKNOWN_FALLBACK,10183,False,True,Greenview / Cornell Hotel Sustainability Benchmarking Index,https://greenview.sg/resources/chsb-index/
2022,Anguila,AIA,2,CHSB 2024v2,2022,Greenview CHSB public dataset,14.037051,kgCO2e/occupied room-night,GLOBAL_STAR_FALLBACK,2777,False,True,Greenview / Cornell Hotel Sustainability Benchmarking Index,https://greenview.sg/resources/chsb-index/
2022,Anguila,AIA,3,CHSB 2024v2,2022,Greenview CHSB public dataset,19.102623,kgCO2e/occupied room-night,GLOBAL_STAR_FALLBACK,4306,False,True,Greenview / Cornell Hotel Sustainability Benchmarking Index,https://greenview.sg/resources/chsb-index/
2022,Anguila,AIA,4,CHSB 2024v2,2022,Greenview CHSB public dataset,37.703218,kgCO2e/occupied room-night,GLOBAL_STAR_FALLBACK,2205,False,True,Greenview / Cornell Hotel Sustainability Benchmarking Index,https://greenview.sg/resources/chsb-index/
2022,Anguila,AIA,5,CHSB 2024v2,2022,Greenview CHSB public dataset,78.970495,kgCO2e/occupied room-night,GLOBAL_STAR_FALLBACK,887,False,True,Greenview / Cornell Hotel Sustainability Benchmarking Index,https://greenview.sg/resources/chsb-index/
2022,Anguila,AIA,unknown,CHSB 2024v2,2022,Greenview CHSB public dataset,25.514392,kgCO2e/occupied room-night,GLOBAL_UNKNOWN_FALLBACK,10183,False,True,Greenview / Cornell Hotel Sustainability Benchmarking Index,https://greenview.sg/resources/chsb-index/
2022,Antigua y Barbuda,ATG,2,CHSB 2024v2,2022,Greenview CHSB public dataset,14.037051,kgCO2e/occupied room-night,GLOBAL_STAR_FALLBACK,2777,False,True,Greenview / Cornell Hotel Sustainability Benchmarking Index,https://greenview.sg/resources/chsb-index/
2022,Antigua y Barbuda,ATG,3,CHSB 2024v2,2022,Greenview CHSB public dataset,19.102623,kgCO2e/occupied room-night,GLOBAL_STAR_FALLBACK,4306,False,True,Greenview / Cornell Hotel Sustainability Benchmarking Index,https://greenview.sg/resources/chsb-index/
2022,Antigua y Barbuda,ATG,4,CHSB 2024v2,2022,Greenview CHSB public dataset,37.703218,kgCO2e/occupied room-night,GLOBAL_STAR_FALLBACK,2205,False,True,Greenview / Cornell Hotel Sustainability Benchmarking Index,https://greenview.sg/resources/chsb-index/
2022,Antigua y Barbuda,ATG,5,CHSB 2024v2,2022,Greenview CHSB public dataset,78.970495,kgCO2e/occupied room-night,GLOBAL_STAR_FALLBACK,887,False,True,Greenview / Cornell Hotel Sustainability Benchmarking Index,https://greenview.sg/resources/chsb-index/
2022,Antigua y Barbuda,ATG,unknown,CHSB 2024v2,2022,Greenview CHSB public dataset,25.514392,kgCO2e/occupied room-night,GLOBAL_UNKNOWN_FALLBACK,10183,False,True,Greenview / Cornell Hotel Sustainability Benchmarking Index,https://greenview.sg/resources/chsb-index/
2022,Antillas Neerlandesas,ANT,2,CHSB 2024v2,2022,Greenview CHSB public dataset,14.037051,kgCO2e/occupied room-night,GLOBAL_STAR_FALLBACK,2777,False,True,Greenview / Cornell Hotel Sustainability Benchmarking Index,https://greenview.sg/resources/chsb-index/
2022,Antillas Neerlandesas,ANT,3,CHSB 2024v2,2022,Greenview CHSB public dataset,19.102623,kgCO2e/occupied room-night,GLOBAL_STAR_FALLBACK,4306,False,True,Greenview / Cornell Hotel Sustainability Benchmarking Index,https://greenview.sg/resources/chsb-index/
2022,Antillas Neerlandesas,ANT,4,CHSB 2024v2,2022,Greenview CHSB public dataset,37.703218,kgCO2e/occupied room-night,GLOBAL_STAR_FALLBACK,2205,False,True,Greenview / Cornell Hotel Sustainability Benchmarking Index,https://greenview.sg/resources/chsb-index/
2022,Antillas Neerlandesas,ANT,5,CHSB 2024v2,2022,Greenview CHSB public dataset,78.970495,kgCO2e/occupied room-night,GLOBAL_STAR_FALLBACK,887,False,True,Greenview / Cornell Hotel Sustainability Benchmarking Index,https://greenview.sg/resources/chsb-index/
2022,Antillas Neerlandesas,ANT,unknown,CHSB 2024v2,2022,Greenview CHSB public dataset,25.514392,kgCO2e/occupied room-night,GLOBAL_UNKNOWN_FALLBACK,10183,False,True,Greenview / Cornell Hotel Sustainability Benchmarking Index,https://greenview.sg/resources/chsb-index/
2022,Antártida,ATA,2,CHSB 2024v2,2022,Greenview CHSB public dataset,14.037051,kgCO2e/occupied room-night,GLOBAL_STAR_FALLBACK,2777,False,True,Greenview / Cornell Hotel Sustainability Benchmarking Index,https://greenview.sg/resources/chsb-index/
2022,Antártida,ATA,3,CHSB 2024v2,2022,Greenview CHSB public dataset,19.102623,kgCO2e/occupied room-night,GLOBAL_STAR_FALLBACK,4306,False,True,Greenview / Cornell Hotel Sustainability Benchmarking Index,https://greenview.sg/resources/chsb-index/
2022,Antártida,ATA,4,CHSB 2024v2,2022,Greenview CHSB public dataset,37.703218,kgCO2e/occupied room-night,GLOBAL_STAR_FALLBACK,2205,False,True,Greenview / Cornell Hotel Sustainability Benchmarking Index,https://greenview.sg/resources/chsb-index/
2022,Antártida,ATA,5,CHSB 2024v2,2022,Greenview CHSB public dataset,78.970495,kgCO2e/occupied room-night,GLOBAL_STAR_FALLBACK,887,False,True,Greenview / Cornell Hotel Sustainability Benchmarking Index,https://greenview.sg/resources/chsb-index/
2022,Antártida,ATA,unknown,CHSB 2024v2,2022,Greenview CHSB public dataset,25.514392,kgCO2e/occupied room-night,GLOBAL_UNKNOWN_FALLBACK,10183,False,True,Greenview / Cornell Hotel Sustainability Benchmarking Index,https://greenview.sg/resources/chsb-index/
2022,Arabia Saudita,SAU,2,CHSB 2024v2,2022,Greenview CHSB public dataset,14.037051,kgCO2e/occupied room-night,GLOBAL_STAR_FALLBACK,2777,False,True,Greenview / Cornell Hotel Sustainability Benchmarking Index,https://greenview.sg/resources/chsb-index/
2022,Arabia Saudita,SAU,3,CHSB 2024v2,2022,Greenview CHSB public dataset,55.987853,kgCO2e/occupied room-night,COUNTRY_STAR_WEIGHTED,18,False,False,Greenview / Cornell Hotel Sustainability Benchmarking Index,https://greenview.sg/resources/chsb-index/
2022,Arabia Saudita,SAU,4,CHSB 2024v2,2022,Greenview CHSB public dataset,112.126062,kgCO2e/occupied room-night,COUNTRY_STAR_WEIGHTED,19,False,False,Greenview / Cornell Hotel Sustainability Benchmarking Index,https://greenview.sg/resources/chsb-index/
2022,Arabia Saudita,SAU,5,CHSB 2024v2,2022,Greenview CHSB public dataset,132.721147,kgCO2e/occupied room-night,COUNTRY_STAR_WEIGHTED,26,False,False,Greenview / Cornell Hotel Sustainability Benchmarking Index,https://greenview.sg/resources/chsb-index/
2022,Arabia Saudita,SAU,unknown,CHSB 2024v2,2022,Greenview CHSB public dataset,104.586132,kgCO2e/occupied room-night,COUNTRY_NONRESORT,63,False,False,Greenview / Cornell Hotel Sustainability Benchmarking Index,https://greenview.sg/resources/chsb-index/
2022,Argelia,DZA,2,CHSB 2024v2,2022,Greenview CHSB public dataset,14.037051,kgCO2e/occupied room-night,GLOBAL_STAR_FALLBACK,2777,False,True,Greenview / Cornell Hotel Sustainability Benchmarking Index,https://greenview.sg/resources/chsb-index/
2022,Argelia,DZA,3,CHSB 2024v2,2022,Greenview CHSB public dataset,19.102623,kgCO2e/occupied room-night,GLOBAL_STAR_FALLBACK,4306,False,True,Greenview / Cornell Hotel Sustainability Benchmarking Index,https://greenview.sg/resources/chsb-index/
2022,Argelia,DZA,4,CHSB 2024v2,2022,Greenview CHSB public dataset,37.703218,kgCO2e/occupied room-night,GLOBAL_STAR_FALLBACK,2205,False,True,Greenview / Cornell Hotel Sustainability Benchmarking Index,https://greenview.sg/resources/chsb-index/
2022,Argelia,DZA,5,CHSB 2024v2,2022,Greenview CHSB public dataset,78.970495,kgCO2e/occupied room-night,GLOBAL_STAR_FALLBACK,887,False,True,Greenview / Cornell Hotel Sustainability Benchmarking Index,https://greenview.sg/resources/chsb-index/
2022,Argelia,DZA,unknown,CHSB 2024v2,2022,Greenview CHSB public dataset,25.514392,kgCO2e/occupied room-night,GLOBAL_UNKNOWN_FALLBACK,10183,False,True,Greenview / Cornell Hotel Sustainability Benchmarking Index,https://greenview.sg/resources/chsb-index/
2022,Argentina,ARG,2,CHSB 2024v2,2022,Greenview CHSB public dataset,14.037051,kgCO2e/occupied room-night,GLOBAL_STAR_FALLBACK,2777,False,True,Greenview / Cornell Hotel Sustainability Benchmarking Index,https://greenview.sg/resources/chsb-index/
2022,Argentina,ARG,3,CHSB 2024v2,2022,Greenview CHSB public dataset,9.120779,kgCO2e/occupied room-night,COUNTRY_STAR_WEIGHTED,9,False,False,Greenview / Cornell Hotel Sustainability Benchmarking Index,https://greenview.sg/resources/chsb-index/
2022,Argentina,ARG,4,CHSB 2024v2,2022,Greenview CHSB public dataset,25.684879,kgCO2e/occupied room-night,COUNTRY_STAR_WEIGHTED,13,False,False,Greenview / Cornell Hotel Sustainability Benchmarking Index,https://greenview.sg/resources/chsb-index/
2022,Argentina,ARG,5,CHSB 2024v2,2022,Greenview CHSB public dataset,78.970495,kgCO2e/occupied room-night,GLOBAL_STAR_FALLBACK,887,False,True,Greenview / Cornell Hotel Sustainability Benchmarking Index,https://greenview.sg/resources/chsb-index/
2022,Argentina,ARG,unknown,CHSB 2024v2,2022,Greenview CHSB public dataset,23.164235,kgCO2e/occupied room-night,COUNTRY_NONRESORT,26,False,False,Greenview / Cornell Hotel Sustainability Benchmarking Index,https://greenview.sg/resources/chsb-index/
2022,Armenia,ARM,2,CHSB 2024v2,2022,Greenview CHSB public dataset,14.037051,kgCO2e/occupied room-night,GLOBAL_STAR_FALLBACK,2777,False,True,Greenview / Cornell Hotel Sustainability Benchmarking Index,https://greenview.sg/resources/chsb-index/
2022,Armenia,ARM,3,CHSB 2024v2,2022,Greenview CHSB public dataset,19.102623,kgCO2e/occupied room-night,GLOBAL_STAR_FALLBACK,4306,False,True,Greenview / Cornell Hotel Sustainability Benchmarking Index,https://greenview.sg/resources/chsb-index/
2022,Armenia,ARM,4,CHSB 2024v2,2022,Greenview CHSB public dataset,37.703218,kgCO2e/occupied room-night,GLOBAL_STAR_FALLBACK,2205,False,True,Greenview / Cornell Hotel Sustainability Benchmarking Index,https://greenview.sg/resources/chsb-index/
2022,Armenia,ARM,5,CHSB 2024v2,2022,Greenview CHSB public dataset,78.970495,kgCO2e/occupied room-night,GLOBAL_STAR_FALLBACK,887,False,True,Greenview / Cornell Hotel Sustainability Benchmarking Index,https://greenview.sg/resources/chsb-index/
2022,Armenia,ARM,unknown,CHSB 2024v2,2022,Greenview CHSB public dataset,25.514392,kgCO2e/occupied room-night,GLOBAL_UNKNOWN_FALLBACK,10183,False,True,Greenview / Cornell Hotel Sustainability Benchmarking Index,https://greenview.sg/resources/chsb-index/
2022,Aruba,ABW,2,CHSB 2024v2,2022,Greenview CHSB public dataset,14.037051,kgCO2e/occupied room-night,GLOBAL_STAR_FALLBACK,2777,False,True,Greenview / Cornell Hotel Sustainability Benchmarking Index,https://greenview.sg/resources/chsb-index/
2022,Aruba,ABW,3,CHSB 2024v2,2022,Greenview CHSB public dataset,19.102623,kgCO2e/occupied room-night,GLOBAL_STAR_FALLBACK,4306,False,True,Greenview / Cornell Hotel Sustainability Benchmarking Index,https://greenview.sg/resources/chsb-index/
2022,Aruba,ABW,4,CHSB 2024v2,2022,Greenview CHSB public dataset,37.703218,kgCO2e/occupied room-night,GLOBAL_STAR_FALLBACK,2205,False,True,Greenview / Cornell Hotel Sustainability Benchmarking Index,https://greenview.sg/resources/chsb-index/
2022,Aruba,ABW,5,CHSB 2024v2,2022,Greenview CHSB public dataset,78.970495,kgCO2e/occupied room-night,GLOBAL_STAR_FALLBACK,887,False,True,Greenview / Cornell Hotel Sustainability Benchmarking Index,https://greenview.sg/resources/chsb-index/
2022,Aruba,ABW,unknown,CHSB 2024v2,2022,Greenview CHSB public dataset,25.514392,kgCO2e/occupied room-night,GLOBAL_UNKNOWN_FALLBACK,10183,False,True,Greenview / Cornell Hotel Sustainability Benchmarking Index,https://greenview.sg/resources/chsb-index/
2022,Australia,AUS,2,CHSB 2024v2,2022,Greenview CHSB public dataset,14.037051,kgCO2e/occupied room-night,GLOBAL_STAR_FALLBACK,2777,False,True,Greenview / Cornell Hotel Sustainability Benchmarking Index,https://greenview.sg/resources/chsb-index/
2022,Australia,AUS,3,CHSB 2024v2,2022,Greenview CHSB public dataset,31.79327,kgCO2e/occupied room-night,COUNTRY_STAR_WEIGHTED,10,False,False,Greenview / Cornell Hotel Sustainability Benchmarking Index,https://greenview.sg/resources/chsb-index/
2022,Australia,AUS,4,CHSB 2024v2,2022,Greenview CHSB public dataset,33.852708,kgCO2e/occupied room-night,COUNTRY_STAR_WEIGHTED,33,False,False,Greenview / Cornell Hotel Sustainability Benchmarking Index,https://greenview.sg/resources/chsb-index/
2022,Australia,AUS,5,CHSB 2024v2,2022,Greenview CHSB public dataset,47.806339,kgCO2e/occupied room-night,COUNTRY_STAR_WEIGHTED,18,False,False,Greenview / Cornell Hotel Sustainability Benchmarking Index,https://greenview.sg/resources/chsb-index/
2022,Australia,AUS,unknown,CHSB 2024v2,2022,Greenview CHSB public dataset,37.035229,kgCO2e/occupied room-night,COUNTRY_NONRESORT,63,False,False,Greenview / Cornell Hotel Sustainability Benchmarking Index,https://greenview.sg/resources/chsb-index/
2022,Austria,AUT,2,CHSB 2024v2,2022,Greenview CHSB public dataset,14.037051,kgCO2e/occupied room-night,GLOBAL_STAR_FALLBACK,2777,False,True,Greenview / Cornell Hotel Sustainability Benchmarking Index,https://greenview.sg/resources/chsb-index/
2022,Austria,AUT,3,CHSB 2024v2,2022,Greenview CHSB public dataset,19.102623,kgCO2e/occupied room-night,GLOBAL_STAR_FALLBACK,4306,False,True,Greenview / Cornell Hotel Sustainability Benchmarking Index,https://greenview.sg/resources/chsb-index/
2022,Austria,AUT,4,CHSB 2024v2,2022,Greenview CHSB public dataset,8.353788,kgCO2e/occupied room-night,COUNTRY_STAR_WEIGHTED,11,False,False,Greenview / Cornell Hotel Sustainability Benchmarking Index,https://greenview.sg/resources/chsb-index/
2022,Austria,AUT,5,CHSB 2024v2,2022,Greenview CHSB public dataset,78.970495,kgCO2e/occupied room-night,GLOBAL_STAR_FALLBACK,887,False,True,Greenview / Cornell Hotel Sustainability Benchmarking Index,https://greenview.sg/resources/chsb-index/
2022,Austria,AUT,unknown,CHSB 2024v2,2022,Greenview CHSB public dataset,11.529629,kgCO2e/occupied room-night,COUNTRY_NONRESORT,20,False,False,Greenview / Cornell Hotel Sustainability Benchmarking Index,https://greenview.sg/resources/chsb-index/
2022,Azerbaiyán,AZE,2,CHSB 2024v2,2022,Greenview CHSB public dataset,14.037051,kgCO2e/occupied room-night,GLOBAL_STAR_FALLBACK,2777,False,True,Greenview / Cornell Hotel Sustainability Benchmarking Index,https://greenview.sg/resources/chsb-index/
2022,Azerbaiyán,AZE,3,CHSB 2024v2,2022,Greenview CHSB public dataset,19.102623,kgCO2e/occupied room-night,GLOBAL_STAR_FALLBACK,4306,False,True,Greenview / Cornell Hotel Sustainability Benchmarking Index,https://greenview.sg/resources/chsb-index/
2022,Azerbaiyán,AZE,4,CHSB 2024v2,2022,Greenview CHSB public dataset,37.703218,kgCO2e/occupied room-night,GLOBAL_STAR_FALLBACK,2205,False,True,Greenview / Cornell Hotel Sustainability Benchmarking Index,https://greenview.sg/resources/chsb-index/
2022,Azerbaiyán,AZE,5,CHSB 2024v2,2022,Greenview CHSB public dataset,78.970495,kgCO2e/occupied room-night,GLOBAL_STAR_FALLBACK,887,False,True,Greenview / Cornell Hotel Sustainability Benchmarking Index,https://greenview.sg/resources/chsb-index/
2022,Azerbaiyán,AZE,unknown,CHSB 2024v2,2022,Greenview CHSB public dataset,25.514392,kgCO2e/occupied room-night,GLOBAL_UNKNOWN_FALLBACK,10183,False,True,Greenview / Cornell Hotel Sustainability Benchmarking Index,https://greenview.sg/resources/chsb-index/
2022,Bahamas,BHS,2,CHSB 2024v2,2022,Greenview CHSB public dataset,14.037051,kgCO2e/occupied room-night,GLOBAL_STAR_FALLBACK,2777,False,True,Greenview / Cornell Hotel Sustainability Benchmarking Index,https://greenview.sg/resources/chsb-index/
2022,Bahamas,BHS,3,CHSB 2024v2,2022,Greenview CHSB public dataset,19.102623,kgCO2e/occupied room-night,GLOBAL_STAR_FALLBACK,4306,False,True,Greenview / Cornell Hotel Sustainability Benchmarking Index,https://greenview.sg/resources/chsb-index/
2022,Bahamas,BHS,4,CHSB 2024v2,2022,Greenview CHSB public dataset,37.703218,kgCO2e/occupied room-night,GLOBAL_STAR_FALLBACK,2205,False,True,Greenview / Cornell Hotel Sustainability Benchmarking Index,https://greenview.sg/resources/chsb-index/
2022,Bahamas,BHS,5,CHSB 2024v2,2022,Greenview CHSB public dataset,78.970495,kgCO2e/occupied room-night,GLOBAL_STAR_FALLBACK,887,False,True,Greenview / Cornell Hotel Sustainability Benchmarking Index,https://greenview.sg/resources/chsb-index/
2022,Bahamas,BHS,unknown,CHSB 2024v2,2022,Greenview CHSB public dataset,25.514392,kgCO2e/occupied room-night,GLOBAL_UNKNOWN_FALLBACK,10183,False,True,Greenview / Cornell Hotel Sustainability Benchmarking Index,https://greenview.sg/resources/chsb-index/
2022,Bangladés,BGD,2,CHSB 2024v2,2022,Greenview CHSB public dataset,14.037051,kgCO2e/occupied room-night,GLOBAL_STAR_FALLBACK,2777,False,True,Greenview / Cornell Hotel Sustainability Benchmarking Index,https://greenview.sg/resources/chsb-index/
2022,Bangladés,BGD,3,CHSB 2024v2,2022,Greenview CHSB public dataset,19.102623,kgCO2e/occupied room-night,GLOBAL_STAR_FALLBACK,4306,False,True,Greenview / Cornell Hotel Sustainability Benchmarking Index,https://greenview.sg/resources/chsb-index/
2022,Bangladés,BGD,4,CHSB 2024v2,2022,Greenview CHSB public dataset,37.703218,kgCO2e/occupied room-night,GLOBAL_STAR_FALLBACK,2205,False,True,Greenview / Cornell Hotel Sustainability Benchmarking Index,https://greenview.sg/resources/chsb-index/
2022,Bangladés,BGD,5,CHSB 2024v2,2022,Greenview CHSB public dataset,78.970495,kgCO2e/occupied room-night,GLOBAL_STAR_FALLBACK,887,False,True,Greenview / Cornell Hotel Sustainability Benchmarking Index,https://greenview.sg/resources/chsb-index/
2022,Bangladés,BGD,unknown,CHSB 2024v2,2022,Greenview CHSB public dataset,25.514392,kgCO2e/occupied room-night,GLOBAL_UNKNOWN_FALLBACK,10183,False,True,Greenview / Cornell Hotel Sustainability Benchmarking Index,https://greenview.sg/resources/chsb-index/
2022,Barbados,BRB,2,CHSB 2024v2,2022,Greenview CHSB public dataset,14.037051,kgCO2e/occupied room-night,GLOBAL_STAR_FALLBACK,2777,False,True,Greenview / Cornell Hotel Sustainability Benchmarking Index,https://greenview.sg/resources/chsb-index/
2022,Barbados,BRB,3,CHSB 2024v2,2022,Greenview CHSB public dataset,19.102623,kgCO2e/occupied room-night,GLOBAL_STAR_FALLBACK,4306,False,True,Greenview / Cornell Hotel Sustainability Benchmarking Index,https://greenview.sg/resources/chsb-index/
2022,Barbados,BRB,4,CHSB 2024v2,2022,Greenview CHSB public dataset,37.703218,kgCO2e/occupied room-night,GLOBAL_STAR_FALLBACK,2205,False,True,Greenview / Cornell Hotel Sustainability Benchmarking Index,https://greenview.sg/resources/chsb-index/
2022,Barbados,BRB,5,CHSB 2024v2,2022,Greenview CHSB public dataset,78.970495,kgCO2e/occupied room-night,GLOBAL_STAR_FALLBACK,887,False,True,Greenview / Cornell Hotel Sustainability Benchmarking Index,https://greenview.sg/resources/chsb-index/
2022,Barbados,BRB,unknown,CHSB 2024v2,2022,Greenview CHSB public dataset,25.514392,kgCO2e/occupied room-night,GLOBAL_UNKNOWN_FALLBACK,10183,False,True,Greenview / Cornell Hotel Sustainability Benchmarking Index,https://greenview.sg/resources/chsb-index/
2022,Baréin,BHR,2,CHSB 2024v2,2022,Greenview CHSB public dataset,14.037051,kgCO2e/occupied room-night,GLOBAL_STAR_FALLBACK,2777,False,True,Greenview / Cornell Hotel Sustainability Benchmarking Index,https://greenview.sg/resources/chsb-index/
2022,Baréin,BHR,3,CHSB 2024v2,2022,Greenview CHSB public dataset,19.102623,kgCO2e/occupied room-night,GLOBAL_STAR_FALLBACK,4306,False,True,Greenview / Cornell Hotel Sustainability Benchmarking Index,https://greenview.sg/resources/chsb-index/
2022,Baréin,BHR,4,CHSB 2024v2,2022,Greenview CHSB public dataset,37.703218,kgCO2e/occupied room-night,GLOBAL_STAR_FALLBACK,2205,False,True,Greenview / Cornell Hotel Sustainability Benchmarking Index,https://greenview.sg/resources/chsb-index/
2022,Baréin,BHR,5,CHSB 2024v2,2022,Greenview CHSB public dataset,78.970495,kgCO2e/occupied room-night,GLOBAL_STAR_FALLBACK,887,False,True,Greenview / Cornell Hotel Sustainability Benchmarking Index,https://greenview.sg/resources/chsb-index/
2022,Baréin,BHR,unknown,CHSB 2024v2,2022,Greenview CHSB public dataset,117.777893,kgCO2e/occupied room-night,COUNTRY_NONRESORT,10,False,False,Greenview / Cornell Hotel Sustainability Benchmarking Index,https://greenview.sg/resources/chsb-index/
2022,Belice,BLZ,2,CHSB 2024v2,2022,Greenview CHSB public dataset,14.037051,kgCO2e/occupied room-night,GLOBAL_STAR_FALLBACK,2777,False,True,Greenview / Cornell Hotel Sustainability Benchmarking Index,https://greenview.sg/resources/chsb-index/
2022,Belice,BLZ,3,CHSB 2024v2,2022,Greenview CHSB public dataset,19.102623,kgCO2e/occupied room-night,GLOBAL_STAR_FALLBACK,4306,False,True,Greenview / Cornell Hotel Sustainability Benchmarking Index,https://greenview.sg/resources/chsb-index/
2022,Belice,BLZ,4,CHSB 2024v2,2022,Greenview CHSB public dataset,37.703218,kgCO2e/occupied room-night,GLOBAL_STAR_FALLBACK,2205,False,True,Greenview / Cornell Hotel Sustainability Benchmarking Index,https://greenview.sg/resources/chsb-index/
2022,Belice,BLZ,5,CHSB 2024v2,2022,Greenview CHSB public dataset,78.970495,kgCO2e/occupied room-night,GLOBAL_STAR_FALLBACK,887,False,True,Greenview / Cornell Hotel Sustainability Benchmarking Index,https://greenview.sg/resources/chsb-index/
2022,Belice,BLZ,unknown,CHSB 2024v2,2022,Greenview CHSB public dataset,25.514392,kgCO2e/occupied room-night,GLOBAL_UNKNOWN_FALLBACK,10183,False,True,Greenview / Cornell Hotel Sustainability Benchmarking Index,https://greenview.sg/resources/chsb-index/
2022,Benín,BEN,2,CHSB 2024v2,2022,Greenview CHSB public dataset,14.037051,kgCO2e/occupied room-night,GLOBAL_STAR_FALLBACK,2777,False,True,Greenview / Cornell Hotel Sustainability Benchmarking Index,https://greenview.sg/resources/chsb-index/
2022,Benín,BEN,3,CHSB 2024v2,2022,Greenview CHSB public dataset,19.102623,kgCO2e/occupied room-night,GLOBAL_STAR_FALLBACK,4306,False,True,Greenview / Cornell Hotel Sustainability Benchmarking Index,https://greenview.sg/resources/chsb-index/
2022,Benín,BEN,4,CHSB 2024v2,2022,Greenview CHSB public dataset,37.703218,kgCO2e/occupied room-night,GLOBAL_STAR_FALLBACK,2205,False,True,Greenview / Cornell Hotel Sustainability Benchmarking Index,https://greenview.sg/resources/chsb-index/
2022,Benín,BEN,5,CHSB 2024v2,2022,Greenview CHSB public dataset,78.970495,kgCO2e/occupied room-night,GLOBAL_STAR_FALLBACK,887,False,True,Greenview / Cornell Hotel Sustainability Benchmarking Index,https://greenview.sg/resources/chsb-index/
2022,Benín,BEN,unknown,CHSB 2024v2,2022,Greenview CHSB public dataset,25.514392,kgCO2e/occupied room-night,GLOBAL_UNKNOWN_FALLBACK,10183,False,True,Greenview / Cornell Hotel Sustainability Benchmarking Index,https://greenview.sg/resources/chsb-index/
2022,Bermudas,BMU,2,CHSB 2024v2,2022,Greenview CHSB public dataset,14.037051,kgCO2e/occupied room-night,GLOBAL_STAR_FALLBACK,2777,False,True,Greenview / Cornell Hotel Sustainability Benchmarking Index,https://greenview.sg/resources/chsb-index/
2022,Bermudas,BMU,3,CHSB 2024v2,2022,Greenview CHSB public dataset,19.102623,kgCO2e/occupied room-night,GLOBAL_STAR_FALLBACK,4306,False,True,Greenview / Cornell Hotel Sustainability Benchmarking Index,https://greenview.sg/resources/chsb-index/
2022,Bermudas,BMU,4,CHSB 2024v2,2022,Greenview CHSB public dataset,37.703218,kgCO2e/occupied room-night,GLOBAL_STAR_FALLBACK,2205,False,True,Greenview / Cornell Hotel Sustainability Benchmarking Index,https://greenview.sg/resources/chsb-index/
2022,Bermudas,BMU,5,CHSB 2024v2,2022,Greenview CHSB public dataset,78.970495,kgCO2e/occupied room-night,GLOBAL_STAR_FALLBACK,887,False,True,Greenview / Cornell Hotel Sustainability Benchmarking Index,https://greenview.sg/resources/chsb-index/
2022,Bermudas,BMU,unknown,CHSB 2024v2,2022,Greenview CHSB public dataset,25.514392,kgCO2e/occupied room-night,GLOBAL_UNKNOWN_FALLBACK,10183,False,True,Greenview / Cornell Hotel Sustainability Benchmarking Index,https://greenview.sg/resources/chsb-index/
2022,Bielorrusia,BLR,2,CHSB 2024v2,2022,Greenview CHSB public dataset,14.037051,kgCO2e/occupied room-night,GLOBAL_STAR_FALLBACK,2777,False,True,Greenview / Cornell Hotel Sustainability Benchmarking Index,https://greenview.sg/resources/chsb-index/
2022,Bielorrusia,BLR,3,CHSB 2024v2,2022,Greenview CHSB public dataset,19.102623,kgCO2e/occupied room-night,GLOBAL_STAR_FALLBACK,4306,False,True,Greenview / Cornell Hotel Sustainability Benchmarking Index,https://greenview.sg/resources/chsb-index/
2022,Bielorrusia,BLR,4,CHSB 2024v2,2022,Greenview CHSB public dataset,37.703218,kgCO2e/occupied room-night,GLOBAL_STAR_FALLBACK,2205,False,True,Greenview / Cornell Hotel Sustainability Benchmarking Index,https://greenview.sg/resources/chsb-index/
2022,Bielorrusia,BLR,5,CHSB 2024v2,2022,Greenview CHSB public dataset,78.970495,kgCO2e/occupied room-night,GLOBAL_STAR_FALLBACK,887,False,True,Greenview / Cornell Hotel Sustainability Benchmarking Index,https://greenview.sg/resources/chsb-index/
2022,Bielorrusia,BLR,unknown,CHSB 2024v2,2022,Greenview CHSB public dataset,25.514392,kgCO2e/occupied room-night,GLOBAL_UNKNOWN_FALLBACK,10183,False,True,Greenview / Cornell Hotel Sustainability Benchmarking Index,https://greenview.sg/resources/chsb-index/
2022,Bolivia,BOL,2,CHSB 2024v2,2022,Greenview CHSB public dataset,14.037051,kgCO2e/occupied room-night,GLOBAL_STAR_FALLBACK,2777,False,True,Greenview / Cornell Hotel Sustainability Benchmarking Index,https://greenview.sg/resources/chsb-index/
2022,Bolivia,BOL,3,CHSB 2024v2,2022,Greenview CHSB public dataset,19.102623,kgCO2e/occupied room-night,GLOBAL_STAR_FALLBACK,4306,False,True,Greenview / Cornell Hotel Sustainability Benchmarking Index,https://greenview.sg/resources/chsb-index/
2022,Bolivia,BOL,4,CHSB 2024v2,2022,Greenview CHSB public dataset,37.703218,kgCO2e/occupied room-night,GLOBAL_STAR_FALLBACK,2205,False,True,Greenview / Cornell Hotel Sustainability Benchmarking Index,https://greenview.sg/resources/chsb-index/
2022,Bolivia,BOL,5,CHSB 2024v2,2022,Greenview CHSB public dataset,78.970495,kgCO2e/occupied room-night,GLOBAL_STAR_FALLBACK,887,False,True,Greenview / Cornell Hotel Sustainability Benchmarking Index,https://greenview.sg/resources/chsb-index/
2022,Bolivia,BOL,unknown,CHSB 2024v2,2022,Greenview CHSB public dataset,25.514392,kgCO2e/occupied room-night,GLOBAL_UNKNOWN_FALLBACK,10183,False,True,Greenview / Cornell Hotel Sustainability Benchmarking Index,https://greenview.sg/resources/chsb-index/
2022,Bonaire,BES,2,CHSB 2024v2,2022,Greenview CHSB public dataset,14.037051,kgCO2e/occupied room-night,GLOBAL_STAR_FALLBACK,2777,False,True,Greenview / Cornell Hotel Sustainability Benchmarking Index,https://greenview.sg/resources/chsb-index/
2022,Bonaire,BES,3,CHSB 2024v2,2022,Greenview CHSB public dataset,19.102623,kgCO2e/occupied room-night,GLOBAL_STAR_FALLBACK,4306,False,True,Greenview / Cornell Hotel Sustainability Benchmarking Index,https://greenview.sg/resources/chsb-index/
2022,Bonaire,BES,4,CHSB 2024v2,2022,Greenview CHSB public dataset,37.703218,kgCO2e/occupied room-night,GLOBAL_STAR_FALLBACK,2205,False,True,Greenview / Cornell Hotel Sustainability Benchmarking Index,https://greenview.sg/resources/chsb-index/
2022,Bonaire,BES,5,CHSB 2024v2,2022,Greenview CHSB public dataset,78.970495,kgCO2e/occupied room-night,GLOBAL_STAR_FALLBACK,887,False,True,Greenview / Cornell Hotel Sustainability Benchmarking Index,https://greenview.sg/resources/chsb-index/
2022,Bonaire,BES,unknown,CHSB 2024v2,2022,Greenview CHSB public dataset,25.514392,kgCO2e/occupied room-night,GLOBAL_UNKNOWN_FALLBACK,10183,False,True,Greenview / Cornell Hotel Sustainability Benchmarking Index,https://greenview.sg/resources/chsb-index/
2022,Bosnia y Herzegovina,BIH,2,CHSB 2024v2,2022,Greenview CHSB public dataset,14.037051,kgCO2e/occupied room-night,GLOBAL_STAR_FALLBACK,2777,False,True,Greenview / Cornell Hotel Sustainability Benchmarking Index,https://greenview.sg/resources/chsb-index/
2022,Bosnia y Herzegovina,BIH,3,CHSB 2024v2,2022,Greenview CHSB public dataset,19.102623,kgCO2e/occupied room-night,GLOBAL_STAR_FALLBACK,4306,False,True,Greenview / Cornell Hotel Sustainability Benchmarking Index,https://greenview.sg/resources/chsb-index/
2022,Bosnia y Herzegovina,BIH,4,CHSB 2024v2,2022,Greenview CHSB public dataset,37.703218,kgCO2e/occupied room-night,GLOBAL_STAR_FALLBACK,2205,False,True,Greenview / Cornell Hotel Sustainability Benchmarking Index,https://greenview.sg/resources/chsb-index/
2022,Bosnia y Herzegovina,BIH,5,CHSB 2024v2,2022,Greenview CHSB public dataset,78.970495,kgCO2e/occupied room-night,GLOBAL_STAR_FALLBACK,887,False,True,Greenview / Cornell Hotel Sustainability Benchmarking Index,https://greenview.sg/resources/chsb-index/
2022,Bosnia y Herzegovina,BIH,unknown,CHSB 2024v2,2022,Greenview CHSB public dataset,25.514392,kgCO2e/occupied room-night,GLOBAL_UNKNOWN_FALLBACK,10183,False,True,Greenview / Cornell Hotel Sustainability Benchmarking Index,https://greenview.sg/resources/chsb-index/
2022,Botsuana,BWA,2,CHSB 2024v2,2022,Greenview CHSB public dataset,14.037051,kgCO2e/occupied room-night,GLOBAL_STAR_FALLBACK,2777,False,True,Greenview / Cornell Hotel Sustainability Benchmarking Index,https://greenview.sg/resources/chsb-index/
2022,Botsuana,BWA,3,CHSB 2024v2,2022,Greenview CHSB public dataset,19.102623,kgCO2e/occupied room-night,GLOBAL_STAR_FALLBACK,4306,False,True,Greenview / Cornell Hotel Sustainability Benchmarking Index,https://greenview.sg/resources/chsb-index/
2022,Botsuana,BWA,4,CHSB 2024v2,2022,Greenview CHSB public dataset,37.703218,kgCO2e/occupied room-night,GLOBAL_STAR_FALLBACK,2205,False,True,Greenview / Cornell Hotel Sustainability Benchmarking Index,https://greenview.sg/resources/chsb-index/
2022,Botsuana,BWA,5,CHSB 2024v2,2022,Greenview CHSB public dataset,78.970495,kgCO2e/occupied room-night,GLOBAL_STAR_FALLBACK,887,False,True,Greenview / Cornell Hotel Sustainability Benchmarking Index,https://greenview.sg/resources/chsb-index/
2022,Botsuana,BWA,unknown,CHSB 2024v2,2022,Greenview CHSB public dataset,25.514392,kgCO2e/occupied room-night,GLOBAL_UNKNOWN_FALLBACK,10183,False,True,Greenview / Cornell Hotel Sustainability Benchmarking Index,https://greenview.sg/resources/chsb-index/
2022,Brasil,BRA,2,CHSB 2024v2,2022,Greenview CHSB public dataset,14.037051,kgCO2e/occupied room-night,GLOBAL_STAR_FALLBACK,2777,False,True,Greenview / Cornell Hotel Sustainability Benchmarking Index,https://greenview.sg/resources/chsb-index/
2022,Brasil,BRA,3,CHSB 2024v2,2022,Greenview CHSB public dataset,4.499604,kgCO2e/occupied room-night,COUNTRY_STAR_WEIGHTED,8,False,False,Greenview / Cornell Hotel Sustainability Benchmarking Index,https://greenview.sg/resources/chsb-index/
2022,Brasil,BRA,4,CHSB 2024v2,2022,Greenview CHSB public dataset,13.838537,kgCO2e/occupied room-night,COUNTRY_STAR_WEIGHTED,9,False,False,Greenview / Cornell Hotel Sustainability Benchmarking Index,https://greenview.sg/resources/chsb-index/
2022,Brasil,BRA,5,CHSB 2024v2,2022,Greenview CHSB public dataset,78.970495,kgCO2e/occupied room-night,GLOBAL_STAR_FALLBACK,887,False,True,Greenview / Cornell Hotel Sustainability Benchmarking Index,https://greenview.sg/resources/chsb-index/
2022,Brasil,BRA,unknown,CHSB 2024v2,2022,Greenview CHSB public dataset,11.712309,kgCO2e/occupied room-night,COUNTRY_NONRESORT,21,False,False,Greenview / Cornell Hotel Sustainability Benchmarking Index,https://greenview.sg/resources/chsb-index/
2022,Brunéi,BRN,2,CHSB 2024v2,2022,Greenview CHSB public dataset,14.037051,kgCO2e/occupied room-night,GLOBAL_STAR_FALLBACK,2777,False,True,Greenview / Cornell Hotel Sustainability Benchmarking Index,https://greenview.sg/resources/chsb-index/
2022,Brunéi,BRN,3,CHSB 2024v2,2022,Greenview CHSB public dataset,19.102623,kgCO2e/occupied room-night,GLOBAL_STAR_FALLBACK,4306,False,True,Greenview / Cornell Hotel Sustainability Benchmarking Index,https://greenview.sg/resources/chsb-index/
2022,Brunéi,BRN,4,CHSB 2024v2,2022,Greenview CHSB public dataset,37.703218,kgCO2e/occupied room-night,GLOBAL_STAR_FALLBACK,2205,False,True,Greenview / Cornell Hotel Sustainability Benchmarking Index,https://greenview.sg/resources/chsb-index/
2022,Brunéi,BRN,5,CHSB 2024v2,2022,Greenview CHSB public dataset,78.970495,kgCO2e/occupied room-night,GLOBAL_STAR_FALLBACK,887,False,True,Greenview / Cornell Hotel Sustainability Benchmarking Index,https://greenview.sg/resources/chsb-index/
2022,Brunéi,BRN,unknown,CHSB 2024v2,2022,Greenview CHSB public dataset,25.514392,kgCO2e/occupied room-night,GLOBAL_UNKNOWN_FALLBACK,10183,False,True,Greenview / Cornell Hotel Sustainability Benchmarking Index,https://greenview.sg/resources/chsb-index/
2022,Bulgaria,BGR,2,CHSB 2024v2,2022,Greenview CHSB public dataset,14.037051,kgCO2e/occupied room-night,GLOBAL_STAR_FALLBACK,2777,False,True,Greenview / Cornell Hotel Sustainability Benchmarking Index,https://greenview.sg/resources/chsb-index/
2022,Bulgaria,BGR,3,CHSB 2024v2,2022,Greenview CHSB public dataset,19.102623,kgCO2e/occupied room-night,GLOBAL_STAR_FALLBACK,4306,False,True,Greenview / Cornell Hotel Sustainability Benchmarking Index,https://greenview.sg/resources/chsb-index/
2022,Bulgaria,BGR,4,CHSB 2024v2,2022,Greenview CHSB public dataset,37.703218,kgCO2e/occupied room-night,GLOBAL_STAR_FALLBACK,2205,False,True,Greenview / Cornell Hotel Sustainability Benchmarking Index,https://greenview.sg/resources/chsb-index/
2022,Bulgaria,BGR,5,CHSB 2024v2,2022,Greenview CHSB public dataset,78.970495,kgCO2e/occupied room-night,GLOBAL_STAR_FALLBACK,887,False,True,Greenview / Cornell Hotel Sustainability Benchmarking Index,https://greenview.sg/resources/chsb-index/
2022,Bulgaria,BGR,unknown,CHSB 2024v2,2022,Greenview CHSB public dataset,25.514392,kgCO2e/occupied room-night,GLOBAL_UNKNOWN_FALLBACK,10183,False,True,Greenview / Cornell Hotel Sustainability Benchmarking Index,https://greenview.sg/resources/chsb-index/
2022,Burkina Faso,BFA,2,CHSB 2024v2,2022,Greenview CHSB public dataset,14.037051,kgCO2e/occupied room-night,GLOBAL_STAR_FALLBACK,2777,False,True,Greenview / Cornell Hotel Sustainability Benchmarking Index,https://greenview.sg/resources/chsb-index/
2022,Burkina Faso,BFA,3,CHSB 2024v2,2022,Greenview CHSB public dataset,19.102623,kgCO2e/occupied room-night,GLOBAL_STAR_FALLBACK,4306,False,True,Greenview / Cornell Hotel Sustainability Benchmarking Index,https://greenview.sg/resources/chsb-index/
2022,Burkina Faso,BFA,4,CHSB 2024v2,2022,Greenview CHSB public dataset,37.703218,kgCO2e/occupied room-night,GLOBAL_STAR_FALLBACK,2205,False,True,Greenview / Cornell Hotel Sustainability Benchmarking Index,https://greenview.sg/resources/chsb-index/
2022,Burkina Faso,BFA,5,CHSB 2024v2,2022,Greenview CHSB public dataset,78.970495,kgCO2e/occupied room-night,GLOBAL_STAR_FALLBACK,887,False,True,Greenview / Cornell Hotel Sustainability Benchmarking Index,https://greenview.sg/resources/chsb-index/
2022,Burkina Faso,BFA,unknown,CHSB 2024v2,2022,Greenview CHSB public dataset,25.514392,kgCO2e/occupied room-night,GLOBAL_UNKNOWN_FALLBACK,10183,False,True,Greenview / Cornell Hotel Sustainability Benchmarking Index,https://greenview.sg/resources/chsb-index/
2022,Burundi,BDI,2,CHSB 2024v2,2022,Greenview CHSB public dataset,14.037051,kgCO2e/occupied room-night,GLOBAL_STAR_FALLBACK,2777,False,True,Greenview / Cornell Hotel Sustainability Benchmarking Index,https://greenview.sg/resources/chsb-index/
2022,Burundi,BDI,3,CHSB 2024v2,2022,Greenview CHSB public dataset,19.102623,kgCO2e/occupied room-night,GLOBAL_STAR_FALLBACK,4306,False,True,Greenview / Cornell Hotel Sustainability Benchmarking Index,https://greenview.sg/resources/chsb-index/
2022,Burundi,BDI,4,CHSB 2024v2,2022,Greenview CHSB public dataset,37.703218,kgCO2e/occupied room-night,GLOBAL_STAR_FALLBACK,2205,False,True,Greenview / Cornell Hotel Sustainability Benchmarking Index,https://greenview.sg/resources/chsb-index/
2022,Burundi,BDI,5,CHSB 2024v2,2022,Greenview CHSB public dataset,78.970495,kgCO2e/occupied room-night,GLOBAL_STAR_FALLBACK,887,False,True,Greenview / Cornell Hotel Sustainability Benchmarking Index,https://greenview.sg/resources/chsb-index/
2022,Burundi,BDI,unknown,CHSB 2024v2,2022,Greenview CHSB public dataset,25.514392,kgCO2e/occupied room-night,GLOBAL_UNKNOWN_FALLBACK,10183,False,True,Greenview / Cornell Hotel Sustainability Benchmarking Index,https://greenview.sg/resources/chsb-index/
2022,Bután,BTN,2,CHSB 2024v2,2022,Greenview CHSB public dataset,14.037051,kgCO2e/occupied room-night,GLOBAL_STAR_FALLBACK,2777,False,True,Greenview / Cornell Hotel Sustainability Benchmarking Index,https://greenview.sg/resources/chsb-index/
2022,Bután,BTN,3,CHSB 2024v2,2022,Greenview CHSB public dataset,19.102623,kgCO2e/occupied room-night,GLOBAL_STAR_FALLBACK,4306,False,True,Greenview / Cornell Hotel Sustainability Benchmarking Index,https://greenview.sg/resources/chsb-index/
2022,Bután,BTN,4,CHSB 2024v2,2022,Greenview CHSB public dataset,37.703218,kgCO2e/occupied room-night,GLOBAL_STAR_FALLBACK,2205,False,True,Greenview / Cornell Hotel Sustainability Benchmarking Index,https://greenview.sg/resources/chsb-index/
2022,Bután,BTN,5,CHSB 2024v2,2022,Greenview CHSB public dataset,78.970495,kgCO2e/occupied room-night,GLOBAL_STAR_FALLBACK,887,False,True,Greenview / Cornell Hotel Sustainability Benchmarking Index,https://greenview.sg/resources/chsb-index/
2022,Bután,BTN,unknown,CHSB 2024v2,2022,Greenview CHSB public dataset,25.514392,kgCO2e/occupied room-night,GLOBAL_UNKNOWN_FALLBACK,10183,False,True,Greenview / Cornell Hotel Sustainability Benchmarking Index,https://greenview.sg/resources/chsb-index/
2022,Bélgica,BEL,2,CHSB 2024v2,2022,Greenview CHSB public dataset,14.037051,kgCO2e/occupied room-night,GLOBAL_STAR_FALLBACK,2777,False,True,Greenview / Cornell Hotel Sustainability Benchmarking Index,https://greenview.sg/resources/chsb-index/
2022,Bélgica,BEL,3,CHSB 2024v2,2022,Greenview CHSB public dataset,19.102623,kgCO2e/occupied room-night,GLOBAL_STAR_FALLBACK,4306,False,True,Greenview / Cornell Hotel Sustainability Benchmarking Index,https://greenview.sg/resources/chsb-index/
2022,Bélgica,BEL,4,CHSB 2024v2,2022,Greenview CHSB public dataset,16.49282,kgCO2e/occupied room-night,COUNTRY_STAR_WEIGHTED,8,False,False,Greenview / Cornell Hotel Sustainability Benchmarking Index,https://greenview.sg/resources/chsb-index/
2022,Bélgica,BEL,5,CHSB 2024v2,2022,Greenview CHSB public dataset,78.970495,kgCO2e/occupied room-night,GLOBAL_STAR_FALLBACK,887,False,True,Greenview / Cornell Hotel Sustainability Benchmarking Index,https://greenview.sg/resources/chsb-index/
2022,Bélgica,BEL,unknown,CHSB 2024v2,2022,Greenview CHSB public dataset,15.76615,kgCO2e/occupied room-night,COUNTRY_NONRESORT,16,False,False,Greenview / Cornell Hotel Sustainability Benchmarking Index,https://greenview.sg/resources/chsb-index/
2022,Cabo Verde,CPV,2,CHSB 2024v2,2022,Greenview CHSB public dataset,14.037051,kgCO2e/occupied room-night,GLOBAL_STAR_FALLBACK,2777,False,True,Greenview / Cornell Hotel Sustainability Benchmarking Index,https://greenview.sg/resources/chsb-index/
2022,Cabo Verde,CPV,3,CHSB 2024v2,2022,Greenview CHSB public dataset,19.102623,kgCO2e/occupied room-night,GLOBAL_STAR_FALLBACK,4306,False,True,Greenview / Cornell Hotel Sustainability Benchmarking Index,https://greenview.sg/resources/chsb-index/
2022,Cabo Verde,CPV,4,CHSB 2024v2,2022,Greenview CHSB public dataset,37.703218,kgCO2e/occupied room-night,GLOBAL_STAR_FALLBACK,2205,False,True,Greenview / Cornell Hotel Sustainability Benchmarking Index,https://greenview.sg/resources/chsb-index/
2022,Cabo Verde,CPV,5,CHSB 2024v2,2022,Greenview CHSB public dataset,78.970495,kgCO2e/occupied room-night,GLOBAL_STAR_FALLBACK,887,False,True,Greenview / Cornell Hotel Sustainability Benchmarking Index,https://greenview.sg/resources/chsb-index/
2022,Cabo Verde,CPV,unknown,CHSB 2024v2,2022,Greenview CHSB public dataset,25.514392,kgCO2e/occupied room-night,GLOBAL_UNKNOWN_FALLBACK,10183,False,True,Greenview / Cornell Hotel Sustainability Benchmarking Index,https://greenview.sg/resources/chsb-index/
2022,Camboya,KHM,2,CHSB 2024v2,2022,Greenview CHSB public dataset,14.037051,kgCO2e/occupied room-night,GLOBAL_STAR_FALLBACK,2777,False,True,Greenview / Cornell Hotel Sustainability Benchmarking Index,https://greenview.sg/resources/chsb-index/
2022,Camboya,KHM,3,CHSB 2024v2,2022,Greenview CHSB public dataset,19.102623,kgCO2e/occupied room-night,GLOBAL_STAR_FALLBACK,4306,False,True,Greenview / Cornell Hotel Sustainability Benchmarking Index,https://greenview.sg/resources/chsb-index/
2022,Camboya,KHM,4,CHSB 2024v2,2022,Greenview CHSB public dataset,37.703218,kgCO2e/occupied room-night,GLOBAL_STAR_FALLBACK,2205,False,True,Greenview / Cornell Hotel Sustainability Benchmarking Index,https://greenview.sg/resources/chsb-index/
2022,Camboya,KHM,5,CHSB 2024v2,2022,Greenview CHSB public dataset,78.970495,kgCO2e/occupied room-night,GLOBAL_STAR_FALLBACK,887,False,True,Greenview / Cornell Hotel Sustainability Benchmarking Index,https://greenview.sg/resources/chsb-index/
2022,Camboya,KHM,unknown,CHSB 2024v2,2022,Greenview CHSB public dataset,25.514392,kgCO2e/occupied room-night,GLOBAL_UNKNOWN_FALLBACK,10183,False,True,Greenview / Cornell Hotel Sustainability Benchmarking Index,https://greenview.sg/resources/chsb-index/
2022,Camerún,CMR,2,CHSB 2024v2,2022,Greenview CHSB public dataset,14.037051,kgCO2e/occupied room-night,GLOBAL_STAR_FALLBACK,2777,False,True,Greenview / Cornell Hotel Sustainability Benchmarking Index,https://greenview.sg/resources/chsb-index/
2022,Camerún,CMR,3,CHSB 2024v2,2022,Greenview CHSB public dataset,19.102623,kgCO2e/occupied room-night,GLOBAL_STAR_FALLBACK,4306,False,True,Greenview / Cornell Hotel Sustainability Benchmarking Index,https://greenview.sg/resources/chsb-index/
2022,Camerún,CMR,4,CHSB 2024v2,2022,Greenview CHSB public dataset,37.703218,kgCO2e/occupied room-night,GLOBAL_STAR_FALLBACK,2205,False,True,Greenview / Cornell Hotel Sustainability Benchmarking Index,https://greenview.sg/resources/chsb-index/
2022,Camerún,CMR,5,CHSB 2024v2,2022,Greenview CHSB public dataset,78.970495,kgCO2e/occupied room-night,GLOBAL_STAR_FALLBACK,887,False,True,Greenview / Cornell Hotel Sustainability Benchmarking Index,https://greenview.sg/resources/chsb-index/
2022,Camerún,CMR,unknown,CHSB 2024v2,2022,Greenview CHSB public dataset,25.514392,kgCO2e/occupied room-night,GLOBAL_UNKNOWN_FALLBACK,10183,False,True,Greenview / Cornell Hotel Sustainability Benchmarking Index,https://greenview.sg/resources/chsb-index/
2022,Canadá,CAN,2,CHSB 2024v2,2022,Greenview CHSB public dataset,13.565338,kgCO2e/occupied room-night,COUNTRY_STAR_WEIGHTED,100,False,False,Greenview / Cornell Hotel Sustainability Benchmarking Index,https://greenview.sg/resources/chsb-index/
2022,Canadá,CAN,3,CHSB 2024v2,2022,Greenview CHSB public dataset,17.408036,kgCO2e/occupied room-night,COUNTRY_STAR_WEIGHTED,150,False,False,Greenview / Cornell Hotel Sustainability Benchmarking Index,https://greenview.sg/resources/chsb-index/
2022,Canadá,CAN,4,CHSB 2024v2,2022,Greenview CHSB public dataset,22.168303,kgCO2e/occupied room-night,COUNTRY_STAR_WEIGHTED,67,False,False,Greenview / Cornell Hotel Sustainability Benchmarking Index,https://greenview.sg/resources/chsb-index/
2022,Canadá,CAN,5,CHSB 2024v2,2022,Greenview CHSB public dataset,78.970495,kgCO2e/occupied room-night,GLOBAL_STAR_FALLBACK,887,False,True,Greenview / Cornell Hotel Sustainability Benchmarking Index,https://greenview.sg/resources/chsb-index/
2022,Canadá,CAN,unknown,CHSB 2024v2,2022,Greenview CHSB public dataset,17.856297,kgCO2e/occupied room-night,COUNTRY_NONRESORT,325,False,False,Greenview / Cornell Hotel Sustainability Benchmarking Index,https://greenview.sg/resources/chsb-index/
2022,Catar,QAT,2,CHSB 2024v2,2022,Greenview CHSB public dataset,14.037051,kgCO2e/occupied room-night,GLOBAL_STAR_FALLBACK,2777,False,True,Greenview / Cornell Hotel Sustainability Benchmarking Index,https://greenview.sg/resources/chsb-index/
2022,Catar,QAT,3,CHSB 2024v2,2022,Greenview CHSB public dataset,19.102623,kgCO2e/occupied room-night,GLOBAL_STAR_FALLBACK,4306,False,True,Greenview / Cornell Hotel Sustainability Benchmarking Index,https://greenview.sg/resources/chsb-index/
2022,Catar,QAT,4,CHSB 2024v2,2022,Greenview CHSB public dataset,37.703218,kgCO2e/occupied room-night,GLOBAL_STAR_FALLBACK,2205,False,True,Greenview / Cornell Hotel Sustainability Benchmarking Index,https://greenview.sg/resources/chsb-index/
2022,Catar,QAT,5,CHSB 2024v2,2022,Greenview CHSB public dataset,133.267427,kgCO2e/occupied room-night,COUNTRY_STAR_WEIGHTED,11,False,False,Greenview / Cornell Hotel Sustainability Benchmarking Index,https://greenview.sg/resources/chsb-index/
2022,Catar,QAT,unknown,CHSB 2024v2,2022,Greenview CHSB public dataset,107.963032,kgCO2e/occupied room-night,COUNTRY_NONRESORT,19,False,False,Greenview / Cornell Hotel Sustainability Benchmarking Index,https://greenview.sg/resources/chsb-index/
2022,Chad,TCD,2,CHSB 2024v2,2022,Greenview CHSB public dataset,14.037051,kgCO2e/occupied room-night,GLOBAL_STAR_FALLBACK,2777,False,True,Greenview / Cornell Hotel Sustainability Benchmarking Index,https://greenview.sg/resources/chsb-index/
2022,Chad,TCD,3,CHSB 2024v2,2022,Greenview CHSB public dataset,19.102623,kgCO2e/occupied room-night,GLOBAL_STAR_FALLBACK,4306,False,True,Greenview / Cornell Hotel Sustainability Benchmarking Index,https://greenview.sg/resources/chsb-index/
2022,Chad,TCD,4,CHSB 2024v2,2022,Greenview CHSB public dataset,37.703218,kgCO2e/occupied room-night,GLOBAL_STAR_FALLBACK,2205,False,True,Greenview / Cornell Hotel Sustainability Benchmarking Index,https://greenview.sg/resources/chsb-index/
2022,Chad,TCD,5,CHSB 2024v2,2022,Greenview CHSB public dataset,78.970495,kgCO2e/occupied room-night,GLOBAL_STAR_FALLBACK,887,False,True,Greenview / Cornell Hotel Sustainability Benchmarking Index,https://greenview.sg/resources/chsb-index/
2022,Chad,TCD,unknown,CHSB 2024v2,2022,Greenview CHSB public dataset,25.514392,kgCO2e/occupied room-night,GLOBAL_UNKNOWN_FALLBACK,10183,False,True,Greenview / Cornell Hotel Sustainability Benchmarking Index,https://greenview.sg/resources/chsb-index/
2022,Chequia,CZE,2,CHSB 2024v2,2022,Greenview CHSB public dataset,14.037051,kgCO2e/occupied room-night,GLOBAL_STAR_FALLBACK,2777,False,True,Greenview / Cornell Hotel Sustainability Benchmarking Index,https://greenview.sg/resources/chsb-index/
2022,Chequia,CZE,3,CHSB 2024v2,2022,Greenview CHSB public dataset,19.102623,kgCO2e/occupied room-night,GLOBAL_STAR_FALLBACK,4306,False,True,Greenview / Cornell Hotel Sustainability Benchmarking Index,https://greenview.sg/resources/chsb-index/
2022,Chequia,CZE,4,CHSB 2024v2,2022,Greenview CHSB public dataset,19.5589,kgCO2e/occupied room-night,COUNTRY_STAR_WEIGHTED,8,False,False,Greenview / Cornell Hotel Sustainability Benchmarking Index,https://greenview.sg/resources/chsb-index/
2022,Chequia,CZE,5,CHSB 2024v2,2022,Greenview CHSB public dataset,78.970495,kgCO2e/occupied room-night,GLOBAL_STAR_FALLBACK,887,False,True,Greenview / Cornell Hotel Sustainability Benchmarking Index,https://greenview.sg/resources/chsb-index/
2022,Chequia,CZE,unknown,CHSB 2024v2,2022,Greenview CHSB public dataset,28.808425,kgCO2e/occupied room-night,COUNTRY_NONRESORT,10,False,False,Greenview / Cornell Hotel Sustainability Benchmarking Index,https://greenview.sg/resources/chsb-index/
2022,Chile,CHL,2,CHSB 2024v2,2022,Greenview CHSB public dataset,14.037051,kgCO2e/occupied room-night,GLOBAL_STAR_FALLBACK,2777,False,True,Greenview / Cornell Hotel Sustainability Benchmarking Index,https://greenview.sg/resources/chsb-index/
2022,Chile,CHL,3,CHSB 2024v2,2022,Greenview CHSB public dataset,19.102623,kgCO2e/occupied room-night,GLOBAL_STAR_FALLBACK,4306,False,True,Greenview / Cornell Hotel Sustainability Benchmarking Index,https://greenview.sg/resources/chsb-index/
2022,Chile,CHL,4,CHSB 2024v2,2022,Greenview CHSB public dataset,37.703218,kgCO2e/occupied room-night,GLOBAL_STAR_FALLBACK,2205,False,True,Greenview / Cornell Hotel Sustainability Benchmarking Index,https://greenview.sg/resources/chsb-index/
2022,Chile,CHL,5,CHSB 2024v2,2022,Greenview CHSB public dataset,78.970495,kgCO2e/occupied room-night,GLOBAL_STAR_FALLBACK,887,False,True,Greenview / Cornell Hotel Sustainability Benchmarking Index,https://greenview.sg/resources/chsb-index/
2022,Chile,CHL,unknown,CHSB 2024v2,2022,Greenview CHSB public dataset,33.723178,kgCO2e/occupied room-night,COUNTRY_NONRESORT,13,False,False,Greenview / Cornell Hotel Sustainability Benchmarking Index,https://greenview.sg/resources/chsb-index/
2022,China,CHN,2,CHSB 2024v2,2022,Greenview CHSB public dataset,35.53749,kgCO2e/occupied room-night,COUNTRY_STAR_WEIGHTED,119,False,False,Greenview / Cornell Hotel Sustainability Benchmarking Index,https://greenview.sg/resources/chsb-index/
2022,China,CHN,3,CHSB 2024v2,2022,Greenview CHSB public dataset,51.090095,kgCO2e/occupied room-night,COUNTRY_STAR_WEIGHTED,190,False,False,Greenview / Cornell Hotel Sustainability Benchmarking Index,https://greenview.sg/resources/chsb-index/
2022,China,CHN,4,CHSB 2024v2,2022,Greenview CHSB public dataset,67.963585,kgCO2e/occupied room-night,COUNTRY_STAR_WEIGHTED,426,False,False,Greenview / Cornell Hotel Sustainability Benchmarking Index,https://greenview.sg/resources/chsb-index/
2022,China,CHN,5,CHSB 2024v2,2022,Greenview CHSB public dataset,87.50921,kgCO2e/occupied room-night,COUNTRY_STAR_WEIGHTED,321,False,False,Greenview / Cornell Hotel Sustainability Benchmarking Index,https://greenview.sg/resources/chsb-index/
2022,China,CHN,unknown,CHSB 2024v2,2022,Greenview CHSB public dataset,64.889793,kgCO2e/occupied room-night,COUNTRY_NONRESORT,938,False,False,Greenview / Cornell Hotel Sustainability Benchmarking Index,https://greenview.sg/resources/chsb-index/
2022,Chipre,CYP,2,CHSB 2024v2,2022,Greenview CHSB public dataset,14.037051,kgCO2e/occupied room-night,GLOBAL_STAR_FALLBACK,2777,False,True,Greenview / Cornell Hotel Sustainability Benchmarking Index,https://greenview.sg/resources/chsb-index/
2022,Chipre,CYP,3,CHSB 2024v2,2022,Greenview CHSB public dataset,19.102623,kgCO2e/occupied room-night,GLOBAL_STAR_FALLBACK,4306,False,True,Greenview / Cornell Hotel Sustainability Benchmarking Index,https://greenview.sg/resources/chsb-index/
2022,Chipre,CYP,4,CHSB 2024v2,2022,Greenview CHSB public dataset,37.703218,kgCO2e/occupied room-night,GLOBAL_STAR_FALLBACK,2205,False,True,Greenview / Cornell Hotel Sustainability Benchmarking Index,https://greenview.sg/resources/chsb-index/
2022,Chipre,CYP,5,CHSB 2024v2,2022,Greenview CHSB public dataset,78.970495,kgCO2e/occupied room-night,GLOBAL_STAR_FALLBACK,887,False,True,Greenview / Cornell Hotel Sustainability Benchmarking Index,https://greenview.sg/resources/chsb-index/
2022,Chipre,CYP,unknown,CHSB 2024v2,2022,Greenview CHSB public dataset,25.514392,kgCO2e/occupied room-night,GLOBAL_UNKNOWN_FALLBACK,10183,False,True,Greenview / Cornell Hotel Sustainability Benchmarking Index,https://greenview.sg/resources/chsb-index/
2022,Colombia,COL,2,CHSB 2024v2,2022,Greenview CHSB public dataset,14.037051,kgCO2e/occupied room-night,GLOBAL_STAR_FALLBACK,2777,False,True,Greenview / Cornell Hotel Sustainability Benchmarking Index,https://greenview.sg/resources/chsb-index/
2022,Colombia,COL,3,CHSB 2024v2,2022,Greenview CHSB public dataset,12.132519,kgCO2e/occupied room-night,COUNTRY_STAR_WEIGHTED,10,False,False,Greenview / Cornell Hotel Sustainability Benchmarking Index,https://greenview.sg/resources/chsb-index/
2022,Colombia,COL,4,CHSB 2024v2,2022,Greenview CHSB public dataset,17.886855,kgCO2e/occupied room-night,COUNTRY_STAR_WEIGHTED,13,False,False,Greenview / Cornell Hotel Sustainability Benchmarking Index,https://greenview.sg/resources/chsb-index/
2022,Colombia,COL,5,CHSB 2024v2,2022,Greenview CHSB public dataset,78.970495,kgCO2e/occupied room-night,GLOBAL_STAR_FALLBACK,887,False,True,Greenview / Cornell Hotel Sustainability Benchmarking Index,https://greenview.sg/resources/chsb-index/
2022,Colombia,COL,unknown,CHSB 2024v2,2022,Greenview CHSB public dataset,15.809017,kgCO2e/occupied room-night,COUNTRY_NONRESORT,27,False,False,Greenview / Cornell Hotel Sustainability Benchmarking Index,https://greenview.sg/resources/chsb-index/
2022,Comoras,COM,2,CHSB 2024v2,2022,Greenview CHSB public dataset,14.037051,kgCO2e/occupied room-night,GLOBAL_STAR_FALLBACK,2777,False,True,Greenview / Cornell Hotel Sustainability Benchmarking Index,https://greenview.sg/resources/chsb-index/
2022,Comoras,COM,3,CHSB 2024v2,2022,Greenview CHSB public dataset,19.102623,kgCO2e/occupied room-night,GLOBAL_STAR_FALLBACK,4306,False,True,Greenview / Cornell Hotel Sustainability Benchmarking Index,https://greenview.sg/resources/chsb-index/
2022,Comoras,COM,4,CHSB 2024v2,2022,Greenview CHSB public dataset,37.703218,kgCO2e/occupied room-night,GLOBAL_STAR_FALLBACK,2205,False,True,Greenview / Cornell Hotel Sustainability Benchmarking Index,https://greenview.sg/resources/chsb-index/
2022,Comoras,COM,5,CHSB 2024v2,2022,Greenview CHSB public dataset,78.970495,kgCO2e/occupied room-night,GLOBAL_STAR_FALLBACK,887,False,True,Greenview / Cornell Hotel Sustainability Benchmarking Index,https://greenview.sg/resources/chsb-index/
2022,Comoras,COM,unknown,CHSB 2024v2,2022,Greenview CHSB public dataset,25.514392,kgCO2e/occupied room-night,GLOBAL_UNKNOWN_FALLBACK,10183,False,True,Greenview / Cornell Hotel Sustainability Benchmarking Index,https://greenview.sg/resources/chsb-index/
2022,Congo,COG,2,CHSB 2024v2,2022,Greenview CHSB public dataset,14.037051,kgCO2e/occupied room-night,GLOBAL_STAR_FALLBACK,2777,False,True,Greenview / Cornell Hotel Sustainability Benchmarking Index,https://greenview.sg/resources/chsb-index/
2022,Congo,COG,3,CHSB 2024v2,2022,Greenview CHSB public dataset,19.102623,kgCO2e/occupied room-night,GLOBAL_STAR_FALLBACK,4306,False,True,Greenview / Cornell Hotel Sustainability Benchmarking Index,https://greenview.sg/resources/chsb-index/
2022,Congo,COG,4,CHSB 2024v2,2022,Greenview CHSB public dataset,37.703218,kgCO2e/occupied room-night,GLOBAL_STAR_FALLBACK,2205,False,True,Greenview / Cornell Hotel Sustainability Benchmarking Index,https://greenview.sg/resources/chsb-index/
2022,Congo,COG,5,CHSB 2024v2,2022,Greenview CHSB public dataset,78.970495,kgCO2e/occupied room-night,GLOBAL_STAR_FALLBACK,887,False,True,Greenview / Cornell Hotel Sustainability Benchmarking Index,https://greenview.sg/resources/chsb-index/
2022,Congo,COG,unknown,CHSB 2024v2,2022,Greenview CHSB public dataset,25.514392,kgCO2e/occupied room-night,GLOBAL_UNKNOWN_FALLBACK,10183,False,True,Greenview / Cornell Hotel Sustainability Benchmarking Index,https://greenview.sg/resources/chsb-index/
2022,Corea del Norte,PRK,2,CHSB 2024v2,2022,Greenview CHSB public dataset,14.037051,kgCO2e/occupied room-night,GLOBAL_STAR_FALLBACK,2777,False,True,Greenview / Cornell Hotel Sustainability Benchmarking Index,https://greenview.sg/resources/chsb-index/
2022,Corea del Norte,PRK,3,CHSB 2024v2,2022,Greenview CHSB public dataset,19.102623,kgCO2e/occupied room-night,GLOBAL_STAR_FALLBACK,4306,False,True,Greenview / Cornell Hotel Sustainability Benchmarking Index,https://greenview.sg/resources/chsb-index/
2022,Corea del Norte,PRK,4,CHSB 2024v2,2022,Greenview CHSB public dataset,37.703218,kgCO2e/occupied room-night,GLOBAL_STAR_FALLBACK,2205,False,True,Greenview / Cornell Hotel Sustainability Benchmarking Index,https://greenview.sg/resources/chsb-index/
2022,Corea del Norte,PRK,5,CHSB 2024v2,2022,Greenview CHSB public dataset,78.970495,kgCO2e/occupied room-night,GLOBAL_STAR_FALLBACK,887,False,True,Greenview / Cornell Hotel Sustainability Benchmarking Index,https://greenview.sg/resources/chsb-index/
2022,Corea del Norte,PRK,unknown,CHSB 2024v2,2022,Greenview CHSB public dataset,25.514392,kgCO2e/occupied room-night,GLOBAL_UNKNOWN_FALLBACK,10183,False,True,Greenview / Cornell Hotel Sustainability Benchmarking Index,https://greenview.sg/resources/chsb-index/
2022,Corea del Sur,KOR,2,CHSB 2024v2,2022,Greenview CHSB public dataset,14.037051,kgCO2e/occupied room-night,GLOBAL_STAR_FALLBACK,2777,False,True,Greenview / Cornell Hotel Sustainability Benchmarking Index,https://greenview.sg/resources/chsb-index/
2022,Corea del Sur,KOR,3,CHSB 2024v2,2022,Greenview CHSB public dataset,30.330441,kgCO2e/occupied room-night,COUNTRY_STAR_WEIGHTED,9,False,False,Greenview / Cornell Hotel Sustainability Benchmarking Index,https://greenview.sg/resources/chsb-index/
2022,Corea del Sur,KOR,4,CHSB 2024v2,2022,Greenview CHSB public dataset,56.442857,kgCO2e/occupied room-night,COUNTRY_STAR_WEIGHTED,8,False,False,Greenview / Cornell Hotel Sustainability Benchmarking Index,https://greenview.sg/resources/chsb-index/
2022,Corea del Sur,KOR,5,CHSB 2024v2,2022,Greenview CHSB public dataset,77.901217,kgCO2e/occupied room-night,COUNTRY_STAR_WEIGHTED,10,False,False,Greenview / Cornell Hotel Sustainability Benchmarking Index,https://greenview.sg/resources/chsb-index/
2022,Corea del Sur,KOR,unknown,CHSB 2024v2,2022,Greenview CHSB public dataset,52.923519,kgCO2e/occupied room-night,COUNTRY_NONRESORT,29,False,False,Greenview / Cornell Hotel Sustainability Benchmarking Index,https://greenview.sg/resources/chsb-index/
2022,Costa de Marfil,CIV,2,CHSB 2024v2,2022,Greenview CHSB public dataset,14.037051,kgCO2e/occupied room-night,GLOBAL_STAR_FALLBACK,2777,False,True,Greenview / Cornell Hotel Sustainability Benchmarking Index,https://greenview.sg/resources/chsb-index/
2022,Costa de Marfil,CIV,3,CHSB 2024v2,2022,Greenview CHSB public dataset,19.102623,kgCO2e/occupied room-night,GLOBAL_STAR_FALLBACK,4306,False,True,Greenview / Cornell Hotel Sustainability Benchmarking Index,https://greenview.sg/resources/chsb-index/
2022,Costa de Marfil,CIV,4,CHSB 2024v2,2022,Greenview CHSB public dataset,37.703218,kgCO2e/occupied room-night,GLOBAL_STAR_FALLBACK,2205,False,True,Greenview / Cornell Hotel Sustainability Benchmarking Index,https://greenview.sg/resources/chsb-index/
2022,Costa de Marfil,CIV,5,CHSB 2024v2,2022,Greenview CHSB public dataset,78.970495,kgCO2e/occupied room-night,GLOBAL_STAR_FALLBACK,887,False,True,Greenview / Cornell Hotel Sustainability Benchmarking Index,https://greenview.sg/resources/chsb-index/
2022,Costa de Marfil,CIV,unknown,CHSB 2024v2,2022,Greenview CHSB public dataset,25.514392,kgCO2e/occupied room-night,GLOBAL_UNKNOWN_FALLBACK,10183,False,True,Greenview / Cornell Hotel Sustainability Benchmarking Index,https://greenview.sg/resources/chsb-index/
2022,Costa Rica,CRI,2,CHSB 2024v2,2022,Greenview CHSB public dataset,14.037051,kgCO2e/occupied room-night,GLOBAL_STAR_FALLBACK,2777,False,True,Greenview / Cornell Hotel Sustainability Benchmarking Index,https://greenview.sg/resources/chsb-index/
2022,Costa Rica,CRI,3,CHSB 2024v2,2022,Greenview CHSB public dataset,5.817743,kgCO2e/occupied room-night,COUNTRY_STAR_WEIGHTED,9,False,False,Greenview / Cornell Hotel Sustainability Benchmarking Index,https://greenview.sg/resources/chsb-index/
2022,Costa Rica,CRI,4,CHSB 2024v2,2022,Greenview CHSB public dataset,37.703218,kgCO2e/occupied room-night,GLOBAL_STAR_FALLBACK,2205,False,True,Greenview / Cornell Hotel Sustainability Benchmarking Index,https://greenview.sg/resources/chsb-index/
2022,Costa Rica,CRI,5,CHSB 2024v2,2022,Greenview CHSB public dataset,78.970495,kgCO2e/occupied room-night,GLOBAL_STAR_FALLBACK,887,False,True,Greenview / Cornell Hotel Sustainability Benchmarking Index,https://greenview.sg/resources/chsb-index/
2022,Costa Rica,CRI,unknown,CHSB 2024v2,2022,Greenview CHSB public dataset,7.663977,kgCO2e/occupied room-night,COUNTRY_NONRESORT,15,False,False,Greenview / Cornell Hotel Sustainability Benchmarking Index,https://greenview.sg/resources/chsb-index/
2022,Croacia,HRV,2,CHSB 2024v2,2022,Greenview CHSB public dataset,14.037051,kgCO2e/occupied room-night,GLOBAL_STAR_FALLBACK,2777,False,True,Greenview / Cornell Hotel Sustainability Benchmarking Index,https://greenview.sg/resources/chsb-index/
2022,Croacia,HRV,3,CHSB 2024v2,2022,Greenview CHSB public dataset,19.102623,kgCO2e/occupied room-night,GLOBAL_STAR_FALLBACK,4306,False,True,Greenview / Cornell Hotel Sustainability Benchmarking Index,https://greenview.sg/resources/chsb-index/
2022,Croacia,HRV,4,CHSB 2024v2,2022,Greenview CHSB public dataset,37.703218,kgCO2e/occupied room-night,GLOBAL_STAR_FALLBACK,2205,False,True,Greenview / Cornell Hotel Sustainability Benchmarking Index,https://greenview.sg/resources/chsb-index/
2022,Croacia,HRV,5,CHSB 2024v2,2022,Greenview CHSB public dataset,78.970495,kgCO2e/occupied room-night,GLOBAL_STAR_FALLBACK,887,False,True,Greenview / Cornell Hotel Sustainability Benchmarking Index,https://greenview.sg/resources/chsb-index/
2022,Croacia,HRV,unknown,CHSB 2024v2,2022,Greenview CHSB public dataset,12.398284,kgCO2e/occupied room-night,COUNTRY_ALL_WEIGHTED,15,False,False,Greenview / Cornell Hotel Sustainability Benchmarking Index,https://greenview.sg/resources/chsb-index/
2022,Cuba,CUB,2,CHSB 2024v2,2022,Greenview CHSB public dataset,14.037051,kgCO2e/occupied room-night,GLOBAL_STAR_FALLBACK,2777,False,True,Greenview / Cornell Hotel Sustainability Benchmarking Index,https://greenview.sg/resources/chsb-index/
2022,Cuba,CUB,3,CHSB 2024v2,2022,Greenview CHSB public dataset,19.102623,kgCO2e/occupied room-night,GLOBAL_STAR_FALLBACK,4306,False,True,Greenview / Cornell Hotel Sustainability Benchmarking Index,https://greenview.sg/resources/chsb-index/
2022,Cuba,CUB,4,CHSB 2024v2,2022,Greenview CHSB public dataset,37.703218,kgCO2e/occupied room-night,GLOBAL_STAR_FALLBACK,2205,False,True,Greenview / Cornell Hotel Sustainability Benchmarking Index,https://greenview.sg/resources/chsb-index/
2022,Cuba,CUB,5,CHSB 2024v2,2022,Greenview CHSB public dataset,78.970495,kgCO2e/occupied room-night,GLOBAL_STAR_FALLBACK,887,False,True,Greenview / Cornell Hotel Sustainability Benchmarking Index,https://greenview.sg/resources/chsb-index/
2022,Cuba,CUB,unknown,CHSB 2024v2,2022,Greenview CHSB public dataset,25.514392,kgCO2e/occupied room-night,GLOBAL_UNKNOWN_FALLBACK,10183,False,True,Greenview / Cornell Hotel Sustainability Benchmarking Index,https://greenview.sg/resources/chsb-index/
2022,Curazao,CUW,2,CHSB 2024v2,2022,Greenview CHSB public dataset,14.037051,kgCO2e/occupied room-night,GLOBAL_STAR_FALLBACK,2777,False,True,Greenview / Cornell Hotel Sustainability Benchmarking Index,https://greenview.sg/resources/chsb-index/
2022,Curazao,CUW,3,CHSB 2024v2,2022,Greenview CHSB public dataset,19.102623,kgCO2e/occupied room-night,GLOBAL_STAR_FALLBACK,4306,False,True,Greenview / Cornell Hotel Sustainability Benchmarking Index,https://greenview.sg/resources/chsb-index/
2022,Curazao,CUW,4,CHSB 2024v2,2022,Greenview CHSB public dataset,37.703218,kgCO2e/occupied room-night,GLOBAL_STAR_FALLBACK,2205,False,True,Greenview / Cornell Hotel Sustainability Benchmarking Index,https://greenview.sg/resources/chsb-index/
2022,Curazao,CUW,5,CHSB 2024v2,2022,Greenview CHSB public dataset,78.970495,kgCO2e/occupied room-night,GLOBAL_STAR_FALLBACK,887,False,True,Greenview / Cornell Hotel Sustainability Benchmarking Index,https://greenview.sg/resources/chsb-index/
2022,Curazao,CUW,unknown,CHSB 2024v2,2022,Greenview CHSB public dataset,25.514392,kgCO2e/occupied room-night,GLOBAL_UNKNOWN_FALLBACK,10183,False,True,Greenview / Cornell Hotel Sustainability Benchmarking Index,https://greenview.sg/resources/chsb-index/
2022,Dinamarca,DNK,2,CHSB 2024v2,2022,Greenview CHSB public dataset,14.037051,kgCO2e/occupied room-night,GLOBAL_STAR_FALLBACK,2777,False,True,Greenview / Cornell Hotel Sustainability Benchmarking Index,https://greenview.sg/resources/chsb-index/
2022,Dinamarca,DNK,3,CHSB 2024v2,2022,Greenview CHSB public dataset,19.102623,kgCO2e/occupied room-night,GLOBAL_STAR_FALLBACK,4306,False,True,Greenview / Cornell Hotel Sustainability Benchmarking Index,https://greenview.sg/resources/chsb-index/
2022,Dinamarca,DNK,4,CHSB 2024v2,2022,Greenview CHSB public dataset,37.703218,kgCO2e/occupied room-night,GLOBAL_STAR_FALLBACK,2205,False,True,Greenview / Cornell Hotel Sustainability Benchmarking Index,https://greenview.sg/resources/chsb-index/
2022,Dinamarca,DNK,5,CHSB 2024v2,2022,Greenview CHSB public dataset,78.970495,kgCO2e/occupied room-night,GLOBAL_STAR_FALLBACK,887,False,True,Greenview / Cornell Hotel Sustainability Benchmarking Index,https://greenview.sg/resources/chsb-index/
2022,Dinamarca,DNK,unknown,CHSB 2024v2,2022,Greenview CHSB public dataset,25.514392,kgCO2e/occupied room-night,GLOBAL_UNKNOWN_FALLBACK,10183,False,True,Greenview / Cornell Hotel Sustainability Benchmarking Index,https://greenview.sg/resources/chsb-index/
2022,Dominica,DMA,2,CHSB 2024v2,2022,Greenview CHSB public dataset,14.037051,kgCO2e/occupied room-night,GLOBAL_STAR_FALLBACK,2777,False,True,Greenview / Cornell Hotel Sustainability Benchmarking Index,https://greenview.sg/resources/chsb-index/
2022,Dominica,DMA,3,CHSB 2024v2,2022,Greenview CHSB public dataset,19.102623,kgCO2e/occupied room-night,GLOBAL_STAR_FALLBACK,4306,False,True,Greenview / Cornell Hotel Sustainability Benchmarking Index,https://greenview.sg/resources/chsb-index/
2022,Dominica,DMA,4,CHSB 2024v2,2022,Greenview CHSB public dataset,37.703218,kgCO2e/occupied room-night,GLOBAL_STAR_FALLBACK,2205,False,True,Greenview / Cornell Hotel Sustainability Benchmarking Index,https://greenview.sg/resources/chsb-index/
2022,Dominica,DMA,5,CHSB 2024v2,2022,Greenview CHSB public dataset,78.970495,kgCO2e/occupied room-night,GLOBAL_STAR_FALLBACK,887,False,True,Greenview / Cornell Hotel Sustainability Benchmarking Index,https://greenview.sg/resources/chsb-index/
2022,Dominica,DMA,unknown,CHSB 2024v2,2022,Greenview CHSB public dataset,25.514392,kgCO2e/occupied room-night,GLOBAL_UNKNOWN_FALLBACK,10183,False,True,Greenview / Cornell Hotel Sustainability Benchmarking Index,https://greenview.sg/resources/chsb-index/
2022,Ecuador,ECU,2,CHSB 2024v2,2022,Greenview CHSB public dataset,14.037051,kgCO2e/occupied room-night,GLOBAL_STAR_FALLBACK,2777,False,True,Greenview / Cornell Hotel Sustainability Benchmarking Index,https://greenview.sg/resources/chsb-index/
2022,Ecuador,ECU,3,CHSB 2024v2,2022,Greenview CHSB public dataset,19.102623,kgCO2e/occupied room-night,GLOBAL_STAR_FALLBACK,4306,False,True,Greenview / Cornell Hotel Sustainability Benchmarking Index,https://greenview.sg/resources/chsb-index/
2022,Ecuador,ECU,4,CHSB 2024v2,2022,Greenview CHSB public dataset,37.703218,kgCO2e/occupied room-night,GLOBAL_STAR_FALLBACK,2205,False,True,Greenview / Cornell Hotel Sustainability Benchmarking Index,https://greenview.sg/resources/chsb-index/
2022,Ecuador,ECU,5,CHSB 2024v2,2022,Greenview CHSB public dataset,78.970495,kgCO2e/occupied room-night,GLOBAL_STAR_FALLBACK,887,False,True,Greenview / Cornell Hotel Sustainability Benchmarking Index,https://greenview.sg/resources/chsb-index/
2022,Ecuador,ECU,unknown,CHSB 2024v2,2022,Greenview CHSB public dataset,25.514392,kgCO2e/occupied room-night,GLOBAL_UNKNOWN_FALLBACK,10183,False,True,Greenview / Cornell Hotel Sustainability Benchmarking Index,https://greenview.sg/resources/chsb-index/
2022,Egipto,EGY,2,CHSB 2024v2,2022,Greenview CHSB public dataset,14.037051,kgCO2e/occupied room-night,GLOBAL_STAR_FALLBACK,2777,False,True,Greenview / Cornell Hotel Sustainability Benchmarking Index,https://greenview.sg/resources/chsb-index/
2022,Egipto,EGY,3,CHSB 2024v2,2022,Greenview CHSB public dataset,19.102623,kgCO2e/occupied room-night,GLOBAL_STAR_FALLBACK,4306,False,True,Greenview / Cornell Hotel Sustainability Benchmarking Index,https://greenview.sg/resources/chsb-index/
2022,Egipto,EGY,4,CHSB 2024v2,2022,Greenview CHSB public dataset,37.703218,kgCO2e/occupied room-night,GLOBAL_STAR_FALLBACK,2205,False,True,Greenview / Cornell Hotel Sustainability Benchmarking Index,https://greenview.sg/resources/chsb-index/
2022,Egipto,EGY,5,CHSB 2024v2,2022,Greenview CHSB public dataset,78.970495,kgCO2e/occupied room-night,GLOBAL_STAR_FALLBACK,887,False,True,Greenview / Cornell Hotel Sustainability Benchmarking Index,https://greenview.sg/resources/chsb-index/
2022,Egipto,EGY,unknown,CHSB 2024v2,2022,Greenview CHSB public dataset,49.400487,kgCO2e/occupied room-night,COUNTRY_NONRESORT,14,False,False,Greenview / Cornell Hotel Sustainability Benchmarking Index,https://greenview.sg/resources/chsb-index/
2022,El Salvador,SLV,2,CHSB 2024v2,2022,Greenview CHSB public dataset,14.037051,kgCO2e/occupied room-night,GLOBAL_STAR_FALLBACK,2777,False,True,Greenview / Cornell Hotel Sustainability Benchmarking Index,https://greenview.sg/resources/chsb-index/
2022,El Salvador,SLV,3,CHSB 2024v2,2022,Greenview CHSB public dataset,19.102623,kgCO2e/occupied room-night,GLOBAL_STAR_FALLBACK,4306,False,True,Greenview / Cornell Hotel Sustainability Benchmarking Index,https://greenview.sg/resources/chsb-index/
2022,El Salvador,SLV,4,CHSB 2024v2,2022,Greenview CHSB public dataset,37.703218,kgCO2e/occupied room-night,GLOBAL_STAR_FALLBACK,2205,False,True,Greenview / Cornell Hotel Sustainability Benchmarking Index,https://greenview.sg/resources/chsb-index/
2022,El Salvador,SLV,5,CHSB 2024v2,2022,Greenview CHSB public dataset,78.970495,kgCO2e/occupied room-night,GLOBAL_STAR_FALLBACK,887,False,True,Greenview / Cornell Hotel Sustainability Benchmarking Index,https://greenview.sg/resources/chsb-index/
2022,El Salvador,SLV,unknown,CHSB 2024v2,2022,Greenview CHSB public dataset,25.514392,kgCO2e/occupied room-night,GLOBAL_UNKNOWN_FALLBACK,10183,False,True,Greenview / Cornell Hotel Sustainability Benchmarking Index,https://greenview.sg/resources/chsb-index/
2022,Emiratos Árabes Unidos,ARE,2,CHSB 2024v2,2022,Greenview CHSB public dataset,14.037051,kgCO2e/occupied room-night,GLOBAL_STAR_FALLBACK,2777,False,True,Greenview / Cornell Hotel Sustainability Benchmarking Index,https://greenview.sg/resources/chsb-index/
2022,Emiratos Árabes Unidos,ARE,3,CHSB 2024v2,2022,Greenview CHSB public dataset,45.387031,kgCO2e/occupied room-night,COUNTRY_STAR_WEIGHTED,31,False,False,Greenview / Cornell Hotel Sustainability Benchmarking Index,https://greenview.sg/resources/chsb-index/
2022,Emiratos Árabes Unidos,ARE,4,CHSB 2024v2,2022,Greenview CHSB public dataset,63.191949,kgCO2e/occupied room-night,COUNTRY_STAR_WEIGHTED,13,False,False,Greenview / Cornell Hotel Sustainability Benchmarking Index,https://greenview.sg/resources/chsb-index/
2022,Emiratos Árabes Unidos,ARE,5,CHSB 2024v2,2022,Greenview CHSB public dataset,131.891097,kgCO2e/occupied room-night,COUNTRY_STAR_WEIGHTED,59,False,False,Greenview / Cornell Hotel Sustainability Benchmarking Index,https://greenview.sg/resources/chsb-index/
2022,Emiratos Árabes Unidos,ARE,unknown,CHSB 2024v2,2022,Greenview CHSB public dataset,74.194073,kgCO2e/occupied room-night,COUNTRY_NONRESORT,82,False,False,Greenview / Cornell Hotel Sustainability Benchmarking Index,https://greenview.sg/resources/chsb-index/
2022,Eritrea,ERI,2,CHSB 2024v2,2022,Greenview CHSB public dataset,14.037051,kgCO2e/occupied room-night,GLOBAL_STAR_FALLBACK,2777,False,True,Greenview / Cornell Hotel Sustainability Benchmarking Index,https://greenview.sg/resources/chsb-index/
2022,Eritrea,ERI,3,CHSB 2024v2,2022,Greenview CHSB public dataset,19.102623,kgCO2e/occupied room-night,GLOBAL_STAR_FALLBACK,4306,False,True,Greenview / Cornell Hotel Sustainability Benchmarking Index,https://greenview.sg/resources/chsb-index/
2022,Eritrea,ERI,4,CHSB 2024v2,2022,Greenview CHSB public dataset,37.703218,kgCO2e/occupied room-night,GLOBAL_STAR_FALLBACK,2205,False,True,Greenview / Cornell Hotel Sustainability Benchmarking Index,https://greenview.sg/resources/chsb-index/
2022,Eritrea,ERI,5,CHSB 2024v2,2022,Greenview CHSB public dataset,78.970495,kgCO2e/occupied room-night,GLOBAL_STAR_FALLBACK,887,False,True,Greenview / Cornell Hotel Sustainability Benchmarking Index,https://greenview.sg/resources/chsb-index/
2022,Eritrea,ERI,unknown,CHSB 2024v2,2022,Greenview CHSB public dataset,25.514392,kgCO2e/occupied room-night,GLOBAL_UNKNOWN_FALLBACK,10183,False,True,Greenview / Cornell Hotel Sustainability Benchmarking Index,https://greenview.sg/resources/chsb-index/
2022,Eslovaquia,SVK,2,CHSB 2024v2,2022,Greenview CHSB public dataset,14.037051,kgCO2e/occupied room-night,GLOBAL_STAR_FALLBACK,2777,False,True,Greenview / Cornell Hotel Sustainability Benchmarking Index,https://greenview.sg/resources/chsb-index/
2022,Eslovaquia,SVK,3,CHSB 2024v2,2022,Greenview CHSB public dataset,19.102623,kgCO2e/occupied room-night,GLOBAL_STAR_FALLBACK,4306,False,True,Greenview / Cornell Hotel Sustainability Benchmarking Index,https://greenview.sg/resources/chsb-index/
2022,Eslovaquia,SVK,4,CHSB 2024v2,2022,Greenview CHSB public dataset,37.703218,kgCO2e/occupied room-night,GLOBAL_STAR_FALLBACK,2205,False,True,Greenview / Cornell Hotel Sustainability Benchmarking Index,https://greenview.sg/resources/chsb-index/
2022,Eslovaquia,SVK,5,CHSB 2024v2,2022,Greenview CHSB public dataset,78.970495,kgCO2e/occupied room-night,GLOBAL_STAR_FALLBACK,887,False,True,Greenview / Cornell Hotel Sustainability Benchmarking Index,https://greenview.sg/resources/chsb-index/
2022,Eslovaquia,SVK,unknown,CHSB 2024v2,2022,Greenview CHSB public dataset,25.514392,kgCO2e/occupied room-night,GLOBAL_UNKNOWN_FALLBACK,10183,False,True,Greenview / Cornell Hotel Sustainability Benchmarking Index,https://greenview.sg/resources/chsb-index/
2022,Eslovenia,SVN,2,CHSB 2024v2,2022,Greenview CHSB public dataset,14.037051,kgCO2e/occupied room-night,GLOBAL_STAR_FALLBACK,2777,False,True,Greenview / Cornell Hotel Sustainability Benchmarking Index,https://greenview.sg/resources/chsb-index/
2022,Eslovenia,SVN,3,CHSB 2024v2,2022,Greenview CHSB public dataset,19.102623,kgCO2e/occupied room-night,GLOBAL_STAR_FALLBACK,4306,False,True,Greenview / Cornell Hotel Sustainability Benchmarking Index,https://greenview.sg/resources/chsb-index/
2022,Eslovenia,SVN,4,CHSB 2024v2,2022,Greenview CHSB public dataset,37.703218,kgCO2e/occupied room-night,GLOBAL_STAR_FALLBACK,2205,False,True,Greenview / Cornell Hotel Sustainability Benchmarking Index,https://greenview.sg/resources/chsb-index/
2022,Eslovenia,SVN,5,CHSB 2024v2,2022,Greenview CHSB public dataset,78.970495,kgCO2e/occupied room-night,GLOBAL_STAR_FALLBACK,887,False,True,Greenview / Cornell Hotel Sustainability Benchmarking Index,https://greenview.sg/resources/chsb-index/
2022,Eslovenia,SVN,unknown,CHSB 2024v2,2022,Greenview CHSB public dataset,25.514392,kgCO2e/occupied room-night,GLOBAL_UNKNOWN_FALLBACK,10183,False,True,Greenview / Cornell Hotel Sustainability Benchmarking Index,https://greenview.sg/resources/chsb-index/
2022,España,ESP,2,CHSB 2024v2,2022,Greenview CHSB public dataset,14.037051,kgCO2e/occupied room-night,GLOBAL_STAR_FALLBACK,2777,False,True,Greenview / Cornell Hotel Sustainability Benchmarking Index,https://greenview.sg/resources/chsb-index/
2022,España,ESP,3,CHSB 2024v2,2022,Greenview CHSB public dataset,9.617429,kgCO2e/occupied room-night,COUNTRY_STAR_WEIGHTED,20,False,False,Greenview / Cornell Hotel Sustainability Benchmarking Index,https://greenview.sg/resources/chsb-index/
2022,España,ESP,4,CHSB 2024v2,2022,Greenview CHSB public dataset,11.159794,kgCO2e/occupied room-night,COUNTRY_STAR_WEIGHTED,62,False,False,Greenview / Cornell Hotel Sustainability Benchmarking Index,https://greenview.sg/resources/chsb-index/
2022,España,ESP,5,CHSB 2024v2,2022,Greenview CHSB public dataset,21.516084,kgCO2e/occupied room-night,COUNTRY_STAR_WEIGHTED,22,False,False,Greenview / Cornell Hotel Sustainability Benchmarking Index,https://greenview.sg/resources/chsb-index/
2022,España,ESP,unknown,CHSB 2024v2,2022,Greenview CHSB public dataset,13.136168,kgCO2e/occupied room-night,COUNTRY_NONRESORT,100,False,False,Greenview / Cornell Hotel Sustainability Benchmarking Index,https://greenview.sg/resources/chsb-index/
2022,Estados Unidos,USA,2,CHSB 2024v2,2022,Greenview CHSB public dataset,12.844538,kgCO2e/occupied room-night,COUNTRY_STAR_WEIGHTED,2433,False,False,Greenview / Cornell Hotel Sustainability Benchmarking Index,https://greenview.sg/resources/chsb-index/
2022,Estados Unidos,USA,3,CHSB 2024v2,2022,Greenview CHSB public dataset,16.879636,kgCO2e/occupied room-night,COUNTRY_STAR_WEIGHTED,3444,False,False,Greenview / Cornell Hotel Sustainability Benchmarking Index,https://greenview.sg/resources/chsb-index/
2022,Estados Unidos,USA,4,CHSB 2024v2,2022,Greenview CHSB public dataset,27.515549,kgCO2e/occupied room-night,COUNTRY_STAR_WEIGHTED,878,False,False,Greenview / Cornell Hotel Sustainability Benchmarking Index,https://greenview.sg/resources/chsb-index/
2022,Estados Unidos,USA,5,CHSB 2024v2,2022,Greenview CHSB public dataset,48.047517,kgCO2e/occupied room-night,COUNTRY_STAR_WEIGHTED,106,False,False,Greenview / Cornell Hotel Sustainability Benchmarking Index,https://greenview.sg/resources/chsb-index/
2022,Estados Unidos,USA,unknown,CHSB 2024v2,2022,Greenview CHSB public dataset,16.719545,kgCO2e/occupied room-night,COUNTRY_NONRESORT,6804,False,False,Greenview / Cornell Hotel Sustainability Benchmarking Index,https://greenview.sg/resources/chsb-index/
2022,Estonia,EST,2,CHSB 2024v2,2022,Greenview CHSB public dataset,14.037051,kgCO2e/occupied room-night,GLOBAL_STAR_FALLBACK,2777,False,True,Greenview / Cornell Hotel Sustainability Benchmarking Index,https://greenview.sg/resources/chsb-index/
2022,Estonia,EST,3,CHSB 2024v2,2022,Greenview CHSB public dataset,19.102623,kgCO2e/occupied room-night,GLOBAL_STAR_FALLBACK,4306,False,True,Greenview / Cornell Hotel Sustainability Benchmarking Index,https://greenview.sg/resources/chsb-index/
2022,Estonia,EST,4,CHSB 2024v2,2022,Greenview CHSB public dataset,37.703218,kgCO2e/occupied room-night,GLOBAL_STAR_FALLBACK,2205,False,True,Greenview / Cornell Hotel Sustainability Benchmarking Index,https://greenview.sg/resources/chsb-index/
2022,Estonia,EST,5,CHSB 2024v2,2022,Greenview CHSB public dataset,78.970495,kgCO2e/occupied room-night,GLOBAL_STAR_FALLBACK,887,False,True,Greenview / Cornell Hotel Sustainability Benchmarking Index,https://greenview.sg/resources/chsb-index/
2022,Estonia,EST,unknown,CHSB 2024v2,2022,Greenview CHSB public dataset,25.514392,kgCO2e/occupied room-night,GLOBAL_UNKNOWN_FALLBACK,10183,False,True,Greenview / Cornell Hotel Sustainability Benchmarking Index,https://greenview.sg/resources/chsb-index/
2022,Esuatini,SWZ,2,CHSB 2024v2,2022,Greenview CHSB public dataset,14.037051,kgCO2e/occupied room-night,GLOBAL_STAR_FALLBACK,2777,False,True,Greenview / Cornell Hotel Sustainability Benchmarking Index,https://greenview.sg/resources/chsb-index/
2022,Esuatini,SWZ,3,CHSB 2024v2,2022,Greenview CHSB public dataset,19.102623,kgCO2e/occupied room-night,GLOBAL_STAR_FALLBACK,4306,False,True,Greenview / Cornell Hotel Sustainability Benchmarking Index,https://greenview.sg/resources/chsb-index/
2022,Esuatini,SWZ,4,CHSB 2024v2,2022,Greenview CHSB public dataset,37.703218,kgCO2e/occupied room-night,GLOBAL_STAR_FALLBACK,2205,False,True,Greenview / Cornell Hotel Sustainability Benchmarking Index,https://greenview.sg/resources/chsb-index/
2022,Esuatini,SWZ,5,CHSB 2024v2,2022,Greenview CHSB public dataset,78.970495,kgCO2e/occupied room-night,GLOBAL_STAR_FALLBACK,887,False,True,Greenview / Cornell Hotel Sustainability Benchmarking Index,https://greenview.sg/resources/chsb-index/
2022,Esuatini,SWZ,unknown,CHSB 2024v2,2022,Greenview CHSB public dataset,25.514392,kgCO2e/occupied room-night,GLOBAL_UNKNOWN_FALLBACK,10183,False,True,Greenview / Cornell Hotel Sustainability Benchmarking Index,https://greenview.sg/resources/chsb-index/
2022,Etiopía,ETH,2,CHSB 2024v2,2022,Greenview CHSB public dataset,14.037051,kgCO2e/occupied room-night,GLOBAL_STAR_FALLBACK,2777,False,True,Greenview / Cornell Hotel Sustainability Benchmarking Index,https://greenview.sg/resources/chsb-index/
2022,Etiopía,ETH,3,CHSB 2024v2,2022,Greenview CHSB public dataset,19.102623,kgCO2e/occupied room-night,GLOBAL_STAR_FALLBACK,4306,False,True,Greenview / Cornell Hotel Sustainability Benchmarking Index,https://greenview.sg/resources/chsb-index/
2022,Etiopía,ETH,4,CHSB 2024v2,2022,Greenview CHSB public dataset,37.703218,kgCO2e/occupied room-night,GLOBAL_STAR_FALLBACK,2205,False,True,Greenview / Cornell Hotel Sustainability Benchmarking Index,https://greenview.sg/resources/chsb-index/
2022,Etiopía,ETH,5,CHSB 2024v2,2022,Greenview CHSB public dataset,78.970495,kgCO2e/occupied room-night,GLOBAL_STAR_FALLBACK,887,False,True,Greenview / Cornell Hotel Sustainability Benchmarking Index,https://greenview.sg/resources/chsb-index/
2022,Etiopía,ETH,unknown,CHSB 2024v2,2022,Greenview CHSB public dataset,25.514392,kgCO2e/occupied room-night,GLOBAL_UNKNOWN_FALLBACK,10183,False,True,Greenview / Cornell Hotel Sustainability Benchmarking Index,https://greenview.sg/resources/chsb-index/
2022,Filipinas,PHL,2,CHSB 2024v2,2022,Greenview CHSB public dataset,14.037051,kgCO2e/occupied room-night,GLOBAL_STAR_FALLBACK,2777,False,True,Greenview / Cornell Hotel Sustainability Benchmarking Index,https://greenview.sg/resources/chsb-index/
2022,Filipinas,PHL,3,CHSB 2024v2,2022,Greenview CHSB public dataset,19.102623,kgCO2e/occupied room-night,GLOBAL_STAR_FALLBACK,4306,False,True,Greenview / Cornell Hotel Sustainability Benchmarking Index,https://greenview.sg/resources/chsb-index/
2022,Filipinas,PHL,4,CHSB 2024v2,2022,Greenview CHSB public dataset,37.703218,kgCO2e/occupied room-night,GLOBAL_STAR_FALLBACK,2205,False,True,Greenview / Cornell Hotel Sustainability Benchmarking Index,https://greenview.sg/resources/chsb-index/
2022,Filipinas,PHL,5,CHSB 2024v2,2022,Greenview CHSB public dataset,78.970495,kgCO2e/occupied room-night,GLOBAL_STAR_FALLBACK,887,False,True,Greenview / Cornell Hotel Sustainability Benchmarking Index,https://greenview.sg/resources/chsb-index/
2022,Filipinas,PHL,unknown,CHSB 2024v2,2022,Greenview CHSB public dataset,61.632918,kgCO2e/occupied room-night,COUNTRY_NONRESORT,23,False,False,Greenview / Cornell Hotel Sustainability Benchmarking Index,https://greenview.sg/resources/chsb-index/
2022,Finlandia,FIN,2,CHSB 2024v2,2022,Greenview CHSB public dataset,14.037051,kgCO2e/occupied room-night,GLOBAL_STAR_FALLBACK,2777,False,True,Greenview / Cornell Hotel Sustainability Benchmarking Index,https://greenview.sg/resources/chsb-index/
2022,Finlandia,FIN,3,CHSB 2024v2,2022,Greenview CHSB public dataset,19.102623,kgCO2e/occupied room-night,GLOBAL_STAR_FALLBACK,4306,False,True,Greenview / Cornell Hotel Sustainability Benchmarking Index,https://greenview.sg/resources/chsb-index/
2022,Finlandia,FIN,4,CHSB 2024v2,2022,Greenview CHSB public dataset,37.703218,kgCO2e/occupied room-night,GLOBAL_STAR_FALLBACK,2205,False,True,Greenview / Cornell Hotel Sustainability Benchmarking Index,https://greenview.sg/resources/chsb-index/
2022,Finlandia,FIN,5,CHSB 2024v2,2022,Greenview CHSB public dataset,78.970495,kgCO2e/occupied room-night,GLOBAL_STAR_FALLBACK,887,False,True,Greenview / Cornell Hotel Sustainability Benchmarking Index,https://greenview.sg/resources/chsb-index/
2022,Finlandia,FIN,unknown,CHSB 2024v2,2022,Greenview CHSB public dataset,11.57788,kgCO2e/occupied room-night,COUNTRY_NONRESORT,9,False,False,Greenview / Cornell Hotel Sustainability Benchmarking Index,https://greenview.sg/resources/chsb-index/
2022,Fiyi,FJI,2,CHSB 2024v2,2022,Greenview CHSB public dataset,14.037051,kgCO2e/occupied room-night,GLOBAL_STAR_FALLBACK,2777,False,True,Greenview / Cornell Hotel Sustainability Benchmarking Index,https://greenview.sg/resources/chsb-index/
2022,Fiyi,FJI,3,CHSB 2024v2,2022,Greenview CHSB public dataset,19.102623,kgCO2e/occupied room-night,GLOBAL_STAR_FALLBACK,4306,False,True,Greenview / Cornell Hotel Sustainability Benchmarking Index,https://greenview.sg/resources/chsb-index/
2022,Fiyi,FJI,4,CHSB 2024v2,2022,Greenview CHSB public dataset,37.703218,kgCO2e/occupied room-night,GLOBAL_STAR_FALLBACK,2205,False,True,Greenview / Cornell Hotel Sustainability Benchmarking Index,https://greenview.sg/resources/chsb-index/
2022,Fiyi,FJI,5,CHSB 2024v2,2022,Greenview CHSB public dataset,78.970495,kgCO2e/occupied room-night,GLOBAL_STAR_FALLBACK,887,False,True,Greenview / Cornell Hotel Sustainability Benchmarking Index,https://greenview.sg/resources/chsb-index/
2022,Fiyi,FJI,unknown,CHSB 2024v2,2022,Greenview CHSB public dataset,25.514392,kgCO2e/occupied room-night,GLOBAL_UNKNOWN_FALLBACK,10183,False,True,Greenview / Cornell Hotel Sustainability Benchmarking Index,https://greenview.sg/resources/chsb-index/
2022,Francia,FRA,2,CHSB 2024v2,2022,Greenview CHSB public dataset,14.037051,kgCO2e/occupied room-night,GLOBAL_STAR_FALLBACK,2777,False,True,Greenview / Cornell Hotel Sustainability Benchmarking Index,https://greenview.sg/resources/chsb-index/
2022,Francia,FRA,3,CHSB 2024v2,2022,Greenview CHSB public dataset,6.471544,kgCO2e/occupied room-night,COUNTRY_STAR_WEIGHTED,18,False,False,Greenview / Cornell Hotel Sustainability Benchmarking Index,https://greenview.sg/resources/chsb-index/
2022,Francia,FRA,4,CHSB 2024v2,2022,Greenview CHSB public dataset,7.707994,kgCO2e/occupied room-night,COUNTRY_STAR_WEIGHTED,33,False,False,Greenview / Cornell Hotel Sustainability Benchmarking Index,https://greenview.sg/resources/chsb-index/
2022,Francia,FRA,5,CHSB 2024v2,2022,Greenview CHSB public dataset,13.881393,kgCO2e/occupied room-night,COUNTRY_STAR_WEIGHTED,21,False,False,Greenview / Cornell Hotel Sustainability Benchmarking Index,https://greenview.sg/resources/chsb-index/
2022,Francia,FRA,unknown,CHSB 2024v2,2022,Greenview CHSB public dataset,8.888007,kgCO2e/occupied room-night,COUNTRY_NONRESORT,77,False,False,Greenview / Cornell Hotel Sustainability Benchmarking Index,https://greenview.sg/resources/chsb-index/
2022,Gabón,GAB,2,CHSB 2024v2,2022,Greenview CHSB public dataset,14.037051,kgCO2e/occupied room-night,GLOBAL_STAR_FALLBACK,2777,False,True,Greenview / Cornell Hotel Sustainability Benchmarking Index,https://greenview.sg/resources/chsb-index/
2022,Gabón,GAB,3,CHSB 2024v2,2022,Greenview CHSB public dataset,19.102623,kgCO2e/occupied room-night,GLOBAL_STAR_FALLBACK,4306,False,True,Greenview / Cornell Hotel Sustainability Benchmarking Index,https://greenview.sg/resources/chsb-index/
2022,Gabón,GAB,4,CHSB 2024v2,2022,Greenview CHSB public dataset,37.703218,kgCO2e/occupied room-night,GLOBAL_STAR_FALLBACK,2205,False,True,Greenview / Cornell Hotel Sustainability Benchmarking Index,https://greenview.sg/resources/chsb-index/
2022,Gabón,GAB,5,CHSB 2024v2,2022,Greenview CHSB public dataset,78.970495,kgCO2e/occupied room-night,GLOBAL_STAR_FALLBACK,887,False,True,Greenview / Cornell Hotel Sustainability Benchmarking Index,https://greenview.sg/resources/chsb-index/
2022,Gabón,GAB,unknown,CHSB 2024v2,2022,Greenview CHSB public dataset,25.514392,kgCO2e/occupied room-night,GLOBAL_UNKNOWN_FALLBACK,10183,False,True,Greenview / Cornell Hotel Sustainability Benchmarking Index,https://greenview.sg/resources/chsb-index/
2022,Gambia,GMB,2,CHSB 2024v2,2022,Greenview CHSB public dataset,14.037051,kgCO2e/occupied room-night,GLOBAL_STAR_FALLBACK,2777,False,True,Greenview / Cornell Hotel Sustainability Benchmarking Index,https://greenview.sg/resources/chsb-index/
2022,Gambia,GMB,3,CHSB 2024v2,2022,Greenview CHSB public dataset,19.102623,kgCO2e/occupied room-night,GLOBAL_STAR_FALLBACK,4306,False,True,Greenview / Cornell Hotel Sustainability Benchmarking Index,https://greenview.sg/resources/chsb-index/
2022,Gambia,GMB,4,CHSB 2024v2,2022,Greenview CHSB public dataset,37.703218,kgCO2e/occupied room-night,GLOBAL_STAR_FALLBACK,2205,False,True,Greenview / Cornell Hotel Sustainability Benchmarking Index,https://greenview.sg/resources/chsb-index/
2022,Gambia,GMB,5,CHSB 2024v2,2022,Greenview CHSB public dataset,78.970495,kgCO2e/occupied room-night,GLOBAL_STAR_FALLBACK,887,False,True,Greenview / Cornell Hotel Sustainability Benchmarking Index,https://greenview.sg/resources/chsb-index/
2022,Gambia,GMB,unknown,CHSB 2024v2,2022,Greenview CHSB public dataset,25.514392,kgCO2e/occupied room-night,GLOBAL_UNKNOWN_FALLBACK,10183,False,True,Greenview / Cornell Hotel Sustainability Benchmarking Index,https://greenview.sg/resources/chsb-index/
2022,Georgia,GEO,2,CHSB 2024v2,2022,Greenview CHSB public dataset,14.037051,kgCO2e/occupied room-night,GLOBAL_STAR_FALLBACK,2777,False,True,Greenview / Cornell Hotel Sustainability Benchmarking Index,https://greenview.sg/resources/chsb-index/
2022,Georgia,GEO,3,CHSB 2024v2,2022,Greenview CHSB public dataset,19.102623,kgCO2e/occupied room-night,GLOBAL_STAR_FALLBACK,4306,False,True,Greenview / Cornell Hotel Sustainability Benchmarking Index,https://greenview.sg/resources/chsb-index/
2022,Georgia,GEO,4,CHSB 2024v2,2022,Greenview CHSB public dataset,37.703218,kgCO2e/occupied room-night,GLOBAL_STAR_FALLBACK,2205,False,True,Greenview / Cornell Hotel Sustainability Benchmarking Index,https://greenview.sg/resources/chsb-index/
2022,Georgia,GEO,5,CHSB 2024v2,2022,Greenview CHSB public dataset,78.970495,kgCO2e/occupied room-night,GLOBAL_STAR_FALLBACK,887,False,True,Greenview / Cornell Hotel Sustainability Benchmarking Index,https://greenview.sg/resources/chsb-index/
2022,Georgia,GEO,unknown,CHSB 2024v2,2022,Greenview CHSB public dataset,25.514392,kgCO2e/occupied room-night,GLOBAL_UNKNOWN_FALLBACK,10183,False,True,Greenview / Cornell Hotel Sustainability Benchmarking Index,https://greenview.sg/resources/chsb-index/
2022,Ghana,GHA,2,CHSB 2024v2,2022,Greenview CHSB public dataset,14.037051,kgCO2e/occupied room-night,GLOBAL_STAR_FALLBACK,2777,False,True,Greenview / Cornell Hotel Sustainability Benchmarking Index,https://greenview.sg/resources/chsb-index/
2022,Ghana,GHA,3,CHSB 2024v2,2022,Greenview CHSB public dataset,19.102623,kgCO2e/occupied room-night,GLOBAL_STAR_FALLBACK,4306,False,True,Greenview / Cornell Hotel Sustainability Benchmarking Index,https://greenview.sg/resources/chsb-index/
2022,Ghana,GHA,4,CHSB 2024v2,2022,Greenview CHSB public dataset,37.703218,kgCO2e/occupied room-night,GLOBAL_STAR_FALLBACK,2205,False,True,Greenview / Cornell Hotel Sustainability Benchmarking Index,https://greenview.sg/resources/chsb-index/
2022,Ghana,GHA,5,CHSB 2024v2,2022,Greenview CHSB public dataset,78.970495,kgCO2e/occupied room-night,GLOBAL_STAR_FALLBACK,887,False,True,Greenview / Cornell Hotel Sustainability Benchmarking Index,https://greenview.sg/resources/chsb-index/
2022,Ghana,GHA,unknown,CHSB 2024v2,2022,Greenview CHSB public dataset,25.514392,kgCO2e/occupied room-night,GLOBAL_UNKNOWN_FALLBACK,10183,False,True,Greenview / Cornell Hotel Sustainability Benchmarking Index,https://greenview.sg/resources/chsb-index/
2022,Granada,GRD,2,CHSB 2024v2,2022,Greenview CHSB public dataset,14.037051,kgCO2e/occupied room-night,GLOBAL_STAR_FALLBACK,2777,False,True,Greenview / Cornell Hotel Sustainability Benchmarking Index,https://greenview.sg/resources/chsb-index/
2022,Granada,GRD,3,CHSB 2024v2,2022,Greenview CHSB public dataset,19.102623,kgCO2e/occupied room-night,GLOBAL_STAR_FALLBACK,4306,False,True,Greenview / Cornell Hotel Sustainability Benchmarking Index,https://greenview.sg/resources/chsb-index/
2022,Granada,GRD,4,CHSB 2024v2,2022,Greenview CHSB public dataset,37.703218,kgCO2e/occupied room-night,GLOBAL_STAR_FALLBACK,2205,False,True,Greenview / Cornell Hotel Sustainability Benchmarking Index,https://greenview.sg/resources/chsb-index/
2022,Granada,GRD,5,CHSB 2024v2,2022,Greenview CHSB public dataset,78.970495,kgCO2e/occupied room-night,GLOBAL_STAR_FALLBACK,887,False,True,Greenview / Cornell Hotel Sustainability Benchmarking Index,https://greenview.sg/resources/chsb-index/
2022,Granada,GRD,unknown,CHSB 2024v2,2022,Greenview CHSB public dataset,25.514392,kgCO2e/occupied room-night,GLOBAL_UNKNOWN_FALLBACK,10183,False,True,Greenview / Cornell Hotel Sustainability Benchmarking Index,https://greenview.sg/resources/chsb-index/
2022,Grecia,GRC,2,CHSB 2024v2,2022,Greenview CHSB public dataset,14.037051,kgCO2e/occupied room-night,GLOBAL_STAR_FALLBACK,2777,False,True,Greenview / Cornell Hotel Sustainability Benchmarking Index,https://greenview.sg/resources/chsb-index/
2022,Grecia,GRC,3,CHSB 2024v2,2022,Greenview CHSB public dataset,19.102623,kgCO2e/occupied room-night,GLOBAL_STAR_FALLBACK,4306,False,True,Greenview / Cornell Hotel Sustainability Benchmarking Index,https://greenview.sg/resources/chsb-index/
2022,Grecia,GRC,4,CHSB 2024v2,2022,Greenview CHSB public dataset,37.703218,kgCO2e/occupied room-night,GLOBAL_STAR_FALLBACK,2205,False,True,Greenview / Cornell Hotel Sustainability Benchmarking Index,https://greenview.sg/resources/chsb-index/
2022,Grecia,GRC,5,CHSB 2024v2,2022,Greenview CHSB public dataset,78.970495,kgCO2e/occupied room-night,GLOBAL_STAR_FALLBACK,887,False,True,Greenview / Cornell Hotel Sustainability Benchmarking Index,https://greenview.sg/resources/chsb-index/
2022,Grecia,GRC,unknown,CHSB 2024v2,2022,Greenview CHSB public dataset,30.885946,kgCO2e/occupied room-night,COUNTRY_NONRESORT,10,False,False,Greenview / Cornell Hotel Sustainability Benchmarking Index,https://greenview.sg/resources/chsb-index/
2022,Guatemala,GTM,2,CHSB 2024v2,2022,Greenview CHSB public dataset,14.037051,kgCO2e/occupied room-night,GLOBAL_STAR_FALLBACK,2777,False,True,Greenview / Cornell Hotel Sustainability Benchmarking Index,https://greenview.sg/resources/chsb-index/
2022,Guatemala,GTM,3,CHSB 2024v2,2022,Greenview CHSB public dataset,19.102623,kgCO2e/occupied room-night,GLOBAL_STAR_FALLBACK,4306,False,True,Greenview / Cornell Hotel Sustainability Benchmarking Index,https://greenview.sg/resources/chsb-index/
2022,Guatemala,GTM,4,CHSB 2024v2,2022,Greenview CHSB public dataset,37.703218,kgCO2e/occupied room-night,GLOBAL_STAR_FALLBACK,2205,False,True,Greenview / Cornell Hotel Sustainability Benchmarking Index,https://greenview.sg/resources/chsb-index/
2022,Guatemala,GTM,5,CHSB 2024v2,2022,Greenview CHSB public dataset,78.970495,kgCO2e/occupied room-night,GLOBAL_STAR_FALLBACK,887,False,True,Greenview / Cornell Hotel Sustainability Benchmarking Index,https://greenview.sg/resources/chsb-index/
2022,Guatemala,GTM,unknown,CHSB 2024v2,2022,Greenview CHSB public dataset,25.514392,kgCO2e/occupied room-night,GLOBAL_UNKNOWN_FALLBACK,10183,False,True,Greenview / Cornell Hotel Sustainability Benchmarking Index,https://greenview.sg/resources/chsb-index/
2022,Guinea,GIN,2,CHSB 2024v2,2022,Greenview CHSB public dataset,14.037051,kgCO2e/occupied room-night,GLOBAL_STAR_FALLBACK,2777,False,True,Greenview / Cornell Hotel Sustainability Benchmarking Index,https://greenview.sg/resources/chsb-index/
2022,Guinea,GIN,3,CHSB 2024v2,2022,Greenview CHSB public dataset,19.102623,kgCO2e/occupied room-night,GLOBAL_STAR_FALLBACK,4306,False,True,Greenview / Cornell Hotel Sustainability Benchmarking Index,https://greenview.sg/resources/chsb-index/
2022,Guinea,GIN,4,CHSB 2024v2,2022,Greenview CHSB public dataset,37.703218,kgCO2e/occupied room-night,GLOBAL_STAR_FALLBACK,2205,False,True,Greenview / Cornell Hotel Sustainability Benchmarking Index,https://greenview.sg/resources/chsb-index/
2022,Guinea,GIN,5,CHSB 2024v2,2022,Greenview CHSB public dataset,78.970495,kgCO2e/occupied room-night,GLOBAL_STAR_FALLBACK,887,False,True,Greenview / Cornell Hotel Sustainability Benchmarking Index,https://greenview.sg/resources/chsb-index/
2022,Guinea,GIN,unknown,CHSB 2024v2,2022,Greenview CHSB public dataset,25.514392,kgCO2e/occupied room-night,GLOBAL_UNKNOWN_FALLBACK,10183,False,True,Greenview / Cornell Hotel Sustainability Benchmarking Index,https://greenview.sg/resources/chsb-index/
2022,Guinea Ecuatorial,GNQ,2,CHSB 2024v2,2022,Greenview CHSB public dataset,14.037051,kgCO2e/occupied room-night,GLOBAL_STAR_FALLBACK,2777,False,True,Greenview / Cornell Hotel Sustainability Benchmarking Index,https://greenview.sg/resources/chsb-index/
2022,Guinea Ecuatorial,GNQ,3,CHSB 2024v2,2022,Greenview CHSB public dataset,19.102623,kgCO2e/occupied room-night,GLOBAL_STAR_FALLBACK,4306,False,True,Greenview / Cornell Hotel Sustainability Benchmarking Index,https://greenview.sg/resources/chsb-index/
2022,Guinea Ecuatorial,GNQ,4,CHSB 2024v2,2022,Greenview CHSB public dataset,37.703218,kgCO2e/occupied room-night,GLOBAL_STAR_FALLBACK,2205,False,True,Greenview / Cornell Hotel Sustainability Benchmarking Index,https://greenview.sg/resources/chsb-index/
2022,Guinea Ecuatorial,GNQ,5,CHSB 2024v2,2022,Greenview CHSB public dataset,78.970495,kgCO2e/occupied room-night,GLOBAL_STAR_FALLBACK,887,False,True,Greenview / Cornell Hotel Sustainability Benchmarking Index,https://greenview.sg/resources/chsb-index/
2022,Guinea Ecuatorial,GNQ,unknown,CHSB 2024v2,2022,Greenview CHSB public dataset,25.514392,kgCO2e/occupied room-night,GLOBAL_UNKNOWN_FALLBACK,10183,False,True,Greenview / Cornell Hotel Sustainability Benchmarking Index,https://greenview.sg/resources/chsb-index/
2022,Guinea-Bisáu,GNB,2,CHSB 2024v2,2022,Greenview CHSB public dataset,14.037051,kgCO2e/occupied room-night,GLOBAL_STAR_FALLBACK,2777,False,True,Greenview / Cornell Hotel Sustainability Benchmarking Index,https://greenview.sg/resources/chsb-index/
2022,Guinea-Bisáu,GNB,3,CHSB 2024v2,2022,Greenview CHSB public dataset,19.102623,kgCO2e/occupied room-night,GLOBAL_STAR_FALLBACK,4306,False,True,Greenview / Cornell Hotel Sustainability Benchmarking Index,https://greenview.sg/resources/chsb-index/
2022,Guinea-Bisáu,GNB,4,CHSB 2024v2,2022,Greenview CHSB public dataset,37.703218,kgCO2e/occupied room-night,GLOBAL_STAR_FALLBACK,2205,False,True,Greenview / Cornell Hotel Sustainability Benchmarking Index,https://greenview.sg/resources/chsb-index/
2022,Guinea-Bisáu,GNB,5,CHSB 2024v2,2022,Greenview CHSB public dataset,78.970495,kgCO2e/occupied room-night,GLOBAL_STAR_FALLBACK,887,False,True,Greenview / Cornell Hotel Sustainability Benchmarking Index,https://greenview.sg/resources/chsb-index/
2022,Guinea-Bisáu,GNB,unknown,CHSB 2024v2,2022,Greenview CHSB public dataset,25.514392,kgCO2e/occupied room-night,GLOBAL_UNKNOWN_FALLBACK,10183,False,True,Greenview / Cornell Hotel Sustainability Benchmarking Index,https://greenview.sg/resources/chsb-index/
2022,Guyana,GUY,2,CHSB 2024v2,2022,Greenview CHSB public dataset,14.037051,kgCO2e/occupied room-night,GLOBAL_STAR_FALLBACK,2777,False,True,Greenview / Cornell Hotel Sustainability Benchmarking Index,https://greenview.sg/resources/chsb-index/
2022,Guyana,GUY,3,CHSB 2024v2,2022,Greenview CHSB public dataset,19.102623,kgCO2e/occupied room-night,GLOBAL_STAR_FALLBACK,4306,False,True,Greenview / Cornell Hotel Sustainability Benchmarking Index,https://greenview.sg/resources/chsb-index/
2022,Guyana,GUY,4,CHSB 2024v2,2022,Greenview CHSB public dataset,37.703218,kgCO2e/occupied room-night,GLOBAL_STAR_FALLBACK,2205,False,True,Greenview / Cornell Hotel Sustainability Benchmarking Index,https://greenview.sg/resources/chsb-index/
2022,Guyana,GUY,5,CHSB 2024v2,2022,Greenview CHSB public dataset,78.970495,kgCO2e/occupied room-night,GLOBAL_STAR_FALLBACK,887,False,True,Greenview / Cornell Hotel Sustainability Benchmarking Index,https://greenview.sg/resources/chsb-index/
2022,Guyana,GUY,unknown,CHSB 2024v2,2022,Greenview CHSB public dataset,25.514392,kgCO2e/occupied room-night,GLOBAL_UNKNOWN_FALLBACK,10183,False,True,Greenview / Cornell Hotel Sustainability Benchmarking Index,https://greenview.sg/resources/chsb-index/
2022,Haití,HTI,2,CHSB 2024v2,2022,Greenview CHSB public dataset,14.037051,kgCO2e/occupied room-night,GLOBAL_STAR_FALLBACK,2777,False,True,Greenview / Cornell Hotel Sustainability Benchmarking Index,https://greenview.sg/resources/chsb-index/
2022,Haití,HTI,3,CHSB 2024v2,2022,Greenview CHSB public dataset,19.102623,kgCO2e/occupied room-night,GLOBAL_STAR_FALLBACK,4306,False,True,Greenview / Cornell Hotel Sustainability Benchmarking Index,https://greenview.sg/resources/chsb-index/
2022,Haití,HTI,4,CHSB 2024v2,2022,Greenview CHSB public dataset,37.703218,kgCO2e/occupied room-night,GLOBAL_STAR_FALLBACK,2205,False,True,Greenview / Cornell Hotel Sustainability Benchmarking Index,https://greenview.sg/resources/chsb-index/
2022,Haití,HTI,5,CHSB 2024v2,2022,Greenview CHSB public dataset,78.970495,kgCO2e/occupied room-night,GLOBAL_STAR_FALLBACK,887,False,True,Greenview / Cornell Hotel Sustainability Benchmarking Index,https://greenview.sg/resources/chsb-index/
2022,Haití,HTI,unknown,CHSB 2024v2,2022,Greenview CHSB public dataset,25.514392,kgCO2e/occupied room-night,GLOBAL_UNKNOWN_FALLBACK,10183,False,True,Greenview / Cornell Hotel Sustainability Benchmarking Index,https://greenview.sg/resources/chsb-index/
2022,Honduras,HND,2,CHSB 2024v2,2022,Greenview CHSB public dataset,14.037051,kgCO2e/occupied room-night,GLOBAL_STAR_FALLBACK,2777,False,True,Greenview / Cornell Hotel Sustainability Benchmarking Index,https://greenview.sg/resources/chsb-index/
2022,Honduras,HND,3,CHSB 2024v2,2022,Greenview CHSB public dataset,19.102623,kgCO2e/occupied room-night,GLOBAL_STAR_FALLBACK,4306,False,True,Greenview / Cornell Hotel Sustainability Benchmarking Index,https://greenview.sg/resources/chsb-index/
2022,Honduras,HND,4,CHSB 2024v2,2022,Greenview CHSB public dataset,37.703218,kgCO2e/occupied room-night,GLOBAL_STAR_FALLBACK,2205,False,True,Greenview / Cornell Hotel Sustainability Benchmarking Index,https://greenview.sg/resources/chsb-index/
2022,Honduras,HND,5,CHSB 2024v2,2022,Greenview CHSB public dataset,78.970495,kgCO2e/occupied room-night,GLOBAL_STAR_FALLBACK,887,False,True,Greenview / Cornell Hotel Sustainability Benchmarking Index,https://greenview.sg/resources/chsb-index/
2022,Honduras,HND,unknown,CHSB 2024v2,2022,Greenview CHSB public dataset,25.514392,kgCO2e/occupied room-night,GLOBAL_UNKNOWN_FALLBACK,10183,False,True,Greenview / Cornell Hotel Sustainability Benchmarking Index,https://greenview.sg/resources/chsb-index/
2022,Hungría,HUN,2,CHSB 2024v2,2022,Greenview CHSB public dataset,14.037051,kgCO2e/occupied room-night,GLOBAL_STAR_FALLBACK,2777,False,True,Greenview / Cornell Hotel Sustainability Benchmarking Index,https://greenview.sg/resources/chsb-index/
2022,Hungría,HUN,3,CHSB 2024v2,2022,Greenview CHSB public dataset,19.102623,kgCO2e/occupied room-night,GLOBAL_STAR_FALLBACK,4306,False,True,Greenview / Cornell Hotel Sustainability Benchmarking Index,https://greenview.sg/resources/chsb-index/
2022,Hungría,HUN,4,CHSB 2024v2,2022,Greenview CHSB public dataset,37.703218,kgCO2e/occupied room-night,GLOBAL_STAR_FALLBACK,2205,False,True,Greenview / Cornell Hotel Sustainability Benchmarking Index,https://greenview.sg/resources/chsb-index/
2022,Hungría,HUN,5,CHSB 2024v2,2022,Greenview CHSB public dataset,78.970495,kgCO2e/occupied room-night,GLOBAL_STAR_FALLBACK,887,False,True,Greenview / Cornell Hotel Sustainability Benchmarking Index,https://greenview.sg/resources/chsb-index/
2022,Hungría,HUN,unknown,CHSB 2024v2,2022,Greenview CHSB public dataset,24.901982,kgCO2e/occupied room-night,COUNTRY_NONRESORT,11,False,False,Greenview / Cornell Hotel Sustainability Benchmarking Index,https://greenview.sg/resources/chsb-index/
2022,India,IND,2,CHSB 2024v2,2022,Greenview CHSB public dataset,29.994602,kgCO2e/occupied room-night,COUNTRY_STAR_WEIGHTED,22,False,False,Greenview / Cornell Hotel Sustainability Benchmarking Index,https://greenview.sg/resources/chsb-index/
2022,India,IND,3,CHSB 2024v2,2022,Greenview CHSB public dataset,48.910386,kgCO2e/occupied room-night,COUNTRY_STAR_WEIGHTED,38,False,False,Greenview / Cornell Hotel Sustainability Benchmarking Index,https://greenview.sg/resources/chsb-index/
2022,India,IND,4,CHSB 2024v2,2022,Greenview CHSB public dataset,53.12311,kgCO2e/occupied room-night,COUNTRY_STAR_WEIGHTED,52,False,False,Greenview / Cornell Hotel Sustainability Benchmarking Index,https://greenview.sg/resources/chsb-index/
2022,India,IND,5,CHSB 2024v2,2022,Greenview CHSB public dataset,78.652509,kgCO2e/occupied room-night,COUNTRY_STAR_WEIGHTED,34,False,False,Greenview / Cornell Hotel Sustainability Benchmarking Index,https://greenview.sg/resources/chsb-index/
2022,India,IND,unknown,CHSB 2024v2,2022,Greenview CHSB public dataset,54.486733,kgCO2e/occupied room-night,COUNTRY_NONRESORT,146,False,False,Greenview / Cornell Hotel Sustainability Benchmarking Index,https://greenview.sg/resources/chsb-index/
2022,Indonesia,IDN,2,CHSB 2024v2,2022,Greenview CHSB public dataset,14.037051,kgCO2e/occupied room-night,GLOBAL_STAR_FALLBACK,2777,False,True,Greenview / Cornell Hotel Sustainability Benchmarking Index,https://greenview.sg/resources/chsb-index/
2022,Indonesia,IDN,3,CHSB 2024v2,2022,Greenview CHSB public dataset,45.106646,kgCO2e/occupied room-night,COUNTRY_STAR_WEIGHTED,20,False,False,Greenview / Cornell Hotel Sustainability Benchmarking Index,https://greenview.sg/resources/chsb-index/
2022,Indonesia,IDN,4,CHSB 2024v2,2022,Greenview CHSB public dataset,87.35528,kgCO2e/occupied room-night,COUNTRY_STAR_WEIGHTED,37,False,False,Greenview / Cornell Hotel Sustainability Benchmarking Index,https://greenview.sg/resources/chsb-index/
2022,Indonesia,IDN,5,CHSB 2024v2,2022,Greenview CHSB public dataset,183.037217,kgCO2e/occupied room-night,COUNTRY_STAR_WEIGHTED,25,False,False,Greenview / Cornell Hotel Sustainability Benchmarking Index,https://greenview.sg/resources/chsb-index/
2022,Indonesia,IDN,unknown,CHSB 2024v2,2022,Greenview CHSB public dataset,77.891181,kgCO2e/occupied room-night,COUNTRY_NONRESORT,64,False,False,Greenview / Cornell Hotel Sustainability Benchmarking Index,https://greenview.sg/resources/chsb-index/
2022,Irak,IRQ,2,CHSB 2024v2,2022,Greenview CHSB public dataset,14.037051,kgCO2e/occupied room-night,GLOBAL_STAR_FALLBACK,2777,False,True,Greenview / Cornell Hotel Sustainability Benchmarking Index,https://greenview.sg/resources/chsb-index/
2022,Irak,IRQ,3,CHSB 2024v2,2022,Greenview CHSB public dataset,19.102623,kgCO2e/occupied room-night,GLOBAL_STAR_FALLBACK,4306,False,True,Greenview / Cornell Hotel Sustainability Benchmarking Index,https://greenview.sg/resources/chsb-index/
2022,Irak,IRQ,4,CHSB 2024v2,2022,Greenview CHSB public dataset,37.703218,kgCO2e/occupied room-night,GLOBAL_STAR_FALLBACK,2205,False,True,Greenview / Cornell Hotel Sustainability Benchmarking Index,https://greenview.sg/resources/chsb-index/
2022,Irak,IRQ,5,CHSB 2024v2,2022,Greenview CHSB public dataset,78.970495,kgCO2e/occupied room-night,GLOBAL_STAR_FALLBACK,887,False,True,Greenview / Cornell Hotel Sustainability Benchmarking Index,https://greenview.sg/resources/chsb-index/
2022,Irak,IRQ,unknown,CHSB 2024v2,2022,Greenview CHSB public dataset,25.514392,kgCO2e/occupied room-night,GLOBAL_UNKNOWN_FALLBACK,10183,False,True,Greenview / Cornell Hotel Sustainability Benchmarking Index,https://greenview.sg/resources/chsb-index/
2022,Irlanda,IRL,2,CHSB 2024v2,2022,Greenview CHSB public dataset,14.037051,kgCO2e/occupied room-night,GLOBAL_STAR_FALLBACK,2777,False,True,Greenview / Cornell Hotel Sustainability Benchmarking Index,https://greenview.sg/resources/chsb-index/
2022,Irlanda,IRL,3,CHSB 2024v2,2022,Greenview CHSB public dataset,19.102623,kgCO2e/occupied room-night,GLOBAL_STAR_FALLBACK,4306,False,True,Greenview / Cornell Hotel Sustainability Benchmarking Index,https://greenview.sg/resources/chsb-index/
2022,Irlanda,IRL,4,CHSB 2024v2,2022,Greenview CHSB public dataset,37.703218,kgCO2e/occupied room-night,GLOBAL_STAR_FALLBACK,2205,False,True,Greenview / Cornell Hotel Sustainability Benchmarking Index,https://greenview.sg/resources/chsb-index/
2022,Irlanda,IRL,5,CHSB 2024v2,2022,Greenview CHSB public dataset,78.970495,kgCO2e/occupied room-night,GLOBAL_STAR_FALLBACK,887,False,True,Greenview / Cornell Hotel Sustainability Benchmarking Index,https://greenview.sg/resources/chsb-index/
2022,Irlanda,IRL,unknown,CHSB 2024v2,2022,Greenview CHSB public dataset,25.514392,kgCO2e/occupied room-night,GLOBAL_UNKNOWN_FALLBACK,10183,False,True,Greenview / Cornell Hotel Sustainability Benchmarking Index,https://greenview.sg/resources/chsb-index/
2022,Irán,IRN,2,CHSB 2024v2,2022,Greenview CHSB public dataset,14.037051,kgCO2e/occupied room-night,GLOBAL_STAR_FALLBACK,2777,False,True,Greenview / Cornell Hotel Sustainability Benchmarking Index,https://greenview.sg/resources/chsb-index/
2022,Irán,IRN,3,CHSB 2024v2,2022,Greenview CHSB public dataset,19.102623,kgCO2e/occupied room-night,GLOBAL_STAR_FALLBACK,4306,False,True,Greenview / Cornell Hotel Sustainability Benchmarking Index,https://greenview.sg/resources/chsb-index/
2022,Irán,IRN,4,CHSB 2024v2,2022,Greenview CHSB public dataset,37.703218,kgCO2e/occupied room-night,GLOBAL_STAR_FALLBACK,2205,False,True,Greenview / Cornell Hotel Sustainability Benchmarking Index,https://greenview.sg/resources/chsb-index/
2022,Irán,IRN,5,CHSB 2024v2,2022,Greenview CHSB public dataset,78.970495,kgCO2e/occupied room-night,GLOBAL_STAR_FALLBACK,887,False,True,Greenview / Cornell Hotel Sustainability Benchmarking Index,https://greenview.sg/resources/chsb-index/
2022,Irán,IRN,unknown,CHSB 2024v2,2022,Greenview CHSB public dataset,25.514392,kgCO2e/occupied room-night,GLOBAL_UNKNOWN_FALLBACK,10183,False,True,Greenview / Cornell Hotel Sustainability Benchmarking Index,https://greenview.sg/resources/chsb-index/
2022,Isla Bouvet,BVT,2,CHSB 2024v2,2022,Greenview CHSB public dataset,14.037051,kgCO2e/occupied room-night,GLOBAL_STAR_FALLBACK,2777,False,True,Greenview / Cornell Hotel Sustainability Benchmarking Index,https://greenview.sg/resources/chsb-index/
2022,Isla Bouvet,BVT,3,CHSB 2024v2,2022,Greenview CHSB public dataset,19.102623,kgCO2e/occupied room-night,GLOBAL_STAR_FALLBACK,4306,False,True,Greenview / Cornell Hotel Sustainability Benchmarking Index,https://greenview.sg/resources/chsb-index/
2022,Isla Bouvet,BVT,4,CHSB 2024v2,2022,Greenview CHSB public dataset,37.703218,kgCO2e/occupied room-night,GLOBAL_STAR_FALLBACK,2205,False,True,Greenview / Cornell Hotel Sustainability Benchmarking Index,https://greenview.sg/resources/chsb-index/
2022,Isla Bouvet,BVT,5,CHSB 2024v2,2022,Greenview CHSB public dataset,78.970495,kgCO2e/occupied room-night,GLOBAL_STAR_FALLBACK,887,False,True,Greenview / Cornell Hotel Sustainability Benchmarking Index,https://greenview.sg/resources/chsb-index/
2022,Isla Bouvet,BVT,unknown,CHSB 2024v2,2022,Greenview CHSB public dataset,25.514392,kgCO2e/occupied room-night,GLOBAL_UNKNOWN_FALLBACK,10183,False,True,Greenview / Cornell Hotel Sustainability Benchmarking Index,https://greenview.sg/resources/chsb-index/
2022,Isla de Navidad,CXR,2,CHSB 2024v2,2022,Greenview CHSB public dataset,14.037051,kgCO2e/occupied room-night,GLOBAL_STAR_FALLBACK,2777,False,True,Greenview / Cornell Hotel Sustainability Benchmarking Index,https://greenview.sg/resources/chsb-index/
2022,Isla de Navidad,CXR,3,CHSB 2024v2,2022,Greenview CHSB public dataset,19.102623,kgCO2e/occupied room-night,GLOBAL_STAR_FALLBACK,4306,False,True,Greenview / Cornell Hotel Sustainability Benchmarking Index,https://greenview.sg/resources/chsb-index/
2022,Isla de Navidad,CXR,4,CHSB 2024v2,2022,Greenview CHSB public dataset,37.703218,kgCO2e/occupied room-night,GLOBAL_STAR_FALLBACK,2205,False,True,Greenview / Cornell Hotel Sustainability Benchmarking Index,https://greenview.sg/resources/chsb-index/
2022,Isla de Navidad,CXR,5,CHSB 2024v2,2022,Greenview CHSB public dataset,78.970495,kgCO2e/occupied room-night,GLOBAL_STAR_FALLBACK,887,False,True,Greenview / Cornell Hotel Sustainability Benchmarking Index,https://greenview.sg/resources/chsb-index/
2022,Isla de Navidad,CXR,unknown,CHSB 2024v2,2022,Greenview CHSB public dataset,25.514392,kgCO2e/occupied room-night,GLOBAL_UNKNOWN_FALLBACK,10183,False,True,Greenview / Cornell Hotel Sustainability Benchmarking Index,https://greenview.sg/resources/chsb-index/
2022,Isla Norfolk,NFK,2,CHSB 2024v2,2022,Greenview CHSB public dataset,14.037051,kgCO2e/occupied room-night,GLOBAL_STAR_FALLBACK,2777,False,True,Greenview / Cornell Hotel Sustainability Benchmarking Index,https://greenview.sg/resources/chsb-index/
2022,Isla Norfolk,NFK,3,CHSB 2024v2,2022,Greenview CHSB public dataset,19.102623,kgCO2e/occupied room-night,GLOBAL_STAR_FALLBACK,4306,False,True,Greenview / Cornell Hotel Sustainability Benchmarking Index,https://greenview.sg/resources/chsb-index/
2022,Isla Norfolk,NFK,4,CHSB 2024v2,2022,Greenview CHSB public dataset,37.703218,kgCO2e/occupied room-night,GLOBAL_STAR_FALLBACK,2205,False,True,Greenview / Cornell Hotel Sustainability Benchmarking Index,https://greenview.sg/resources/chsb-index/
2022,Isla Norfolk,NFK,5,CHSB 2024v2,2022,Greenview CHSB public dataset,78.970495,kgCO2e/occupied room-night,GLOBAL_STAR_FALLBACK,887,False,True,Greenview / Cornell Hotel Sustainability Benchmarking Index,https://greenview.sg/resources/chsb-index/
2022,Isla Norfolk,NFK,unknown,CHSB 2024v2,2022,Greenview CHSB public dataset,25.514392,kgCO2e/occupied room-night,GLOBAL_UNKNOWN_FALLBACK,10183,False,True,Greenview / Cornell Hotel Sustainability Benchmarking Index,https://greenview.sg/resources/chsb-index/
2022,Islandia,ISL,2,CHSB 2024v2,2022,Greenview CHSB public dataset,14.037051,kgCO2e/occupied room-night,GLOBAL_STAR_FALLBACK,2777,False,True,Greenview / Cornell Hotel Sustainability Benchmarking Index,https://greenview.sg/resources/chsb-index/
2022,Islandia,ISL,3,CHSB 2024v2,2022,Greenview CHSB public dataset,19.102623,kgCO2e/occupied room-night,GLOBAL_STAR_FALLBACK,4306,False,True,Greenview / Cornell Hotel Sustainability Benchmarking Index,https://greenview.sg/resources/chsb-index/
2022,Islandia,ISL,4,CHSB 2024v2,2022,Greenview CHSB public dataset,37.703218,kgCO2e/occupied room-night,GLOBAL_STAR_FALLBACK,2205,False,True,Greenview / Cornell Hotel Sustainability Benchmarking Index,https://greenview.sg/resources/chsb-index/
2022,Islandia,ISL,5,CHSB 2024v2,2022,Greenview CHSB public dataset,78.970495,kgCO2e/occupied room-night,GLOBAL_STAR_FALLBACK,887,False,True,Greenview / Cornell Hotel Sustainability Benchmarking Index,https://greenview.sg/resources/chsb-index/
2022,Islandia,ISL,unknown,CHSB 2024v2,2022,Greenview CHSB public dataset,25.514392,kgCO2e/occupied room-night,GLOBAL_UNKNOWN_FALLBACK,10183,False,True,Greenview / Cornell Hotel Sustainability Benchmarking Index,https://greenview.sg/resources/chsb-index/
2022,Islas Caimán,CYM,2,CHSB 2024v2,2022,Greenview CHSB public dataset,14.037051,kgCO2e/occupied room-night,GLOBAL_STAR_FALLBACK,2777,False,True,Greenview / Cornell Hotel Sustainability Benchmarking Index,https://greenview.sg/resources/chsb-index/
2022,Islas Caimán,CYM,3,CHSB 2024v2,2022,Greenview CHSB public dataset,19.102623,kgCO2e/occupied room-night,GLOBAL_STAR_FALLBACK,4306,False,True,Greenview / Cornell Hotel Sustainability Benchmarking Index,https://greenview.sg/resources/chsb-index/
2022,Islas Caimán,CYM,4,CHSB 2024v2,2022,Greenview CHSB public dataset,37.703218,kgCO2e/occupied room-night,GLOBAL_STAR_FALLBACK,2205,False,True,Greenview / Cornell Hotel Sustainability Benchmarking Index,https://greenview.sg/resources/chsb-index/
2022,Islas Caimán,CYM,5,CHSB 2024v2,2022,Greenview CHSB public dataset,78.970495,kgCO2e/occupied room-night,GLOBAL_STAR_FALLBACK,887,False,True,Greenview / Cornell Hotel Sustainability Benchmarking Index,https://greenview.sg/resources/chsb-index/
2022,Islas Caimán,CYM,unknown,CHSB 2024v2,2022,Greenview CHSB public dataset,25.514392,kgCO2e/occupied room-night,GLOBAL_UNKNOWN_FALLBACK,10183,False,True,Greenview / Cornell Hotel Sustainability Benchmarking Index,https://greenview.sg/resources/chsb-index/
2022,Islas Cocos,CCK,2,CHSB 2024v2,2022,Greenview CHSB public dataset,14.037051,kgCO2e/occupied room-night,GLOBAL_STAR_FALLBACK,2777,False,True,Greenview / Cornell Hotel Sustainability Benchmarking Index,https://greenview.sg/resources/chsb-index/
2022,Islas Cocos,CCK,3,CHSB 2024v2,2022,Greenview CHSB public dataset,19.102623,kgCO2e/occupied room-night,GLOBAL_STAR_FALLBACK,4306,False,True,Greenview / Cornell Hotel Sustainability Benchmarking Index,https://greenview.sg/resources/chsb-index/
2022,Islas Cocos,CCK,4,CHSB 2024v2,2022,Greenview CHSB public dataset,37.703218,kgCO2e/occupied room-night,GLOBAL_STAR_FALLBACK,2205,False,True,Greenview / Cornell Hotel Sustainability Benchmarking Index,https://greenview.sg/resources/chsb-index/
2022,Islas Cocos,CCK,5,CHSB 2024v2,2022,Greenview CHSB public dataset,78.970495,kgCO2e/occupied room-night,GLOBAL_STAR_FALLBACK,887,False,True,Greenview / Cornell Hotel Sustainability Benchmarking Index,https://greenview.sg/resources/chsb-index/
2022,Islas Cocos,CCK,unknown,CHSB 2024v2,2022,Greenview CHSB public dataset,25.514392,kgCO2e/occupied room-night,GLOBAL_UNKNOWN_FALLBACK,10183,False,True,Greenview / Cornell Hotel Sustainability Benchmarking Index,https://greenview.sg/resources/chsb-index/
2022,Islas Cook,COK,2,CHSB 2024v2,2022,Greenview CHSB public dataset,14.037051,kgCO2e/occupied room-night,GLOBAL_STAR_FALLBACK,2777,False,True,Greenview / Cornell Hotel Sustainability Benchmarking Index,https://greenview.sg/resources/chsb-index/
2022,Islas Cook,COK,3,CHSB 2024v2,2022,Greenview CHSB public dataset,19.102623,kgCO2e/occupied room-night,GLOBAL_STAR_FALLBACK,4306,False,True,Greenview / Cornell Hotel Sustainability Benchmarking Index,https://greenview.sg/resources/chsb-index/
2022,Islas Cook,COK,4,CHSB 2024v2,2022,Greenview CHSB public dataset,37.703218,kgCO2e/occupied room-night,GLOBAL_STAR_FALLBACK,2205,False,True,Greenview / Cornell Hotel Sustainability Benchmarking Index,https://greenview.sg/resources/chsb-index/
2022,Islas Cook,COK,5,CHSB 2024v2,2022,Greenview CHSB public dataset,78.970495,kgCO2e/occupied room-night,GLOBAL_STAR_FALLBACK,887,False,True,Greenview / Cornell Hotel Sustainability Benchmarking Index,https://greenview.sg/resources/chsb-index/
2022,Islas Cook,COK,unknown,CHSB 2024v2,2022,Greenview CHSB public dataset,25.514392,kgCO2e/occupied room-night,GLOBAL_UNKNOWN_FALLBACK,10183,False,True,Greenview / Cornell Hotel Sustainability Benchmarking Index,https://greenview.sg/resources/chsb-index/
2022,Islas Feroe,FRO,2,CHSB 2024v2,2022,Greenview CHSB public dataset,14.037051,kgCO2e/occupied room-night,GLOBAL_STAR_FALLBACK,2777,False,True,Greenview / Cornell Hotel Sustainability Benchmarking Index,https://greenview.sg/resources/chsb-index/
2022,Islas Feroe,FRO,3,CHSB 2024v2,2022,Greenview CHSB public dataset,19.102623,kgCO2e/occupied room-night,GLOBAL_STAR_FALLBACK,4306,False,True,Greenview / Cornell Hotel Sustainability Benchmarking Index,https://greenview.sg/resources/chsb-index/
2022,Islas Feroe,FRO,4,CHSB 2024v2,2022,Greenview CHSB public dataset,37.703218,kgCO2e/occupied room-night,GLOBAL_STAR_FALLBACK,2205,False,True,Greenview / Cornell Hotel Sustainability Benchmarking Index,https://greenview.sg/resources/chsb-index/
2022,Islas Feroe,FRO,5,CHSB 2024v2,2022,Greenview CHSB public dataset,78.970495,kgCO2e/occupied room-night,GLOBAL_STAR_FALLBACK,887,False,True,Greenview / Cornell Hotel Sustainability Benchmarking Index,https://greenview.sg/resources/chsb-index/
2022,Islas Feroe,FRO,unknown,CHSB 2024v2,2022,Greenview CHSB public dataset,25.514392,kgCO2e/occupied room-night,GLOBAL_UNKNOWN_FALLBACK,10183,False,True,Greenview / Cornell Hotel Sustainability Benchmarking Index,https://greenview.sg/resources/chsb-index/
2022,Islas Malvinas,FLK,2,CHSB 2024v2,2022,Greenview CHSB public dataset,14.037051,kgCO2e/occupied room-night,GLOBAL_STAR_FALLBACK,2777,False,True,Greenview / Cornell Hotel Sustainability Benchmarking Index,https://greenview.sg/resources/chsb-index/
2022,Islas Malvinas,FLK,3,CHSB 2024v2,2022,Greenview CHSB public dataset,19.102623,kgCO2e/occupied room-night,GLOBAL_STAR_FALLBACK,4306,False,True,Greenview / Cornell Hotel Sustainability Benchmarking Index,https://greenview.sg/resources/chsb-index/
2022,Islas Malvinas,FLK,4,CHSB 2024v2,2022,Greenview CHSB public dataset,37.703218,kgCO2e/occupied room-night,GLOBAL_STAR_FALLBACK,2205,False,True,Greenview / Cornell Hotel Sustainability Benchmarking Index,https://greenview.sg/resources/chsb-index/
2022,Islas Malvinas,FLK,5,CHSB 2024v2,2022,Greenview CHSB public dataset,78.970495,kgCO2e/occupied room-night,GLOBAL_STAR_FALLBACK,887,False,True,Greenview / Cornell Hotel Sustainability Benchmarking Index,https://greenview.sg/resources/chsb-index/
2022,Islas Malvinas,FLK,unknown,CHSB 2024v2,2022,Greenview CHSB public dataset,25.514392,kgCO2e/occupied room-night,GLOBAL_UNKNOWN_FALLBACK,10183,False,True,Greenview / Cornell Hotel Sustainability Benchmarking Index,https://greenview.sg/resources/chsb-index/
2022,Islas Marshall,MHL,2,CHSB 2024v2,2022,Greenview CHSB public dataset,14.037051,kgCO2e/occupied room-night,GLOBAL_STAR_FALLBACK,2777,False,True,Greenview / Cornell Hotel Sustainability Benchmarking Index,https://greenview.sg/resources/chsb-index/
2022,Islas Marshall,MHL,3,CHSB 2024v2,2022,Greenview CHSB public dataset,19.102623,kgCO2e/occupied room-night,GLOBAL_STAR_FALLBACK,4306,False,True,Greenview / Cornell Hotel Sustainability Benchmarking Index,https://greenview.sg/resources/chsb-index/
2022,Islas Marshall,MHL,4,CHSB 2024v2,2022,Greenview CHSB public dataset,37.703218,kgCO2e/occupied room-night,GLOBAL_STAR_FALLBACK,2205,False,True,Greenview / Cornell Hotel Sustainability Benchmarking Index,https://greenview.sg/resources/chsb-index/
2022,Islas Marshall,MHL,5,CHSB 2024v2,2022,Greenview CHSB public dataset,78.970495,kgCO2e/occupied room-night,GLOBAL_STAR_FALLBACK,887,False,True,Greenview / Cornell Hotel Sustainability Benchmarking Index,https://greenview.sg/resources/chsb-index/
2022,Islas Marshall,MHL,unknown,CHSB 2024v2,2022,Greenview CHSB public dataset,25.514392,kgCO2e/occupied room-night,GLOBAL_UNKNOWN_FALLBACK,10183,False,True,Greenview / Cornell Hotel Sustainability Benchmarking Index,https://greenview.sg/resources/chsb-index/
2022,Islas Salomón,SLB,2,CHSB 2024v2,2022,Greenview CHSB public dataset,14.037051,kgCO2e/occupied room-night,GLOBAL_STAR_FALLBACK,2777,False,True,Greenview / Cornell Hotel Sustainability Benchmarking Index,https://greenview.sg/resources/chsb-index/
2022,Islas Salomón,SLB,3,CHSB 2024v2,2022,Greenview CHSB public dataset,19.102623,kgCO2e/occupied room-night,GLOBAL_STAR_FALLBACK,4306,False,True,Greenview / Cornell Hotel Sustainability Benchmarking Index,https://greenview.sg/resources/chsb-index/
2022,Islas Salomón,SLB,4,CHSB 2024v2,2022,Greenview CHSB public dataset,37.703218,kgCO2e/occupied room-night,GLOBAL_STAR_FALLBACK,2205,False,True,Greenview / Cornell Hotel Sustainability Benchmarking Index,https://greenview.sg/resources/chsb-index/
2022,Islas Salomón,SLB,5,CHSB 2024v2,2022,Greenview CHSB public dataset,78.970495,kgCO2e/occupied room-night,GLOBAL_STAR_FALLBACK,887,False,True,Greenview / Cornell Hotel Sustainability Benchmarking Index,https://greenview.sg/resources/chsb-index/
2022,Islas Salomón,SLB,unknown,CHSB 2024v2,2022,Greenview CHSB public dataset,25.514392,kgCO2e/occupied room-night,GLOBAL_UNKNOWN_FALLBACK,10183,False,True,Greenview / Cornell Hotel Sustainability Benchmarking Index,https://greenview.sg/resources/chsb-index/
2022,Islas Åland,ALA,2,CHSB 2024v2,2022,Greenview CHSB public dataset,14.037051,kgCO2e/occupied room-night,GLOBAL_STAR_FALLBACK,2777,False,True,Greenview / Cornell Hotel Sustainability Benchmarking Index,https://greenview.sg/resources/chsb-index/
2022,Islas Åland,ALA,3,CHSB 2024v2,2022,Greenview CHSB public dataset,19.102623,kgCO2e/occupied room-night,GLOBAL_STAR_FALLBACK,4306,False,True,Greenview / Cornell Hotel Sustainability Benchmarking Index,https://greenview.sg/resources/chsb-index/
2022,Islas Åland,ALA,4,CHSB 2024v2,2022,Greenview CHSB public dataset,37.703218,kgCO2e/occupied room-night,GLOBAL_STAR_FALLBACK,2205,False,True,Greenview / Cornell Hotel Sustainability Benchmarking Index,https://greenview.sg/resources/chsb-index/
2022,Islas Åland,ALA,5,CHSB 2024v2,2022,Greenview CHSB public dataset,78.970495,kgCO2e/occupied room-night,GLOBAL_STAR_FALLBACK,887,False,True,Greenview / Cornell Hotel Sustainability Benchmarking Index,https://greenview.sg/resources/chsb-index/
2022,Islas Åland,ALA,unknown,CHSB 2024v2,2022,Greenview CHSB public dataset,25.514392,kgCO2e/occupied room-night,GLOBAL_UNKNOWN_FALLBACK,10183,False,True,Greenview / Cornell Hotel Sustainability Benchmarking Index,https://greenview.sg/resources/chsb-index/
2022,Israel,ISR,2,CHSB 2024v2,2022,Greenview CHSB public dataset,14.037051,kgCO2e/occupied room-night,GLOBAL_STAR_FALLBACK,2777,False,True,Greenview / Cornell Hotel Sustainability Benchmarking Index,https://greenview.sg/resources/chsb-index/
2022,Israel,ISR,3,CHSB 2024v2,2022,Greenview CHSB public dataset,19.102623,kgCO2e/occupied room-night,GLOBAL_STAR_FALLBACK,4306,False,True,Greenview / Cornell Hotel Sustainability Benchmarking Index,https://greenview.sg/resources/chsb-index/
2022,Israel,ISR,4,CHSB 2024v2,2022,Greenview CHSB public dataset,37.703218,kgCO2e/occupied room-night,GLOBAL_STAR_FALLBACK,2205,False,True,Greenview / Cornell Hotel Sustainability Benchmarking Index,https://greenview.sg/resources/chsb-index/
2022,Israel,ISR,5,CHSB 2024v2,2022,Greenview CHSB public dataset,78.970495,kgCO2e/occupied room-night,GLOBAL_STAR_FALLBACK,887,False,True,Greenview / Cornell Hotel Sustainability Benchmarking Index,https://greenview.sg/resources/chsb-index/
2022,Israel,ISR,unknown,CHSB 2024v2,2022,Greenview CHSB public dataset,25.514392,kgCO2e/occupied room-night,GLOBAL_UNKNOWN_FALLBACK,10183,False,True,Greenview / Cornell Hotel Sustainability Benchmarking Index,https://greenview.sg/resources/chsb-index/
2022,Italia,ITA,2,CHSB 2024v2,2022,Greenview CHSB public dataset,14.037051,kgCO2e/occupied room-night,GLOBAL_STAR_FALLBACK,2777,False,True,Greenview / Cornell Hotel Sustainability Benchmarking Index,https://greenview.sg/resources/chsb-index/
2022,Italia,ITA,3,CHSB 2024v2,2022,Greenview CHSB public dataset,12.342057,kgCO2e/occupied room-night,COUNTRY_STAR_WEIGHTED,11,False,False,Greenview / Cornell Hotel Sustainability Benchmarking Index,https://greenview.sg/resources/chsb-index/
2022,Italia,ITA,4,CHSB 2024v2,2022,Greenview CHSB public dataset,14.511955,kgCO2e/occupied room-night,COUNTRY_STAR_WEIGHTED,42,False,False,Greenview / Cornell Hotel Sustainability Benchmarking Index,https://greenview.sg/resources/chsb-index/
2022,Italia,ITA,5,CHSB 2024v2,2022,Greenview CHSB public dataset,34.770402,kgCO2e/occupied room-night,COUNTRY_STAR_WEIGHTED,13,False,False,Greenview / Cornell Hotel Sustainability Benchmarking Index,https://greenview.sg/resources/chsb-index/
2022,Italia,ITA,unknown,CHSB 2024v2,2022,Greenview CHSB public dataset,18.140605,kgCO2e/occupied room-night,COUNTRY_NONRESORT,66,False,False,Greenview / Cornell Hotel Sustainability Benchmarking Index,https://greenview.sg/resources/chsb-index/
2022,Jamaica,JAM,2,CHSB 2024v2,2022,Greenview CHSB public dataset,14.037051,kgCO2e/occupied room-night,GLOBAL_STAR_FALLBACK,2777,False,True,Greenview / Cornell Hotel Sustainability Benchmarking Index,https://greenview.sg/resources/chsb-index/
2022,Jamaica,JAM,3,CHSB 2024v2,2022,Greenview CHSB public dataset,19.102623,kgCO2e/occupied room-night,GLOBAL_STAR_FALLBACK,4306,False,True,Greenview / Cornell Hotel Sustainability Benchmarking Index,https://greenview.sg/resources/chsb-index/
2022,Jamaica,JAM,4,CHSB 2024v2,2022,Greenview CHSB public dataset,37.703218,kgCO2e/occupied room-night,GLOBAL_STAR_FALLBACK,2205,False,True,Greenview / Cornell Hotel Sustainability Benchmarking Index,https://greenview.sg/resources/chsb-index/
2022,Jamaica,JAM,5,CHSB 2024v2,2022,Greenview CHSB public dataset,78.970495,kgCO2e/occupied room-night,GLOBAL_STAR_FALLBACK,887,False,True,Greenview / Cornell Hotel Sustainability Benchmarking Index,https://greenview.sg/resources/chsb-index/
2022,Jamaica,JAM,unknown,CHSB 2024v2,2022,Greenview CHSB public dataset,25.514392,kgCO2e/occupied room-night,GLOBAL_UNKNOWN_FALLBACK,10183,False,True,Greenview / Cornell Hotel Sustainability Benchmarking Index,https://greenview.sg/resources/chsb-index/
2022,Japón,JPN,2,CHSB 2024v2,2022,Greenview CHSB public dataset,30.403654,kgCO2e/occupied room-night,COUNTRY_STAR_WEIGHTED,17,False,False,Greenview / Cornell Hotel Sustainability Benchmarking Index,https://greenview.sg/resources/chsb-index/
2022,Japón,JPN,3,CHSB 2024v2,2022,Greenview CHSB public dataset,41.330292,kgCO2e/occupied room-night,COUNTRY_STAR_WEIGHTED,24,False,False,Greenview / Cornell Hotel Sustainability Benchmarking Index,https://greenview.sg/resources/chsb-index/
2022,Japón,JPN,4,CHSB 2024v2,2022,Greenview CHSB public dataset,54.027558,kgCO2e/occupied room-night,COUNTRY_STAR_WEIGHTED,37,False,False,Greenview / Cornell Hotel Sustainability Benchmarking Index,https://greenview.sg/resources/chsb-index/
2022,Japón,JPN,5,CHSB 2024v2,2022,Greenview CHSB public dataset,101.354375,kgCO2e/occupied room-night,COUNTRY_STAR_WEIGHTED,18,False,False,Greenview / Cornell Hotel Sustainability Benchmarking Index,https://greenview.sg/resources/chsb-index/
2022,Japón,JPN,unknown,CHSB 2024v2,2022,Greenview CHSB public dataset,55.54362,kgCO2e/occupied room-night,COUNTRY_NONRESORT,96,False,False,Greenview / Cornell Hotel Sustainability Benchmarking Index,https://greenview.sg/resources/chsb-index/
2022,Jordania,JOR,2,CHSB 2024v2,2022,Greenview CHSB public dataset,14.037051,kgCO2e/occupied room-night,GLOBAL_STAR_FALLBACK,2777,False,True,Greenview / Cornell Hotel Sustainability Benchmarking Index,https://greenview.sg/resources/chsb-index/
2022,Jordania,JOR,3,CHSB 2024v2,2022,Greenview CHSB public dataset,19.102623,kgCO2e/occupied room-night,GLOBAL_STAR_FALLBACK,4306,False,True,Greenview / Cornell Hotel Sustainability Benchmarking Index,https://greenview.sg/resources/chsb-index/
2022,Jordania,JOR,4,CHSB 2024v2,2022,Greenview CHSB public dataset,37.703218,kgCO2e/occupied room-night,GLOBAL_STAR_FALLBACK,2205,False,True,Greenview / Cornell Hotel Sustainability Benchmarking Index,https://greenview.sg/resources/chsb-index/
2022,Jordania,JOR,5,CHSB 2024v2,2022,Greenview CHSB public dataset,78.970495,kgCO2e/occupied room-night,GLOBAL_STAR_FALLBACK,887,False,True,Greenview / Cornell Hotel Sustainability Benchmarking Index,https://greenview.sg/resources/chsb-index/
2022,Jordania,JOR,unknown,CHSB 2024v2,2022,Greenview CHSB public dataset,60.387138,kgCO2e/occupied room-night,COUNTRY_NONRESORT,10,False,False,Greenview / Cornell Hotel Sustainability Benchmarking Index,https://greenview.sg/resources/chsb-index/
2022,Kazajistán,KAZ,2,CHSB 2024v2,2022,Greenview CHSB public dataset,14.037051,kgCO2e/occupied room-night,GLOBAL_STAR_FALLBACK,2777,False,True,Greenview / Cornell Hotel Sustainability Benchmarking Index,https://greenview.sg/resources/chsb-index/
2022,Kazajistán,KAZ,3,CHSB 2024v2,2022,Greenview CHSB public dataset,19.102623,kgCO2e/occupied room-night,GLOBAL_STAR_FALLBACK,4306,False,True,Greenview / Cornell Hotel Sustainability Benchmarking Index,https://greenview.sg/resources/chsb-index/
2022,Kazajistán,KAZ,4,CHSB 2024v2,2022,Greenview CHSB public dataset,37.703218,kgCO2e/occupied room-night,GLOBAL_STAR_FALLBACK,2205,False,True,Greenview / Cornell Hotel Sustainability Benchmarking Index,https://greenview.sg/resources/chsb-index/
2022,Kazajistán,KAZ,5,CHSB 2024v2,2022,Greenview CHSB public dataset,78.970495,kgCO2e/occupied room-night,GLOBAL_STAR_FALLBACK,887,False,True,Greenview / Cornell Hotel Sustainability Benchmarking Index,https://greenview.sg/resources/chsb-index/
2022,Kazajistán,KAZ,unknown,CHSB 2024v2,2022,Greenview CHSB public dataset,94.522094,kgCO2e/occupied room-night,COUNTRY_NONRESORT,10,False,False,Greenview / Cornell Hotel Sustainability Benchmarking Index,https://greenview.sg/resources/chsb-index/
2022,Kenia,KEN,2,CHSB 2024v2,2022,Greenview CHSB public dataset,14.037051,kgCO2e/occupied room-night,GLOBAL_STAR_FALLBACK,2777,False,True,Greenview / Cornell Hotel Sustainability Benchmarking Index,https://greenview.sg/resources/chsb-index/
2022,Kenia,KEN,3,CHSB 2024v2,2022,Greenview CHSB public dataset,19.102623,kgCO2e/occupied room-night,GLOBAL_STAR_FALLBACK,4306,False,True,Greenview / Cornell Hotel Sustainability Benchmarking Index,https://greenview.sg/resources/chsb-index/
2022,Kenia,KEN,4,CHSB 2024v2,2022,Greenview CHSB public dataset,37.703218,kgCO2e/occupied room-night,GLOBAL_STAR_FALLBACK,2205,False,True,Greenview / Cornell Hotel Sustainability Benchmarking Index,https://greenview.sg/resources/chsb-index/
2022,Kenia,KEN,5,CHSB 2024v2,2022,Greenview CHSB public dataset,78.970495,kgCO2e/occupied room-night,GLOBAL_STAR_FALLBACK,887,False,True,Greenview / Cornell Hotel Sustainability Benchmarking Index,https://greenview.sg/resources/chsb-index/
2022,Kenia,KEN,unknown,CHSB 2024v2,2022,Greenview CHSB public dataset,25.514392,kgCO2e/occupied room-night,GLOBAL_UNKNOWN_FALLBACK,10183,False,True,Greenview / Cornell Hotel Sustainability Benchmarking Index,https://greenview.sg/resources/chsb-index/
2022,Kirguistán,KGZ,2,CHSB 2024v2,2022,Greenview CHSB public dataset,14.037051,kgCO2e/occupied room-night,GLOBAL_STAR_FALLBACK,2777,False,True,Greenview / Cornell Hotel Sustainability Benchmarking Index,https://greenview.sg/resources/chsb-index/
2022,Kirguistán,KGZ,3,CHSB 2024v2,2022,Greenview CHSB public dataset,19.102623,kgCO2e/occupied room-night,GLOBAL_STAR_FALLBACK,4306,False,True,Greenview / Cornell Hotel Sustainability Benchmarking Index,https://greenview.sg/resources/chsb-index/
2022,Kirguistán,KGZ,4,CHSB 2024v2,2022,Greenview CHSB public dataset,37.703218,kgCO2e/occupied room-night,GLOBAL_STAR_FALLBACK,2205,False,True,Greenview / Cornell Hotel Sustainability Benchmarking Index,https://greenview.sg/resources/chsb-index/
2022,Kirguistán,KGZ,5,CHSB 2024v2,2022,Greenview CHSB public dataset,78.970495,kgCO2e/occupied room-night,GLOBAL_STAR_FALLBACK,887,False,True,Greenview / Cornell Hotel Sustainability Benchmarking Index,https://greenview.sg/resources/chsb-index/
2022,Kirguistán,KGZ,unknown,CHSB 2024v2,2022,Greenview CHSB public dataset,25.514392,kgCO2e/occupied room-night,GLOBAL_UNKNOWN_FALLBACK,10183,False,True,Greenview / Cornell Hotel Sustainability Benchmarking Index,https://greenview.sg/resources/chsb-index/
2022,Kiribati,KIR,2,CHSB 2024v2,2022,Greenview CHSB public dataset,14.037051,kgCO2e/occupied room-night,GLOBAL_STAR_FALLBACK,2777,False,True,Greenview / Cornell Hotel Sustainability Benchmarking Index,https://greenview.sg/resources/chsb-index/
2022,Kiribati,KIR,3,CHSB 2024v2,2022,Greenview CHSB public dataset,19.102623,kgCO2e/occupied room-night,GLOBAL_STAR_FALLBACK,4306,False,True,Greenview / Cornell Hotel Sustainability Benchmarking Index,https://greenview.sg/resources/chsb-index/
2022,Kiribati,KIR,4,CHSB 2024v2,2022,Greenview CHSB public dataset,37.703218,kgCO2e/occupied room-night,GLOBAL_STAR_FALLBACK,2205,False,True,Greenview / Cornell Hotel Sustainability Benchmarking Index,https://greenview.sg/resources/chsb-index/
2022,Kiribati,KIR,5,CHSB 2024v2,2022,Greenview CHSB public dataset,78.970495,kgCO2e/occupied room-night,GLOBAL_STAR_FALLBACK,887,False,True,Greenview / Cornell Hotel Sustainability Benchmarking Index,https://greenview.sg/resources/chsb-index/
2022,Kiribati,KIR,unknown,CHSB 2024v2,2022,Greenview CHSB public dataset,25.514392,kgCO2e/occupied room-night,GLOBAL_UNKNOWN_FALLBACK,10183,False,True,Greenview / Cornell Hotel Sustainability Benchmarking Index,https://greenview.sg/resources/chsb-index/
2022,Kosovo,XKX,2,CHSB 2024v2,2022,Greenview CHSB public dataset,14.037051,kgCO2e/occupied room-night,GLOBAL_STAR_FALLBACK,2777,False,True,Greenview / Cornell Hotel Sustainability Benchmarking Index,https://greenview.sg/resources/chsb-index/
2022,Kosovo,XKX,3,CHSB 2024v2,2022,Greenview CHSB public dataset,19.102623,kgCO2e/occupied room-night,GLOBAL_STAR_FALLBACK,4306,False,True,Greenview / Cornell Hotel Sustainability Benchmarking Index,https://greenview.sg/resources/chsb-index/
2022,Kosovo,XKX,4,CHSB 2024v2,2022,Greenview CHSB public dataset,37.703218,kgCO2e/occupied room-night,GLOBAL_STAR_FALLBACK,2205,False,True,Greenview / Cornell Hotel Sustainability Benchmarking Index,https://greenview.sg/resources/chsb-index/
2022,Kosovo,XKX,5,CHSB 2024v2,2022,Greenview CHSB public dataset,78.970495,kgCO2e/occupied room-night,GLOBAL_STAR_FALLBACK,887,False,True,Greenview / Cornell Hotel Sustainability Benchmarking Index,https://greenview.sg/resources/chsb-index/
2022,Kosovo,XKX,unknown,CHSB 2024v2,2022,Greenview CHSB public dataset,25.514392,kgCO2e/occupied room-night,GLOBAL_UNKNOWN_FALLBACK,10183,False,True,Greenview / Cornell Hotel Sustainability Benchmarking Index,https://greenview.sg/resources/chsb-index/
2022,Kuwait,KWT,2,CHSB 2024v2,2022,Greenview CHSB public dataset,14.037051,kgCO2e/occupied room-night,GLOBAL_STAR_FALLBACK,2777,False,True,Greenview / Cornell Hotel Sustainability Benchmarking Index,https://greenview.sg/resources/chsb-index/
2022,Kuwait,KWT,3,CHSB 2024v2,2022,Greenview CHSB public dataset,19.102623,kgCO2e/occupied room-night,GLOBAL_STAR_FALLBACK,4306,False,True,Greenview / Cornell Hotel Sustainability Benchmarking Index,https://greenview.sg/resources/chsb-index/
2022,Kuwait,KWT,4,CHSB 2024v2,2022,Greenview CHSB public dataset,37.703218,kgCO2e/occupied room-night,GLOBAL_STAR_FALLBACK,2205,False,True,Greenview / Cornell Hotel Sustainability Benchmarking Index,https://greenview.sg/resources/chsb-index/
2022,Kuwait,KWT,5,CHSB 2024v2,2022,Greenview CHSB public dataset,78.970495,kgCO2e/occupied room-night,GLOBAL_STAR_FALLBACK,887,False,True,Greenview / Cornell Hotel Sustainability Benchmarking Index,https://greenview.sg/resources/chsb-index/
2022,Kuwait,KWT,unknown,CHSB 2024v2,2022,Greenview CHSB public dataset,25.514392,kgCO2e/occupied room-night,GLOBAL_UNKNOWN_FALLBACK,10183,False,True,Greenview / Cornell Hotel Sustainability Benchmarking Index,https://greenview.sg/resources/chsb-index/
2022,Laos,LAO,2,CHSB 2024v2,2022,Greenview CHSB public dataset,14.037051,kgCO2e/occupied room-night,GLOBAL_STAR_FALLBACK,2777,False,True,Greenview / Cornell Hotel Sustainability Benchmarking Index,https://greenview.sg/resources/chsb-index/
2022,Laos,LAO,3,CHSB 2024v2,2022,Greenview CHSB public dataset,19.102623,kgCO2e/occupied room-night,GLOBAL_STAR_FALLBACK,4306,False,True,Greenview / Cornell Hotel Sustainability Benchmarking Index,https://greenview.sg/resources/chsb-index/
2022,Laos,LAO,4,CHSB 2024v2,2022,Greenview CHSB public dataset,37.703218,kgCO2e/occupied room-night,GLOBAL_STAR_FALLBACK,2205,False,True,Greenview / Cornell Hotel Sustainability Benchmarking Index,https://greenview.sg/resources/chsb-index/
2022,Laos,LAO,5,CHSB 2024v2,2022,Greenview CHSB public dataset,78.970495,kgCO2e/occupied room-night,GLOBAL_STAR_FALLBACK,887,False,True,Greenview / Cornell Hotel Sustainability Benchmarking Index,https://greenview.sg/resources/chsb-index/
2022,Laos,LAO,unknown,CHSB 2024v2,2022,Greenview CHSB public dataset,25.514392,kgCO2e/occupied room-night,GLOBAL_UNKNOWN_FALLBACK,10183,False,True,Greenview / Cornell Hotel Sustainability Benchmarking Index,https://greenview.sg/resources/chsb-index/
2022,Lesoto,LSO,2,CHSB 2024v2,2022,Greenview CHSB public dataset,14.037051,kgCO2e/occupied room-night,GLOBAL_STAR_FALLBACK,2777,False,True,Greenview / Cornell Hotel Sustainability Benchmarking Index,https://greenview.sg/resources/chsb-index/
2022,Lesoto,LSO,3,CHSB 2024v2,2022,Greenview CHSB public dataset,19.102623,kgCO2e/occupied room-night,GLOBAL_STAR_FALLBACK,4306,False,True,Greenview / Cornell Hotel Sustainability Benchmarking Index,https://greenview.sg/resources/chsb-index/
2022,Lesoto,LSO,4,CHSB 2024v2,2022,Greenview CHSB public dataset,37.703218,kgCO2e/occupied room-night,GLOBAL_STAR_FALLBACK,2205,False,True,Greenview / Cornell Hotel Sustainability Benchmarking Index,https://greenview.sg/resources/chsb-index/
2022,Lesoto,LSO,5,CHSB 2024v2,2022,Greenview CHSB public dataset,78.970495,kgCO2e/occupied room-night,GLOBAL_STAR_FALLBACK,887,False,True,Greenview / Cornell Hotel Sustainability Benchmarking Index,https://greenview.sg/resources/chsb-index/
2022,Lesoto,LSO,unknown,CHSB 2024v2,2022,Greenview CHSB public dataset,25.514392,kgCO2e/occupied room-night,GLOBAL_UNKNOWN_FALLBACK,10183,False,True,Greenview / Cornell Hotel Sustainability Benchmarking Index,https://greenview.sg/resources/chsb-index/
2022,Letonia,LVA,2,CHSB 2024v2,2022,Greenview CHSB public dataset,14.037051,kgCO2e/occupied room-night,GLOBAL_STAR_FALLBACK,2777,False,True,Greenview / Cornell Hotel Sustainability Benchmarking Index,https://greenview.sg/resources/chsb-index/
2022,Letonia,LVA,3,CHSB 2024v2,2022,Greenview CHSB public dataset,19.102623,kgCO2e/occupied room-night,GLOBAL_STAR_FALLBACK,4306,False,True,Greenview / Cornell Hotel Sustainability Benchmarking Index,https://greenview.sg/resources/chsb-index/
2022,Letonia,LVA,4,CHSB 2024v2,2022,Greenview CHSB public dataset,37.703218,kgCO2e/occupied room-night,GLOBAL_STAR_FALLBACK,2205,False,True,Greenview / Cornell Hotel Sustainability Benchmarking Index,https://greenview.sg/resources/chsb-index/
2022,Letonia,LVA,5,CHSB 2024v2,2022,Greenview CHSB public dataset,78.970495,kgCO2e/occupied room-night,GLOBAL_STAR_FALLBACK,887,False,True,Greenview / Cornell Hotel Sustainability Benchmarking Index,https://greenview.sg/resources/chsb-index/
2022,Letonia,LVA,unknown,CHSB 2024v2,2022,Greenview CHSB public dataset,25.514392,kgCO2e/occupied room-night,GLOBAL_UNKNOWN_FALLBACK,10183,False,True,Greenview / Cornell Hotel Sustainability Benchmarking Index,https://greenview.sg/resources/chsb-index/
2022,Liberia,LBR,2,CHSB 2024v2,2022,Greenview CHSB public dataset,14.037051,kgCO2e/occupied room-night,GLOBAL_STAR_FALLBACK,2777,False,True,Greenview / Cornell Hotel Sustainability Benchmarking Index,https://greenview.sg/resources/chsb-index/
2022,Liberia,LBR,3,CHSB 2024v2,2022,Greenview CHSB public dataset,19.102623,kgCO2e/occupied room-night,GLOBAL_STAR_FALLBACK,4306,False,True,Greenview / Cornell Hotel Sustainability Benchmarking Index,https://greenview.sg/resources/chsb-index/
2022,Liberia,LBR,4,CHSB 2024v2,2022,Greenview CHSB public dataset,37.703218,kgCO2e/occupied room-night,GLOBAL_STAR_FALLBACK,2205,False,True,Greenview / Cornell Hotel Sustainability Benchmarking Index,https://greenview.sg/resources/chsb-index/
2022,Liberia,LBR,5,CHSB 2024v2,2022,Greenview CHSB public dataset,78.970495,kgCO2e/occupied room-night,GLOBAL_STAR_FALLBACK,887,False,True,Greenview / Cornell Hotel Sustainability Benchmarking Index,https://greenview.sg/resources/chsb-index/
2022,Liberia,LBR,unknown,CHSB 2024v2,2022,Greenview CHSB public dataset,25.514392,kgCO2e/occupied room-night,GLOBAL_UNKNOWN_FALLBACK,10183,False,True,Greenview / Cornell Hotel Sustainability Benchmarking Index,https://greenview.sg/resources/chsb-index/
2022,Libia,LBY,2,CHSB 2024v2,2022,Greenview CHSB public dataset,14.037051,kgCO2e/occupied room-night,GLOBAL_STAR_FALLBACK,2777,False,True,Greenview / Cornell Hotel Sustainability Benchmarking Index,https://greenview.sg/resources/chsb-index/
2022,Libia,LBY,3,CHSB 2024v2,2022,Greenview CHSB public dataset,19.102623,kgCO2e/occupied room-night,GLOBAL_STAR_FALLBACK,4306,False,True,Greenview / Cornell Hotel Sustainability Benchmarking Index,https://greenview.sg/resources/chsb-index/
2022,Libia,LBY,4,CHSB 2024v2,2022,Greenview CHSB public dataset,37.703218,kgCO2e/occupied room-night,GLOBAL_STAR_FALLBACK,2205,False,True,Greenview / Cornell Hotel Sustainability Benchmarking Index,https://greenview.sg/resources/chsb-index/
2022,Libia,LBY,5,CHSB 2024v2,2022,Greenview CHSB public dataset,78.970495,kgCO2e/occupied room-night,GLOBAL_STAR_FALLBACK,887,False,True,Greenview / Cornell Hotel Sustainability Benchmarking Index,https://greenview.sg/resources/chsb-index/
2022,Libia,LBY,unknown,CHSB 2024v2,2022,Greenview CHSB public dataset,25.514392,kgCO2e/occupied room-night,GLOBAL_UNKNOWN_FALLBACK,10183,False,True,Greenview / Cornell Hotel Sustainability Benchmarking Index,https://greenview.sg/resources/chsb-index/
2022,Liechtenstein,LIE,2,CHSB 2024v2,2022,Greenview CHSB public dataset,14.037051,kgCO2e/occupied room-night,GLOBAL_STAR_FALLBACK,2777,False,True,Greenview / Cornell Hotel Sustainability Benchmarking Index,https://greenview.sg/resources/chsb-index/
2022,Liechtenstein,LIE,3,CHSB 2024v2,2022,Greenview CHSB public dataset,19.102623,kgCO2e/occupied room-night,GLOBAL_STAR_FALLBACK,4306,False,True,Greenview / Cornell Hotel Sustainability Benchmarking Index,https://greenview.sg/resources/chsb-index/
2022,Liechtenstein,LIE,4,CHSB 2024v2,2022,Greenview CHSB public dataset,37.703218,kgCO2e/occupied room-night,GLOBAL_STAR_FALLBACK,2205,False,True,Greenview / Cornell Hotel Sustainability Benchmarking Index,https://greenview.sg/resources/chsb-index/
2022,Liechtenstein,LIE,5,CHSB 2024v2,2022,Greenview CHSB public dataset,78.970495,kgCO2e/occupied room-night,GLOBAL_STAR_FALLBACK,887,False,True,Greenview / Cornell Hotel Sustainability Benchmarking Index,https://greenview.sg/resources/chsb-index/
2022,Liechtenstein,LIE,unknown,CHSB 2024v2,2022,Greenview CHSB public dataset,25.514392,kgCO2e/occupied room-night,GLOBAL_UNKNOWN_FALLBACK,10183,False,True,Greenview / Cornell Hotel Sustainability Benchmarking Index,https://greenview.sg/resources/chsb-index/
2022,Lituania,LTU,2,CHSB 2024v2,2022,Greenview CHSB public dataset,14.037051,kgCO2e/occupied room-night,GLOBAL_STAR_FALLBACK,2777,False,True,Greenview / Cornell Hotel Sustainability Benchmarking Index,https://greenview.sg/resources/chsb-index/
2022,Lituania,LTU,3,CHSB 2024v2,2022,Greenview CHSB public dataset,19.102623,kgCO2e/occupied room-night,GLOBAL_STAR_FALLBACK,4306,False,True,Greenview / Cornell Hotel Sustainability Benchmarking Index,https://greenview.sg/resources/chsb-index/
2022,Lituania,LTU,4,CHSB 2024v2,2022,Greenview CHSB public dataset,37.703218,kgCO2e/occupied room-night,GLOBAL_STAR_FALLBACK,2205,False,True,Greenview / Cornell Hotel Sustainability Benchmarking Index,https://greenview.sg/resources/chsb-index/
2022,Lituania,LTU,5,CHSB 2024v2,2022,Greenview CHSB public dataset,78.970495,kgCO2e/occupied room-night,GLOBAL_STAR_FALLBACK,887,False,True,Greenview / Cornell Hotel Sustainability Benchmarking Index,https://greenview.sg/resources/chsb-index/
2022,Lituania,LTU,unknown,CHSB 2024v2,2022,Greenview CHSB public dataset,25.514392,kgCO2e/occupied room-night,GLOBAL_UNKNOWN_FALLBACK,10183,False,True,Greenview / Cornell Hotel Sustainability Benchmarking Index,https://greenview.sg/resources/chsb-index/
2022,Luxemburgo,LUX,2,CHSB 2024v2,2022,Greenview CHSB public dataset,14.037051,kgCO2e/occupied room-night,GLOBAL_STAR_FALLBACK,2777,False,True,Greenview / Cornell Hotel Sustainability Benchmarking Index,https://greenview.sg/resources/chsb-index/
2022,Luxemburgo,LUX,3,CHSB 2024v2,2022,Greenview CHSB public dataset,19.102623,kgCO2e/occupied room-night,GLOBAL_STAR_FALLBACK,4306,False,True,Greenview / Cornell Hotel Sustainability Benchmarking Index,https://greenview.sg/resources/chsb-index/
2022,Luxemburgo,LUX,4,CHSB 2024v2,2022,Greenview CHSB public dataset,37.703218,kgCO2e/occupied room-night,GLOBAL_STAR_FALLBACK,2205,False,True,Greenview / Cornell Hotel Sustainability Benchmarking Index,https://greenview.sg/resources/chsb-index/
2022,Luxemburgo,LUX,5,CHSB 2024v2,2022,Greenview CHSB public dataset,78.970495,kgCO2e/occupied room-night,GLOBAL_STAR_FALLBACK,887,False,True,Greenview / Cornell Hotel Sustainability Benchmarking Index,https://greenview.sg/resources/chsb-index/
2022,Luxemburgo,LUX,unknown,CHSB 2024v2,2022,Greenview CHSB public dataset,25.514392,kgCO2e/occupied room-night,GLOBAL_UNKNOWN_FALLBACK,10183,False,True,Greenview / Cornell Hotel Sustainability Benchmarking Index,https://greenview.sg/resources/chsb-index/
2022,Líbano,LBN,2,CHSB 2024v2,2022,Greenview CHSB public dataset,14.037051,kgCO2e/occupied room-night,GLOBAL_STAR_FALLBACK,2777,False,True,Greenview / Cornell Hotel Sustainability Benchmarking Index,https://greenview.sg/resources/chsb-index/
2022,Líbano,LBN,3,CHSB 2024v2,2022,Greenview CHSB public dataset,19.102623,kgCO2e/occupied room-night,GLOBAL_STAR_FALLBACK,4306,False,True,Greenview / Cornell Hotel Sustainability Benchmarking Index,https://greenview.sg/resources/chsb-index/
2022,Líbano,LBN,4,CHSB 2024v2,2022,Greenview CHSB public dataset,37.703218,kgCO2e/occupied room-night,GLOBAL_STAR_FALLBACK,2205,False,True,Greenview / Cornell Hotel Sustainability Benchmarking Index,https://greenview.sg/resources/chsb-index/
2022,Líbano,LBN,5,CHSB 2024v2,2022,Greenview CHSB public dataset,78.970495,kgCO2e/occupied room-night,GLOBAL_STAR_FALLBACK,887,False,True,Greenview / Cornell Hotel Sustainability Benchmarking Index,https://greenview.sg/resources/chsb-index/
2022,Líbano,LBN,unknown,CHSB 2024v2,2022,Greenview CHSB public dataset,25.514392,kgCO2e/occupied room-night,GLOBAL_UNKNOWN_FALLBACK,10183,False,True,Greenview / Cornell Hotel Sustainability Benchmarking Index,https://greenview.sg/resources/chsb-index/
2022,Macedonia del Norte,MKD,2,CHSB 2024v2,2022,Greenview CHSB public dataset,14.037051,kgCO2e/occupied room-night,GLOBAL_STAR_FALLBACK,2777,False,True,Greenview / Cornell Hotel Sustainability Benchmarking Index,https://greenview.sg/resources/chsb-index/
2022,Macedonia del Norte,MKD,3,CHSB 2024v2,2022,Greenview CHSB public dataset,19.102623,kgCO2e/occupied room-night,GLOBAL_STAR_FALLBACK,4306,False,True,Greenview / Cornell Hotel Sustainability Benchmarking Index,https://greenview.sg/resources/chsb-index/
2022,Macedonia del Norte,MKD,4,CHSB 2024v2,2022,Greenview CHSB public dataset,37.703218,kgCO2e/occupied room-night,GLOBAL_STAR_FALLBACK,2205,False,True,Greenview / Cornell Hotel Sustainability Benchmarking Index,https://greenview.sg/resources/chsb-index/
2022,Macedonia del Norte,MKD,5,CHSB 2024v2,2022,Greenview CHSB public dataset,78.970495,kgCO2e/occupied room-night,GLOBAL_STAR_FALLBACK,887,False,True,Greenview / Cornell Hotel Sustainability Benchmarking Index,https://greenview.sg/resources/chsb-index/
2022,Macedonia del Norte,MKD,unknown,CHSB 2024v2,2022,Greenview CHSB public dataset,25.514392,kgCO2e/occupied room-night,GLOBAL_UNKNOWN_FALLBACK,10183,False,True,Greenview / Cornell Hotel Sustainability Benchmarking Index,https://greenview.sg/resources/chsb-index/
2022,Madagascar,MDG,2,CHSB 2024v2,2022,Greenview CHSB public dataset,14.037051,kgCO2e/occupied room-night,GLOBAL_STAR_FALLBACK,2777,False,True,Greenview / Cornell Hotel Sustainability Benchmarking Index,https://greenview.sg/resources/chsb-index/
2022,Madagascar,MDG,3,CHSB 2024v2,2022,Greenview CHSB public dataset,19.102623,kgCO2e/occupied room-night,GLOBAL_STAR_FALLBACK,4306,False,True,Greenview / Cornell Hotel Sustainability Benchmarking Index,https://greenview.sg/resources/chsb-index/
2022,Madagascar,MDG,4,CHSB 2024v2,2022,Greenview CHSB public dataset,37.703218,kgCO2e/occupied room-night,GLOBAL_STAR_FALLBACK,2205,False,True,Greenview / Cornell Hotel Sustainability Benchmarking Index,https://greenview.sg/resources/chsb-index/
2022,Madagascar,MDG,5,CHSB 2024v2,2022,Greenview CHSB public dataset,78.970495,kgCO2e/occupied room-night,GLOBAL_STAR_FALLBACK,887,False,True,Greenview / Cornell Hotel Sustainability Benchmarking Index,https://greenview.sg/resources/chsb-index/
2022,Madagascar,MDG,unknown,CHSB 2024v2,2022,Greenview CHSB public dataset,25.514392,kgCO2e/occupied room-night,GLOBAL_UNKNOWN_FALLBACK,10183,False,True,Greenview / Cornell Hotel Sustainability Benchmarking Index,https://greenview.sg/resources/chsb-index/
2022,Malasia,MYS,2,CHSB 2024v2,2022,Greenview CHSB public dataset,14.037051,kgCO2e/occupied room-night,GLOBAL_STAR_FALLBACK,2777,False,True,Greenview / Cornell Hotel Sustainability Benchmarking Index,https://greenview.sg/resources/chsb-index/
2022,Malasia,MYS,3,CHSB 2024v2,2022,Greenview CHSB public dataset,45.619697,kgCO2e/occupied room-night,COUNTRY_STAR_WEIGHTED,12,False,False,Greenview / Cornell Hotel Sustainability Benchmarking Index,https://greenview.sg/resources/chsb-index/
2022,Malasia,MYS,4,CHSB 2024v2,2022,Greenview CHSB public dataset,70.215665,kgCO2e/occupied room-night,COUNTRY_STAR_WEIGHTED,22,False,False,Greenview / Cornell Hotel Sustainability Benchmarking Index,https://greenview.sg/resources/chsb-index/
2022,Malasia,MYS,5,CHSB 2024v2,2022,Greenview CHSB public dataset,108.935241,kgCO2e/occupied room-night,COUNTRY_STAR_WEIGHTED,14,False,False,Greenview / Cornell Hotel Sustainability Benchmarking Index,https://greenview.sg/resources/chsb-index/
2022,Malasia,MYS,unknown,CHSB 2024v2,2022,Greenview CHSB public dataset,69.663785,kgCO2e/occupied room-night,COUNTRY_NONRESORT,43,False,False,Greenview / Cornell Hotel Sustainability Benchmarking Index,https://greenview.sg/resources/chsb-index/
2022,Malaui,MWI,2,CHSB 2024v2,2022,Greenview CHSB public dataset,14.037051,kgCO2e/occupied room-night,GLOBAL_STAR_FALLBACK,2777,False,True,Greenview / Cornell Hotel Sustainability Benchmarking Index,https://greenview.sg/resources/chsb-index/
2022,Malaui,MWI,3,CHSB 2024v2,2022,Greenview CHSB public dataset,19.102623,kgCO2e/occupied room-night,GLOBAL_STAR_FALLBACK,4306,False,True,Greenview / Cornell Hotel Sustainability Benchmarking Index,https://greenview.sg/resources/chsb-index/
2022,Malaui,MWI,4,CHSB 2024v2,2022,Greenview CHSB public dataset,37.703218,kgCO2e/occupied room-night,GLOBAL_STAR_FALLBACK,2205,False,True,Greenview / Cornell Hotel Sustainability Benchmarking Index,https://greenview.sg/resources/chsb-index/
2022,Malaui,MWI,5,CHSB 2024v2,2022,Greenview CHSB public dataset,78.970495,kgCO2e/occupied room-night,GLOBAL_STAR_FALLBACK,887,False,True,Greenview / Cornell Hotel Sustainability Benchmarking Index,https://greenview.sg/resources/chsb-index/
2022,Malaui,MWI,unknown,CHSB 2024v2,2022,Greenview CHSB public dataset,25.514392,kgCO2e/occupied room-night,GLOBAL_UNKNOWN_FALLBACK,10183,False,True,Greenview / Cornell Hotel Sustainability Benchmarking Index,https://greenview.sg/resources/chsb-index/
2022,Maldivas,MDV,2,CHSB 2024v2,2022,Greenview CHSB public dataset,14.037051,kgCO2e/occupied room-night,GLOBAL_STAR_FALLBACK,2777,False,True,Greenview / Cornell Hotel Sustainability Benchmarking Index,https://greenview.sg/resources/chsb-index/
2022,Maldivas,MDV,3,CHSB 2024v2,2022,Greenview CHSB public dataset,19.102623,kgCO2e/occupied room-night,GLOBAL_STAR_FALLBACK,4306,False,True,Greenview / Cornell Hotel Sustainability Benchmarking Index,https://greenview.sg/resources/chsb-index/
2022,Maldivas,MDV,4,CHSB 2024v2,2022,Greenview CHSB public dataset,37.703218,kgCO2e/occupied room-night,GLOBAL_STAR_FALLBACK,2205,False,True,Greenview / Cornell Hotel Sustainability Benchmarking Index,https://greenview.sg/resources/chsb-index/
2022,Maldivas,MDV,5,CHSB 2024v2,2022,Greenview CHSB public dataset,78.970495,kgCO2e/occupied room-night,GLOBAL_STAR_FALLBACK,887,False,True,Greenview / Cornell Hotel Sustainability Benchmarking Index,https://greenview.sg/resources/chsb-index/
2022,Maldivas,MDV,unknown,CHSB 2024v2,2022,Greenview CHSB public dataset,25.514392,kgCO2e/occupied room-night,GLOBAL_UNKNOWN_FALLBACK,10183,False,True,Greenview / Cornell Hotel Sustainability Benchmarking Index,https://greenview.sg/resources/chsb-index/
2022,Malta,MLT,2,CHSB 2024v2,2022,Greenview CHSB public dataset,14.037051,kgCO2e/occupied room-night,GLOBAL_STAR_FALLBACK,2777,False,True,Greenview / Cornell Hotel Sustainability Benchmarking Index,https://greenview.sg/resources/chsb-index/
2022,Malta,MLT,3,CHSB 2024v2,2022,Greenview CHSB public dataset,19.102623,kgCO2e/occupied room-night,GLOBAL_STAR_FALLBACK,4306,False,True,Greenview / Cornell Hotel Sustainability Benchmarking Index,https://greenview.sg/resources/chsb-index/
2022,Malta,MLT,4,CHSB 2024v2,2022,Greenview CHSB public dataset,37.703218,kgCO2e/occupied room-night,GLOBAL_STAR_FALLBACK,2205,False,True,Greenview / Cornell Hotel Sustainability Benchmarking Index,https://greenview.sg/resources/chsb-index/
2022,Malta,MLT,5,CHSB 2024v2,2022,Greenview CHSB public dataset,78.970495,kgCO2e/occupied room-night,GLOBAL_STAR_FALLBACK,887,False,True,Greenview / Cornell Hotel Sustainability Benchmarking Index,https://greenview.sg/resources/chsb-index/
2022,Malta,MLT,unknown,CHSB 2024v2,2022,Greenview CHSB public dataset,25.514392,kgCO2e/occupied room-night,GLOBAL_UNKNOWN_FALLBACK,10183,False,True,Greenview / Cornell Hotel Sustainability Benchmarking Index,https://greenview.sg/resources/chsb-index/
2022,Malí,MLI,2,CHSB 2024v2,2022,Greenview CHSB public dataset,14.037051,kgCO2e/occupied room-night,GLOBAL_STAR_FALLBACK,2777,False,True,Greenview / Cornell Hotel Sustainability Benchmarking Index,https://greenview.sg/resources/chsb-index/
2022,Malí,MLI,3,CHSB 2024v2,2022,Greenview CHSB public dataset,19.102623,kgCO2e/occupied room-night,GLOBAL_STAR_FALLBACK,4306,False,True,Greenview / Cornell Hotel Sustainability Benchmarking Index,https://greenview.sg/resources/chsb-index/
2022,Malí,MLI,4,CHSB 2024v2,2022,Greenview CHSB public dataset,37.703218,kgCO2e/occupied room-night,GLOBAL_STAR_FALLBACK,2205,False,True,Greenview / Cornell Hotel Sustainability Benchmarking Index,https://greenview.sg/resources/chsb-index/
2022,Malí,MLI,5,CHSB 2024v2,2022,Greenview CHSB public dataset,78.970495,kgCO2e/occupied room-night,GLOBAL_STAR_FALLBACK,887,False,True,Greenview / Cornell Hotel Sustainability Benchmarking Index,https://greenview.sg/resources/chsb-index/
2022,Malí,MLI,unknown,CHSB 2024v2,2022,Greenview CHSB public dataset,25.514392,kgCO2e/occupied room-night,GLOBAL_UNKNOWN_FALLBACK,10183,False,True,Greenview / Cornell Hotel Sustainability Benchmarking Index,https://greenview.sg/resources/chsb-index/
2022,Marruecos,MAR,2,CHSB 2024v2,2022,Greenview CHSB public dataset,14.037051,kgCO2e/occupied room-night,GLOBAL_STAR_FALLBACK,2777,False,True,Greenview / Cornell Hotel Sustainability Benchmarking Index,https://greenview.sg/resources/chsb-index/
2022,Marruecos,MAR,3,CHSB 2024v2,2022,Greenview CHSB public dataset,19.102623,kgCO2e/occupied room-night,GLOBAL_STAR_FALLBACK,4306,False,True,Greenview / Cornell Hotel Sustainability Benchmarking Index,https://greenview.sg/resources/chsb-index/
2022,Marruecos,MAR,4,CHSB 2024v2,2022,Greenview CHSB public dataset,37.703218,kgCO2e/occupied room-night,GLOBAL_STAR_FALLBACK,2205,False,True,Greenview / Cornell Hotel Sustainability Benchmarking Index,https://greenview.sg/resources/chsb-index/
2022,Marruecos,MAR,5,CHSB 2024v2,2022,Greenview CHSB public dataset,78.970495,kgCO2e/occupied room-night,GLOBAL_STAR_FALLBACK,887,False,True,Greenview / Cornell Hotel Sustainability Benchmarking Index,https://greenview.sg/resources/chsb-index/
2022,Marruecos,MAR,unknown,CHSB 2024v2,2022,Greenview CHSB public dataset,25.514392,kgCO2e/occupied room-night,GLOBAL_UNKNOWN_FALLBACK,10183,False,True,Greenview / Cornell Hotel Sustainability Benchmarking Index,https://greenview.sg/resources/chsb-index/
2022,Mauricio,MUS,2,CHSB 2024v2,2022,Greenview CHSB public dataset,14.037051,kgCO2e/occupied room-night,GLOBAL_STAR_FALLBACK,2777,False,True,Greenview / Cornell Hotel Sustainability Benchmarking Index,https://greenview.sg/resources/chsb-index/
2022,Mauricio,MUS,3,CHSB 2024v2,2022,Greenview CHSB public dataset,19.102623,kgCO2e/occupied room-night,GLOBAL_STAR_FALLBACK,4306,False,True,Greenview / Cornell Hotel Sustainability Benchmarking Index,https://greenview.sg/resources/chsb-index/
2022,Mauricio,MUS,4,CHSB 2024v2,2022,Greenview CHSB public dataset,37.703218,kgCO2e/occupied room-night,GLOBAL_STAR_FALLBACK,2205,False,True,Greenview / Cornell Hotel Sustainability Benchmarking Index,https://greenview.sg/resources/chsb-index/
2022,Mauricio,MUS,5,CHSB 2024v2,2022,Greenview CHSB public dataset,78.970495,kgCO2e/occupied room-night,GLOBAL_STAR_FALLBACK,887,False,True,Greenview / Cornell Hotel Sustainability Benchmarking Index,https://greenview.sg/resources/chsb-index/
2022,Mauricio,MUS,unknown,CHSB 2024v2,2022,Greenview CHSB public dataset,25.514392,kgCO2e/occupied room-night,GLOBAL_UNKNOWN_FALLBACK,10183,False,True,Greenview / Cornell Hotel Sustainability Benchmarking Index,https://greenview.sg/resources/chsb-index/
2022,Mauritania,MRT,2,CHSB 2024v2,2022,Greenview CHSB public dataset,14.037051,kgCO2e/occupied room-night,GLOBAL_STAR_FALLBACK,2777,False,True,Greenview / Cornell Hotel Sustainability Benchmarking Index,https://greenview.sg/resources/chsb-index/
2022,Mauritania,MRT,3,CHSB 2024v2,2022,Greenview CHSB public dataset,19.102623,kgCO2e/occupied room-night,GLOBAL_STAR_FALLBACK,4306,False,True,Greenview / Cornell Hotel Sustainability Benchmarking Index,https://greenview.sg/resources/chsb-index/
2022,Mauritania,MRT,4,CHSB 2024v2,2022,Greenview CHSB public dataset,37.703218,kgCO2e/occupied room-night,GLOBAL_STAR_FALLBACK,2205,False,True,Greenview / Cornell Hotel Sustainability Benchmarking Index,https://greenview.sg/resources/chsb-index/
2022,Mauritania,MRT,5,CHSB 2024v2,2022,Greenview CHSB public dataset,78.970495,kgCO2e/occupied room-night,GLOBAL_STAR_FALLBACK,887,False,True,Greenview / Cornell Hotel Sustainability Benchmarking Index,https://greenview.sg/resources/chsb-index/
2022,Mauritania,MRT,unknown,CHSB 2024v2,2022,Greenview CHSB public dataset,25.514392,kgCO2e/occupied room-night,GLOBAL_UNKNOWN_FALLBACK,10183,False,True,Greenview / Cornell Hotel Sustainability Benchmarking Index,https://greenview.sg/resources/chsb-index/
2022,Mayotte,MYT,2,CHSB 2024v2,2022,Greenview CHSB public dataset,14.037051,kgCO2e/occupied room-night,GLOBAL_STAR_FALLBACK,2777,False,True,Greenview / Cornell Hotel Sustainability Benchmarking Index,https://greenview.sg/resources/chsb-index/
2022,Mayotte,MYT,3,CHSB 2024v2,2022,Greenview CHSB public dataset,19.102623,kgCO2e/occupied room-night,GLOBAL_STAR_FALLBACK,4306,False,True,Greenview / Cornell Hotel Sustainability Benchmarking Index,https://greenview.sg/resources/chsb-index/
2022,Mayotte,MYT,4,CHSB 2024v2,2022,Greenview CHSB public dataset,37.703218,kgCO2e/occupied room-night,GLOBAL_STAR_FALLBACK,2205,False,True,Greenview / Cornell Hotel Sustainability Benchmarking Index,https://greenview.sg/resources/chsb-index/
2022,Mayotte,MYT,5,CHSB 2024v2,2022,Greenview CHSB public dataset,78.970495,kgCO2e/occupied room-night,GLOBAL_STAR_FALLBACK,887,False,True,Greenview / Cornell Hotel Sustainability Benchmarking Index,https://greenview.sg/resources/chsb-index/
2022,Mayotte,MYT,unknown,CHSB 2024v2,2022,Greenview CHSB public dataset,25.514392,kgCO2e/occupied room-night,GLOBAL_UNKNOWN_FALLBACK,10183,False,True,Greenview / Cornell Hotel Sustainability Benchmarking Index,https://greenview.sg/resources/chsb-index/
2022,Micronesia,FSM,2,CHSB 2024v2,2022,Greenview CHSB public dataset,14.037051,kgCO2e/occupied room-night,GLOBAL_STAR_FALLBACK,2777,False,True,Greenview / Cornell Hotel Sustainability Benchmarking Index,https://greenview.sg/resources/chsb-index/
2022,Micronesia,FSM,3,CHSB 2024v2,2022,Greenview CHSB public dataset,19.102623,kgCO2e/occupied room-night,GLOBAL_STAR_FALLBACK,4306,False,True,Greenview / Cornell Hotel Sustainability Benchmarking Index,https://greenview.sg/resources/chsb-index/
2022,Micronesia,FSM,4,CHSB 2024v2,2022,Greenview CHSB public dataset,37.703218,kgCO2e/occupied room-night,GLOBAL_STAR_FALLBACK,2205,False,True,Greenview / Cornell Hotel Sustainability Benchmarking Index,https://greenview.sg/resources/chsb-index/
2022,Micronesia,FSM,5,CHSB 2024v2,2022,Greenview CHSB public dataset,78.970495,kgCO2e/occupied room-night,GLOBAL_STAR_FALLBACK,887,False,True,Greenview / Cornell Hotel Sustainability Benchmarking Index,https://greenview.sg/resources/chsb-index/
2022,Micronesia,FSM,unknown,CHSB 2024v2,2022,Greenview CHSB public dataset,25.514392,kgCO2e/occupied room-night,GLOBAL_UNKNOWN_FALLBACK,10183,False,True,Greenview / Cornell Hotel Sustainability Benchmarking Index,https://greenview.sg/resources/chsb-index/
2022,Moldavia,MDA,2,CHSB 2024v2,2022,Greenview CHSB public dataset,14.037051,kgCO2e/occupied room-night,GLOBAL_STAR_FALLBACK,2777,False,True,Greenview / Cornell Hotel Sustainability Benchmarking Index,https://greenview.sg/resources/chsb-index/
2022,Moldavia,MDA,3,CHSB 2024v2,2022,Greenview CHSB public dataset,19.102623,kgCO2e/occupied room-night,GLOBAL_STAR_FALLBACK,4306,False,True,Greenview / Cornell Hotel Sustainability Benchmarking Index,https://greenview.sg/resources/chsb-index/
2022,Moldavia,MDA,4,CHSB 2024v2,2022,Greenview CHSB public dataset,37.703218,kgCO2e/occupied room-night,GLOBAL_STAR_FALLBACK,2205,False,True,Greenview / Cornell Hotel Sustainability Benchmarking Index,https://greenview.sg/resources/chsb-index/
2022,Moldavia,MDA,5,CHSB 2024v2,2022,Greenview CHSB public dataset,78.970495,kgCO2e/occupied room-night,GLOBAL_STAR_FALLBACK,887,False,True,Greenview / Cornell Hotel Sustainability Benchmarking Index,https://greenview.sg/resources/chsb-index/
2022,Moldavia,MDA,unknown,CHSB 2024v2,2022,Greenview CHSB public dataset,25.514392,kgCO2e/occupied room-night,GLOBAL_UNKNOWN_FALLBACK,10183,False,True,Greenview / Cornell Hotel Sustainability Benchmarking Index,https://greenview.sg/resources/chsb-index/
2022,Mongolia,MNG,2,CHSB 2024v2,2022,Greenview CHSB public dataset,14.037051,kgCO2e/occupied room-night,GLOBAL_STAR_FALLBACK,2777,False,True,Greenview / Cornell Hotel Sustainability Benchmarking Index,https://greenview.sg/resources/chsb-index/
2022,Mongolia,MNG,3,CHSB 2024v2,2022,Greenview CHSB public dataset,19.102623,kgCO2e/occupied room-night,GLOBAL_STAR_FALLBACK,4306,False,True,Greenview / Cornell Hotel Sustainability Benchmarking Index,https://greenview.sg/resources/chsb-index/
2022,Mongolia,MNG,4,CHSB 2024v2,2022,Greenview CHSB public dataset,37.703218,kgCO2e/occupied room-night,GLOBAL_STAR_FALLBACK,2205,False,True,Greenview / Cornell Hotel Sustainability Benchmarking Index,https://greenview.sg/resources/chsb-index/
2022,Mongolia,MNG,5,CHSB 2024v2,2022,Greenview CHSB public dataset,78.970495,kgCO2e/occupied room-night,GLOBAL_STAR_FALLBACK,887,False,True,Greenview / Cornell Hotel Sustainability Benchmarking Index,https://greenview.sg/resources/chsb-index/
2022,Mongolia,MNG,unknown,CHSB 2024v2,2022,Greenview CHSB public dataset,25.514392,kgCO2e/occupied room-night,GLOBAL_UNKNOWN_FALLBACK,10183,False,True,Greenview / Cornell Hotel Sustainability Benchmarking Index,https://greenview.sg/resources/chsb-index/
2022,Montenegro,MNE,2,CHSB 2024v2,2022,Greenview CHSB public dataset,14.037051,kgCO2e/occupied room-night,GLOBAL_STAR_FALLBACK,2777,False,True,Greenview / Cornell Hotel Sustainability Benchmarking Index,https://greenview.sg/resources/chsb-index/
2022,Montenegro,MNE,3,CHSB 2024v2,2022,Greenview CHSB public dataset,19.102623,kgCO2e/occupied room-night,GLOBAL_STAR_FALLBACK,4306,False,True,Greenview / Cornell Hotel Sustainability Benchmarking Index,https://greenview.sg/resources/chsb-index/
2022,Montenegro,MNE,4,CHSB 2024v2,2022,Greenview CHSB public dataset,37.703218,kgCO2e/occupied room-night,GLOBAL_STAR_FALLBACK,2205,False,True,Greenview / Cornell Hotel Sustainability Benchmarking Index,https://greenview.sg/resources/chsb-index/
2022,Montenegro,MNE,5,CHSB 2024v2,2022,Greenview CHSB public dataset,78.970495,kgCO2e/occupied room-night,GLOBAL_STAR_FALLBACK,887,False,True,Greenview / Cornell Hotel Sustainability Benchmarking Index,https://greenview.sg/resources/chsb-index/
2022,Montenegro,MNE,unknown,CHSB 2024v2,2022,Greenview CHSB public dataset,25.514392,kgCO2e/occupied room-night,GLOBAL_UNKNOWN_FALLBACK,10183,False,True,Greenview / Cornell Hotel Sustainability Benchmarking Index,https://greenview.sg/resources/chsb-index/
2022,Montserrat,MSR,2,CHSB 2024v2,2022,Greenview CHSB public dataset,14.037051,kgCO2e/occupied room-night,GLOBAL_STAR_FALLBACK,2777,False,True,Greenview / Cornell Hotel Sustainability Benchmarking Index,https://greenview.sg/resources/chsb-index/
2022,Montserrat,MSR,3,CHSB 2024v2,2022,Greenview CHSB public dataset,19.102623,kgCO2e/occupied room-night,GLOBAL_STAR_FALLBACK,4306,False,True,Greenview / Cornell Hotel Sustainability Benchmarking Index,https://greenview.sg/resources/chsb-index/
2022,Montserrat,MSR,4,CHSB 2024v2,2022,Greenview CHSB public dataset,37.703218,kgCO2e/occupied room-night,GLOBAL_STAR_FALLBACK,2205,False,True,Greenview / Cornell Hotel Sustainability Benchmarking Index,https://greenview.sg/resources/chsb-index/
2022,Montserrat,MSR,5,CHSB 2024v2,2022,Greenview CHSB public dataset,78.970495,kgCO2e/occupied room-night,GLOBAL_STAR_FALLBACK,887,False,True,Greenview / Cornell Hotel Sustainability Benchmarking Index,https://greenview.sg/resources/chsb-index/
2022,Montserrat,MSR,unknown,CHSB 2024v2,2022,Greenview CHSB public dataset,25.514392,kgCO2e/occupied room-night,GLOBAL_UNKNOWN_FALLBACK,10183,False,True,Greenview / Cornell Hotel Sustainability Benchmarking Index,https://greenview.sg/resources/chsb-index/
2022,Mozambique,MOZ,2,CHSB 2024v2,2022,Greenview CHSB public dataset,14.037051,kgCO2e/occupied room-night,GLOBAL_STAR_FALLBACK,2777,False,True,Greenview / Cornell Hotel Sustainability Benchmarking Index,https://greenview.sg/resources/chsb-index/
2022,Mozambique,MOZ,3,CHSB 2024v2,2022,Greenview CHSB public dataset,19.102623,kgCO2e/occupied room-night,GLOBAL_STAR_FALLBACK,4306,False,True,Greenview / Cornell Hotel Sustainability Benchmarking Index,https://greenview.sg/resources/chsb-index/
2022,Mozambique,MOZ,4,CHSB 2024v2,2022,Greenview CHSB public dataset,37.703218,kgCO2e/occupied room-night,GLOBAL_STAR_FALLBACK,2205,False,True,Greenview / Cornell Hotel Sustainability Benchmarking Index,https://greenview.sg/resources/chsb-index/
2022,Mozambique,MOZ,5,CHSB 2024v2,2022,Greenview CHSB public dataset,78.970495,kgCO2e/occupied room-night,GLOBAL_STAR_FALLBACK,887,False,True,Greenview / Cornell Hotel Sustainability Benchmarking Index,https://greenview.sg/resources/chsb-index/
2022,Mozambique,MOZ,unknown,CHSB 2024v2,2022,Greenview CHSB public dataset,25.514392,kgCO2e/occupied room-night,GLOBAL_UNKNOWN_FALLBACK,10183,False,True,Greenview / Cornell Hotel Sustainability Benchmarking Index,https://greenview.sg/resources/chsb-index/
2022,Myanmar,MMR,2,CHSB 2024v2,2022,Greenview CHSB public dataset,14.037051,kgCO2e/occupied room-night,GLOBAL_STAR_FALLBACK,2777,False,True,Greenview / Cornell Hotel Sustainability Benchmarking Index,https://greenview.sg/resources/chsb-index/
2022,Myanmar,MMR,3,CHSB 2024v2,2022,Greenview CHSB public dataset,19.102623,kgCO2e/occupied room-night,GLOBAL_STAR_FALLBACK,4306,False,True,Greenview / Cornell Hotel Sustainability Benchmarking Index,https://greenview.sg/resources/chsb-index/
2022,Myanmar,MMR,4,CHSB 2024v2,2022,Greenview CHSB public dataset,37.703218,kgCO2e/occupied room-night,GLOBAL_STAR_FALLBACK,2205,False,True,Greenview / Cornell Hotel Sustainability Benchmarking Index,https://greenview.sg/resources/chsb-index/
2022,Myanmar,MMR,5,CHSB 2024v2,2022,Greenview CHSB public dataset,78.970495,kgCO2e/occupied room-night,GLOBAL_STAR_FALLBACK,887,False,True,Greenview / Cornell Hotel Sustainability Benchmarking Index,https://greenview.sg/resources/chsb-index/
2022,Myanmar,MMR,unknown,CHSB 2024v2,2022,Greenview CHSB public dataset,25.514392,kgCO2e/occupied room-night,GLOBAL_UNKNOWN_FALLBACK,10183,False,True,Greenview / Cornell Hotel Sustainability Benchmarking Index,https://greenview.sg/resources/chsb-index/
2022,México,MEX,2,CHSB 2024v2,2022,Greenview CHSB public dataset,13.99937,kgCO2e/occupied room-night,COUNTRY_STAR_WEIGHTED,47,False,False,Greenview / Cornell Hotel Sustainability Benchmarking Index,https://greenview.sg/resources/chsb-index/
2022,México,MEX,3,CHSB 2024v2,2022,Greenview CHSB public dataset,18.84822,kgCO2e/occupied room-night,COUNTRY_STAR_WEIGHTED,91,False,False,Greenview / Cornell Hotel Sustainability Benchmarking Index,https://greenview.sg/resources/chsb-index/
2022,México,MEX,4,CHSB 2024v2,2022,Greenview CHSB public dataset,39.827543,kgCO2e/occupied room-night,COUNTRY_STAR_WEIGHTED,67,False,False,Greenview / Cornell Hotel Sustainability Benchmarking Index,https://greenview.sg/resources/chsb-index/
2022,México,MEX,5,CHSB 2024v2,2022,Greenview CHSB public dataset,80.195331,kgCO2e/occupied room-night,COUNTRY_STAR_WEIGHTED,15,False,False,Greenview / Cornell Hotel Sustainability Benchmarking Index,https://greenview.sg/resources/chsb-index/
2022,México,MEX,unknown,CHSB 2024v2,2022,Greenview CHSB public dataset,22.862348,kgCO2e/occupied room-night,COUNTRY_NONRESORT,171,False,False,Greenview / Cornell Hotel Sustainability Benchmarking Index,https://greenview.sg/resources/chsb-index/
2022,Mónaco,MCO,2,CHSB 2024v2,2022,Greenview CHSB public dataset,14.037051,kgCO2e/occupied room-night,GLOBAL_STAR_FALLBACK,2777,False,True,Greenview / Cornell Hotel Sustainability Benchmarking Index,https://greenview.sg/resources/chsb-index/
2022,Mónaco,MCO,3,CHSB 2024v2,2022,Greenview CHSB public dataset,19.102623,kgCO2e/occupied room-night,GLOBAL_STAR_FALLBACK,4306,False,True,Greenview / Cornell Hotel Sustainability Benchmarking Index,https://greenview.sg/resources/chsb-index/
2022,Mónaco,MCO,4,CHSB 2024v2,2022,Greenview CHSB public dataset,37.703218,kgCO2e/occupied room-night,GLOBAL_STAR_FALLBACK,2205,False,True,Greenview / Cornell Hotel Sustainability Benchmarking Index,https://greenview.sg/resources/chsb-index/
2022,Mónaco,MCO,5,CHSB 2024v2,2022,Greenview CHSB public dataset,78.970495,kgCO2e/occupied room-night,GLOBAL_STAR_FALLBACK,887,False,True,Greenview / Cornell Hotel Sustainability Benchmarking Index,https://greenview.sg/resources/chsb-index/
2022,Mónaco,MCO,unknown,CHSB 2024v2,2022,Greenview CHSB public dataset,25.514392,kgCO2e/occupied room-night,GLOBAL_UNKNOWN_FALLBACK,10183,False,True,Greenview / Cornell Hotel Sustainability Benchmarking Index,https://greenview.sg/resources/chsb-index/
2022,Namibia,NAM,2,CHSB 2024v2,2022,Greenview CHSB public dataset,14.037051,kgCO2e/occupied room-night,GLOBAL_STAR_FALLBACK,2777,False,True,Greenview / Cornell Hotel Sustainability Benchmarking Index,https://greenview.sg/resources/chsb-index/
2022,Namibia,NAM,3,CHSB 2024v2,2022,Greenview CHSB public dataset,19.102623,kgCO2e/occupied room-night,GLOBAL_STAR_FALLBACK,4306,False,True,Greenview / Cornell Hotel Sustainability Benchmarking Index,https://greenview.sg/resources/chsb-index/
2022,Namibia,NAM,4,CHSB 2024v2,2022,Greenview CHSB public dataset,37.703218,kgCO2e/occupied room-night,GLOBAL_STAR_FALLBACK,2205,False,True,Greenview / Cornell Hotel Sustainability Benchmarking Index,https://greenview.sg/resources/chsb-index/
2022,Namibia,NAM,5,CHSB 2024v2,2022,Greenview CHSB public dataset,78.970495,kgCO2e/occupied room-night,GLOBAL_STAR_FALLBACK,887,False,True,Greenview / Cornell Hotel Sustainability Benchmarking Index,https://greenview.sg/resources/chsb-index/
2022,Namibia,NAM,unknown,CHSB 2024v2,2022,Greenview CHSB public dataset,25.514392,kgCO2e/occupied room-night,GLOBAL_UNKNOWN_FALLBACK,10183,False,True,Greenview / Cornell Hotel Sustainability Benchmarking Index,https://greenview.sg/resources/chsb-index/
2022,Nauru,NRU,2,CHSB 2024v2,2022,Greenview CHSB public dataset,14.037051,kgCO2e/occupied room-night,GLOBAL_STAR_FALLBACK,2777,False,True,Greenview / Cornell Hotel Sustainability Benchmarking Index,https://greenview.sg/resources/chsb-index/
2022,Nauru,NRU,3,CHSB 2024v2,2022,Greenview CHSB public dataset,19.102623,kgCO2e/occupied room-night,GLOBAL_STAR_FALLBACK,4306,False,True,Greenview / Cornell Hotel Sustainability Benchmarking Index,https://greenview.sg/resources/chsb-index/
2022,Nauru,NRU,4,CHSB 2024v2,2022,Greenview CHSB public dataset,37.703218,kgCO2e/occupied room-night,GLOBAL_STAR_FALLBACK,2205,False,True,Greenview / Cornell Hotel Sustainability Benchmarking Index,https://greenview.sg/resources/chsb-index/
2022,Nauru,NRU,5,CHSB 2024v2,2022,Greenview CHSB public dataset,78.970495,kgCO2e/occupied room-night,GLOBAL_STAR_FALLBACK,887,False,True,Greenview / Cornell Hotel Sustainability Benchmarking Index,https://greenview.sg/resources/chsb-index/
2022,Nauru,NRU,unknown,CHSB 2024v2,2022,Greenview CHSB public dataset,25.514392,kgCO2e/occupied room-night,GLOBAL_UNKNOWN_FALLBACK,10183,False,True,Greenview / Cornell Hotel Sustainability Benchmarking Index,https://greenview.sg/resources/chsb-index/
2022,Nepal,NPL,2,CHSB 2024v2,2022,Greenview CHSB public dataset,14.037051,kgCO2e/occupied room-night,GLOBAL_STAR_FALLBACK,2777,False,True,Greenview / Cornell Hotel Sustainability Benchmarking Index,https://greenview.sg/resources/chsb-index/
2022,Nepal,NPL,3,CHSB 2024v2,2022,Greenview CHSB public dataset,19.102623,kgCO2e/occupied room-night,GLOBAL_STAR_FALLBACK,4306,False,True,Greenview / Cornell Hotel Sustainability Benchmarking Index,https://greenview.sg/resources/chsb-index/
2022,Nepal,NPL,4,CHSB 2024v2,2022,Greenview CHSB public dataset,37.703218,kgCO2e/occupied room-night,GLOBAL_STAR_FALLBACK,2205,False,True,Greenview / Cornell Hotel Sustainability Benchmarking Index,https://greenview.sg/resources/chsb-index/
2022,Nepal,NPL,5,CHSB 2024v2,2022,Greenview CHSB public dataset,78.970495,kgCO2e/occupied room-night,GLOBAL_STAR_FALLBACK,887,False,True,Greenview / Cornell Hotel Sustainability Benchmarking Index,https://greenview.sg/resources/chsb-index/
2022,Nepal,NPL,unknown,CHSB 2024v2,2022,Greenview CHSB public dataset,25.514392,kgCO2e/occupied room-night,GLOBAL_UNKNOWN_FALLBACK,10183,False,True,Greenview / Cornell Hotel Sustainability Benchmarking Index,https://greenview.sg/resources/chsb-index/
2022,Nicaragua,NIC,2,CHSB 2024v2,2022,Greenview CHSB public dataset,14.037051,kgCO2e/occupied room-night,GLOBAL_STAR_FALLBACK,2777,False,True,Greenview / Cornell Hotel Sustainability Benchmarking Index,https://greenview.sg/resources/chsb-index/
2022,Nicaragua,NIC,3,CHSB 2024v2,2022,Greenview CHSB public dataset,19.102623,kgCO2e/occupied room-night,GLOBAL_STAR_FALLBACK,4306,False,True,Greenview / Cornell Hotel Sustainability Benchmarking Index,https://greenview.sg/resources/chsb-index/
2022,Nicaragua,NIC,4,CHSB 2024v2,2022,Greenview CHSB public dataset,37.703218,kgCO2e/occupied room-night,GLOBAL_STAR_FALLBACK,2205,False,True,Greenview / Cornell Hotel Sustainability Benchmarking Index,https://greenview.sg/resources/chsb-index/
2022,Nicaragua,NIC,5,CHSB 2024v2,2022,Greenview CHSB public dataset,78.970495,kgCO2e/occupied room-night,GLOBAL_STAR_FALLBACK,887,False,True,Greenview / Cornell Hotel Sustainability Benchmarking Index,https://greenview.sg/resources/chsb-index/
2022,Nicaragua,NIC,unknown,CHSB 2024v2,2022,Greenview CHSB public dataset,25.514392,kgCO2e/occupied room-night,GLOBAL_UNKNOWN_FALLBACK,10183,False,True,Greenview / Cornell Hotel Sustainability Benchmarking Index,https://greenview.sg/resources/chsb-index/
2022,Nigeria,NGA,2,CHSB 2024v2,2022,Greenview CHSB public dataset,14.037051,kgCO2e/occupied room-night,GLOBAL_STAR_FALLBACK,2777,False,True,Greenview / Cornell Hotel Sustainability Benchmarking Index,https://greenview.sg/resources/chsb-index/
2022,Nigeria,NGA,3,CHSB 2024v2,2022,Greenview CHSB public dataset,19.102623,kgCO2e/occupied room-night,GLOBAL_STAR_FALLBACK,4306,False,True,Greenview / Cornell Hotel Sustainability Benchmarking Index,https://greenview.sg/resources/chsb-index/
2022,Nigeria,NGA,4,CHSB 2024v2,2022,Greenview CHSB public dataset,37.703218,kgCO2e/occupied room-night,GLOBAL_STAR_FALLBACK,2205,False,True,Greenview / Cornell Hotel Sustainability Benchmarking Index,https://greenview.sg/resources/chsb-index/
2022,Nigeria,NGA,5,CHSB 2024v2,2022,Greenview CHSB public dataset,78.970495,kgCO2e/occupied room-night,GLOBAL_STAR_FALLBACK,887,False,True,Greenview / Cornell Hotel Sustainability Benchmarking Index,https://greenview.sg/resources/chsb-index/
2022,Nigeria,NGA,unknown,CHSB 2024v2,2022,Greenview CHSB public dataset,25.514392,kgCO2e/occupied room-night,GLOBAL_UNKNOWN_FALLBACK,10183,False,True,Greenview / Cornell Hotel Sustainability Benchmarking Index,https://greenview.sg/resources/chsb-index/
2022,Niue,NIU,2,CHSB 2024v2,2022,Greenview CHSB public dataset,14.037051,kgCO2e/occupied room-night,GLOBAL_STAR_FALLBACK,2777,False,True,Greenview / Cornell Hotel Sustainability Benchmarking Index,https://greenview.sg/resources/chsb-index/
2022,Niue,NIU,3,CHSB 2024v2,2022,Greenview CHSB public dataset,19.102623,kgCO2e/occupied room-night,GLOBAL_STAR_FALLBACK,4306,False,True,Greenview / Cornell Hotel Sustainability Benchmarking Index,https://greenview.sg/resources/chsb-index/
2022,Niue,NIU,4,CHSB 2024v2,2022,Greenview CHSB public dataset,37.703218,kgCO2e/occupied room-night,GLOBAL_STAR_FALLBACK,2205,False,True,Greenview / Cornell Hotel Sustainability Benchmarking Index,https://greenview.sg/resources/chsb-index/
2022,Niue,NIU,5,CHSB 2024v2,2022,Greenview CHSB public dataset,78.970495,kgCO2e/occupied room-night,GLOBAL_STAR_FALLBACK,887,False,True,Greenview / Cornell Hotel Sustainability Benchmarking Index,https://greenview.sg/resources/chsb-index/
2022,Niue,NIU,unknown,CHSB 2024v2,2022,Greenview CHSB public dataset,25.514392,kgCO2e/occupied room-night,GLOBAL_UNKNOWN_FALLBACK,10183,False,True,Greenview / Cornell Hotel Sustainability Benchmarking Index,https://greenview.sg/resources/chsb-index/
2022,Noruega,NOR,2,CHSB 2024v2,2022,Greenview CHSB public dataset,14.037051,kgCO2e/occupied room-night,GLOBAL_STAR_FALLBACK,2777,False,True,Greenview / Cornell Hotel Sustainability Benchmarking Index,https://greenview.sg/resources/chsb-index/
2022,Noruega,NOR,3,CHSB 2024v2,2022,Greenview CHSB public dataset,19.102623,kgCO2e/occupied room-night,GLOBAL_STAR_FALLBACK,4306,False,True,Greenview / Cornell Hotel Sustainability Benchmarking Index,https://greenview.sg/resources/chsb-index/
2022,Noruega,NOR,4,CHSB 2024v2,2022,Greenview CHSB public dataset,37.703218,kgCO2e/occupied room-night,GLOBAL_STAR_FALLBACK,2205,False,True,Greenview / Cornell Hotel Sustainability Benchmarking Index,https://greenview.sg/resources/chsb-index/
2022,Noruega,NOR,5,CHSB 2024v2,2022,Greenview CHSB public dataset,78.970495,kgCO2e/occupied room-night,GLOBAL_STAR_FALLBACK,887,False,True,Greenview / Cornell Hotel Sustainability Benchmarking Index,https://greenview.sg/resources/chsb-index/
2022,Noruega,NOR,unknown,CHSB 2024v2,2022,Greenview CHSB public dataset,25.514392,kgCO2e/occupied room-night,GLOBAL_UNKNOWN_FALLBACK,10183,False,True,Greenview / Cornell Hotel Sustainability Benchmarking Index,https://greenview.sg/resources/chsb-index/
2022,Nueva Caledonia,NCL,2,CHSB 2024v2,2022,Greenview CHSB public dataset,14.037051,kgCO2e/occupied room-night,GLOBAL_STAR_FALLBACK,2777,False,True,Greenview / Cornell Hotel Sustainability Benchmarking Index,https://greenview.sg/resources/chsb-index/
2022,Nueva Caledonia,NCL,3,CHSB 2024v2,2022,Greenview CHSB public dataset,19.102623,kgCO2e/occupied room-night,GLOBAL_STAR_FALLBACK,4306,False,True,Greenview / Cornell Hotel Sustainability Benchmarking Index,https://greenview.sg/resources/chsb-index/
2022,Nueva Caledonia,NCL,4,CHSB 2024v2,2022,Greenview CHSB public dataset,37.703218,kgCO2e/occupied room-night,GLOBAL_STAR_FALLBACK,2205,False,True,Greenview / Cornell Hotel Sustainability Benchmarking Index,https://greenview.sg/resources/chsb-index/
2022,Nueva Caledonia,NCL,5,CHSB 2024v2,2022,Greenview CHSB public dataset,78.970495,kgCO2e/occupied room-night,GLOBAL_STAR_FALLBACK,887,False,True,Greenview / Cornell Hotel Sustainability Benchmarking Index,https://greenview.sg/resources/chsb-index/
2022,Nueva Caledonia,NCL,unknown,CHSB 2024v2,2022,Greenview CHSB public dataset,25.514392,kgCO2e/occupied room-night,GLOBAL_UNKNOWN_FALLBACK,10183,False,True,Greenview / Cornell Hotel Sustainability Benchmarking Index,https://greenview.sg/resources/chsb-index/
2022,Nueva Zelanda,NZL,2,CHSB 2024v2,2022,Greenview CHSB public dataset,14.037051,kgCO2e/occupied room-night,GLOBAL_STAR_FALLBACK,2777,False,True,Greenview / Cornell Hotel Sustainability Benchmarking Index,https://greenview.sg/resources/chsb-index/
2022,Nueva Zelanda,NZL,3,CHSB 2024v2,2022,Greenview CHSB public dataset,19.102623,kgCO2e/occupied room-night,GLOBAL_STAR_FALLBACK,4306,False,True,Greenview / Cornell Hotel Sustainability Benchmarking Index,https://greenview.sg/resources/chsb-index/
2022,Nueva Zelanda,NZL,4,CHSB 2024v2,2022,Greenview CHSB public dataset,37.703218,kgCO2e/occupied room-night,GLOBAL_STAR_FALLBACK,2205,False,True,Greenview / Cornell Hotel Sustainability Benchmarking Index,https://greenview.sg/resources/chsb-index/
2022,Nueva Zelanda,NZL,5,CHSB 2024v2,2022,Greenview CHSB public dataset,78.970495,kgCO2e/occupied room-night,GLOBAL_STAR_FALLBACK,887,False,True,Greenview / Cornell Hotel Sustainability Benchmarking Index,https://greenview.sg/resources/chsb-index/
2022,Nueva Zelanda,NZL,unknown,CHSB 2024v2,2022,Greenview CHSB public dataset,13.77292,kgCO2e/occupied room-night,COUNTRY_NONRESORT,8,False,False,Greenview / Cornell Hotel Sustainability Benchmarking Index,https://greenview.sg/resources/chsb-index/
2022,Níger,NER,2,CHSB 2024v2,2022,Greenview CHSB public dataset,14.037051,kgCO2e/occupied room-night,GLOBAL_STAR_FALLBACK,2777,False,True,Greenview / Cornell Hotel Sustainability Benchmarking Index,https://greenview.sg/resources/chsb-index/
2022,Níger,NER,3,CHSB 2024v2,2022,Greenview CHSB public dataset,19.102623,kgCO2e/occupied room-night,GLOBAL_STAR_FALLBACK,4306,False,True,Greenview / Cornell Hotel Sustainability Benchmarking Index,https://greenview.sg/resources/chsb-index/
2022,Níger,NER,4,CHSB 2024v2,2022,Greenview CHSB public dataset,37.703218,kgCO2e/occupied room-night,GLOBAL_STAR_FALLBACK,2205,False,True,Greenview / Cornell Hotel Sustainability Benchmarking Index,https://greenview.sg/resources/chsb-index/
2022,Níger,NER,5,CHSB 2024v2,2022,Greenview CHSB public dataset,78.970495,kgCO2e/occupied room-night,GLOBAL_STAR_FALLBACK,887,False,True,Greenview / Cornell Hotel Sustainability Benchmarking Index,https://greenview.sg/resources/chsb-index/
2022,Níger,NER,unknown,CHSB 2024v2,2022,Greenview CHSB public dataset,25.514392,kgCO2e/occupied room-night,GLOBAL_UNKNOWN_FALLBACK,10183,False,True,Greenview / Cornell Hotel Sustainability Benchmarking Index,https://greenview.sg/resources/chsb-index/
2022,Omán,OMN,2,CHSB 2024v2,2022,Greenview CHSB public dataset,14.037051,kgCO2e/occupied room-night,GLOBAL_STAR_FALLBACK,2777,False,True,Greenview / Cornell Hotel Sustainability Benchmarking Index,https://greenview.sg/resources/chsb-index/
2022,Omán,OMN,3,CHSB 2024v2,2022,Greenview CHSB public dataset,19.102623,kgCO2e/occupied room-night,GLOBAL_STAR_FALLBACK,4306,False,True,Greenview / Cornell Hotel Sustainability Benchmarking Index,https://greenview.sg/resources/chsb-index/
2022,Omán,OMN,4,CHSB 2024v2,2022,Greenview CHSB public dataset,54.020263,kgCO2e/occupied room-night,COUNTRY_STAR_WEIGHTED,8,False,False,Greenview / Cornell Hotel Sustainability Benchmarking Index,https://greenview.sg/resources/chsb-index/
2022,Omán,OMN,5,CHSB 2024v2,2022,Greenview CHSB public dataset,78.970495,kgCO2e/occupied room-night,GLOBAL_STAR_FALLBACK,887,False,True,Greenview / Cornell Hotel Sustainability Benchmarking Index,https://greenview.sg/resources/chsb-index/
2022,Omán,OMN,unknown,CHSB 2024v2,2022,Greenview CHSB public dataset,70.852017,kgCO2e/occupied room-night,COUNTRY_NONRESORT,13,False,False,Greenview / Cornell Hotel Sustainability Benchmarking Index,https://greenview.sg/resources/chsb-index/
2022,Pakistán,PAK,2,CHSB 2024v2,2022,Greenview CHSB public dataset,14.037051,kgCO2e/occupied room-night,GLOBAL_STAR_FALLBACK,2777,False,True,Greenview / Cornell Hotel Sustainability Benchmarking Index,https://greenview.sg/resources/chsb-index/
2022,Pakistán,PAK,3,CHSB 2024v2,2022,Greenview CHSB public dataset,19.102623,kgCO2e/occupied room-night,GLOBAL_STAR_FALLBACK,4306,False,True,Greenview / Cornell Hotel Sustainability Benchmarking Index,https://greenview.sg/resources/chsb-index/
2022,Pakistán,PAK,4,CHSB 2024v2,2022,Greenview CHSB public dataset,37.703218,kgCO2e/occupied room-night,GLOBAL_STAR_FALLBACK,2205,False,True,Greenview / Cornell Hotel Sustainability Benchmarking Index,https://greenview.sg/resources/chsb-index/
2022,Pakistán,PAK,5,CHSB 2024v2,2022,Greenview CHSB public dataset,78.970495,kgCO2e/occupied room-night,GLOBAL_STAR_FALLBACK,887,False,True,Greenview / Cornell Hotel Sustainability Benchmarking Index,https://greenview.sg/resources/chsb-index/
2022,Pakistán,PAK,unknown,CHSB 2024v2,2022,Greenview CHSB public dataset,25.514392,kgCO2e/occupied room-night,GLOBAL_UNKNOWN_FALLBACK,10183,False,True,Greenview / Cornell Hotel Sustainability Benchmarking Index,https://greenview.sg/resources/chsb-index/
2022,Palaos,PLW,2,CHSB 2024v2,2022,Greenview CHSB public dataset,14.037051,kgCO2e/occupied room-night,GLOBAL_STAR_FALLBACK,2777,False,True,Greenview / Cornell Hotel Sustainability Benchmarking Index,https://greenview.sg/resources/chsb-index/
2022,Palaos,PLW,3,CHSB 2024v2,2022,Greenview CHSB public dataset,19.102623,kgCO2e/occupied room-night,GLOBAL_STAR_FALLBACK,4306,False,True,Greenview / Cornell Hotel Sustainability Benchmarking Index,https://greenview.sg/resources/chsb-index/
2022,Palaos,PLW,4,CHSB 2024v2,2022,Greenview CHSB public dataset,37.703218,kgCO2e/occupied room-night,GLOBAL_STAR_FALLBACK,2205,False,True,Greenview / Cornell Hotel Sustainability Benchmarking Index,https://greenview.sg/resources/chsb-index/
2022,Palaos,PLW,5,CHSB 2024v2,2022,Greenview CHSB public dataset,78.970495,kgCO2e/occupied room-night,GLOBAL_STAR_FALLBACK,887,False,True,Greenview / Cornell Hotel Sustainability Benchmarking Index,https://greenview.sg/resources/chsb-index/
2022,Palaos,PLW,unknown,CHSB 2024v2,2022,Greenview CHSB public dataset,25.514392,kgCO2e/occupied room-night,GLOBAL_UNKNOWN_FALLBACK,10183,False,True,Greenview / Cornell Hotel Sustainability Benchmarking Index,https://greenview.sg/resources/chsb-index/
2022,Palestina,PSE,2,CHSB 2024v2,2022,Greenview CHSB public dataset,14.037051,kgCO2e/occupied room-night,GLOBAL_STAR_FALLBACK,2777,False,True,Greenview / Cornell Hotel Sustainability Benchmarking Index,https://greenview.sg/resources/chsb-index/
2022,Palestina,PSE,3,CHSB 2024v2,2022,Greenview CHSB public dataset,19.102623,kgCO2e/occupied room-night,GLOBAL_STAR_FALLBACK,4306,False,True,Greenview / Cornell Hotel Sustainability Benchmarking Index,https://greenview.sg/resources/chsb-index/
2022,Palestina,PSE,4,CHSB 2024v2,2022,Greenview CHSB public dataset,37.703218,kgCO2e/occupied room-night,GLOBAL_STAR_FALLBACK,2205,False,True,Greenview / Cornell Hotel Sustainability Benchmarking Index,https://greenview.sg/resources/chsb-index/
2022,Palestina,PSE,5,CHSB 2024v2,2022,Greenview CHSB public dataset,78.970495,kgCO2e/occupied room-night,GLOBAL_STAR_FALLBACK,887,False,True,Greenview / Cornell Hotel Sustainability Benchmarking Index,https://greenview.sg/resources/chsb-index/
2022,Palestina,PSE,unknown,CHSB 2024v2,2022,Greenview CHSB public dataset,25.514392,kgCO2e/occupied room-night,GLOBAL_UNKNOWN_FALLBACK,10183,False,True,Greenview / Cornell Hotel Sustainability Benchmarking Index,https://greenview.sg/resources/chsb-index/
2022,Panamá,PAN,2,CHSB 2024v2,2022,Greenview CHSB public dataset,14.037051,kgCO2e/occupied room-night,GLOBAL_STAR_FALLBACK,2777,False,True,Greenview / Cornell Hotel Sustainability Benchmarking Index,https://greenview.sg/resources/chsb-index/
2022,Panamá,PAN,3,CHSB 2024v2,2022,Greenview CHSB public dataset,19.102623,kgCO2e/occupied room-night,GLOBAL_STAR_FALLBACK,4306,False,True,Greenview / Cornell Hotel Sustainability Benchmarking Index,https://greenview.sg/resources/chsb-index/
2022,Panamá,PAN,4,CHSB 2024v2,2022,Greenview CHSB public dataset,37.703218,kgCO2e/occupied room-night,GLOBAL_STAR_FALLBACK,2205,False,True,Greenview / Cornell Hotel Sustainability Benchmarking Index,https://greenview.sg/resources/chsb-index/
2022,Panamá,PAN,5,CHSB 2024v2,2022,Greenview CHSB public dataset,78.970495,kgCO2e/occupied room-night,GLOBAL_STAR_FALLBACK,887,False,True,Greenview / Cornell Hotel Sustainability Benchmarking Index,https://greenview.sg/resources/chsb-index/
2022,Panamá,PAN,unknown,CHSB 2024v2,2022,Greenview CHSB public dataset,23.855611,kgCO2e/occupied room-night,COUNTRY_NONRESORT,13,False,False,Greenview / Cornell Hotel Sustainability Benchmarking Index,https://greenview.sg/resources/chsb-index/
2022,Papúa Nueva Guinea,PNG,2,CHSB 2024v2,2022,Greenview CHSB public dataset,14.037051,kgCO2e/occupied room-night,GLOBAL_STAR_FALLBACK,2777,False,True,Greenview / Cornell Hotel Sustainability Benchmarking Index,https://greenview.sg/resources/chsb-index/
2022,Papúa Nueva Guinea,PNG,3,CHSB 2024v2,2022,Greenview CHSB public dataset,19.102623,kgCO2e/occupied room-night,GLOBAL_STAR_FALLBACK,4306,False,True,Greenview / Cornell Hotel Sustainability Benchmarking Index,https://greenview.sg/resources/chsb-index/
2022,Papúa Nueva Guinea,PNG,4,CHSB 2024v2,2022,Greenview CHSB public dataset,37.703218,kgCO2e/occupied room-night,GLOBAL_STAR_FALLBACK,2205,False,True,Greenview / Cornell Hotel Sustainability Benchmarking Index,https://greenview.sg/resources/chsb-index/
2022,Papúa Nueva Guinea,PNG,5,CHSB 2024v2,2022,Greenview CHSB public dataset,78.970495,kgCO2e/occupied room-night,GLOBAL_STAR_FALLBACK,887,False,True,Greenview / Cornell Hotel Sustainability Benchmarking Index,https://greenview.sg/resources/chsb-index/
2022,Papúa Nueva Guinea,PNG,unknown,CHSB 2024v2,2022,Greenview CHSB public dataset,25.514392,kgCO2e/occupied room-night,GLOBAL_UNKNOWN_FALLBACK,10183,False,True,Greenview / Cornell Hotel Sustainability Benchmarking Index,https://greenview.sg/resources/chsb-index/
2022,Paraguay,PRY,2,CHSB 2024v2,2022,Greenview CHSB public dataset,14.037051,kgCO2e/occupied room-night,GLOBAL_STAR_FALLBACK,2777,False,True,Greenview / Cornell Hotel Sustainability Benchmarking Index,https://greenview.sg/resources/chsb-index/
2022,Paraguay,PRY,3,CHSB 2024v2,2022,Greenview CHSB public dataset,19.102623,kgCO2e/occupied room-night,GLOBAL_STAR_FALLBACK,4306,False,True,Greenview / Cornell Hotel Sustainability Benchmarking Index,https://greenview.sg/resources/chsb-index/
2022,Paraguay,PRY,4,CHSB 2024v2,2022,Greenview CHSB public dataset,37.703218,kgCO2e/occupied room-night,GLOBAL_STAR_FALLBACK,2205,False,True,Greenview / Cornell Hotel Sustainability Benchmarking Index,https://greenview.sg/resources/chsb-index/
2022,Paraguay,PRY,5,CHSB 2024v2,2022,Greenview CHSB public dataset,78.970495,kgCO2e/occupied room-night,GLOBAL_STAR_FALLBACK,887,False,True,Greenview / Cornell Hotel Sustainability Benchmarking Index,https://greenview.sg/resources/chsb-index/
2022,Paraguay,PRY,unknown,CHSB 2024v2,2022,Greenview CHSB public dataset,25.514392,kgCO2e/occupied room-night,GLOBAL_UNKNOWN_FALLBACK,10183,False,True,Greenview / Cornell Hotel Sustainability Benchmarking Index,https://greenview.sg/resources/chsb-index/
2022,Países Bajos,NLD,2,CHSB 2024v2,2022,Greenview CHSB public dataset,14.037051,kgCO2e/occupied room-night,GLOBAL_STAR_FALLBACK,2777,False,True,Greenview / Cornell Hotel Sustainability Benchmarking Index,https://greenview.sg/resources/chsb-index/
2022,Países Bajos,NLD,3,CHSB 2024v2,2022,Greenview CHSB public dataset,13.238811,kgCO2e/occupied room-night,COUNTRY_STAR_WEIGHTED,10,False,False,Greenview / Cornell Hotel Sustainability Benchmarking Index,https://greenview.sg/resources/chsb-index/
2022,Países Bajos,NLD,4,CHSB 2024v2,2022,Greenview CHSB public dataset,15.986997,kgCO2e/occupied room-night,COUNTRY_STAR_WEIGHTED,16,False,False,Greenview / Cornell Hotel Sustainability Benchmarking Index,https://greenview.sg/resources/chsb-index/
2022,Países Bajos,NLD,5,CHSB 2024v2,2022,Greenview CHSB public dataset,78.970495,kgCO2e/occupied room-night,GLOBAL_STAR_FALLBACK,887,False,True,Greenview / Cornell Hotel Sustainability Benchmarking Index,https://greenview.sg/resources/chsb-index/
2022,Países Bajos,NLD,unknown,CHSB 2024v2,2022,Greenview CHSB public dataset,17.201777,kgCO2e/occupied room-night,COUNTRY_NONRESORT,34,False,False,Greenview / Cornell Hotel Sustainability Benchmarking Index,https://greenview.sg/resources/chsb-index/
2022,Perú,PER,2,CHSB 2024v2,2022,Greenview CHSB public dataset,14.037051,kgCO2e/occupied room-night,GLOBAL_STAR_FALLBACK,2777,False,True,Greenview / Cornell Hotel Sustainability Benchmarking Index,https://greenview.sg/resources/chsb-index/
2022,Perú,PER,3,CHSB 2024v2,2022,Greenview CHSB public dataset,19.102623,kgCO2e/occupied room-night,GLOBAL_STAR_FALLBACK,4306,False,True,Greenview / Cornell Hotel Sustainability Benchmarking Index,https://greenview.sg/resources/chsb-index/
2022,Perú,PER,4,CHSB 2024v2,2022,Greenview CHSB public dataset,37.703218,kgCO2e/occupied room-night,GLOBAL_STAR_FALLBACK,2205,False,True,Greenview / Cornell Hotel Sustainability Benchmarking Index,https://greenview.sg/resources/chsb-index/
2022,Perú,PER,5,CHSB 2024v2,2022,Greenview CHSB public dataset,78.970495,kgCO2e/occupied room-night,GLOBAL_STAR_FALLBACK,887,False,True,Greenview / Cornell Hotel Sustainability Benchmarking Index,https://greenview.sg/resources/chsb-index/
2022,Perú,PER,unknown,CHSB 2024v2,2022,Greenview CHSB public dataset,19.816284,kgCO2e/occupied room-night,COUNTRY_NONRESORT,15,False,False,Greenview / Cornell Hotel Sustainability Benchmarking Index,https://greenview.sg/resources/chsb-index/
2022,Polonia,POL,2,CHSB 2024v2,2022,Greenview CHSB public dataset,14.037051,kgCO2e/occupied room-night,GLOBAL_STAR_FALLBACK,2777,False,True,Greenview / Cornell Hotel Sustainability Benchmarking Index,https://greenview.sg/resources/chsb-index/
2022,Polonia,POL,3,CHSB 2024v2,2022,Greenview CHSB public dataset,28.812017,kgCO2e/occupied room-night,COUNTRY_STAR_WEIGHTED,8,False,False,Greenview / Cornell Hotel Sustainability Benchmarking Index,https://greenview.sg/resources/chsb-index/
2022,Polonia,POL,4,CHSB 2024v2,2022,Greenview CHSB public dataset,37.703218,kgCO2e/occupied room-night,GLOBAL_STAR_FALLBACK,2205,False,True,Greenview / Cornell Hotel Sustainability Benchmarking Index,https://greenview.sg/resources/chsb-index/
2022,Polonia,POL,5,CHSB 2024v2,2022,Greenview CHSB public dataset,44.07903,kgCO2e/occupied room-night,COUNTRY_STAR_WEIGHTED,8,False,False,Greenview / Cornell Hotel Sustainability Benchmarking Index,https://greenview.sg/resources/chsb-index/
2022,Polonia,POL,unknown,CHSB 2024v2,2022,Greenview CHSB public dataset,32.710382,kgCO2e/occupied room-night,COUNTRY_NONRESORT,24,False,False,Greenview / Cornell Hotel Sustainability Benchmarking Index,https://greenview.sg/resources/chsb-index/
2022,Portugal,PRT,2,CHSB 2024v2,2022,Greenview CHSB public dataset,14.037051,kgCO2e/occupied room-night,GLOBAL_STAR_FALLBACK,2777,False,True,Greenview / Cornell Hotel Sustainability Benchmarking Index,https://greenview.sg/resources/chsb-index/
2022,Portugal,PRT,3,CHSB 2024v2,2022,Greenview CHSB public dataset,19.102623,kgCO2e/occupied room-night,GLOBAL_STAR_FALLBACK,4306,False,True,Greenview / Cornell Hotel Sustainability Benchmarking Index,https://greenview.sg/resources/chsb-index/
2022,Portugal,PRT,4,CHSB 2024v2,2022,Greenview CHSB public dataset,37.703218,kgCO2e/occupied room-night,GLOBAL_STAR_FALLBACK,2205,False,True,Greenview / Cornell Hotel Sustainability Benchmarking Index,https://greenview.sg/resources/chsb-index/
2022,Portugal,PRT,5,CHSB 2024v2,2022,Greenview CHSB public dataset,78.970495,kgCO2e/occupied room-night,GLOBAL_STAR_FALLBACK,887,False,True,Greenview / Cornell Hotel Sustainability Benchmarking Index,https://greenview.sg/resources/chsb-index/
2022,Portugal,PRT,unknown,CHSB 2024v2,2022,Greenview CHSB public dataset,12.688667,kgCO2e/occupied room-night,COUNTRY_NONRESORT,17,False,False,Greenview / Cornell Hotel Sustainability Benchmarking Index,https://greenview.sg/resources/chsb-index/
2022,Puerto Rico,PRI,2,CHSB 2024v2,2022,Greenview CHSB public dataset,14.037051,kgCO2e/occupied room-night,GLOBAL_STAR_FALLBACK,2777,False,True,Greenview / Cornell Hotel Sustainability Benchmarking Index,https://greenview.sg/resources/chsb-index/
2022,Puerto Rico,PRI,3,CHSB 2024v2,2022,Greenview CHSB public dataset,19.102623,kgCO2e/occupied room-night,GLOBAL_STAR_FALLBACK,4306,False,True,Greenview / Cornell Hotel Sustainability Benchmarking Index,https://greenview.sg/resources/chsb-index/
2022,Puerto Rico,PRI,4,CHSB 2024v2,2022,Greenview CHSB public dataset,37.703218,kgCO2e/occupied room-night,GLOBAL_STAR_FALLBACK,2205,False,True,Greenview / Cornell Hotel Sustainability Benchmarking Index,https://greenview.sg/resources/chsb-index/
2022,Puerto Rico,PRI,5,CHSB 2024v2,2022,Greenview CHSB public dataset,78.970495,kgCO2e/occupied room-night,GLOBAL_STAR_FALLBACK,887,False,True,Greenview / Cornell Hotel Sustainability Benchmarking Index,https://greenview.sg/resources/chsb-index/
2022,Puerto Rico,PRI,unknown,CHSB 2024v2,2022,Greenview CHSB public dataset,25.514392,kgCO2e/occupied room-night,GLOBAL_UNKNOWN_FALLBACK,10183,False,True,Greenview / Cornell Hotel Sustainability Benchmarking Index,https://greenview.sg/resources/chsb-index/
2022,Reino Unido,GBR,2,CHSB 2024v2,2022,Greenview CHSB public dataset,6.850676,kgCO2e/occupied room-night,COUNTRY_STAR_WEIGHTED,28,False,False,Greenview / Cornell Hotel Sustainability Benchmarking Index,https://greenview.sg/resources/chsb-index/
2022,Reino Unido,GBR,3,CHSB 2024v2,2022,Greenview CHSB public dataset,9.929003,kgCO2e/occupied room-night,COUNTRY_STAR_WEIGHTED,116,False,False,Greenview / Cornell Hotel Sustainability Benchmarking Index,https://greenview.sg/resources/chsb-index/
2022,Reino Unido,GBR,4,CHSB 2024v2,2022,Greenview CHSB public dataset,15.920842,kgCO2e/occupied room-night,COUNTRY_STAR_WEIGHTED,116,False,False,Greenview / Cornell Hotel Sustainability Benchmarking Index,https://greenview.sg/resources/chsb-index/
2022,Reino Unido,GBR,5,CHSB 2024v2,2022,Greenview CHSB public dataset,24.029055,kgCO2e/occupied room-night,COUNTRY_STAR_WEIGHTED,19,False,False,Greenview / Cornell Hotel Sustainability Benchmarking Index,https://greenview.sg/resources/chsb-index/
2022,Reino Unido,GBR,unknown,CHSB 2024v2,2022,Greenview CHSB public dataset,13.071516,kgCO2e/occupied room-night,COUNTRY_NONRESORT,279,False,False,Greenview / Cornell Hotel Sustainability Benchmarking Index,https://greenview.sg/resources/chsb-index/
2022,República Centroafricana,CAF,2,CHSB 2024v2,2022,Greenview CHSB public dataset,14.037051,kgCO2e/occupied room-night,GLOBAL_STAR_FALLBACK,2777,False,True,Greenview / Cornell Hotel Sustainability Benchmarking Index,https://greenview.sg/resources/chsb-index/
2022,República Centroafricana,CAF,3,CHSB 2024v2,2022,Greenview CHSB public dataset,19.102623,kgCO2e/occupied room-night,GLOBAL_STAR_FALLBACK,4306,False,True,Greenview / Cornell Hotel Sustainability Benchmarking Index,https://greenview.sg/resources/chsb-index/
2022,República Centroafricana,CAF,4,CHSB 2024v2,2022,Greenview CHSB public dataset,37.703218,kgCO2e/occupied room-night,GLOBAL_STAR_FALLBACK,2205,False,True,Greenview / Cornell Hotel Sustainability Benchmarking Index,https://greenview.sg/resources/chsb-index/
2022,República Centroafricana,CAF,5,CHSB 2024v2,2022,Greenview CHSB public dataset,78.970495,kgCO2e/occupied room-night,GLOBAL_STAR_FALLBACK,887,False,True,Greenview / Cornell Hotel Sustainability Benchmarking Index,https://greenview.sg/resources/chsb-index/
2022,República Centroafricana,CAF,unknown,CHSB 2024v2,2022,Greenview CHSB public dataset,25.514392,kgCO2e/occupied room-night,GLOBAL_UNKNOWN_FALLBACK,10183,False,True,Greenview / Cornell Hotel Sustainability Benchmarking Index,https://greenview.sg/resources/chsb-index/
2022,República Democrática del Congo,COD,2,CHSB 2024v2,2022,Greenview CHSB public dataset,14.037051,kgCO2e/occupied room-night,GLOBAL_STAR_FALLBACK,2777,False,True,Greenview / Cornell Hotel Sustainability Benchmarking Index,https://greenview.sg/resources/chsb-index/
2022,República Democrática del Congo,COD,3,CHSB 2024v2,2022,Greenview CHSB public dataset,19.102623,kgCO2e/occupied room-night,GLOBAL_STAR_FALLBACK,4306,False,True,Greenview / Cornell Hotel Sustainability Benchmarking Index,https://greenview.sg/resources/chsb-index/
2022,República Democrática del Congo,COD,4,CHSB 2024v2,2022,Greenview CHSB public dataset,37.703218,kgCO2e/occupied room-night,GLOBAL_STAR_FALLBACK,2205,False,True,Greenview / Cornell Hotel Sustainability Benchmarking Index,https://greenview.sg/resources/chsb-index/
2022,República Democrática del Congo,COD,5,CHSB 2024v2,2022,Greenview CHSB public dataset,78.970495,kgCO2e/occupied room-night,GLOBAL_STAR_FALLBACK,887,False,True,Greenview / Cornell Hotel Sustainability Benchmarking Index,https://greenview.sg/resources/chsb-index/
2022,República Democrática del Congo,COD,unknown,CHSB 2024v2,2022,Greenview CHSB public dataset,25.514392,kgCO2e/occupied room-night,GLOBAL_UNKNOWN_FALLBACK,10183,False,True,Greenview / Cornell Hotel Sustainability Benchmarking Index,https://greenview.sg/resources/chsb-index/
2022,República Dominicana,DOM,2,CHSB 2024v2,2022,Greenview CHSB public dataset,14.037051,kgCO2e/occupied room-night,GLOBAL_STAR_FALLBACK,2777,False,True,Greenview / Cornell Hotel Sustainability Benchmarking Index,https://greenview.sg/resources/chsb-index/
2022,República Dominicana,DOM,3,CHSB 2024v2,2022,Greenview CHSB public dataset,19.102623,kgCO2e/occupied room-night,GLOBAL_STAR_FALLBACK,4306,False,True,Greenview / Cornell Hotel Sustainability Benchmarking Index,https://greenview.sg/resources/chsb-index/
2022,República Dominicana,DOM,4,CHSB 2024v2,2022,Greenview CHSB public dataset,37.703218,kgCO2e/occupied room-night,GLOBAL_STAR_FALLBACK,2205,False,True,Greenview / Cornell Hotel Sustainability Benchmarking Index,https://greenview.sg/resources/chsb-index/
2022,República Dominicana,DOM,5,CHSB 2024v2,2022,Greenview CHSB public dataset,78.970495,kgCO2e/occupied room-night,GLOBAL_STAR_FALLBACK,887,False,True,Greenview / Cornell Hotel Sustainability Benchmarking Index,https://greenview.sg/resources/chsb-index/
2022,República Dominicana,DOM,unknown,CHSB 2024v2,2022,Greenview CHSB public dataset,61.790626,kgCO2e/occupied room-night,COUNTRY_ALL_WEIGHTED,11,False,False,Greenview / Cornell Hotel Sustainability Benchmarking Index,https://greenview.sg/resources/chsb-index/
2022,Ruanda,RWA,2,CHSB 2024v2,2022,Greenview CHSB public dataset,14.037051,kgCO2e/occupied room-night,GLOBAL_STAR_FALLBACK,2777,False,True,Greenview / Cornell Hotel Sustainability Benchmarking Index,https://greenview.sg/resources/chsb-index/
2022,Ruanda,RWA,3,CHSB 2024v2,2022,Greenview CHSB public dataset,19.102623,kgCO2e/occupied room-night,GLOBAL_STAR_FALLBACK,4306,False,True,Greenview / Cornell Hotel Sustainability Benchmarking Index,https://greenview.sg/resources/chsb-index/
2022,Ruanda,RWA,4,CHSB 2024v2,2022,Greenview CHSB public dataset,37.703218,kgCO2e/occupied room-night,GLOBAL_STAR_FALLBACK,2205,False,True,Greenview / Cornell Hotel Sustainability Benchmarking Index,https://greenview.sg/resources/chsb-index/
2022,Ruanda,RWA,5,CHSB 2024v2,2022,Greenview CHSB public dataset,78.970495,kgCO2e/occupied room-night,GLOBAL_STAR_FALLBACK,887,False,True,Greenview / Cornell Hotel Sustainability Benchmarking Index,https://greenview.sg/resources/chsb-index/
2022,Ruanda,RWA,unknown,CHSB 2024v2,2022,Greenview CHSB public dataset,25.514392,kgCO2e/occupied room-night,GLOBAL_UNKNOWN_FALLBACK,10183,False,True,Greenview / Cornell Hotel Sustainability Benchmarking Index,https://greenview.sg/resources/chsb-index/
2022,Rumania,ROU,2,CHSB 2024v2,2022,Greenview CHSB public dataset,14.037051,kgCO2e/occupied room-night,GLOBAL_STAR_FALLBACK,2777,False,True,Greenview / Cornell Hotel Sustainability Benchmarking Index,https://greenview.sg/resources/chsb-index/
2022,Rumania,ROU,3,CHSB 2024v2,2022,Greenview CHSB public dataset,19.102623,kgCO2e/occupied room-night,GLOBAL_STAR_FALLBACK,4306,False,True,Greenview / Cornell Hotel Sustainability Benchmarking Index,https://greenview.sg/resources/chsb-index/
2022,Rumania,ROU,4,CHSB 2024v2,2022,Greenview CHSB public dataset,37.703218,kgCO2e/occupied room-night,GLOBAL_STAR_FALLBACK,2205,False,True,Greenview / Cornell Hotel Sustainability Benchmarking Index,https://greenview.sg/resources/chsb-index/
2022,Rumania,ROU,5,CHSB 2024v2,2022,Greenview CHSB public dataset,78.970495,kgCO2e/occupied room-night,GLOBAL_STAR_FALLBACK,887,False,True,Greenview / Cornell Hotel Sustainability Benchmarking Index,https://greenview.sg/resources/chsb-index/
2022,Rumania,ROU,unknown,CHSB 2024v2,2022,Greenview CHSB public dataset,25.514392,kgCO2e/occupied room-night,GLOBAL_UNKNOWN_FALLBACK,10183,False,True,Greenview / Cornell Hotel Sustainability Benchmarking Index,https://greenview.sg/resources/chsb-index/
2022,Rusia,RUS,2,CHSB 2024v2,2022,Greenview CHSB public dataset,14.037051,kgCO2e/occupied room-night,GLOBAL_STAR_FALLBACK,2777,False,True,Greenview / Cornell Hotel Sustainability Benchmarking Index,https://greenview.sg/resources/chsb-index/
2022,Rusia,RUS,3,CHSB 2024v2,2022,Greenview CHSB public dataset,19.102623,kgCO2e/occupied room-night,GLOBAL_STAR_FALLBACK,4306,False,True,Greenview / Cornell Hotel Sustainability Benchmarking Index,https://greenview.sg/resources/chsb-index/
2022,Rusia,RUS,4,CHSB 2024v2,2022,Greenview CHSB public dataset,37.703218,kgCO2e/occupied room-night,GLOBAL_STAR_FALLBACK,2205,False,True,Greenview / Cornell Hotel Sustainability Benchmarking Index,https://greenview.sg/resources/chsb-index/
2022,Rusia,RUS,5,CHSB 2024v2,2022,Greenview CHSB public dataset,78.970495,kgCO2e/occupied room-night,GLOBAL_STAR_FALLBACK,887,False,True,Greenview / Cornell Hotel Sustainability Benchmarking Index,https://greenview.sg/resources/chsb-index/
2022,Rusia,RUS,unknown,CHSB 2024v2,2022,Greenview CHSB public dataset,25.514392,kgCO2e/occupied room-night,GLOBAL_UNKNOWN_FALLBACK,10183,False,True,Greenview / Cornell Hotel Sustainability Benchmarking Index,https://greenview.sg/resources/chsb-index/
2022,Samoa,WSM,2,CHSB 2024v2,2022,Greenview CHSB public dataset,14.037051,kgCO2e/occupied room-night,GLOBAL_STAR_FALLBACK,2777,False,True,Greenview / Cornell Hotel Sustainability Benchmarking Index,https://greenview.sg/resources/chsb-index/
2022,Samoa,WSM,3,CHSB 2024v2,2022,Greenview CHSB public dataset,19.102623,kgCO2e/occupied room-night,GLOBAL_STAR_FALLBACK,4306,False,True,Greenview / Cornell Hotel Sustainability Benchmarking Index,https://greenview.sg/resources/chsb-index/
2022,Samoa,WSM,4,CHSB 2024v2,2022,Greenview CHSB public dataset,37.703218,kgCO2e/occupied room-night,GLOBAL_STAR_FALLBACK,2205,False,True,Greenview / Cornell Hotel Sustainability Benchmarking Index,https://greenview.sg/resources/chsb-index/
2022,Samoa,WSM,5,CHSB 2024v2,2022,Greenview CHSB public dataset,78.970495,kgCO2e/occupied room-night,GLOBAL_STAR_FALLBACK,887,False,True,Greenview / Cornell Hotel Sustainability Benchmarking Index,https://greenview.sg/resources/chsb-index/
2022,Samoa,WSM,unknown,CHSB 2024v2,2022,Greenview CHSB public dataset,25.514392,kgCO2e/occupied room-night,GLOBAL_UNKNOWN_FALLBACK,10183,False,True,Greenview / Cornell Hotel Sustainability Benchmarking Index,https://greenview.sg/resources/chsb-index/
2022,San Cristóbal y Nieves,KNA,2,CHSB 2024v2,2022,Greenview CHSB public dataset,14.037051,kgCO2e/occupied room-night,GLOBAL_STAR_FALLBACK,2777,False,True,Greenview / Cornell Hotel Sustainability Benchmarking Index,https://greenview.sg/resources/chsb-index/
2022,San Cristóbal y Nieves,KNA,3,CHSB 2024v2,2022,Greenview CHSB public dataset,19.102623,kgCO2e/occupied room-night,GLOBAL_STAR_FALLBACK,4306,False,True,Greenview / Cornell Hotel Sustainability Benchmarking Index,https://greenview.sg/resources/chsb-index/
2022,San Cristóbal y Nieves,KNA,4,CHSB 2024v2,2022,Greenview CHSB public dataset,37.703218,kgCO2e/occupied room-night,GLOBAL_STAR_FALLBACK,2205,False,True,Greenview / Cornell Hotel Sustainability Benchmarking Index,https://greenview.sg/resources/chsb-index/
2022,San Cristóbal y Nieves,KNA,5,CHSB 2024v2,2022,Greenview CHSB public dataset,78.970495,kgCO2e/occupied room-night,GLOBAL_STAR_FALLBACK,887,False,True,Greenview / Cornell Hotel Sustainability Benchmarking Index,https://greenview.sg/resources/chsb-index/
2022,San Cristóbal y Nieves,KNA,unknown,CHSB 2024v2,2022,Greenview CHSB public dataset,25.514392,kgCO2e/occupied room-night,GLOBAL_UNKNOWN_FALLBACK,10183,False,True,Greenview / Cornell Hotel Sustainability Benchmarking Index,https://greenview.sg/resources/chsb-index/
2022,San Marino,SMR,2,CHSB 2024v2,2022,Greenview CHSB public dataset,14.037051,kgCO2e/occupied room-night,GLOBAL_STAR_FALLBACK,2777,False,True,Greenview / Cornell Hotel Sustainability Benchmarking Index,https://greenview.sg/resources/chsb-index/
2022,San Marino,SMR,3,CHSB 2024v2,2022,Greenview CHSB public dataset,19.102623,kgCO2e/occupied room-night,GLOBAL_STAR_FALLBACK,4306,False,True,Greenview / Cornell Hotel Sustainability Benchmarking Index,https://greenview.sg/resources/chsb-index/
2022,San Marino,SMR,4,CHSB 2024v2,2022,Greenview CHSB public dataset,37.703218,kgCO2e/occupied room-night,GLOBAL_STAR_FALLBACK,2205,False,True,Greenview / Cornell Hotel Sustainability Benchmarking Index,https://greenview.sg/resources/chsb-index/
2022,San Marino,SMR,5,CHSB 2024v2,2022,Greenview CHSB public dataset,78.970495,kgCO2e/occupied room-night,GLOBAL_STAR_FALLBACK,887,False,True,Greenview / Cornell Hotel Sustainability Benchmarking Index,https://greenview.sg/resources/chsb-index/
2022,San Marino,SMR,unknown,CHSB 2024v2,2022,Greenview CHSB public dataset,25.514392,kgCO2e/occupied room-night,GLOBAL_UNKNOWN_FALLBACK,10183,False,True,Greenview / Cornell Hotel Sustainability Benchmarking Index,https://greenview.sg/resources/chsb-index/
2022,San Vicente y las Granadinas,VCT,2,CHSB 2024v2,2022,Greenview CHSB public dataset,14.037051,kgCO2e/occupied room-night,GLOBAL_STAR_FALLBACK,2777,False,True,Greenview / Cornell Hotel Sustainability Benchmarking Index,https://greenview.sg/resources/chsb-index/
2022,San Vicente y las Granadinas,VCT,3,CHSB 2024v2,2022,Greenview CHSB public dataset,19.102623,kgCO2e/occupied room-night,GLOBAL_STAR_FALLBACK,4306,False,True,Greenview / Cornell Hotel Sustainability Benchmarking Index,https://greenview.sg/resources/chsb-index/
2022,San Vicente y las Granadinas,VCT,4,CHSB 2024v2,2022,Greenview CHSB public dataset,37.703218,kgCO2e/occupied room-night,GLOBAL_STAR_FALLBACK,2205,False,True,Greenview / Cornell Hotel Sustainability Benchmarking Index,https://greenview.sg/resources/chsb-index/
2022,San Vicente y las Granadinas,VCT,5,CHSB 2024v2,2022,Greenview CHSB public dataset,78.970495,kgCO2e/occupied room-night,GLOBAL_STAR_FALLBACK,887,False,True,Greenview / Cornell Hotel Sustainability Benchmarking Index,https://greenview.sg/resources/chsb-index/
2022,San Vicente y las Granadinas,VCT,unknown,CHSB 2024v2,2022,Greenview CHSB public dataset,25.514392,kgCO2e/occupied room-night,GLOBAL_UNKNOWN_FALLBACK,10183,False,True,Greenview / Cornell Hotel Sustainability Benchmarking Index,https://greenview.sg/resources/chsb-index/
2022,Santa Lucía,LCA,2,CHSB 2024v2,2022,Greenview CHSB public dataset,14.037051,kgCO2e/occupied room-night,GLOBAL_STAR_FALLBACK,2777,False,True,Greenview / Cornell Hotel Sustainability Benchmarking Index,https://greenview.sg/resources/chsb-index/
2022,Santa Lucía,LCA,3,CHSB 2024v2,2022,Greenview CHSB public dataset,19.102623,kgCO2e/occupied room-night,GLOBAL_STAR_FALLBACK,4306,False,True,Greenview / Cornell Hotel Sustainability Benchmarking Index,https://greenview.sg/resources/chsb-index/
2022,Santa Lucía,LCA,4,CHSB 2024v2,2022,Greenview CHSB public dataset,37.703218,kgCO2e/occupied room-night,GLOBAL_STAR_FALLBACK,2205,False,True,Greenview / Cornell Hotel Sustainability Benchmarking Index,https://greenview.sg/resources/chsb-index/
2022,Santa Lucía,LCA,5,CHSB 2024v2,2022,Greenview CHSB public dataset,78.970495,kgCO2e/occupied room-night,GLOBAL_STAR_FALLBACK,887,False,True,Greenview / Cornell Hotel Sustainability Benchmarking Index,https://greenview.sg/resources/chsb-index/
2022,Santa Lucía,LCA,unknown,CHSB 2024v2,2022,Greenview CHSB public dataset,25.514392,kgCO2e/occupied room-night,GLOBAL_UNKNOWN_FALLBACK,10183,False,True,Greenview / Cornell Hotel Sustainability Benchmarking Index,https://greenview.sg/resources/chsb-index/
2022,Santo Tomé y Príncipe,STP,2,CHSB 2024v2,2022,Greenview CHSB public dataset,14.037051,kgCO2e/occupied room-night,GLOBAL_STAR_FALLBACK,2777,False,True,Greenview / Cornell Hotel Sustainability Benchmarking Index,https://greenview.sg/resources/chsb-index/
2022,Santo Tomé y Príncipe,STP,3,CHSB 2024v2,2022,Greenview CHSB public dataset,19.102623,kgCO2e/occupied room-night,GLOBAL_STAR_FALLBACK,4306,False,True,Greenview / Cornell Hotel Sustainability Benchmarking Index,https://greenview.sg/resources/chsb-index/
2022,Santo Tomé y Príncipe,STP,4,CHSB 2024v2,2022,Greenview CHSB public dataset,37.703218,kgCO2e/occupied room-night,GLOBAL_STAR_FALLBACK,2205,False,True,Greenview / Cornell Hotel Sustainability Benchmarking Index,https://greenview.sg/resources/chsb-index/
2022,Santo Tomé y Príncipe,STP,5,CHSB 2024v2,2022,Greenview CHSB public dataset,78.970495,kgCO2e/occupied room-night,GLOBAL_STAR_FALLBACK,887,False,True,Greenview / Cornell Hotel Sustainability Benchmarking Index,https://greenview.sg/resources/chsb-index/
2022,Santo Tomé y Príncipe,STP,unknown,CHSB 2024v2,2022,Greenview CHSB public dataset,25.514392,kgCO2e/occupied room-night,GLOBAL_UNKNOWN_FALLBACK,10183,False,True,Greenview / Cornell Hotel Sustainability Benchmarking Index,https://greenview.sg/resources/chsb-index/
2022,Senegal,SEN,2,CHSB 2024v2,2022,Greenview CHSB public dataset,14.037051,kgCO2e/occupied room-night,GLOBAL_STAR_FALLBACK,2777,False,True,Greenview / Cornell Hotel Sustainability Benchmarking Index,https://greenview.sg/resources/chsb-index/
2022,Senegal,SEN,3,CHSB 2024v2,2022,Greenview CHSB public dataset,19.102623,kgCO2e/occupied room-night,GLOBAL_STAR_FALLBACK,4306,False,True,Greenview / Cornell Hotel Sustainability Benchmarking Index,https://greenview.sg/resources/chsb-index/
2022,Senegal,SEN,4,CHSB 2024v2,2022,Greenview CHSB public dataset,37.703218,kgCO2e/occupied room-night,GLOBAL_STAR_FALLBACK,2205,False,True,Greenview / Cornell Hotel Sustainability Benchmarking Index,https://greenview.sg/resources/chsb-index/
2022,Senegal,SEN,5,CHSB 2024v2,2022,Greenview CHSB public dataset,78.970495,kgCO2e/occupied room-night,GLOBAL_STAR_FALLBACK,887,False,True,Greenview / Cornell Hotel Sustainability Benchmarking Index,https://greenview.sg/resources/chsb-index/
2022,Senegal,SEN,unknown,CHSB 2024v2,2022,Greenview CHSB public dataset,25.514392,kgCO2e/occupied room-night,GLOBAL_UNKNOWN_FALLBACK,10183,False,True,Greenview / Cornell Hotel Sustainability Benchmarking Index,https://greenview.sg/resources/chsb-index/
2022,Serbia,SRB,2,CHSB 2024v2,2022,Greenview CHSB public dataset,14.037051,kgCO2e/occupied room-night,GLOBAL_STAR_FALLBACK,2777,False,True,Greenview / Cornell Hotel Sustainability Benchmarking Index,https://greenview.sg/resources/chsb-index/
2022,Serbia,SRB,3,CHSB 2024v2,2022,Greenview CHSB public dataset,19.102623,kgCO2e/occupied room-night,GLOBAL_STAR_FALLBACK,4306,False,True,Greenview / Cornell Hotel Sustainability Benchmarking Index,https://greenview.sg/resources/chsb-index/
2022,Serbia,SRB,4,CHSB 2024v2,2022,Greenview CHSB public dataset,37.703218,kgCO2e/occupied room-night,GLOBAL_STAR_FALLBACK,2205,False,True,Greenview / Cornell Hotel Sustainability Benchmarking Index,https://greenview.sg/resources/chsb-index/
2022,Serbia,SRB,5,CHSB 2024v2,2022,Greenview CHSB public dataset,78.970495,kgCO2e/occupied room-night,GLOBAL_STAR_FALLBACK,887,False,True,Greenview / Cornell Hotel Sustainability Benchmarking Index,https://greenview.sg/resources/chsb-index/
2022,Serbia,SRB,unknown,CHSB 2024v2,2022,Greenview CHSB public dataset,25.514392,kgCO2e/occupied room-night,GLOBAL_UNKNOWN_FALLBACK,10183,False,True,Greenview / Cornell Hotel Sustainability Benchmarking Index,https://greenview.sg/resources/chsb-index/
2022,Seychelles,SYC,2,CHSB 2024v2,2022,Greenview CHSB public dataset,14.037051,kgCO2e/occupied room-night,GLOBAL_STAR_FALLBACK,2777,False,True,Greenview / Cornell Hotel Sustainability Benchmarking Index,https://greenview.sg/resources/chsb-index/
2022,Seychelles,SYC,3,CHSB 2024v2,2022,Greenview CHSB public dataset,19.102623,kgCO2e/occupied room-night,GLOBAL_STAR_FALLBACK,4306,False,True,Greenview / Cornell Hotel Sustainability Benchmarking Index,https://greenview.sg/resources/chsb-index/
2022,Seychelles,SYC,4,CHSB 2024v2,2022,Greenview CHSB public dataset,37.703218,kgCO2e/occupied room-night,GLOBAL_STAR_FALLBACK,2205,False,True,Greenview / Cornell Hotel Sustainability Benchmarking Index,https://greenview.sg/resources/chsb-index/
2022,Seychelles,SYC,5,CHSB 2024v2,2022,Greenview CHSB public dataset,78.970495,kgCO2e/occupied room-night,GLOBAL_STAR_FALLBACK,887,False,True,Greenview / Cornell Hotel Sustainability Benchmarking Index,https://greenview.sg/resources/chsb-index/
2022,Seychelles,SYC,unknown,CHSB 2024v2,2022,Greenview CHSB public dataset,25.514392,kgCO2e/occupied room-night,GLOBAL_UNKNOWN_FALLBACK,10183,False,True,Greenview / Cornell Hotel Sustainability Benchmarking Index,https://greenview.sg/resources/chsb-index/
2022,Sierra Leona,SLE,2,CHSB 2024v2,2022,Greenview CHSB public dataset,14.037051,kgCO2e/occupied room-night,GLOBAL_STAR_FALLBACK,2777,False,True,Greenview / Cornell Hotel Sustainability Benchmarking Index,https://greenview.sg/resources/chsb-index/
2022,Sierra Leona,SLE,3,CHSB 2024v2,2022,Greenview CHSB public dataset,19.102623,kgCO2e/occupied room-night,GLOBAL_STAR_FALLBACK,4306,False,True,Greenview / Cornell Hotel Sustainability Benchmarking Index,https://greenview.sg/resources/chsb-index/
2022,Sierra Leona,SLE,4,CHSB 2024v2,2022,Greenview CHSB public dataset,37.703218,kgCO2e/occupied room-night,GLOBAL_STAR_FALLBACK,2205,False,True,Greenview / Cornell Hotel Sustainability Benchmarking Index,https://greenview.sg/resources/chsb-index/
2022,Sierra Leona,SLE,5,CHSB 2024v2,2022,Greenview CHSB public dataset,78.970495,kgCO2e/occupied room-night,GLOBAL_STAR_FALLBACK,887,False,True,Greenview / Cornell Hotel Sustainability Benchmarking Index,https://greenview.sg/resources/chsb-index/
2022,Sierra Leona,SLE,unknown,CHSB 2024v2,2022,Greenview CHSB public dataset,25.514392,kgCO2e/occupied room-night,GLOBAL_UNKNOWN_FALLBACK,10183,False,True,Greenview / Cornell Hotel Sustainability Benchmarking Index,https://greenview.sg/resources/chsb-index/
2022,Singapur,SGP,2,CHSB 2024v2,2022,Greenview CHSB public dataset,14.037051,kgCO2e/occupied room-night,GLOBAL_STAR_FALLBACK,2777,False,True,Greenview / Cornell Hotel Sustainability Benchmarking Index,https://greenview.sg/resources/chsb-index/
2022,Singapur,SGP,3,CHSB 2024v2,2022,Greenview CHSB public dataset,19.102623,kgCO2e/occupied room-night,GLOBAL_STAR_FALLBACK,4306,False,True,Greenview / Cornell Hotel Sustainability Benchmarking Index,https://greenview.sg/resources/chsb-index/
2022,Singapur,SGP,4,CHSB 2024v2,2022,Greenview CHSB public dataset,29.672815,kgCO2e/occupied room-night,COUNTRY_STAR_WEIGHTED,26,False,False,Greenview / Cornell Hotel Sustainability Benchmarking Index,https://greenview.sg/resources/chsb-index/
2022,Singapur,SGP,5,CHSB 2024v2,2022,Greenview CHSB public dataset,44.950032,kgCO2e/occupied room-night,COUNTRY_STAR_WEIGHTED,10,False,False,Greenview / Cornell Hotel Sustainability Benchmarking Index,https://greenview.sg/resources/chsb-index/
2022,Singapur,SGP,unknown,CHSB 2024v2,2022,Greenview CHSB public dataset,30.778666,kgCO2e/occupied room-night,COUNTRY_NONRESORT,42,False,False,Greenview / Cornell Hotel Sustainability Benchmarking Index,https://greenview.sg/resources/chsb-index/
2022,Siria,SYR,2,CHSB 2024v2,2022,Greenview CHSB public dataset,14.037051,kgCO2e/occupied room-night,GLOBAL_STAR_FALLBACK,2777,False,True,Greenview / Cornell Hotel Sustainability Benchmarking Index,https://greenview.sg/resources/chsb-index/
2022,Siria,SYR,3,CHSB 2024v2,2022,Greenview CHSB public dataset,19.102623,kgCO2e/occupied room-night,GLOBAL_STAR_FALLBACK,4306,False,True,Greenview / Cornell Hotel Sustainability Benchmarking Index,https://greenview.sg/resources/chsb-index/
2022,Siria,SYR,4,CHSB 2024v2,2022,Greenview CHSB public dataset,37.703218,kgCO2e/occupied room-night,GLOBAL_STAR_FALLBACK,2205,False,True,Greenview / Cornell Hotel Sustainability Benchmarking Index,https://greenview.sg/resources/chsb-index/
2022,Siria,SYR,5,CHSB 2024v2,2022,Greenview CHSB public dataset,78.970495,kgCO2e/occupied room-night,GLOBAL_STAR_FALLBACK,887,False,True,Greenview / Cornell Hotel Sustainability Benchmarking Index,https://greenview.sg/resources/chsb-index/
2022,Siria,SYR,unknown,CHSB 2024v2,2022,Greenview CHSB public dataset,25.514392,kgCO2e/occupied room-night,GLOBAL_UNKNOWN_FALLBACK,10183,False,True,Greenview / Cornell Hotel Sustainability Benchmarking Index,https://greenview.sg/resources/chsb-index/
2022,Somalia,SOM,2,CHSB 2024v2,2022,Greenview CHSB public dataset,14.037051,kgCO2e/occupied room-night,GLOBAL_STAR_FALLBACK,2777,False,True,Greenview / Cornell Hotel Sustainability Benchmarking Index,https://greenview.sg/resources/chsb-index/
2022,Somalia,SOM,3,CHSB 2024v2,2022,Greenview CHSB public dataset,19.102623,kgCO2e/occupied room-night,GLOBAL_STAR_FALLBACK,4306,False,True,Greenview / Cornell Hotel Sustainability Benchmarking Index,https://greenview.sg/resources/chsb-index/
2022,Somalia,SOM,4,CHSB 2024v2,2022,Greenview CHSB public dataset,37.703218,kgCO2e/occupied room-night,GLOBAL_STAR_FALLBACK,2205,False,True,Greenview / Cornell Hotel Sustainability Benchmarking Index,https://greenview.sg/resources/chsb-index/
2022,Somalia,SOM,5,CHSB 2024v2,2022,Greenview CHSB public dataset,78.970495,kgCO2e/occupied room-night,GLOBAL_STAR_FALLBACK,887,False,True,Greenview / Cornell Hotel Sustainability Benchmarking Index,https://greenview.sg/resources/chsb-index/
2022,Somalia,SOM,unknown,CHSB 2024v2,2022,Greenview CHSB public dataset,25.514392,kgCO2e/occupied room-night,GLOBAL_UNKNOWN_FALLBACK,10183,False,True,Greenview / Cornell Hotel Sustainability Benchmarking Index,https://greenview.sg/resources/chsb-index/
2022,Sri Lanka,LKA,2,CHSB 2024v2,2022,Greenview CHSB public dataset,14.037051,kgCO2e/occupied room-night,GLOBAL_STAR_FALLBACK,2777,False,True,Greenview / Cornell Hotel Sustainability Benchmarking Index,https://greenview.sg/resources/chsb-index/
2022,Sri Lanka,LKA,3,CHSB 2024v2,2022,Greenview CHSB public dataset,19.102623,kgCO2e/occupied room-night,GLOBAL_STAR_FALLBACK,4306,False,True,Greenview / Cornell Hotel Sustainability Benchmarking Index,https://greenview.sg/resources/chsb-index/
2022,Sri Lanka,LKA,4,CHSB 2024v2,2022,Greenview CHSB public dataset,37.703218,kgCO2e/occupied room-night,GLOBAL_STAR_FALLBACK,2205,False,True,Greenview / Cornell Hotel Sustainability Benchmarking Index,https://greenview.sg/resources/chsb-index/
2022,Sri Lanka,LKA,5,CHSB 2024v2,2022,Greenview CHSB public dataset,78.970495,kgCO2e/occupied room-night,GLOBAL_STAR_FALLBACK,887,False,True,Greenview / Cornell Hotel Sustainability Benchmarking Index,https://greenview.sg/resources/chsb-index/
2022,Sri Lanka,LKA,unknown,CHSB 2024v2,2022,Greenview CHSB public dataset,25.514392,kgCO2e/occupied room-night,GLOBAL_UNKNOWN_FALLBACK,10183,False,True,Greenview / Cornell Hotel Sustainability Benchmarking Index,https://greenview.sg/resources/chsb-index/
2022,Sudáfrica,ZAF,2,CHSB 2024v2,2022,Greenview CHSB public dataset,14.037051,kgCO2e/occupied room-night,GLOBAL_STAR_FALLBACK,2777,False,True,Greenview / Cornell Hotel Sustainability Benchmarking Index,https://greenview.sg/resources/chsb-index/
2022,Sudáfrica,ZAF,3,CHSB 2024v2,2022,Greenview CHSB public dataset,19.102623,kgCO2e/occupied room-night,GLOBAL_STAR_FALLBACK,4306,False,True,Greenview / Cornell Hotel Sustainability Benchmarking Index,https://greenview.sg/resources/chsb-index/
2022,Sudáfrica,ZAF,4,CHSB 2024v2,2022,Greenview CHSB public dataset,37.703218,kgCO2e/occupied room-night,GLOBAL_STAR_FALLBACK,2205,False,True,Greenview / Cornell Hotel Sustainability Benchmarking Index,https://greenview.sg/resources/chsb-index/
2022,Sudáfrica,ZAF,5,CHSB 2024v2,2022,Greenview CHSB public dataset,78.970495,kgCO2e/occupied room-night,GLOBAL_STAR_FALLBACK,887,False,True,Greenview / Cornell Hotel Sustainability Benchmarking Index,https://greenview.sg/resources/chsb-index/
2022,Sudáfrica,ZAF,unknown,CHSB 2024v2,2022,Greenview CHSB public dataset,57.254127,kgCO2e/occupied room-night,COUNTRY_NONRESORT,10,False,False,Greenview / Cornell Hotel Sustainability Benchmarking Index,https://greenview.sg/resources/chsb-index/
2022,Sudán,SDN,2,CHSB 2024v2,2022,Greenview CHSB public dataset,14.037051,kgCO2e/occupied room-night,GLOBAL_STAR_FALLBACK,2777,False,True,Greenview / Cornell Hotel Sustainability Benchmarking Index,https://greenview.sg/resources/chsb-index/
2022,Sudán,SDN,3,CHSB 2024v2,2022,Greenview CHSB public dataset,19.102623,kgCO2e/occupied room-night,GLOBAL_STAR_FALLBACK,4306,False,True,Greenview / Cornell Hotel Sustainability Benchmarking Index,https://greenview.sg/resources/chsb-index/
2022,Sudán,SDN,4,CHSB 2024v2,2022,Greenview CHSB public dataset,37.703218,kgCO2e/occupied room-night,GLOBAL_STAR_FALLBACK,2205,False,True,Greenview / Cornell Hotel Sustainability Benchmarking Index,https://greenview.sg/resources/chsb-index/
2022,Sudán,SDN,5,CHSB 2024v2,2022,Greenview CHSB public dataset,78.970495,kgCO2e/occupied room-night,GLOBAL_STAR_FALLBACK,887,False,True,Greenview / Cornell Hotel Sustainability Benchmarking Index,https://greenview.sg/resources/chsb-index/
2022,Sudán,SDN,unknown,CHSB 2024v2,2022,Greenview CHSB public dataset,25.514392,kgCO2e/occupied room-night,GLOBAL_UNKNOWN_FALLBACK,10183,False,True,Greenview / Cornell Hotel Sustainability Benchmarking Index,https://greenview.sg/resources/chsb-index/
2022,Sudán del Sur,SSD,2,CHSB 2024v2,2022,Greenview CHSB public dataset,14.037051,kgCO2e/occupied room-night,GLOBAL_STAR_FALLBACK,2777,False,True,Greenview / Cornell Hotel Sustainability Benchmarking Index,https://greenview.sg/resources/chsb-index/
2022,Sudán del Sur,SSD,3,CHSB 2024v2,2022,Greenview CHSB public dataset,19.102623,kgCO2e/occupied room-night,GLOBAL_STAR_FALLBACK,4306,False,True,Greenview / Cornell Hotel Sustainability Benchmarking Index,https://greenview.sg/resources/chsb-index/
2022,Sudán del Sur,SSD,4,CHSB 2024v2,2022,Greenview CHSB public dataset,37.703218,kgCO2e/occupied room-night,GLOBAL_STAR_FALLBACK,2205,False,True,Greenview / Cornell Hotel Sustainability Benchmarking Index,https://greenview.sg/resources/chsb-index/
2022,Sudán del Sur,SSD,5,CHSB 2024v2,2022,Greenview CHSB public dataset,78.970495,kgCO2e/occupied room-night,GLOBAL_STAR_FALLBACK,887,False,True,Greenview / Cornell Hotel Sustainability Benchmarking Index,https://greenview.sg/resources/chsb-index/
2022,Sudán del Sur,SSD,unknown,CHSB 2024v2,2022,Greenview CHSB public dataset,25.514392,kgCO2e/occupied room-night,GLOBAL_UNKNOWN_FALLBACK,10183,False,True,Greenview / Cornell Hotel Sustainability Benchmarking Index,https://greenview.sg/resources/chsb-index/
2022,Suecia,SWE,2,CHSB 2024v2,2022,Greenview CHSB public dataset,14.037051,kgCO2e/occupied room-night,GLOBAL_STAR_FALLBACK,2777,False,True,Greenview / Cornell Hotel Sustainability Benchmarking Index,https://greenview.sg/resources/chsb-index/
2022,Suecia,SWE,3,CHSB 2024v2,2022,Greenview CHSB public dataset,19.102623,kgCO2e/occupied room-night,GLOBAL_STAR_FALLBACK,4306,False,True,Greenview / Cornell Hotel Sustainability Benchmarking Index,https://greenview.sg/resources/chsb-index/
2022,Suecia,SWE,4,CHSB 2024v2,2022,Greenview CHSB public dataset,37.703218,kgCO2e/occupied room-night,GLOBAL_STAR_FALLBACK,2205,False,True,Greenview / Cornell Hotel Sustainability Benchmarking Index,https://greenview.sg/resources/chsb-index/
2022,Suecia,SWE,5,CHSB 2024v2,2022,Greenview CHSB public dataset,78.970495,kgCO2e/occupied room-night,GLOBAL_STAR_FALLBACK,887,False,True,Greenview / Cornell Hotel Sustainability Benchmarking Index,https://greenview.sg/resources/chsb-index/
2022,Suecia,SWE,unknown,CHSB 2024v2,2022,Greenview CHSB public dataset,25.514392,kgCO2e/occupied room-night,GLOBAL_UNKNOWN_FALLBACK,10183,False,True,Greenview / Cornell Hotel Sustainability Benchmarking Index,https://greenview.sg/resources/chsb-index/
2022,Suiza,CHE,2,CHSB 2024v2,2022,Greenview CHSB public dataset,14.037051,kgCO2e/occupied room-night,GLOBAL_STAR_FALLBACK,2777,False,True,Greenview / Cornell Hotel Sustainability Benchmarking Index,https://greenview.sg/resources/chsb-index/
2022,Suiza,CHE,3,CHSB 2024v2,2022,Greenview CHSB public dataset,19.102623,kgCO2e/occupied room-night,GLOBAL_STAR_FALLBACK,4306,False,True,Greenview / Cornell Hotel Sustainability Benchmarking Index,https://greenview.sg/resources/chsb-index/
2022,Suiza,CHE,4,CHSB 2024v2,2022,Greenview CHSB public dataset,6.49888,kgCO2e/occupied room-night,COUNTRY_STAR_WEIGHTED,11,False,False,Greenview / Cornell Hotel Sustainability Benchmarking Index,https://greenview.sg/resources/chsb-index/
2022,Suiza,CHE,5,CHSB 2024v2,2022,Greenview CHSB public dataset,10.012088,kgCO2e/occupied room-night,COUNTRY_STAR_WEIGHTED,9,False,False,Greenview / Cornell Hotel Sustainability Benchmarking Index,https://greenview.sg/resources/chsb-index/
2022,Suiza,CHE,unknown,CHSB 2024v2,2022,Greenview CHSB public dataset,8.39656,kgCO2e/occupied room-night,COUNTRY_NONRESORT,23,False,False,Greenview / Cornell Hotel Sustainability Benchmarking Index,https://greenview.sg/resources/chsb-index/
2022,Surinam,SUR,2,CHSB 2024v2,2022,Greenview CHSB public dataset,14.037051,kgCO2e/occupied room-night,GLOBAL_STAR_FALLBACK,2777,False,True,Greenview / Cornell Hotel Sustainability Benchmarking Index,https://greenview.sg/resources/chsb-index/
2022,Surinam,SUR,3,CHSB 2024v2,2022,Greenview CHSB public dataset,19.102623,kgCO2e/occupied room-night,GLOBAL_STAR_FALLBACK,4306,False,True,Greenview / Cornell Hotel Sustainability Benchmarking Index,https://greenview.sg/resources/chsb-index/
2022,Surinam,SUR,4,CHSB 2024v2,2022,Greenview CHSB public dataset,37.703218,kgCO2e/occupied room-night,GLOBAL_STAR_FALLBACK,2205,False,True,Greenview / Cornell Hotel Sustainability Benchmarking Index,https://greenview.sg/resources/chsb-index/
2022,Surinam,SUR,5,CHSB 2024v2,2022,Greenview CHSB public dataset,78.970495,kgCO2e/occupied room-night,GLOBAL_STAR_FALLBACK,887,False,True,Greenview / Cornell Hotel Sustainability Benchmarking Index,https://greenview.sg/resources/chsb-index/
2022,Surinam,SUR,unknown,CHSB 2024v2,2022,Greenview CHSB public dataset,25.514392,kgCO2e/occupied room-night,GLOBAL_UNKNOWN_FALLBACK,10183,False,True,Greenview / Cornell Hotel Sustainability Benchmarking Index,https://greenview.sg/resources/chsb-index/
2022,Tailandia,THA,2,CHSB 2024v2,2022,Greenview CHSB public dataset,14.037051,kgCO2e/occupied room-night,GLOBAL_STAR_FALLBACK,2777,False,True,Greenview / Cornell Hotel Sustainability Benchmarking Index,https://greenview.sg/resources/chsb-index/
2022,Tailandia,THA,3,CHSB 2024v2,2022,Greenview CHSB public dataset,19.102623,kgCO2e/occupied room-night,GLOBAL_STAR_FALLBACK,4306,False,True,Greenview / Cornell Hotel Sustainability Benchmarking Index,https://greenview.sg/resources/chsb-index/
2022,Tailandia,THA,4,CHSB 2024v2,2022,Greenview CHSB public dataset,38.699302,kgCO2e/occupied room-night,COUNTRY_STAR_WEIGHTED,42,False,False,Greenview / Cornell Hotel Sustainability Benchmarking Index,https://greenview.sg/resources/chsb-index/
2022,Tailandia,THA,5,CHSB 2024v2,2022,Greenview CHSB public dataset,71.11662,kgCO2e/occupied room-night,COUNTRY_STAR_WEIGHTED,52,False,False,Greenview / Cornell Hotel Sustainability Benchmarking Index,https://greenview.sg/resources/chsb-index/
2022,Tailandia,THA,unknown,CHSB 2024v2,2022,Greenview CHSB public dataset,52.713859,kgCO2e/occupied room-night,COUNTRY_NONRESORT,57,False,False,Greenview / Cornell Hotel Sustainability Benchmarking Index,https://greenview.sg/resources/chsb-index/
2022,Taiwán (República de China),TWN,2,CHSB 2024v2,2022,Greenview CHSB public dataset,14.037051,kgCO2e/occupied room-night,GLOBAL_STAR_FALLBACK,2777,False,True,Greenview / Cornell Hotel Sustainability Benchmarking Index,https://greenview.sg/resources/chsb-index/
2022,Taiwán (República de China),TWN,3,CHSB 2024v2,2022,Greenview CHSB public dataset,19.102623,kgCO2e/occupied room-night,GLOBAL_STAR_FALLBACK,4306,False,True,Greenview / Cornell Hotel Sustainability Benchmarking Index,https://greenview.sg/resources/chsb-index/
2022,Taiwán (República de China),TWN,4,CHSB 2024v2,2022,Greenview CHSB public dataset,60.128323,kgCO2e/occupied room-night,COUNTRY_STAR_WEIGHTED,8,False,False,Greenview / Cornell Hotel Sustainability Benchmarking Index,https://greenview.sg/resources/chsb-index/
2022,Taiwán (República de China),TWN,5,CHSB 2024v2,2022,Greenview CHSB public dataset,78.970495,kgCO2e/occupied room-night,GLOBAL_STAR_FALLBACK,887,False,True,Greenview / Cornell Hotel Sustainability Benchmarking Index,https://greenview.sg/resources/chsb-index/
2022,Taiwán (República de China),TWN,unknown,CHSB 2024v2,2022,Greenview CHSB public dataset,68.878878,kgCO2e/occupied room-night,COUNTRY_NONRESORT,18,False,False,Greenview / Cornell Hotel Sustainability Benchmarking Index,https://greenview.sg/resources/chsb-index/
2022,Tanzania,TZA,2,CHSB 2024v2,2022,Greenview CHSB public dataset,14.037051,kgCO2e/occupied room-night,GLOBAL_STAR_FALLBACK,2777,False,True,Greenview / Cornell Hotel Sustainability Benchmarking Index,https://greenview.sg/resources/chsb-index/
2022,Tanzania,TZA,3,CHSB 2024v2,2022,Greenview CHSB public dataset,19.102623,kgCO2e/occupied room-night,GLOBAL_STAR_FALLBACK,4306,False,True,Greenview / Cornell Hotel Sustainability Benchmarking Index,https://greenview.sg/resources/chsb-index/
2022,Tanzania,TZA,4,CHSB 2024v2,2022,Greenview CHSB public dataset,37.703218,kgCO2e/occupied room-night,GLOBAL_STAR_FALLBACK,2205,False,True,Greenview / Cornell Hotel Sustainability Benchmarking Index,https://greenview.sg/resources/chsb-index/
2022,Tanzania,TZA,5,CHSB 2024v2,2022,Greenview CHSB public dataset,78.970495,kgCO2e/occupied room-night,GLOBAL_STAR_FALLBACK,887,False,True,Greenview / Cornell Hotel Sustainability Benchmarking Index,https://greenview.sg/resources/chsb-index/
2022,Tanzania,TZA,unknown,CHSB 2024v2,2022,Greenview CHSB public dataset,25.514392,kgCO2e/occupied room-night,GLOBAL_UNKNOWN_FALLBACK,10183,False,True,Greenview / Cornell Hotel Sustainability Benchmarking Index,https://greenview.sg/resources/chsb-index/
2022,Tayikistán,TJK,2,CHSB 2024v2,2022,Greenview CHSB public dataset,14.037051,kgCO2e/occupied room-night,GLOBAL_STAR_FALLBACK,2777,False,True,Greenview / Cornell Hotel Sustainability Benchmarking Index,https://greenview.sg/resources/chsb-index/
2022,Tayikistán,TJK,3,CHSB 2024v2,2022,Greenview CHSB public dataset,19.102623,kgCO2e/occupied room-night,GLOBAL_STAR_FALLBACK,4306,False,True,Greenview / Cornell Hotel Sustainability Benchmarking Index,https://greenview.sg/resources/chsb-index/
2022,Tayikistán,TJK,4,CHSB 2024v2,2022,Greenview CHSB public dataset,37.703218,kgCO2e/occupied room-night,GLOBAL_STAR_FALLBACK,2205,False,True,Greenview / Cornell Hotel Sustainability Benchmarking Index,https://greenview.sg/resources/chsb-index/
2022,Tayikistán,TJK,5,CHSB 2024v2,2022,Greenview CHSB public dataset,78.970495,kgCO2e/occupied room-night,GLOBAL_STAR_FALLBACK,887,False,True,Greenview / Cornell Hotel Sustainability Benchmarking Index,https://greenview.sg/resources/chsb-index/
2022,Tayikistán,TJK,unknown,CHSB 2024v2,2022,Greenview CHSB public dataset,25.514392,kgCO2e/occupied room-night,GLOBAL_UNKNOWN_FALLBACK,10183,False,True,Greenview / Cornell Hotel Sustainability Benchmarking Index,https://greenview.sg/resources/chsb-index/
2022,Timor Oriental,TLS,2,CHSB 2024v2,2022,Greenview CHSB public dataset,14.037051,kgCO2e/occupied room-night,GLOBAL_STAR_FALLBACK,2777,False,True,Greenview / Cornell Hotel Sustainability Benchmarking Index,https://greenview.sg/resources/chsb-index/
2022,Timor Oriental,TLS,3,CHSB 2024v2,2022,Greenview CHSB public dataset,19.102623,kgCO2e/occupied room-night,GLOBAL_STAR_FALLBACK,4306,False,True,Greenview / Cornell Hotel Sustainability Benchmarking Index,https://greenview.sg/resources/chsb-index/
2022,Timor Oriental,TLS,4,CHSB 2024v2,2022,Greenview CHSB public dataset,37.703218,kgCO2e/occupied room-night,GLOBAL_STAR_FALLBACK,2205,False,True,Greenview / Cornell Hotel Sustainability Benchmarking Index,https://greenview.sg/resources/chsb-index/
2022,Timor Oriental,TLS,5,CHSB 2024v2,2022,Greenview CHSB public dataset,78.970495,kgCO2e/occupied room-night,GLOBAL_STAR_FALLBACK,887,False,True,Greenview / Cornell Hotel Sustainability Benchmarking Index,https://greenview.sg/resources/chsb-index/
2022,Timor Oriental,TLS,unknown,CHSB 2024v2,2022,Greenview CHSB public dataset,25.514392,kgCO2e/occupied room-night,GLOBAL_UNKNOWN_FALLBACK,10183,False,True,Greenview / Cornell Hotel Sustainability Benchmarking Index,https://greenview.sg/resources/chsb-index/
2022,Togo,TGO,2,CHSB 2024v2,2022,Greenview CHSB public dataset,14.037051,kgCO2e/occupied room-night,GLOBAL_STAR_FALLBACK,2777,False,True,Greenview / Cornell Hotel Sustainability Benchmarking Index,https://greenview.sg/resources/chsb-index/
2022,Togo,TGO,3,CHSB 2024v2,2022,Greenview CHSB public dataset,19.102623,kgCO2e/occupied room-night,GLOBAL_STAR_FALLBACK,4306,False,True,Greenview / Cornell Hotel Sustainability Benchmarking Index,https://greenview.sg/resources/chsb-index/
2022,Togo,TGO,4,CHSB 2024v2,2022,Greenview CHSB public dataset,37.703218,kgCO2e/occupied room-night,GLOBAL_STAR_FALLBACK,2205,False,True,Greenview / Cornell Hotel Sustainability Benchmarking Index,https://greenview.sg/resources/chsb-index/
2022,Togo,TGO,5,CHSB 2024v2,2022,Greenview CHSB public dataset,78.970495,kgCO2e/occupied room-night,GLOBAL_STAR_FALLBACK,887,False,True,Greenview / Cornell Hotel Sustainability Benchmarking Index,https://greenview.sg/resources/chsb-index/
2022,Togo,TGO,unknown,CHSB 2024v2,2022,Greenview CHSB public dataset,25.514392,kgCO2e/occupied room-night,GLOBAL_UNKNOWN_FALLBACK,10183,False,True,Greenview / Cornell Hotel Sustainability Benchmarking Index,https://greenview.sg/resources/chsb-index/
2022,Tonga,TON,2,CHSB 2024v2,2022,Greenview CHSB public dataset,14.037051,kgCO2e/occupied room-night,GLOBAL_STAR_FALLBACK,2777,False,True,Greenview / Cornell Hotel Sustainability Benchmarking Index,https://greenview.sg/resources/chsb-index/
2022,Tonga,TON,3,CHSB 2024v2,2022,Greenview CHSB public dataset,19.102623,kgCO2e/occupied room-night,GLOBAL_STAR_FALLBACK,4306,False,True,Greenview / Cornell Hotel Sustainability Benchmarking Index,https://greenview.sg/resources/chsb-index/
2022,Tonga,TON,4,CHSB 2024v2,2022,Greenview CHSB public dataset,37.703218,kgCO2e/occupied room-night,GLOBAL_STAR_FALLBACK,2205,False,True,Greenview / Cornell Hotel Sustainability Benchmarking Index,https://greenview.sg/resources/chsb-index/
2022,Tonga,TON,5,CHSB 2024v2,2022,Greenview CHSB public dataset,78.970495,kgCO2e/occupied room-night,GLOBAL_STAR_FALLBACK,887,False,True,Greenview / Cornell Hotel Sustainability Benchmarking Index,https://greenview.sg/resources/chsb-index/
2022,Tonga,TON,unknown,CHSB 2024v2,2022,Greenview CHSB public dataset,25.514392,kgCO2e/occupied room-night,GLOBAL_UNKNOWN_FALLBACK,10183,False,True,Greenview / Cornell Hotel Sustainability Benchmarking Index,https://greenview.sg/resources/chsb-index/
2022,Trinidad y Tobago,TTO,2,CHSB 2024v2,2022,Greenview CHSB public dataset,14.037051,kgCO2e/occupied room-night,GLOBAL_STAR_FALLBACK,2777,False,True,Greenview / Cornell Hotel Sustainability Benchmarking Index,https://greenview.sg/resources/chsb-index/
2022,Trinidad y Tobago,TTO,3,CHSB 2024v2,2022,Greenview CHSB public dataset,19.102623,kgCO2e/occupied room-night,GLOBAL_STAR_FALLBACK,4306,False,True,Greenview / Cornell Hotel Sustainability Benchmarking Index,https://greenview.sg/resources/chsb-index/
2022,Trinidad y Tobago,TTO,4,CHSB 2024v2,2022,Greenview CHSB public dataset,37.703218,kgCO2e/occupied room-night,GLOBAL_STAR_FALLBACK,2205,False,True,Greenview / Cornell Hotel Sustainability Benchmarking Index,https://greenview.sg/resources/chsb-index/
2022,Trinidad y Tobago,TTO,5,CHSB 2024v2,2022,Greenview CHSB public dataset,78.970495,kgCO2e/occupied room-night,GLOBAL_STAR_FALLBACK,887,False,True,Greenview / Cornell Hotel Sustainability Benchmarking Index,https://greenview.sg/resources/chsb-index/
2022,Trinidad y Tobago,TTO,unknown,CHSB 2024v2,2022,Greenview CHSB public dataset,25.514392,kgCO2e/occupied room-night,GLOBAL_UNKNOWN_FALLBACK,10183,False,True,Greenview / Cornell Hotel Sustainability Benchmarking Index,https://greenview.sg/resources/chsb-index/
2022,Turkmenistán,TKM,2,CHSB 2024v2,2022,Greenview CHSB public dataset,14.037051,kgCO2e/occupied room-night,GLOBAL_STAR_FALLBACK,2777,False,True,Greenview / Cornell Hotel Sustainability Benchmarking Index,https://greenview.sg/resources/chsb-index/
2022,Turkmenistán,TKM,3,CHSB 2024v2,2022,Greenview CHSB public dataset,19.102623,kgCO2e/occupied room-night,GLOBAL_STAR_FALLBACK,4306,False,True,Greenview / Cornell Hotel Sustainability Benchmarking Index,https://greenview.sg/resources/chsb-index/
2022,Turkmenistán,TKM,4,CHSB 2024v2,2022,Greenview CHSB public dataset,37.703218,kgCO2e/occupied room-night,GLOBAL_STAR_FALLBACK,2205,False,True,Greenview / Cornell Hotel Sustainability Benchmarking Index,https://greenview.sg/resources/chsb-index/
2022,Turkmenistán,TKM,5,CHSB 2024v2,2022,Greenview CHSB public dataset,78.970495,kgCO2e/occupied room-night,GLOBAL_STAR_FALLBACK,887,False,True,Greenview / Cornell Hotel Sustainability Benchmarking Index,https://greenview.sg/resources/chsb-index/
2022,Turkmenistán,TKM,unknown,CHSB 2024v2,2022,Greenview CHSB public dataset,25.514392,kgCO2e/occupied room-night,GLOBAL_UNKNOWN_FALLBACK,10183,False,True,Greenview / Cornell Hotel Sustainability Benchmarking Index,https://greenview.sg/resources/chsb-index/
2022,Turquía,TUR,2,CHSB 2024v2,2022,Greenview CHSB public dataset,14.037051,kgCO2e/occupied room-night,GLOBAL_STAR_FALLBACK,2777,False,True,Greenview / Cornell Hotel Sustainability Benchmarking Index,https://greenview.sg/resources/chsb-index/
2022,Turquía,TUR,3,CHSB 2024v2,2022,Greenview CHSB public dataset,15.241205,kgCO2e/occupied room-night,COUNTRY_STAR_WEIGHTED,8,False,False,Greenview / Cornell Hotel Sustainability Benchmarking Index,https://greenview.sg/resources/chsb-index/
2022,Turquía,TUR,4,CHSB 2024v2,2022,Greenview CHSB public dataset,35.102843,kgCO2e/occupied room-night,COUNTRY_STAR_WEIGHTED,16,False,False,Greenview / Cornell Hotel Sustainability Benchmarking Index,https://greenview.sg/resources/chsb-index/
2022,Turquía,TUR,5,CHSB 2024v2,2022,Greenview CHSB public dataset,51.454619,kgCO2e/occupied room-night,COUNTRY_STAR_WEIGHTED,25,False,False,Greenview / Cornell Hotel Sustainability Benchmarking Index,https://greenview.sg/resources/chsb-index/
2022,Turquía,TUR,unknown,CHSB 2024v2,2022,Greenview CHSB public dataset,40.202869,kgCO2e/occupied room-night,COUNTRY_NONRESORT,49,False,False,Greenview / Cornell Hotel Sustainability Benchmarking Index,https://greenview.sg/resources/chsb-index/
2022,Tuvalu,TUV,2,CHSB 2024v2,2022,Greenview CHSB public dataset,14.037051,kgCO2e/occupied room-night,GLOBAL_STAR_FALLBACK,2777,False,True,Greenview / Cornell Hotel Sustainability Benchmarking Index,https://greenview.sg/resources/chsb-index/
2022,Tuvalu,TUV,3,CHSB 2024v2,2022,Greenview CHSB public dataset,19.102623,kgCO2e/occupied room-night,GLOBAL_STAR_FALLBACK,4306,False,True,Greenview / Cornell Hotel Sustainability Benchmarking Index,https://greenview.sg/resources/chsb-index/
2022,Tuvalu,TUV,4,CHSB 2024v2,2022,Greenview CHSB public dataset,37.703218,kgCO2e/occupied room-night,GLOBAL_STAR_FALLBACK,2205,False,True,Greenview / Cornell Hotel Sustainability Benchmarking Index,https://greenview.sg/resources/chsb-index/
2022,Tuvalu,TUV,5,CHSB 2024v2,2022,Greenview CHSB public dataset,78.970495,kgCO2e/occupied room-night,GLOBAL_STAR_FALLBACK,887,False,True,Greenview / Cornell Hotel Sustainability Benchmarking Index,https://greenview.sg/resources/chsb-index/
2022,Tuvalu,TUV,unknown,CHSB 2024v2,2022,Greenview CHSB public dataset,25.514392,kgCO2e/occupied room-night,GLOBAL_UNKNOWN_FALLBACK,10183,False,True,Greenview / Cornell Hotel Sustainability Benchmarking Index,https://greenview.sg/resources/chsb-index/
2022,Túnez,TUN,2,CHSB 2024v2,2022,Greenview CHSB public dataset,14.037051,kgCO2e/occupied room-night,GLOBAL_STAR_FALLBACK,2777,False,True,Greenview / Cornell Hotel Sustainability Benchmarking Index,https://greenview.sg/resources/chsb-index/
2022,Túnez,TUN,3,CHSB 2024v2,2022,Greenview CHSB public dataset,19.102623,kgCO2e/occupied room-night,GLOBAL_STAR_FALLBACK,4306,False,True,Greenview / Cornell Hotel Sustainability Benchmarking Index,https://greenview.sg/resources/chsb-index/
2022,Túnez,TUN,4,CHSB 2024v2,2022,Greenview CHSB public dataset,37.703218,kgCO2e/occupied room-night,GLOBAL_STAR_FALLBACK,2205,False,True,Greenview / Cornell Hotel Sustainability Benchmarking Index,https://greenview.sg/resources/chsb-index/
2022,Túnez,TUN,5,CHSB 2024v2,2022,Greenview CHSB public dataset,78.970495,kgCO2e/occupied room-night,GLOBAL_STAR_FALLBACK,887,False,True,Greenview / Cornell Hotel Sustainability Benchmarking Index,https://greenview.sg/resources/chsb-index/
2022,Túnez,TUN,unknown,CHSB 2024v2,2022,Greenview CHSB public dataset,25.514392,kgCO2e/occupied room-night,GLOBAL_UNKNOWN_FALLBACK,10183,False,True,Greenview / Cornell Hotel Sustainability Benchmarking Index,https://greenview.sg/resources/chsb-index/
2022,Ucrania,UKR,2,CHSB 2024v2,2022,Greenview CHSB public dataset,14.037051,kgCO2e/occupied room-night,GLOBAL_STAR_FALLBACK,2777,False,True,Greenview / Cornell Hotel Sustainability Benchmarking Index,https://greenview.sg/resources/chsb-index/
2022,Ucrania,UKR,3,CHSB 2024v2,2022,Greenview CHSB public dataset,19.102623,kgCO2e/occupied room-night,GLOBAL_STAR_FALLBACK,4306,False,True,Greenview / Cornell Hotel Sustainability Benchmarking Index,https://greenview.sg/resources/chsb-index/
2022,Ucrania,UKR,4,CHSB 2024v2,2022,Greenview CHSB public dataset,37.703218,kgCO2e/occupied room-night,GLOBAL_STAR_FALLBACK,2205,False,True,Greenview / Cornell Hotel Sustainability Benchmarking Index,https://greenview.sg/resources/chsb-index/
2022,Ucrania,UKR,5,CHSB 2024v2,2022,Greenview CHSB public dataset,78.970495,kgCO2e/occupied room-night,GLOBAL_STAR_FALLBACK,887,False,True,Greenview / Cornell Hotel Sustainability Benchmarking Index,https://greenview.sg/resources/chsb-index/
2022,Ucrania,UKR,unknown,CHSB 2024v2,2022,Greenview CHSB public dataset,25.514392,kgCO2e/occupied room-night,GLOBAL_UNKNOWN_FALLBACK,10183,False,True,Greenview / Cornell Hotel Sustainability Benchmarking Index,https://greenview.sg/resources/chsb-index/
2022,Uganda,UGA,2,CHSB 2024v2,2022,Greenview CHSB public dataset,14.037051,kgCO2e/occupied room-night,GLOBAL_STAR_FALLBACK,2777,False,True,Greenview / Cornell Hotel Sustainability Benchmarking Index,https://greenview.sg/resources/chsb-index/
2022,Uganda,UGA,3,CHSB 2024v2,2022,Greenview CHSB public dataset,19.102623,kgCO2e/occupied room-night,GLOBAL_STAR_FALLBACK,4306,False,True,Greenview / Cornell Hotel Sustainability Benchmarking Index,https://greenview.sg/resources/chsb-index/
2022,Uganda,UGA,4,CHSB 2024v2,2022,Greenview CHSB public dataset,37.703218,kgCO2e/occupied room-night,GLOBAL_STAR_FALLBACK,2205,False,True,Greenview / Cornell Hotel Sustainability Benchmarking Index,https://greenview.sg/resources/chsb-index/
2022,Uganda,UGA,5,CHSB 2024v2,2022,Greenview CHSB public dataset,78.970495,kgCO2e/occupied room-night,GLOBAL_STAR_FALLBACK,887,False,True,Greenview / Cornell Hotel Sustainability Benchmarking Index,https://greenview.sg/resources/chsb-index/
2022,Uganda,UGA,unknown,CHSB 2024v2,2022,Greenview CHSB public dataset,25.514392,kgCO2e/occupied room-night,GLOBAL_UNKNOWN_FALLBACK,10183,False,True,Greenview / Cornell Hotel Sustainability Benchmarking Index,https://greenview.sg/resources/chsb-index/
2022,Uruguay,URY,2,CHSB 2024v2,2022,Greenview CHSB public dataset,14.037051,kgCO2e/occupied room-night,GLOBAL_STAR_FALLBACK,2777,False,True,Greenview / Cornell Hotel Sustainability Benchmarking Index,https://greenview.sg/resources/chsb-index/
2022,Uruguay,URY,3,CHSB 2024v2,2022,Greenview CHSB public dataset,19.102623,kgCO2e/occupied room-night,GLOBAL_STAR_FALLBACK,4306,False,True,Greenview / Cornell Hotel Sustainability Benchmarking Index,https://greenview.sg/resources/chsb-index/
2022,Uruguay,URY,4,CHSB 2024v2,2022,Greenview CHSB public dataset,37.703218,kgCO2e/occupied room-night,GLOBAL_STAR_FALLBACK,2205,False,True,Greenview / Cornell Hotel Sustainability Benchmarking Index,https://greenview.sg/resources/chsb-index/
2022,Uruguay,URY,5,CHSB 2024v2,2022,Greenview CHSB public dataset,78.970495,kgCO2e/occupied room-night,GLOBAL_STAR_FALLBACK,887,False,True,Greenview / Cornell Hotel Sustainability Benchmarking Index,https://greenview.sg/resources/chsb-index/
2022,Uruguay,URY,unknown,CHSB 2024v2,2022,Greenview CHSB public dataset,25.514392,kgCO2e/occupied room-night,GLOBAL_UNKNOWN_FALLBACK,10183,False,True,Greenview / Cornell Hotel Sustainability Benchmarking Index,https://greenview.sg/resources/chsb-index/
2022,Uzbekistán,UZB,2,CHSB 2024v2,2022,Greenview CHSB public dataset,14.037051,kgCO2e/occupied room-night,GLOBAL_STAR_FALLBACK,2777,False,True,Greenview / Cornell Hotel Sustainability Benchmarking Index,https://greenview.sg/resources/chsb-index/
2022,Uzbekistán,UZB,3,CHSB 2024v2,2022,Greenview CHSB public dataset,19.102623,kgCO2e/occupied room-night,GLOBAL_STAR_FALLBACK,4306,False,True,Greenview / Cornell Hotel Sustainability Benchmarking Index,https://greenview.sg/resources/chsb-index/
2022,Uzbekistán,UZB,4,CHSB 2024v2,2022,Greenview CHSB public dataset,37.703218,kgCO2e/occupied room-night,GLOBAL_STAR_FALLBACK,2205,False,True,Greenview / Cornell Hotel Sustainability Benchmarking Index,https://greenview.sg/resources/chsb-index/
2022,Uzbekistán,UZB,5,CHSB 2024v2,2022,Greenview CHSB public dataset,78.970495,kgCO2e/occupied room-night,GLOBAL_STAR_FALLBACK,887,False,True,Greenview / Cornell Hotel Sustainability Benchmarking Index,https://greenview.sg/resources/chsb-index/
2022,Uzbekistán,UZB,unknown,CHSB 2024v2,2022,Greenview CHSB public dataset,25.514392,kgCO2e/occupied room-night,GLOBAL_UNKNOWN_FALLBACK,10183,False,True,Greenview / Cornell Hotel Sustainability Benchmarking Index,https://greenview.sg/resources/chsb-index/
2022,Vanuatu,VUT,2,CHSB 2024v2,2022,Greenview CHSB public dataset,14.037051,kgCO2e/occupied room-night,GLOBAL_STAR_FALLBACK,2777,False,True,Greenview / Cornell Hotel Sustainability Benchmarking Index,https://greenview.sg/resources/chsb-index/
2022,Vanuatu,VUT,3,CHSB 2024v2,2022,Greenview CHSB public dataset,19.102623,kgCO2e/occupied room-night,GLOBAL_STAR_FALLBACK,4306,False,True,Greenview / Cornell Hotel Sustainability Benchmarking Index,https://greenview.sg/resources/chsb-index/
2022,Vanuatu,VUT,4,CHSB 2024v2,2022,Greenview CHSB public dataset,37.703218,kgCO2e/occupied room-night,GLOBAL_STAR_FALLBACK,2205,False,True,Greenview / Cornell Hotel Sustainability Benchmarking Index,https://greenview.sg/resources/chsb-index/
2022,Vanuatu,VUT,5,CHSB 2024v2,2022,Greenview CHSB public dataset,78.970495,kgCO2e/occupied room-night,GLOBAL_STAR_FALLBACK,887,False,True,Greenview / Cornell Hotel Sustainability Benchmarking Index,https://greenview.sg/resources/chsb-index/
2022,Vanuatu,VUT,unknown,CHSB 2024v2,2022,Greenview CHSB public dataset,25.514392,kgCO2e/occupied room-night,GLOBAL_UNKNOWN_FALLBACK,10183,False,True,Greenview / Cornell Hotel Sustainability Benchmarking Index,https://greenview.sg/resources/chsb-index/
2022,Venezuela,VEN,2,CHSB 2024v2,2022,Greenview CHSB public dataset,14.037051,kgCO2e/occupied room-night,GLOBAL_STAR_FALLBACK,2777,False,True,Greenview / Cornell Hotel Sustainability Benchmarking Index,https://greenview.sg/resources/chsb-index/
2022,Venezuela,VEN,3,CHSB 2024v2,2022,Greenview CHSB public dataset,19.102623,kgCO2e/occupied room-night,GLOBAL_STAR_FALLBACK,4306,False,True,Greenview / Cornell Hotel Sustainability Benchmarking Index,https://greenview.sg/resources/chsb-index/
2022,Venezuela,VEN,4,CHSB 2024v2,2022,Greenview CHSB public dataset,37.703218,kgCO2e/occupied room-night,GLOBAL_STAR_FALLBACK,2205,False,True,Greenview / Cornell Hotel Sustainability Benchmarking Index,https://greenview.sg/resources/chsb-index/
2022,Venezuela,VEN,5,CHSB 2024v2,2022,Greenview CHSB public dataset,78.970495,kgCO2e/occupied room-night,GLOBAL_STAR_FALLBACK,887,False,True,Greenview / Cornell Hotel Sustainability Benchmarking Index,https://greenview.sg/resources/chsb-index/
2022,Venezuela,VEN,unknown,CHSB 2024v2,2022,Greenview CHSB public dataset,25.514392,kgCO2e/occupied room-night,GLOBAL_UNKNOWN_FALLBACK,10183,False,True,Greenview / Cornell Hotel Sustainability Benchmarking Index,https://greenview.sg/resources/chsb-index/
2022,Vietnam,VNM,2,CHSB 2024v2,2022,Greenview CHSB public dataset,14.037051,kgCO2e/occupied room-night,GLOBAL_STAR_FALLBACK,2777,False,True,Greenview / Cornell Hotel Sustainability Benchmarking Index,https://greenview.sg/resources/chsb-index/
2022,Vietnam,VNM,3,CHSB 2024v2,2022,Greenview CHSB public dataset,19.102623,kgCO2e/occupied room-night,GLOBAL_STAR_FALLBACK,4306,False,True,Greenview / Cornell Hotel Sustainability Benchmarking Index,https://greenview.sg/resources/chsb-index/
2022,Vietnam,VNM,4,CHSB 2024v2,2022,Greenview CHSB public dataset,76.873484,kgCO2e/occupied room-night,COUNTRY_STAR_WEIGHTED,12,False,False,Greenview / Cornell Hotel Sustainability Benchmarking Index,https://greenview.sg/resources/chsb-index/
2022,Vietnam,VNM,5,CHSB 2024v2,2022,Greenview CHSB public dataset,107.087521,kgCO2e/occupied room-night,COUNTRY_STAR_WEIGHTED,10,False,False,Greenview / Cornell Hotel Sustainability Benchmarking Index,https://greenview.sg/resources/chsb-index/
2022,Vietnam,VNM,unknown,CHSB 2024v2,2022,Greenview CHSB public dataset,86.743983,kgCO2e/occupied room-night,COUNTRY_NONRESORT,25,False,False,Greenview / Cornell Hotel Sustainability Benchmarking Index,https://greenview.sg/resources/chsb-index/
2022,Yemen,YEM,2,CHSB 2024v2,2022,Greenview CHSB public dataset,14.037051,kgCO2e/occupied room-night,GLOBAL_STAR_FALLBACK,2777,False,True,Greenview / Cornell Hotel Sustainability Benchmarking Index,https://greenview.sg/resources/chsb-index/
2022,Yemen,YEM,3,CHSB 2024v2,2022,Greenview CHSB public dataset,19.102623,kgCO2e/occupied room-night,GLOBAL_STAR_FALLBACK,4306,False,True,Greenview / Cornell Hotel Sustainability Benchmarking Index,https://greenview.sg/resources/chsb-index/
2022,Yemen,YEM,4,CHSB 2024v2,2022,Greenview CHSB public dataset,37.703218,kgCO2e/occupied room-night,GLOBAL_STAR_FALLBACK,2205,False,True,Greenview / Cornell Hotel Sustainability Benchmarking Index,https://greenview.sg/resources/chsb-index/
2022,Yemen,YEM,5,CHSB 2024v2,2022,Greenview CHSB public dataset,78.970495,kgCO2e/occupied room-night,GLOBAL_STAR_FALLBACK,887,False,True,Greenview / Cornell Hotel Sustainability Benchmarking Index,https://greenview.sg/resources/chsb-index/
2022,Yemen,YEM,unknown,CHSB 2024v2,2022,Greenview CHSB public dataset,25.514392,kgCO2e/occupied room-night,GLOBAL_UNKNOWN_FALLBACK,10183,False,True,Greenview / Cornell Hotel Sustainability Benchmarking Index,https://greenview.sg/resources/chsb-index/
2022,Yibuti,DJI,2,CHSB 2024v2,2022,Greenview CHSB public dataset,14.037051,kgCO2e/occupied room-night,GLOBAL_STAR_FALLBACK,2777,False,True,Greenview / Cornell Hotel Sustainability Benchmarking Index,https://greenview.sg/resources/chsb-index/
2022,Yibuti,DJI,3,CHSB 2024v2,2022,Greenview CHSB public dataset,19.102623,kgCO2e/occupied room-night,GLOBAL_STAR_FALLBACK,4306,False,True,Greenview / Cornell Hotel Sustainability Benchmarking Index,https://greenview.sg/resources/chsb-index/
2022,Yibuti,DJI,4,CHSB 2024v2,2022,Greenview CHSB public dataset,37.703218,kgCO2e/occupied room-night,GLOBAL_STAR_FALLBACK,2205,False,True,Greenview / Cornell Hotel Sustainability Benchmarking Index,https://greenview.sg/resources/chsb-index/
2022,Yibuti,DJI,5,CHSB 2024v2,2022,Greenview CHSB public dataset,78.970495,kgCO2e/occupied room-night,GLOBAL_STAR_FALLBACK,887,False,True,Greenview / Cornell Hotel Sustainability Benchmarking Index,https://greenview.sg/resources/chsb-index/
2022,Yibuti,DJI,unknown,CHSB 2024v2,2022,Greenview CHSB public dataset,25.514392,kgCO2e/occupied room-night,GLOBAL_UNKNOWN_FALLBACK,10183,False,True,Greenview / Cornell Hotel Sustainability Benchmarking Index,https://greenview.sg/resources/chsb-index/
2022,Zambia,ZMB,2,CHSB 2024v2,2022,Greenview CHSB public dataset,14.037051,kgCO2e/occupied room-night,GLOBAL_STAR_FALLBACK,2777,False,True,Greenview / Cornell Hotel Sustainability Benchmarking Index,https://greenview.sg/resources/chsb-index/
2022,Zambia,ZMB,3,CHSB 2024v2,2022,Greenview CHSB public dataset,19.102623,kgCO2e/occupied room-night,GLOBAL_STAR_FALLBACK,4306,False,True,Greenview / Cornell Hotel Sustainability Benchmarking Index,https://greenview.sg/resources/chsb-index/
2022,Zambia,ZMB,4,CHSB 2024v2,2022,Greenview CHSB public dataset,37.703218,kgCO2e/occupied room-night,GLOBAL_STAR_FALLBACK,2205,False,True,Greenview / Cornell Hotel Sustainability Benchmarking Index,https://greenview.sg/resources/chsb-index/
2022,Zambia,ZMB,5,CHSB 2024v2,2022,Greenview CHSB public dataset,78.970495,kgCO2e/occupied room-night,GLOBAL_STAR_FALLBACK,887,False,True,Greenview / Cornell Hotel Sustainability Benchmarking Index,https://greenview.sg/resources/chsb-index/
2022,Zambia,ZMB,unknown,CHSB 2024v2,2022,Greenview CHSB public dataset,25.514392,kgCO2e/occupied room-night,GLOBAL_UNKNOWN_FALLBACK,10183,False,True,Greenview / Cornell Hotel Sustainability Benchmarking Index,https://greenview.sg/resources/chsb-index/
2022,Zimbabue,ZWE,2,CHSB 2024v2,2022,Greenview CHSB public dataset,14.037051,kgCO2e/occupied room-night,GLOBAL_STAR_FALLBACK,2777,False,True,Greenview / Cornell Hotel Sustainability Benchmarking Index,https://greenview.sg/resources/chsb-index/
2022,Zimbabue,ZWE,3,CHSB 2024v2,2022,Greenview CHSB public dataset,19.102623,kgCO2e/occupied room-night,GLOBAL_STAR_FALLBACK,4306,False,True,Greenview / Cornell Hotel Sustainability Benchmarking Index,https://greenview.sg/resources/chsb-index/
2022,Zimbabue,ZWE,4,CHSB 2024v2,2022,Greenview CHSB public dataset,37.703218,kgCO2e/occupied room-night,GLOBAL_STAR_FALLBACK,2205,False,True,Greenview / Cornell Hotel Sustainability Benchmarking Index,https://greenview.sg/resources/chsb-index/
2022,Zimbabue,ZWE,5,CHSB 2024v2,2022,Greenview CHSB public dataset,78.970495,kgCO2e/occupied room-night,GLOBAL_STAR_FALLBACK,887,False,True,Greenview / Cornell Hotel Sustainability Benchmarking Index,https://greenview.sg/resources/chsb-index/
2022,Zimbabue,ZWE,unknown,CHSB 2024v2,2022,Greenview CHSB public dataset,25.514392,kgCO2e/occupied room-night,GLOBAL_UNKNOWN_FALLBACK,10183,False,True,Greenview / Cornell Hotel Sustainability Benchmarking Index,https://greenview.sg/resources/chsb-index/
2023,Afganistán,AFG,2,CHSB 2025,2023,Greenview CHSB public dataset,14.894624,kgCO2e/occupied room-night,GLOBAL_STAR_FALLBACK,6977,False,True,Greenview / Cornell Hotel Sustainability Benchmarking Index,https://greenview.sg/resources/chsb-index/
2023,Afganistán,AFG,3,CHSB 2025,2023,Greenview CHSB public dataset,19.14257,kgCO2e/occupied room-night,GLOBAL_STAR_FALLBACK,7773,False,True,Greenview / Cornell Hotel Sustainability Benchmarking Index,https://greenview.sg/resources/chsb-index/
2023,Afganistán,AFG,4,CHSB 2025,2023,Greenview CHSB public dataset,32.328082,kgCO2e/occupied room-night,GLOBAL_STAR_FALLBACK,3107,False,True,Greenview / Cornell Hotel Sustainability Benchmarking Index,https://greenview.sg/resources/chsb-index/
2023,Afganistán,AFG,5,CHSB 2025,2023,Greenview CHSB public dataset,49.85776,kgCO2e/occupied room-night,GLOBAL_STAR_FALLBACK,696,False,True,Greenview / Cornell Hotel Sustainability Benchmarking Index,https://greenview.sg/resources/chsb-index/
2023,Afganistán,AFG,unknown,CHSB 2025,2023,Greenview CHSB public dataset,20.2405,kgCO2e/occupied room-night,GLOBAL_UNKNOWN_FALLBACK,18308,False,True,Greenview / Cornell Hotel Sustainability Benchmarking Index,https://greenview.sg/resources/chsb-index/
2023,Albania,ALB,2,CHSB 2025,2023,Greenview CHSB public dataset,14.894624,kgCO2e/occupied room-night,GLOBAL_STAR_FALLBACK,6977,False,True,Greenview / Cornell Hotel Sustainability Benchmarking Index,https://greenview.sg/resources/chsb-index/
2023,Albania,ALB,3,CHSB 2025,2023,Greenview CHSB public dataset,19.14257,kgCO2e/occupied room-night,GLOBAL_STAR_FALLBACK,7773,False,True,Greenview / Cornell Hotel Sustainability Benchmarking Index,https://greenview.sg/resources/chsb-index/
2023,Albania,ALB,4,CHSB 2025,2023,Greenview CHSB public dataset,32.328082,kgCO2e/occupied room-night,GLOBAL_STAR_FALLBACK,3107,False,True,Greenview / Cornell Hotel Sustainability Benchmarking Index,https://greenview.sg/resources/chsb-index/
2023,Albania,ALB,5,CHSB 2025,2023,Greenview CHSB public dataset,49.85776,kgCO2e/occupied room-night,GLOBAL_STAR_FALLBACK,696,False,True,Greenview / Cornell Hotel Sustainability Benchmarking Index,https://greenview.sg/resources/chsb-index/
2023,Albania,ALB,unknown,CHSB 2025,2023,Greenview CHSB public dataset,20.2405,kgCO2e/occupied room-night,GLOBAL_UNKNOWN_FALLBACK,18308,False,True,Greenview / Cornell Hotel Sustainability Benchmarking Index,https://greenview.sg/resources/chsb-index/
2023,Alemania,DEU,2,CHSB 2025,2023,Greenview CHSB public dataset,9.995776,kgCO2e/occupied room-night,COUNTRY_STAR_WEIGHTED,44,False,False,Greenview / Cornell Hotel Sustainability Benchmarking Index,https://greenview.sg/resources/chsb-index/
2023,Alemania,DEU,3,CHSB 2025,2023,Greenview CHSB public dataset,12.380293,kgCO2e/occupied room-night,COUNTRY_STAR_WEIGHTED,70,False,False,Greenview / Cornell Hotel Sustainability Benchmarking Index,https://greenview.sg/resources/chsb-index/
2023,Alemania,DEU,4,CHSB 2025,2023,Greenview CHSB public dataset,17.386327,kgCO2e/occupied room-night,COUNTRY_STAR_WEIGHTED,89,False,False,Greenview / Cornell Hotel Sustainability Benchmarking Index,https://greenview.sg/resources/chsb-index/
2023,Alemania,DEU,5,CHSB 2025,2023,Greenview CHSB public dataset,25.058648,kgCO2e/occupied room-night,COUNTRY_STAR_WEIGHTED,29,False,False,Greenview / Cornell Hotel Sustainability Benchmarking Index,https://greenview.sg/resources/chsb-index/
2023,Alemania,DEU,unknown,CHSB 2025,2023,Greenview CHSB public dataset,15.43327,kgCO2e/occupied room-night,COUNTRY_NONRESORT,232,False,False,Greenview / Cornell Hotel Sustainability Benchmarking Index,https://greenview.sg/resources/chsb-index/
2023,Andorra,AND,2,CHSB 2025,2023,Greenview CHSB public dataset,14.894624,kgCO2e/occupied room-night,GLOBAL_STAR_FALLBACK,6977,False,True,Greenview / Cornell Hotel Sustainability Benchmarking Index,https://greenview.sg/resources/chsb-index/
2023,Andorra,AND,3,CHSB 2025,2023,Greenview CHSB public dataset,19.14257,kgCO2e/occupied room-night,GLOBAL_STAR_FALLBACK,7773,False,True,Greenview / Cornell Hotel Sustainability Benchmarking Index,https://greenview.sg/resources/chsb-index/
2023,Andorra,AND,4,CHSB 2025,2023,Greenview CHSB public dataset,32.328082,kgCO2e/occupied room-night,GLOBAL_STAR_FALLBACK,3107,False,True,Greenview / Cornell Hotel Sustainability Benchmarking Index,https://greenview.sg/resources/chsb-index/
2023,Andorra,AND,5,CHSB 2025,2023,Greenview CHSB public dataset,49.85776,kgCO2e/occupied room-night,GLOBAL_STAR_FALLBACK,696,False,True,Greenview / Cornell Hotel Sustainability Benchmarking Index,https://greenview.sg/resources/chsb-index/
2023,Andorra,AND,unknown,CHSB 2025,2023,Greenview CHSB public dataset,20.2405,kgCO2e/occupied room-night,GLOBAL_UNKNOWN_FALLBACK,18308,False,True,Greenview / Cornell Hotel Sustainability Benchmarking Index,https://greenview.sg/resources/chsb-index/
2023,Angola,AGO,2,CHSB 2025,2023,Greenview CHSB public dataset,14.894624,kgCO2e/occupied room-night,GLOBAL_STAR_FALLBACK,6977,False,True,Greenview / Cornell Hotel Sustainability Benchmarking Index,https://greenview.sg/resources/chsb-index/
2023,Angola,AGO,3,CHSB 2025,2023,Greenview CHSB public dataset,19.14257,kgCO2e/occupied room-night,GLOBAL_STAR_FALLBACK,7773,False,True,Greenview / Cornell Hotel Sustainability Benchmarking Index,https://greenview.sg/resources/chsb-index/
2023,Angola,AGO,4,CHSB 2025,2023,Greenview CHSB public dataset,32.328082,kgCO2e/occupied room-night,GLOBAL_STAR_FALLBACK,3107,False,True,Greenview / Cornell Hotel Sustainability Benchmarking Index,https://greenview.sg/resources/chsb-index/
2023,Angola,AGO,5,CHSB 2025,2023,Greenview CHSB public dataset,49.85776,kgCO2e/occupied room-night,GLOBAL_STAR_FALLBACK,696,False,True,Greenview / Cornell Hotel Sustainability Benchmarking Index,https://greenview.sg/resources/chsb-index/
2023,Angola,AGO,unknown,CHSB 2025,2023,Greenview CHSB public dataset,20.2405,kgCO2e/occupied room-night,GLOBAL_UNKNOWN_FALLBACK,18308,False,True,Greenview / Cornell Hotel Sustainability Benchmarking Index,https://greenview.sg/resources/chsb-index/
2023,Anguila,AIA,2,CHSB 2025,2023,Greenview CHSB public dataset,14.894624,kgCO2e/occupied room-night,GLOBAL_STAR_FALLBACK,6977,False,True,Greenview / Cornell Hotel Sustainability Benchmarking Index,https://greenview.sg/resources/chsb-index/
2023,Anguila,AIA,3,CHSB 2025,2023,Greenview CHSB public dataset,19.14257,kgCO2e/occupied room-night,GLOBAL_STAR_FALLBACK,7773,False,True,Greenview / Cornell Hotel Sustainability Benchmarking Index,https://greenview.sg/resources/chsb-index/
2023,Anguila,AIA,4,CHSB 2025,2023,Greenview CHSB public dataset,32.328082,kgCO2e/occupied room-night,GLOBAL_STAR_FALLBACK,3107,False,True,Greenview / Cornell Hotel Sustainability Benchmarking Index,https://greenview.sg/resources/chsb-index/
2023,Anguila,AIA,5,CHSB 2025,2023,Greenview CHSB public dataset,49.85776,kgCO2e/occupied room-night,GLOBAL_STAR_FALLBACK,696,False,True,Greenview / Cornell Hotel Sustainability Benchmarking Index,https://greenview.sg/resources/chsb-index/
2023,Anguila,AIA,unknown,CHSB 2025,2023,Greenview CHSB public dataset,20.2405,kgCO2e/occupied room-night,GLOBAL_UNKNOWN_FALLBACK,18308,False,True,Greenview / Cornell Hotel Sustainability Benchmarking Index,https://greenview.sg/resources/chsb-index/
2023,Antigua y Barbuda,ATG,2,CHSB 2025,2023,Greenview CHSB public dataset,14.894624,kgCO2e/occupied room-night,GLOBAL_STAR_FALLBACK,6977,False,True,Greenview / Cornell Hotel Sustainability Benchmarking Index,https://greenview.sg/resources/chsb-index/
2023,Antigua y Barbuda,ATG,3,CHSB 2025,2023,Greenview CHSB public dataset,19.14257,kgCO2e/occupied room-night,GLOBAL_STAR_FALLBACK,7773,False,True,Greenview / Cornell Hotel Sustainability Benchmarking Index,https://greenview.sg/resources/chsb-index/
2023,Antigua y Barbuda,ATG,4,CHSB 2025,2023,Greenview CHSB public dataset,32.328082,kgCO2e/occupied room-night,GLOBAL_STAR_FALLBACK,3107,False,True,Greenview / Cornell Hotel Sustainability Benchmarking Index,https://greenview.sg/resources/chsb-index/
2023,Antigua y Barbuda,ATG,5,CHSB 2025,2023,Greenview CHSB public dataset,49.85776,kgCO2e/occupied room-night,GLOBAL_STAR_FALLBACK,696,False,True,Greenview / Cornell Hotel Sustainability Benchmarking Index,https://greenview.sg/resources/chsb-index/
2023,Antigua y Barbuda,ATG,unknown,CHSB 2025,2023,Greenview CHSB public dataset,20.2405,kgCO2e/occupied room-night,GLOBAL_UNKNOWN_FALLBACK,18308,False,True,Greenview / Cornell Hotel Sustainability Benchmarking Index,https://greenview.sg/resources/chsb-index/
2023,Antillas Neerlandesas,ANT,2,CHSB 2025,2023,Greenview CHSB public dataset,14.894624,kgCO2e/occupied room-night,GLOBAL_STAR_FALLBACK,6977,False,True,Greenview / Cornell Hotel Sustainability Benchmarking Index,https://greenview.sg/resources/chsb-index/
2023,Antillas Neerlandesas,ANT,3,CHSB 2025,2023,Greenview CHSB public dataset,19.14257,kgCO2e/occupied room-night,GLOBAL_STAR_FALLBACK,7773,False,True,Greenview / Cornell Hotel Sustainability Benchmarking Index,https://greenview.sg/resources/chsb-index/
2023,Antillas Neerlandesas,ANT,4,CHSB 2025,2023,Greenview CHSB public dataset,32.328082,kgCO2e/occupied room-night,GLOBAL_STAR_FALLBACK,3107,False,True,Greenview / Cornell Hotel Sustainability Benchmarking Index,https://greenview.sg/resources/chsb-index/
2023,Antillas Neerlandesas,ANT,5,CHSB 2025,2023,Greenview CHSB public dataset,49.85776,kgCO2e/occupied room-night,GLOBAL_STAR_FALLBACK,696,False,True,Greenview / Cornell Hotel Sustainability Benchmarking Index,https://greenview.sg/resources/chsb-index/
2023,Antillas Neerlandesas,ANT,unknown,CHSB 2025,2023,Greenview CHSB public dataset,20.2405,kgCO2e/occupied room-night,GLOBAL_UNKNOWN_FALLBACK,18308,False,True,Greenview / Cornell Hotel Sustainability Benchmarking Index,https://greenview.sg/resources/chsb-index/
2023,Antártida,ATA,2,CHSB 2025,2023,Greenview CHSB public dataset,14.894624,kgCO2e/occupied room-night,GLOBAL_STAR_FALLBACK,6977,False,True,Greenview / Cornell Hotel Sustainability Benchmarking Index,https://greenview.sg/resources/chsb-index/
2023,Antártida,ATA,3,CHSB 2025,2023,Greenview CHSB public dataset,19.14257,kgCO2e/occupied room-night,GLOBAL_STAR_FALLBACK,7773,False,True,Greenview / Cornell Hotel Sustainability Benchmarking Index,https://greenview.sg/resources/chsb-index/
2023,Antártida,ATA,4,CHSB 2025,2023,Greenview CHSB public dataset,32.328082,kgCO2e/occupied room-night,GLOBAL_STAR_FALLBACK,3107,False,True,Greenview / Cornell Hotel Sustainability Benchmarking Index,https://greenview.sg/resources/chsb-index/
2023,Antártida,ATA,5,CHSB 2025,2023,Greenview CHSB public dataset,49.85776,kgCO2e/occupied room-night,GLOBAL_STAR_FALLBACK,696,False,True,Greenview / Cornell Hotel Sustainability Benchmarking Index,https://greenview.sg/resources/chsb-index/
2023,Antártida,ATA,unknown,CHSB 2025,2023,Greenview CHSB public dataset,20.2405,kgCO2e/occupied room-night,GLOBAL_UNKNOWN_FALLBACK,18308,False,True,Greenview / Cornell Hotel Sustainability Benchmarking Index,https://greenview.sg/resources/chsb-index/
2023,Arabia Saudita,SAU,2,CHSB 2025,2023,Greenview CHSB public dataset,14.894624,kgCO2e/occupied room-night,GLOBAL_STAR_FALLBACK,6977,False,True,Greenview / Cornell Hotel Sustainability Benchmarking Index,https://greenview.sg/resources/chsb-index/
2023,Arabia Saudita,SAU,3,CHSB 2025,2023,Greenview CHSB public dataset,55.021871,kgCO2e/occupied room-night,COUNTRY_STAR_WEIGHTED,28,False,False,Greenview / Cornell Hotel Sustainability Benchmarking Index,https://greenview.sg/resources/chsb-index/
2023,Arabia Saudita,SAU,4,CHSB 2025,2023,Greenview CHSB public dataset,69.927241,kgCO2e/occupied room-night,COUNTRY_STAR_WEIGHTED,13,False,False,Greenview / Cornell Hotel Sustainability Benchmarking Index,https://greenview.sg/resources/chsb-index/
2023,Arabia Saudita,SAU,5,CHSB 2025,2023,Greenview CHSB public dataset,71.558693,kgCO2e/occupied room-night,COUNTRY_STAR_WEIGHTED,20,False,False,Greenview / Cornell Hotel Sustainability Benchmarking Index,https://greenview.sg/resources/chsb-index/
2023,Arabia Saudita,SAU,unknown,CHSB 2025,2023,Greenview CHSB public dataset,63.620334,kgCO2e/occupied room-night,COUNTRY_NONRESORT,61,False,False,Greenview / Cornell Hotel Sustainability Benchmarking Index,https://greenview.sg/resources/chsb-index/
2023,Argelia,DZA,2,CHSB 2025,2023,Greenview CHSB public dataset,14.894624,kgCO2e/occupied room-night,GLOBAL_STAR_FALLBACK,6977,False,True,Greenview / Cornell Hotel Sustainability Benchmarking Index,https://greenview.sg/resources/chsb-index/
2023,Argelia,DZA,3,CHSB 2025,2023,Greenview CHSB public dataset,19.14257,kgCO2e/occupied room-night,GLOBAL_STAR_FALLBACK,7773,False,True,Greenview / Cornell Hotel Sustainability Benchmarking Index,https://greenview.sg/resources/chsb-index/
2023,Argelia,DZA,4,CHSB 2025,2023,Greenview CHSB public dataset,32.328082,kgCO2e/occupied room-night,GLOBAL_STAR_FALLBACK,3107,False,True,Greenview / Cornell Hotel Sustainability Benchmarking Index,https://greenview.sg/resources/chsb-index/
2023,Argelia,DZA,5,CHSB 2025,2023,Greenview CHSB public dataset,49.85776,kgCO2e/occupied room-night,GLOBAL_STAR_FALLBACK,696,False,True,Greenview / Cornell Hotel Sustainability Benchmarking Index,https://greenview.sg/resources/chsb-index/
2023,Argelia,DZA,unknown,CHSB 2025,2023,Greenview CHSB public dataset,20.2405,kgCO2e/occupied room-night,GLOBAL_UNKNOWN_FALLBACK,18308,False,True,Greenview / Cornell Hotel Sustainability Benchmarking Index,https://greenview.sg/resources/chsb-index/
2023,Argentina,ARG,2,CHSB 2025,2023,Greenview CHSB public dataset,14.894624,kgCO2e/occupied room-night,GLOBAL_STAR_FALLBACK,6977,False,True,Greenview / Cornell Hotel Sustainability Benchmarking Index,https://greenview.sg/resources/chsb-index/
2023,Argentina,ARG,3,CHSB 2025,2023,Greenview CHSB public dataset,19.14257,kgCO2e/occupied room-night,GLOBAL_STAR_FALLBACK,7773,False,True,Greenview / Cornell Hotel Sustainability Benchmarking Index,https://greenview.sg/resources/chsb-index/
2023,Argentina,ARG,4,CHSB 2025,2023,Greenview CHSB public dataset,37.26119,kgCO2e/occupied room-night,COUNTRY_STAR_WEIGHTED,9,False,False,Greenview / Cornell Hotel Sustainability Benchmarking Index,https://greenview.sg/resources/chsb-index/
2023,Argentina,ARG,5,CHSB 2025,2023,Greenview CHSB public dataset,49.85776,kgCO2e/occupied room-night,GLOBAL_STAR_FALLBACK,696,False,True,Greenview / Cornell Hotel Sustainability Benchmarking Index,https://greenview.sg/resources/chsb-index/
2023,Argentina,ARG,unknown,CHSB 2025,2023,Greenview CHSB public dataset,30.991833,kgCO2e/occupied room-night,COUNTRY_NONRESORT,21,False,False,Greenview / Cornell Hotel Sustainability Benchmarking Index,https://greenview.sg/resources/chsb-index/
2023,Armenia,ARM,2,CHSB 2025,2023,Greenview CHSB public dataset,14.894624,kgCO2e/occupied room-night,GLOBAL_STAR_FALLBACK,6977,False,True,Greenview / Cornell Hotel Sustainability Benchmarking Index,https://greenview.sg/resources/chsb-index/
2023,Armenia,ARM,3,CHSB 2025,2023,Greenview CHSB public dataset,19.14257,kgCO2e/occupied room-night,GLOBAL_STAR_FALLBACK,7773,False,True,Greenview / Cornell Hotel Sustainability Benchmarking Index,https://greenview.sg/resources/chsb-index/
2023,Armenia,ARM,4,CHSB 2025,2023,Greenview CHSB public dataset,32.328082,kgCO2e/occupied room-night,GLOBAL_STAR_FALLBACK,3107,False,True,Greenview / Cornell Hotel Sustainability Benchmarking Index,https://greenview.sg/resources/chsb-index/
2023,Armenia,ARM,5,CHSB 2025,2023,Greenview CHSB public dataset,49.85776,kgCO2e/occupied room-night,GLOBAL_STAR_FALLBACK,696,False,True,Greenview / Cornell Hotel Sustainability Benchmarking Index,https://greenview.sg/resources/chsb-index/
2023,Armenia,ARM,unknown,CHSB 2025,2023,Greenview CHSB public dataset,20.2405,kgCO2e/occupied room-night,GLOBAL_UNKNOWN_FALLBACK,18308,False,True,Greenview / Cornell Hotel Sustainability Benchmarking Index,https://greenview.sg/resources/chsb-index/
2023,Aruba,ABW,2,CHSB 2025,2023,Greenview CHSB public dataset,14.894624,kgCO2e/occupied room-night,GLOBAL_STAR_FALLBACK,6977,False,True,Greenview / Cornell Hotel Sustainability Benchmarking Index,https://greenview.sg/resources/chsb-index/
2023,Aruba,ABW,3,CHSB 2025,2023,Greenview CHSB public dataset,19.14257,kgCO2e/occupied room-night,GLOBAL_STAR_FALLBACK,7773,False,True,Greenview / Cornell Hotel Sustainability Benchmarking Index,https://greenview.sg/resources/chsb-index/
2023,Aruba,ABW,4,CHSB 2025,2023,Greenview CHSB public dataset,32.328082,kgCO2e/occupied room-night,GLOBAL_STAR_FALLBACK,3107,False,True,Greenview / Cornell Hotel Sustainability Benchmarking Index,https://greenview.sg/resources/chsb-index/
2023,Aruba,ABW,5,CHSB 2025,2023,Greenview CHSB public dataset,49.85776,kgCO2e/occupied room-night,GLOBAL_STAR_FALLBACK,696,False,True,Greenview / Cornell Hotel Sustainability Benchmarking Index,https://greenview.sg/resources/chsb-index/
2023,Aruba,ABW,unknown,CHSB 2025,2023,Greenview CHSB public dataset,20.2405,kgCO2e/occupied room-night,GLOBAL_UNKNOWN_FALLBACK,18308,False,True,Greenview / Cornell Hotel Sustainability Benchmarking Index,https://greenview.sg/resources/chsb-index/
2023,Australia,AUS,2,CHSB 2025,2023,Greenview CHSB public dataset,14.894624,kgCO2e/occupied room-night,GLOBAL_STAR_FALLBACK,6977,False,True,Greenview / Cornell Hotel Sustainability Benchmarking Index,https://greenview.sg/resources/chsb-index/
2023,Australia,AUS,3,CHSB 2025,2023,Greenview CHSB public dataset,26.529122,kgCO2e/occupied room-night,COUNTRY_STAR_WEIGHTED,16,False,False,Greenview / Cornell Hotel Sustainability Benchmarking Index,https://greenview.sg/resources/chsb-index/
2023,Australia,AUS,4,CHSB 2025,2023,Greenview CHSB public dataset,28.775228,kgCO2e/occupied room-night,COUNTRY_STAR_WEIGHTED,65,False,False,Greenview / Cornell Hotel Sustainability Benchmarking Index,https://greenview.sg/resources/chsb-index/
2023,Australia,AUS,5,CHSB 2025,2023,Greenview CHSB public dataset,39.274071,kgCO2e/occupied room-night,COUNTRY_STAR_WEIGHTED,22,False,False,Greenview / Cornell Hotel Sustainability Benchmarking Index,https://greenview.sg/resources/chsb-index/
2023,Australia,AUS,unknown,CHSB 2025,2023,Greenview CHSB public dataset,30.239476,kgCO2e/occupied room-night,COUNTRY_NONRESORT,107,False,False,Greenview / Cornell Hotel Sustainability Benchmarking Index,https://greenview.sg/resources/chsb-index/
2023,Austria,AUT,2,CHSB 2025,2023,Greenview CHSB public dataset,14.894624,kgCO2e/occupied room-night,GLOBAL_STAR_FALLBACK,6977,False,True,Greenview / Cornell Hotel Sustainability Benchmarking Index,https://greenview.sg/resources/chsb-index/
2023,Austria,AUT,3,CHSB 2025,2023,Greenview CHSB public dataset,19.14257,kgCO2e/occupied room-night,GLOBAL_STAR_FALLBACK,7773,False,True,Greenview / Cornell Hotel Sustainability Benchmarking Index,https://greenview.sg/resources/chsb-index/
2023,Austria,AUT,4,CHSB 2025,2023,Greenview CHSB public dataset,8.443003,kgCO2e/occupied room-night,COUNTRY_STAR_WEIGHTED,13,False,False,Greenview / Cornell Hotel Sustainability Benchmarking Index,https://greenview.sg/resources/chsb-index/
2023,Austria,AUT,5,CHSB 2025,2023,Greenview CHSB public dataset,16.114066,kgCO2e/occupied room-night,COUNTRY_STAR_WEIGHTED,10,False,False,Greenview / Cornell Hotel Sustainability Benchmarking Index,https://greenview.sg/resources/chsb-index/
2023,Austria,AUT,unknown,CHSB 2025,2023,Greenview CHSB public dataset,11.466161,kgCO2e/occupied room-night,COUNTRY_NONRESORT,28,False,False,Greenview / Cornell Hotel Sustainability Benchmarking Index,https://greenview.sg/resources/chsb-index/
2023,Azerbaiyán,AZE,2,CHSB 2025,2023,Greenview CHSB public dataset,14.894624,kgCO2e/occupied room-night,GLOBAL_STAR_FALLBACK,6977,False,True,Greenview / Cornell Hotel Sustainability Benchmarking Index,https://greenview.sg/resources/chsb-index/
2023,Azerbaiyán,AZE,3,CHSB 2025,2023,Greenview CHSB public dataset,19.14257,kgCO2e/occupied room-night,GLOBAL_STAR_FALLBACK,7773,False,True,Greenview / Cornell Hotel Sustainability Benchmarking Index,https://greenview.sg/resources/chsb-index/
2023,Azerbaiyán,AZE,4,CHSB 2025,2023,Greenview CHSB public dataset,32.328082,kgCO2e/occupied room-night,GLOBAL_STAR_FALLBACK,3107,False,True,Greenview / Cornell Hotel Sustainability Benchmarking Index,https://greenview.sg/resources/chsb-index/
2023,Azerbaiyán,AZE,5,CHSB 2025,2023,Greenview CHSB public dataset,49.85776,kgCO2e/occupied room-night,GLOBAL_STAR_FALLBACK,696,False,True,Greenview / Cornell Hotel Sustainability Benchmarking Index,https://greenview.sg/resources/chsb-index/
2023,Azerbaiyán,AZE,unknown,CHSB 2025,2023,Greenview CHSB public dataset,20.2405,kgCO2e/occupied room-night,GLOBAL_UNKNOWN_FALLBACK,18308,False,True,Greenview / Cornell Hotel Sustainability Benchmarking Index,https://greenview.sg/resources/chsb-index/
2023,Bahamas,BHS,2,CHSB 2025,2023,Greenview CHSB public dataset,14.894624,kgCO2e/occupied room-night,GLOBAL_STAR_FALLBACK,6977,False,True,Greenview / Cornell Hotel Sustainability Benchmarking Index,https://greenview.sg/resources/chsb-index/
2023,Bahamas,BHS,3,CHSB 2025,2023,Greenview CHSB public dataset,19.14257,kgCO2e/occupied room-night,GLOBAL_STAR_FALLBACK,7773,False,True,Greenview / Cornell Hotel Sustainability Benchmarking Index,https://greenview.sg/resources/chsb-index/
2023,Bahamas,BHS,4,CHSB 2025,2023,Greenview CHSB public dataset,32.328082,kgCO2e/occupied room-night,GLOBAL_STAR_FALLBACK,3107,False,True,Greenview / Cornell Hotel Sustainability Benchmarking Index,https://greenview.sg/resources/chsb-index/
2023,Bahamas,BHS,5,CHSB 2025,2023,Greenview CHSB public dataset,49.85776,kgCO2e/occupied room-night,GLOBAL_STAR_FALLBACK,696,False,True,Greenview / Cornell Hotel Sustainability Benchmarking Index,https://greenview.sg/resources/chsb-index/
2023,Bahamas,BHS,unknown,CHSB 2025,2023,Greenview CHSB public dataset,20.2405,kgCO2e/occupied room-night,GLOBAL_UNKNOWN_FALLBACK,18308,False,True,Greenview / Cornell Hotel Sustainability Benchmarking Index,https://greenview.sg/resources/chsb-index/
2023,Bangladés,BGD,2,CHSB 2025,2023,Greenview CHSB public dataset,14.894624,kgCO2e/occupied room-night,GLOBAL_STAR_FALLBACK,6977,False,True,Greenview / Cornell Hotel Sustainability Benchmarking Index,https://greenview.sg/resources/chsb-index/
2023,Bangladés,BGD,3,CHSB 2025,2023,Greenview CHSB public dataset,19.14257,kgCO2e/occupied room-night,GLOBAL_STAR_FALLBACK,7773,False,True,Greenview / Cornell Hotel Sustainability Benchmarking Index,https://greenview.sg/resources/chsb-index/
2023,Bangladés,BGD,4,CHSB 2025,2023,Greenview CHSB public dataset,32.328082,kgCO2e/occupied room-night,GLOBAL_STAR_FALLBACK,3107,False,True,Greenview / Cornell Hotel Sustainability Benchmarking Index,https://greenview.sg/resources/chsb-index/
2023,Bangladés,BGD,5,CHSB 2025,2023,Greenview CHSB public dataset,49.85776,kgCO2e/occupied room-night,GLOBAL_STAR_FALLBACK,696,False,True,Greenview / Cornell Hotel Sustainability Benchmarking Index,https://greenview.sg/resources/chsb-index/
2023,Bangladés,BGD,unknown,CHSB 2025,2023,Greenview CHSB public dataset,20.2405,kgCO2e/occupied room-night,GLOBAL_UNKNOWN_FALLBACK,18308,False,True,Greenview / Cornell Hotel Sustainability Benchmarking Index,https://greenview.sg/resources/chsb-index/
2023,Barbados,BRB,2,CHSB 2025,2023,Greenview CHSB public dataset,14.894624,kgCO2e/occupied room-night,GLOBAL_STAR_FALLBACK,6977,False,True,Greenview / Cornell Hotel Sustainability Benchmarking Index,https://greenview.sg/resources/chsb-index/
2023,Barbados,BRB,3,CHSB 2025,2023,Greenview CHSB public dataset,19.14257,kgCO2e/occupied room-night,GLOBAL_STAR_FALLBACK,7773,False,True,Greenview / Cornell Hotel Sustainability Benchmarking Index,https://greenview.sg/resources/chsb-index/
2023,Barbados,BRB,4,CHSB 2025,2023,Greenview CHSB public dataset,32.328082,kgCO2e/occupied room-night,GLOBAL_STAR_FALLBACK,3107,False,True,Greenview / Cornell Hotel Sustainability Benchmarking Index,https://greenview.sg/resources/chsb-index/
2023,Barbados,BRB,5,CHSB 2025,2023,Greenview CHSB public dataset,49.85776,kgCO2e/occupied room-night,GLOBAL_STAR_FALLBACK,696,False,True,Greenview / Cornell Hotel Sustainability Benchmarking Index,https://greenview.sg/resources/chsb-index/
2023,Barbados,BRB,unknown,CHSB 2025,2023,Greenview CHSB public dataset,20.2405,kgCO2e/occupied room-night,GLOBAL_UNKNOWN_FALLBACK,18308,False,True,Greenview / Cornell Hotel Sustainability Benchmarking Index,https://greenview.sg/resources/chsb-index/
2023,Baréin,BHR,2,CHSB 2025,2023,Greenview CHSB public dataset,14.894624,kgCO2e/occupied room-night,GLOBAL_STAR_FALLBACK,6977,False,True,Greenview / Cornell Hotel Sustainability Benchmarking Index,https://greenview.sg/resources/chsb-index/
2023,Baréin,BHR,3,CHSB 2025,2023,Greenview CHSB public dataset,19.14257,kgCO2e/occupied room-night,GLOBAL_STAR_FALLBACK,7773,False,True,Greenview / Cornell Hotel Sustainability Benchmarking Index,https://greenview.sg/resources/chsb-index/
2023,Baréin,BHR,4,CHSB 2025,2023,Greenview CHSB public dataset,32.328082,kgCO2e/occupied room-night,GLOBAL_STAR_FALLBACK,3107,False,True,Greenview / Cornell Hotel Sustainability Benchmarking Index,https://greenview.sg/resources/chsb-index/
2023,Baréin,BHR,5,CHSB 2025,2023,Greenview CHSB public dataset,49.85776,kgCO2e/occupied room-night,GLOBAL_STAR_FALLBACK,696,False,True,Greenview / Cornell Hotel Sustainability Benchmarking Index,https://greenview.sg/resources/chsb-index/
2023,Baréin,BHR,unknown,CHSB 2025,2023,Greenview CHSB public dataset,20.2405,kgCO2e/occupied room-night,GLOBAL_UNKNOWN_FALLBACK,18308,False,True,Greenview / Cornell Hotel Sustainability Benchmarking Index,https://greenview.sg/resources/chsb-index/
2023,Belice,BLZ,2,CHSB 2025,2023,Greenview CHSB public dataset,14.894624,kgCO2e/occupied room-night,GLOBAL_STAR_FALLBACK,6977,False,True,Greenview / Cornell Hotel Sustainability Benchmarking Index,https://greenview.sg/resources/chsb-index/
2023,Belice,BLZ,3,CHSB 2025,2023,Greenview CHSB public dataset,19.14257,kgCO2e/occupied room-night,GLOBAL_STAR_FALLBACK,7773,False,True,Greenview / Cornell Hotel Sustainability Benchmarking Index,https://greenview.sg/resources/chsb-index/
2023,Belice,BLZ,4,CHSB 2025,2023,Greenview CHSB public dataset,32.328082,kgCO2e/occupied room-night,GLOBAL_STAR_FALLBACK,3107,False,True,Greenview / Cornell Hotel Sustainability Benchmarking Index,https://greenview.sg/resources/chsb-index/
2023,Belice,BLZ,5,CHSB 2025,2023,Greenview CHSB public dataset,49.85776,kgCO2e/occupied room-night,GLOBAL_STAR_FALLBACK,696,False,True,Greenview / Cornell Hotel Sustainability Benchmarking Index,https://greenview.sg/resources/chsb-index/
2023,Belice,BLZ,unknown,CHSB 2025,2023,Greenview CHSB public dataset,20.2405,kgCO2e/occupied room-night,GLOBAL_UNKNOWN_FALLBACK,18308,False,True,Greenview / Cornell Hotel Sustainability Benchmarking Index,https://greenview.sg/resources/chsb-index/
2023,Benín,BEN,2,CHSB 2025,2023,Greenview CHSB public dataset,14.894624,kgCO2e/occupied room-night,GLOBAL_STAR_FALLBACK,6977,False,True,Greenview / Cornell Hotel Sustainability Benchmarking Index,https://greenview.sg/resources/chsb-index/
2023,Benín,BEN,3,CHSB 2025,2023,Greenview CHSB public dataset,19.14257,kgCO2e/occupied room-night,GLOBAL_STAR_FALLBACK,7773,False,True,Greenview / Cornell Hotel Sustainability Benchmarking Index,https://greenview.sg/resources/chsb-index/
2023,Benín,BEN,4,CHSB 2025,2023,Greenview CHSB public dataset,32.328082,kgCO2e/occupied room-night,GLOBAL_STAR_FALLBACK,3107,False,True,Greenview / Cornell Hotel Sustainability Benchmarking Index,https://greenview.sg/resources/chsb-index/
2023,Benín,BEN,5,CHSB 2025,2023,Greenview CHSB public dataset,49.85776,kgCO2e/occupied room-night,GLOBAL_STAR_FALLBACK,696,False,True,Greenview / Cornell Hotel Sustainability Benchmarking Index,https://greenview.sg/resources/chsb-index/
2023,Benín,BEN,unknown,CHSB 2025,2023,Greenview CHSB public dataset,20.2405,kgCO2e/occupied room-night,GLOBAL_UNKNOWN_FALLBACK,18308,False,True,Greenview / Cornell Hotel Sustainability Benchmarking Index,https://greenview.sg/resources/chsb-index/
2023,Bermudas,BMU,2,CHSB 2025,2023,Greenview CHSB public dataset,14.894624,kgCO2e/occupied room-night,GLOBAL_STAR_FALLBACK,6977,False,True,Greenview / Cornell Hotel Sustainability Benchmarking Index,https://greenview.sg/resources/chsb-index/
2023,Bermudas,BMU,3,CHSB 2025,2023,Greenview CHSB public dataset,19.14257,kgCO2e/occupied room-night,GLOBAL_STAR_FALLBACK,7773,False,True,Greenview / Cornell Hotel Sustainability Benchmarking Index,https://greenview.sg/resources/chsb-index/
2023,Bermudas,BMU,4,CHSB 2025,2023,Greenview CHSB public dataset,32.328082,kgCO2e/occupied room-night,GLOBAL_STAR_FALLBACK,3107,False,True,Greenview / Cornell Hotel Sustainability Benchmarking Index,https://greenview.sg/resources/chsb-index/
2023,Bermudas,BMU,5,CHSB 2025,2023,Greenview CHSB public dataset,49.85776,kgCO2e/occupied room-night,GLOBAL_STAR_FALLBACK,696,False,True,Greenview / Cornell Hotel Sustainability Benchmarking Index,https://greenview.sg/resources/chsb-index/
2023,Bermudas,BMU,unknown,CHSB 2025,2023,Greenview CHSB public dataset,20.2405,kgCO2e/occupied room-night,GLOBAL_UNKNOWN_FALLBACK,18308,False,True,Greenview / Cornell Hotel Sustainability Benchmarking Index,https://greenview.sg/resources/chsb-index/
2023,Bielorrusia,BLR,2,CHSB 2025,2023,Greenview CHSB public dataset,14.894624,kgCO2e/occupied room-night,GLOBAL_STAR_FALLBACK,6977,False,True,Greenview / Cornell Hotel Sustainability Benchmarking Index,https://greenview.sg/resources/chsb-index/
2023,Bielorrusia,BLR,3,CHSB 2025,2023,Greenview CHSB public dataset,19.14257,kgCO2e/occupied room-night,GLOBAL_STAR_FALLBACK,7773,False,True,Greenview / Cornell Hotel Sustainability Benchmarking Index,https://greenview.sg/resources/chsb-index/
2023,Bielorrusia,BLR,4,CHSB 2025,2023,Greenview CHSB public dataset,32.328082,kgCO2e/occupied room-night,GLOBAL_STAR_FALLBACK,3107,False,True,Greenview / Cornell Hotel Sustainability Benchmarking Index,https://greenview.sg/resources/chsb-index/
2023,Bielorrusia,BLR,5,CHSB 2025,2023,Greenview CHSB public dataset,49.85776,kgCO2e/occupied room-night,GLOBAL_STAR_FALLBACK,696,False,True,Greenview / Cornell Hotel Sustainability Benchmarking Index,https://greenview.sg/resources/chsb-index/
2023,Bielorrusia,BLR,unknown,CHSB 2025,2023,Greenview CHSB public dataset,20.2405,kgCO2e/occupied room-night,GLOBAL_UNKNOWN_FALLBACK,18308,False,True,Greenview / Cornell Hotel Sustainability Benchmarking Index,https://greenview.sg/resources/chsb-index/
2023,Bolivia,BOL,2,CHSB 2025,2023,Greenview CHSB public dataset,14.894624,kgCO2e/occupied room-night,GLOBAL_STAR_FALLBACK,6977,False,True,Greenview / Cornell Hotel Sustainability Benchmarking Index,https://greenview.sg/resources/chsb-index/
2023,Bolivia,BOL,3,CHSB 2025,2023,Greenview CHSB public dataset,19.14257,kgCO2e/occupied room-night,GLOBAL_STAR_FALLBACK,7773,False,True,Greenview / Cornell Hotel Sustainability Benchmarking Index,https://greenview.sg/resources/chsb-index/
2023,Bolivia,BOL,4,CHSB 2025,2023,Greenview CHSB public dataset,32.328082,kgCO2e/occupied room-night,GLOBAL_STAR_FALLBACK,3107,False,True,Greenview / Cornell Hotel Sustainability Benchmarking Index,https://greenview.sg/resources/chsb-index/
2023,Bolivia,BOL,5,CHSB 2025,2023,Greenview CHSB public dataset,49.85776,kgCO2e/occupied room-night,GLOBAL_STAR_FALLBACK,696,False,True,Greenview / Cornell Hotel Sustainability Benchmarking Index,https://greenview.sg/resources/chsb-index/
2023,Bolivia,BOL,unknown,CHSB 2025,2023,Greenview CHSB public dataset,20.2405,kgCO2e/occupied room-night,GLOBAL_UNKNOWN_FALLBACK,18308,False,True,Greenview / Cornell Hotel Sustainability Benchmarking Index,https://greenview.sg/resources/chsb-index/
2023,Bonaire,BES,2,CHSB 2025,2023,Greenview CHSB public dataset,14.894624,kgCO2e/occupied room-night,GLOBAL_STAR_FALLBACK,6977,False,True,Greenview / Cornell Hotel Sustainability Benchmarking Index,https://greenview.sg/resources/chsb-index/
2023,Bonaire,BES,3,CHSB 2025,2023,Greenview CHSB public dataset,19.14257,kgCO2e/occupied room-night,GLOBAL_STAR_FALLBACK,7773,False,True,Greenview / Cornell Hotel Sustainability Benchmarking Index,https://greenview.sg/resources/chsb-index/
2023,Bonaire,BES,4,CHSB 2025,2023,Greenview CHSB public dataset,32.328082,kgCO2e/occupied room-night,GLOBAL_STAR_FALLBACK,3107,False,True,Greenview / Cornell Hotel Sustainability Benchmarking Index,https://greenview.sg/resources/chsb-index/
2023,Bonaire,BES,5,CHSB 2025,2023,Greenview CHSB public dataset,49.85776,kgCO2e/occupied room-night,GLOBAL_STAR_FALLBACK,696,False,True,Greenview / Cornell Hotel Sustainability Benchmarking Index,https://greenview.sg/resources/chsb-index/
2023,Bonaire,BES,unknown,CHSB 2025,2023,Greenview CHSB public dataset,20.2405,kgCO2e/occupied room-night,GLOBAL_UNKNOWN_FALLBACK,18308,False,True,Greenview / Cornell Hotel Sustainability Benchmarking Index,https://greenview.sg/resources/chsb-index/
2023,Bosnia y Herzegovina,BIH,2,CHSB 2025,2023,Greenview CHSB public dataset,14.894624,kgCO2e/occupied room-night,GLOBAL_STAR_FALLBACK,6977,False,True,Greenview / Cornell Hotel Sustainability Benchmarking Index,https://greenview.sg/resources/chsb-index/
2023,Bosnia y Herzegovina,BIH,3,CHSB 2025,2023,Greenview CHSB public dataset,19.14257,kgCO2e/occupied room-night,GLOBAL_STAR_FALLBACK,7773,False,True,Greenview / Cornell Hotel Sustainability Benchmarking Index,https://greenview.sg/resources/chsb-index/
2023,Bosnia y Herzegovina,BIH,4,CHSB 2025,2023,Greenview CHSB public dataset,32.328082,kgCO2e/occupied room-night,GLOBAL_STAR_FALLBACK,3107,False,True,Greenview / Cornell Hotel Sustainability Benchmarking Index,https://greenview.sg/resources/chsb-index/
2023,Bosnia y Herzegovina,BIH,5,CHSB 2025,2023,Greenview CHSB public dataset,49.85776,kgCO2e/occupied room-night,GLOBAL_STAR_FALLBACK,696,False,True,Greenview / Cornell Hotel Sustainability Benchmarking Index,https://greenview.sg/resources/chsb-index/
2023,Bosnia y Herzegovina,BIH,unknown,CHSB 2025,2023,Greenview CHSB public dataset,20.2405,kgCO2e/occupied room-night,GLOBAL_UNKNOWN_FALLBACK,18308,False,True,Greenview / Cornell Hotel Sustainability Benchmarking Index,https://greenview.sg/resources/chsb-index/
2023,Botsuana,BWA,2,CHSB 2025,2023,Greenview CHSB public dataset,14.894624,kgCO2e/occupied room-night,GLOBAL_STAR_FALLBACK,6977,False,True,Greenview / Cornell Hotel Sustainability Benchmarking Index,https://greenview.sg/resources/chsb-index/
2023,Botsuana,BWA,3,CHSB 2025,2023,Greenview CHSB public dataset,19.14257,kgCO2e/occupied room-night,GLOBAL_STAR_FALLBACK,7773,False,True,Greenview / Cornell Hotel Sustainability Benchmarking Index,https://greenview.sg/resources/chsb-index/
2023,Botsuana,BWA,4,CHSB 2025,2023,Greenview CHSB public dataset,32.328082,kgCO2e/occupied room-night,GLOBAL_STAR_FALLBACK,3107,False,True,Greenview / Cornell Hotel Sustainability Benchmarking Index,https://greenview.sg/resources/chsb-index/
2023,Botsuana,BWA,5,CHSB 2025,2023,Greenview CHSB public dataset,49.85776,kgCO2e/occupied room-night,GLOBAL_STAR_FALLBACK,696,False,True,Greenview / Cornell Hotel Sustainability Benchmarking Index,https://greenview.sg/resources/chsb-index/
2023,Botsuana,BWA,unknown,CHSB 2025,2023,Greenview CHSB public dataset,20.2405,kgCO2e/occupied room-night,GLOBAL_UNKNOWN_FALLBACK,18308,False,True,Greenview / Cornell Hotel Sustainability Benchmarking Index,https://greenview.sg/resources/chsb-index/
2023,Brasil,BRA,2,CHSB 2025,2023,Greenview CHSB public dataset,14.894624,kgCO2e/occupied room-night,GLOBAL_STAR_FALLBACK,6977,False,True,Greenview / Cornell Hotel Sustainability Benchmarking Index,https://greenview.sg/resources/chsb-index/
2023,Brasil,BRA,3,CHSB 2025,2023,Greenview CHSB public dataset,8.2057,kgCO2e/occupied room-night,COUNTRY_STAR_WEIGHTED,10,False,False,Greenview / Cornell Hotel Sustainability Benchmarking Index,https://greenview.sg/resources/chsb-index/
2023,Brasil,BRA,4,CHSB 2025,2023,Greenview CHSB public dataset,16.992558,kgCO2e/occupied room-night,COUNTRY_STAR_WEIGHTED,13,False,False,Greenview / Cornell Hotel Sustainability Benchmarking Index,https://greenview.sg/resources/chsb-index/
2023,Brasil,BRA,5,CHSB 2025,2023,Greenview CHSB public dataset,49.85776,kgCO2e/occupied room-night,GLOBAL_STAR_FALLBACK,696,False,True,Greenview / Cornell Hotel Sustainability Benchmarking Index,https://greenview.sg/resources/chsb-index/
2023,Brasil,BRA,unknown,CHSB 2025,2023,Greenview CHSB public dataset,14.016123,kgCO2e/occupied room-night,COUNTRY_NONRESORT,27,False,False,Greenview / Cornell Hotel Sustainability Benchmarking Index,https://greenview.sg/resources/chsb-index/
2023,Brunéi,BRN,2,CHSB 2025,2023,Greenview CHSB public dataset,14.894624,kgCO2e/occupied room-night,GLOBAL_STAR_FALLBACK,6977,False,True,Greenview / Cornell Hotel Sustainability Benchmarking Index,https://greenview.sg/resources/chsb-index/
2023,Brunéi,BRN,3,CHSB 2025,2023,Greenview CHSB public dataset,19.14257,kgCO2e/occupied room-night,GLOBAL_STAR_FALLBACK,7773,False,True,Greenview / Cornell Hotel Sustainability Benchmarking Index,https://greenview.sg/resources/chsb-index/
2023,Brunéi,BRN,4,CHSB 2025,2023,Greenview CHSB public dataset,32.328082,kgCO2e/occupied room-night,GLOBAL_STAR_FALLBACK,3107,False,True,Greenview / Cornell Hotel Sustainability Benchmarking Index,https://greenview.sg/resources/chsb-index/
2023,Brunéi,BRN,5,CHSB 2025,2023,Greenview CHSB public dataset,49.85776,kgCO2e/occupied room-night,GLOBAL_STAR_FALLBACK,696,False,True,Greenview / Cornell Hotel Sustainability Benchmarking Index,https://greenview.sg/resources/chsb-index/
2023,Brunéi,BRN,unknown,CHSB 2025,2023,Greenview CHSB public dataset,20.2405,kgCO2e/occupied room-night,GLOBAL_UNKNOWN_FALLBACK,18308,False,True,Greenview / Cornell Hotel Sustainability Benchmarking Index,https://greenview.sg/resources/chsb-index/
2023,Bulgaria,BGR,2,CHSB 2025,2023,Greenview CHSB public dataset,14.894624,kgCO2e/occupied room-night,GLOBAL_STAR_FALLBACK,6977,False,True,Greenview / Cornell Hotel Sustainability Benchmarking Index,https://greenview.sg/resources/chsb-index/
2023,Bulgaria,BGR,3,CHSB 2025,2023,Greenview CHSB public dataset,19.14257,kgCO2e/occupied room-night,GLOBAL_STAR_FALLBACK,7773,False,True,Greenview / Cornell Hotel Sustainability Benchmarking Index,https://greenview.sg/resources/chsb-index/
2023,Bulgaria,BGR,4,CHSB 2025,2023,Greenview CHSB public dataset,32.328082,kgCO2e/occupied room-night,GLOBAL_STAR_FALLBACK,3107,False,True,Greenview / Cornell Hotel Sustainability Benchmarking Index,https://greenview.sg/resources/chsb-index/
2023,Bulgaria,BGR,5,CHSB 2025,2023,Greenview CHSB public dataset,49.85776,kgCO2e/occupied room-night,GLOBAL_STAR_FALLBACK,696,False,True,Greenview / Cornell Hotel Sustainability Benchmarking Index,https://greenview.sg/resources/chsb-index/
2023,Bulgaria,BGR,unknown,CHSB 2025,2023,Greenview CHSB public dataset,20.2405,kgCO2e/occupied room-night,GLOBAL_UNKNOWN_FALLBACK,18308,False,True,Greenview / Cornell Hotel Sustainability Benchmarking Index,https://greenview.sg/resources/chsb-index/
2023,Burkina Faso,BFA,2,CHSB 2025,2023,Greenview CHSB public dataset,14.894624,kgCO2e/occupied room-night,GLOBAL_STAR_FALLBACK,6977,False,True,Greenview / Cornell Hotel Sustainability Benchmarking Index,https://greenview.sg/resources/chsb-index/
2023,Burkina Faso,BFA,3,CHSB 2025,2023,Greenview CHSB public dataset,19.14257,kgCO2e/occupied room-night,GLOBAL_STAR_FALLBACK,7773,False,True,Greenview / Cornell Hotel Sustainability Benchmarking Index,https://greenview.sg/resources/chsb-index/
2023,Burkina Faso,BFA,4,CHSB 2025,2023,Greenview CHSB public dataset,32.328082,kgCO2e/occupied room-night,GLOBAL_STAR_FALLBACK,3107,False,True,Greenview / Cornell Hotel Sustainability Benchmarking Index,https://greenview.sg/resources/chsb-index/
2023,Burkina Faso,BFA,5,CHSB 2025,2023,Greenview CHSB public dataset,49.85776,kgCO2e/occupied room-night,GLOBAL_STAR_FALLBACK,696,False,True,Greenview / Cornell Hotel Sustainability Benchmarking Index,https://greenview.sg/resources/chsb-index/
2023,Burkina Faso,BFA,unknown,CHSB 2025,2023,Greenview CHSB public dataset,20.2405,kgCO2e/occupied room-night,GLOBAL_UNKNOWN_FALLBACK,18308,False,True,Greenview / Cornell Hotel Sustainability Benchmarking Index,https://greenview.sg/resources/chsb-index/
2023,Burundi,BDI,2,CHSB 2025,2023,Greenview CHSB public dataset,14.894624,kgCO2e/occupied room-night,GLOBAL_STAR_FALLBACK,6977,False,True,Greenview / Cornell Hotel Sustainability Benchmarking Index,https://greenview.sg/resources/chsb-index/
2023,Burundi,BDI,3,CHSB 2025,2023,Greenview CHSB public dataset,19.14257,kgCO2e/occupied room-night,GLOBAL_STAR_FALLBACK,7773,False,True,Greenview / Cornell Hotel Sustainability Benchmarking Index,https://greenview.sg/resources/chsb-index/
2023,Burundi,BDI,4,CHSB 2025,2023,Greenview CHSB public dataset,32.328082,kgCO2e/occupied room-night,GLOBAL_STAR_FALLBACK,3107,False,True,Greenview / Cornell Hotel Sustainability Benchmarking Index,https://greenview.sg/resources/chsb-index/
2023,Burundi,BDI,5,CHSB 2025,2023,Greenview CHSB public dataset,49.85776,kgCO2e/occupied room-night,GLOBAL_STAR_FALLBACK,696,False,True,Greenview / Cornell Hotel Sustainability Benchmarking Index,https://greenview.sg/resources/chsb-index/
2023,Burundi,BDI,unknown,CHSB 2025,2023,Greenview CHSB public dataset,20.2405,kgCO2e/occupied room-night,GLOBAL_UNKNOWN_FALLBACK,18308,False,True,Greenview / Cornell Hotel Sustainability Benchmarking Index,https://greenview.sg/resources/chsb-index/
2023,Bután,BTN,2,CHSB 2025,2023,Greenview CHSB public dataset,14.894624,kgCO2e/occupied room-night,GLOBAL_STAR_FALLBACK,6977,False,True,Greenview / Cornell Hotel Sustainability Benchmarking Index,https://greenview.sg/resources/chsb-index/
2023,Bután,BTN,3,CHSB 2025,2023,Greenview CHSB public dataset,19.14257,kgCO2e/occupied room-night,GLOBAL_STAR_FALLBACK,7773,False,True,Greenview / Cornell Hotel Sustainability Benchmarking Index,https://greenview.sg/resources/chsb-index/
2023,Bután,BTN,4,CHSB 2025,2023,Greenview CHSB public dataset,32.328082,kgCO2e/occupied room-night,GLOBAL_STAR_FALLBACK,3107,False,True,Greenview / Cornell Hotel Sustainability Benchmarking Index,https://greenview.sg/resources/chsb-index/
2023,Bután,BTN,5,CHSB 2025,2023,Greenview CHSB public dataset,49.85776,kgCO2e/occupied room-night,GLOBAL_STAR_FALLBACK,696,False,True,Greenview / Cornell Hotel Sustainability Benchmarking Index,https://greenview.sg/resources/chsb-index/
2023,Bután,BTN,unknown,CHSB 2025,2023,Greenview CHSB public dataset,20.2405,kgCO2e/occupied room-night,GLOBAL_UNKNOWN_FALLBACK,18308,False,True,Greenview / Cornell Hotel Sustainability Benchmarking Index,https://greenview.sg/resources/chsb-index/
2023,Bélgica,BEL,2,CHSB 2025,2023,Greenview CHSB public dataset,14.894624,kgCO2e/occupied room-night,GLOBAL_STAR_FALLBACK,6977,False,True,Greenview / Cornell Hotel Sustainability Benchmarking Index,https://greenview.sg/resources/chsb-index/
2023,Bélgica,BEL,3,CHSB 2025,2023,Greenview CHSB public dataset,8.713531,kgCO2e/occupied room-night,COUNTRY_STAR_WEIGHTED,11,False,False,Greenview / Cornell Hotel Sustainability Benchmarking Index,https://greenview.sg/resources/chsb-index/
2023,Bélgica,BEL,4,CHSB 2025,2023,Greenview CHSB public dataset,14.372373,kgCO2e/occupied room-night,COUNTRY_STAR_WEIGHTED,16,False,False,Greenview / Cornell Hotel Sustainability Benchmarking Index,https://greenview.sg/resources/chsb-index/
2023,Bélgica,BEL,5,CHSB 2025,2023,Greenview CHSB public dataset,49.85776,kgCO2e/occupied room-night,GLOBAL_STAR_FALLBACK,696,False,True,Greenview / Cornell Hotel Sustainability Benchmarking Index,https://greenview.sg/resources/chsb-index/
2023,Bélgica,BEL,unknown,CHSB 2025,2023,Greenview CHSB public dataset,11.709309,kgCO2e/occupied room-night,COUNTRY_NONRESORT,29,False,False,Greenview / Cornell Hotel Sustainability Benchmarking Index,https://greenview.sg/resources/chsb-index/
2023,Cabo Verde,CPV,2,CHSB 2025,2023,Greenview CHSB public dataset,14.894624,kgCO2e/occupied room-night,GLOBAL_STAR_FALLBACK,6977,False,True,Greenview / Cornell Hotel Sustainability Benchmarking Index,https://greenview.sg/resources/chsb-index/
2023,Cabo Verde,CPV,3,CHSB 2025,2023,Greenview CHSB public dataset,19.14257,kgCO2e/occupied room-night,GLOBAL_STAR_FALLBACK,7773,False,True,Greenview / Cornell Hotel Sustainability Benchmarking Index,https://greenview.sg/resources/chsb-index/
2023,Cabo Verde,CPV,4,CHSB 2025,2023,Greenview CHSB public dataset,32.328082,kgCO2e/occupied room-night,GLOBAL_STAR_FALLBACK,3107,False,True,Greenview / Cornell Hotel Sustainability Benchmarking Index,https://greenview.sg/resources/chsb-index/
2023,Cabo Verde,CPV,5,CHSB 2025,2023,Greenview CHSB public dataset,49.85776,kgCO2e/occupied room-night,GLOBAL_STAR_FALLBACK,696,False,True,Greenview / Cornell Hotel Sustainability Benchmarking Index,https://greenview.sg/resources/chsb-index/
2023,Cabo Verde,CPV,unknown,CHSB 2025,2023,Greenview CHSB public dataset,20.2405,kgCO2e/occupied room-night,GLOBAL_UNKNOWN_FALLBACK,18308,False,True,Greenview / Cornell Hotel Sustainability Benchmarking Index,https://greenview.sg/resources/chsb-index/
2023,Camboya,KHM,2,CHSB 2025,2023,Greenview CHSB public dataset,14.894624,kgCO2e/occupied room-night,GLOBAL_STAR_FALLBACK,6977,False,True,Greenview / Cornell Hotel Sustainability Benchmarking Index,https://greenview.sg/resources/chsb-index/
2023,Camboya,KHM,3,CHSB 2025,2023,Greenview CHSB public dataset,19.14257,kgCO2e/occupied room-night,GLOBAL_STAR_FALLBACK,7773,False,True,Greenview / Cornell Hotel Sustainability Benchmarking Index,https://greenview.sg/resources/chsb-index/
2023,Camboya,KHM,4,CHSB 2025,2023,Greenview CHSB public dataset,32.328082,kgCO2e/occupied room-night,GLOBAL_STAR_FALLBACK,3107,False,True,Greenview / Cornell Hotel Sustainability Benchmarking Index,https://greenview.sg/resources/chsb-index/
2023,Camboya,KHM,5,CHSB 2025,2023,Greenview CHSB public dataset,49.85776,kgCO2e/occupied room-night,GLOBAL_STAR_FALLBACK,696,False,True,Greenview / Cornell Hotel Sustainability Benchmarking Index,https://greenview.sg/resources/chsb-index/
2023,Camboya,KHM,unknown,CHSB 2025,2023,Greenview CHSB public dataset,20.2405,kgCO2e/occupied room-night,GLOBAL_UNKNOWN_FALLBACK,18308,False,True,Greenview / Cornell Hotel Sustainability Benchmarking Index,https://greenview.sg/resources/chsb-index/
2023,Camerún,CMR,2,CHSB 2025,2023,Greenview CHSB public dataset,14.894624,kgCO2e/occupied room-night,GLOBAL_STAR_FALLBACK,6977,False,True,Greenview / Cornell Hotel Sustainability Benchmarking Index,https://greenview.sg/resources/chsb-index/
2023,Camerún,CMR,3,CHSB 2025,2023,Greenview CHSB public dataset,19.14257,kgCO2e/occupied room-night,GLOBAL_STAR_FALLBACK,7773,False,True,Greenview / Cornell Hotel Sustainability Benchmarking Index,https://greenview.sg/resources/chsb-index/
2023,Camerún,CMR,4,CHSB 2025,2023,Greenview CHSB public dataset,32.328082,kgCO2e/occupied room-night,GLOBAL_STAR_FALLBACK,3107,False,True,Greenview / Cornell Hotel Sustainability Benchmarking Index,https://greenview.sg/resources/chsb-index/
2023,Camerún,CMR,5,CHSB 2025,2023,Greenview CHSB public dataset,49.85776,kgCO2e/occupied room-night,GLOBAL_STAR_FALLBACK,696,False,True,Greenview / Cornell Hotel Sustainability Benchmarking Index,https://greenview.sg/resources/chsb-index/
2023,Camerún,CMR,unknown,CHSB 2025,2023,Greenview CHSB public dataset,20.2405,kgCO2e/occupied room-night,GLOBAL_UNKNOWN_FALLBACK,18308,False,True,Greenview / Cornell Hotel Sustainability Benchmarking Index,https://greenview.sg/resources/chsb-index/
2023,Canadá,CAN,2,CHSB 2025,2023,Greenview CHSB public dataset,12.605766,kgCO2e/occupied room-night,COUNTRY_STAR_WEIGHTED,185,False,False,Greenview / Cornell Hotel Sustainability Benchmarking Index,https://greenview.sg/resources/chsb-index/
2023,Canadá,CAN,3,CHSB 2025,2023,Greenview CHSB public dataset,15.73977,kgCO2e/occupied room-night,COUNTRY_STAR_WEIGHTED,262,False,False,Greenview / Cornell Hotel Sustainability Benchmarking Index,https://greenview.sg/resources/chsb-index/
2023,Canadá,CAN,4,CHSB 2025,2023,Greenview CHSB public dataset,19.745573,kgCO2e/occupied room-night,COUNTRY_STAR_WEIGHTED,104,False,False,Greenview / Cornell Hotel Sustainability Benchmarking Index,https://greenview.sg/resources/chsb-index/
2023,Canadá,CAN,5,CHSB 2025,2023,Greenview CHSB public dataset,49.85776,kgCO2e/occupied room-night,GLOBAL_STAR_FALLBACK,696,False,True,Greenview / Cornell Hotel Sustainability Benchmarking Index,https://greenview.sg/resources/chsb-index/
2023,Canadá,CAN,unknown,CHSB 2025,2023,Greenview CHSB public dataset,15.681691,kgCO2e/occupied room-night,COUNTRY_NONRESORT,542,False,False,Greenview / Cornell Hotel Sustainability Benchmarking Index,https://greenview.sg/resources/chsb-index/
2023,Catar,QAT,2,CHSB 2025,2023,Greenview CHSB public dataset,14.894624,kgCO2e/occupied room-night,GLOBAL_STAR_FALLBACK,6977,False,True,Greenview / Cornell Hotel Sustainability Benchmarking Index,https://greenview.sg/resources/chsb-index/
2023,Catar,QAT,3,CHSB 2025,2023,Greenview CHSB public dataset,19.14257,kgCO2e/occupied room-night,GLOBAL_STAR_FALLBACK,7773,False,True,Greenview / Cornell Hotel Sustainability Benchmarking Index,https://greenview.sg/resources/chsb-index/
2023,Catar,QAT,4,CHSB 2025,2023,Greenview CHSB public dataset,70.756245,kgCO2e/occupied room-night,COUNTRY_STAR_WEIGHTED,9,False,False,Greenview / Cornell Hotel Sustainability Benchmarking Index,https://greenview.sg/resources/chsb-index/
2023,Catar,QAT,5,CHSB 2025,2023,Greenview CHSB public dataset,85.019827,kgCO2e/occupied room-night,COUNTRY_STAR_WEIGHTED,8,False,False,Greenview / Cornell Hotel Sustainability Benchmarking Index,https://greenview.sg/resources/chsb-index/
2023,Catar,QAT,unknown,CHSB 2025,2023,Greenview CHSB public dataset,76.162991,kgCO2e/occupied room-night,COUNTRY_NONRESORT,22,False,False,Greenview / Cornell Hotel Sustainability Benchmarking Index,https://greenview.sg/resources/chsb-index/
2023,Chad,TCD,2,CHSB 2025,2023,Greenview CHSB public dataset,14.894624,kgCO2e/occupied room-night,GLOBAL_STAR_FALLBACK,6977,False,True,Greenview / Cornell Hotel Sustainability Benchmarking Index,https://greenview.sg/resources/chsb-index/
2023,Chad,TCD,3,CHSB 2025,2023,Greenview CHSB public dataset,19.14257,kgCO2e/occupied room-night,GLOBAL_STAR_FALLBACK,7773,False,True,Greenview / Cornell Hotel Sustainability Benchmarking Index,https://greenview.sg/resources/chsb-index/
2023,Chad,TCD,4,CHSB 2025,2023,Greenview CHSB public dataset,32.328082,kgCO2e/occupied room-night,GLOBAL_STAR_FALLBACK,3107,False,True,Greenview / Cornell Hotel Sustainability Benchmarking Index,https://greenview.sg/resources/chsb-index/
2023,Chad,TCD,5,CHSB 2025,2023,Greenview CHSB public dataset,49.85776,kgCO2e/occupied room-night,GLOBAL_STAR_FALLBACK,696,False,True,Greenview / Cornell Hotel Sustainability Benchmarking Index,https://greenview.sg/resources/chsb-index/
2023,Chad,TCD,unknown,CHSB 2025,2023,Greenview CHSB public dataset,20.2405,kgCO2e/occupied room-night,GLOBAL_UNKNOWN_FALLBACK,18308,False,True,Greenview / Cornell Hotel Sustainability Benchmarking Index,https://greenview.sg/resources/chsb-index/
2023,Chequia,CZE,2,CHSB 2025,2023,Greenview CHSB public dataset,14.894624,kgCO2e/occupied room-night,GLOBAL_STAR_FALLBACK,6977,False,True,Greenview / Cornell Hotel Sustainability Benchmarking Index,https://greenview.sg/resources/chsb-index/
2023,Chequia,CZE,3,CHSB 2025,2023,Greenview CHSB public dataset,19.14257,kgCO2e/occupied room-night,GLOBAL_STAR_FALLBACK,7773,False,True,Greenview / Cornell Hotel Sustainability Benchmarking Index,https://greenview.sg/resources/chsb-index/
2023,Chequia,CZE,4,CHSB 2025,2023,Greenview CHSB public dataset,19.435875,kgCO2e/occupied room-night,COUNTRY_STAR_WEIGHTED,9,False,False,Greenview / Cornell Hotel Sustainability Benchmarking Index,https://greenview.sg/resources/chsb-index/
2023,Chequia,CZE,5,CHSB 2025,2023,Greenview CHSB public dataset,49.85776,kgCO2e/occupied room-night,GLOBAL_STAR_FALLBACK,696,False,True,Greenview / Cornell Hotel Sustainability Benchmarking Index,https://greenview.sg/resources/chsb-index/
2023,Chequia,CZE,unknown,CHSB 2025,2023,Greenview CHSB public dataset,28.417732,kgCO2e/occupied room-night,COUNTRY_NONRESORT,13,False,False,Greenview / Cornell Hotel Sustainability Benchmarking Index,https://greenview.sg/resources/chsb-index/
2023,Chile,CHL,2,CHSB 2025,2023,Greenview CHSB public dataset,14.894624,kgCO2e/occupied room-night,GLOBAL_STAR_FALLBACK,6977,False,True,Greenview / Cornell Hotel Sustainability Benchmarking Index,https://greenview.sg/resources/chsb-index/
2023,Chile,CHL,3,CHSB 2025,2023,Greenview CHSB public dataset,22.82491,kgCO2e/occupied room-night,COUNTRY_STAR_WEIGHTED,13,False,False,Greenview / Cornell Hotel Sustainability Benchmarking Index,https://greenview.sg/resources/chsb-index/
2023,Chile,CHL,4,CHSB 2025,2023,Greenview CHSB public dataset,32.328082,kgCO2e/occupied room-night,GLOBAL_STAR_FALLBACK,3107,False,True,Greenview / Cornell Hotel Sustainability Benchmarking Index,https://greenview.sg/resources/chsb-index/
2023,Chile,CHL,5,CHSB 2025,2023,Greenview CHSB public dataset,49.85776,kgCO2e/occupied room-night,GLOBAL_STAR_FALLBACK,696,False,True,Greenview / Cornell Hotel Sustainability Benchmarking Index,https://greenview.sg/resources/chsb-index/
2023,Chile,CHL,unknown,CHSB 2025,2023,Greenview CHSB public dataset,26.693429,kgCO2e/occupied room-night,COUNTRY_NONRESORT,23,False,False,Greenview / Cornell Hotel Sustainability Benchmarking Index,https://greenview.sg/resources/chsb-index/
2023,China,CHN,2,CHSB 2025,2023,Greenview CHSB public dataset,23.759404,kgCO2e/occupied room-night,COUNTRY_STAR_WEIGHTED,283,False,False,Greenview / Cornell Hotel Sustainability Benchmarking Index,https://greenview.sg/resources/chsb-index/
2023,China,CHN,3,CHSB 2025,2023,Greenview CHSB public dataset,41.967874,kgCO2e/occupied room-night,COUNTRY_STAR_WEIGHTED,329,False,False,Greenview / Cornell Hotel Sustainability Benchmarking Index,https://greenview.sg/resources/chsb-index/
2023,China,CHN,4,CHSB 2025,2023,Greenview CHSB public dataset,56.453531,kgCO2e/occupied room-night,COUNTRY_STAR_WEIGHTED,458,False,False,Greenview / Cornell Hotel Sustainability Benchmarking Index,https://greenview.sg/resources/chsb-index/
2023,China,CHN,5,CHSB 2025,2023,Greenview CHSB public dataset,66.175845,kgCO2e/occupied room-night,COUNTRY_STAR_WEIGHTED,133,False,False,Greenview / Cornell Hotel Sustainability Benchmarking Index,https://greenview.sg/resources/chsb-index/
2023,China,CHN,unknown,CHSB 2025,2023,Greenview CHSB public dataset,43.746268,kgCO2e/occupied room-night,COUNTRY_NONRESORT,1087,False,False,Greenview / Cornell Hotel Sustainability Benchmarking Index,https://greenview.sg/resources/chsb-index/
2023,Chipre,CYP,2,CHSB 2025,2023,Greenview CHSB public dataset,14.894624,kgCO2e/occupied room-night,GLOBAL_STAR_FALLBACK,6977,False,True,Greenview / Cornell Hotel Sustainability Benchmarking Index,https://greenview.sg/resources/chsb-index/
2023,Chipre,CYP,3,CHSB 2025,2023,Greenview CHSB public dataset,19.14257,kgCO2e/occupied room-night,GLOBAL_STAR_FALLBACK,7773,False,True,Greenview / Cornell Hotel Sustainability Benchmarking Index,https://greenview.sg/resources/chsb-index/
2023,Chipre,CYP,4,CHSB 2025,2023,Greenview CHSB public dataset,32.328082,kgCO2e/occupied room-night,GLOBAL_STAR_FALLBACK,3107,False,True,Greenview / Cornell Hotel Sustainability Benchmarking Index,https://greenview.sg/resources/chsb-index/
2023,Chipre,CYP,5,CHSB 2025,2023,Greenview CHSB public dataset,49.85776,kgCO2e/occupied room-night,GLOBAL_STAR_FALLBACK,696,False,True,Greenview / Cornell Hotel Sustainability Benchmarking Index,https://greenview.sg/resources/chsb-index/
2023,Chipre,CYP,unknown,CHSB 2025,2023,Greenview CHSB public dataset,20.2405,kgCO2e/occupied room-night,GLOBAL_UNKNOWN_FALLBACK,18308,False,True,Greenview / Cornell Hotel Sustainability Benchmarking Index,https://greenview.sg/resources/chsb-index/
2023,Colombia,COL,2,CHSB 2025,2023,Greenview CHSB public dataset,9.381293,kgCO2e/occupied room-night,COUNTRY_STAR_WEIGHTED,9,False,False,Greenview / Cornell Hotel Sustainability Benchmarking Index,https://greenview.sg/resources/chsb-index/
2023,Colombia,COL,3,CHSB 2025,2023,Greenview CHSB public dataset,10.001375,kgCO2e/occupied room-night,COUNTRY_STAR_WEIGHTED,22,False,False,Greenview / Cornell Hotel Sustainability Benchmarking Index,https://greenview.sg/resources/chsb-index/
2023,Colombia,COL,4,CHSB 2025,2023,Greenview CHSB public dataset,16.381204,kgCO2e/occupied room-night,COUNTRY_STAR_WEIGHTED,22,False,False,Greenview / Cornell Hotel Sustainability Benchmarking Index,https://greenview.sg/resources/chsb-index/
2023,Colombia,COL,5,CHSB 2025,2023,Greenview CHSB public dataset,49.85776,kgCO2e/occupied room-night,GLOBAL_STAR_FALLBACK,696,False,True,Greenview / Cornell Hotel Sustainability Benchmarking Index,https://greenview.sg/resources/chsb-index/
2023,Colombia,COL,unknown,CHSB 2025,2023,Greenview CHSB public dataset,12.799047,kgCO2e/occupied room-night,COUNTRY_NONRESORT,55,False,False,Greenview / Cornell Hotel Sustainability Benchmarking Index,https://greenview.sg/resources/chsb-index/
2023,Comoras,COM,2,CHSB 2025,2023,Greenview CHSB public dataset,14.894624,kgCO2e/occupied room-night,GLOBAL_STAR_FALLBACK,6977,False,True,Greenview / Cornell Hotel Sustainability Benchmarking Index,https://greenview.sg/resources/chsb-index/
2023,Comoras,COM,3,CHSB 2025,2023,Greenview CHSB public dataset,19.14257,kgCO2e/occupied room-night,GLOBAL_STAR_FALLBACK,7773,False,True,Greenview / Cornell Hotel Sustainability Benchmarking Index,https://greenview.sg/resources/chsb-index/
2023,Comoras,COM,4,CHSB 2025,2023,Greenview CHSB public dataset,32.328082,kgCO2e/occupied room-night,GLOBAL_STAR_FALLBACK,3107,False,True,Greenview / Cornell Hotel Sustainability Benchmarking Index,https://greenview.sg/resources/chsb-index/
2023,Comoras,COM,5,CHSB 2025,2023,Greenview CHSB public dataset,49.85776,kgCO2e/occupied room-night,GLOBAL_STAR_FALLBACK,696,False,True,Greenview / Cornell Hotel Sustainability Benchmarking Index,https://greenview.sg/resources/chsb-index/
2023,Comoras,COM,unknown,CHSB 2025,2023,Greenview CHSB public dataset,20.2405,kgCO2e/occupied room-night,GLOBAL_UNKNOWN_FALLBACK,18308,False,True,Greenview / Cornell Hotel Sustainability Benchmarking Index,https://greenview.sg/resources/chsb-index/
2023,Congo,COG,2,CHSB 2025,2023,Greenview CHSB public dataset,14.894624,kgCO2e/occupied room-night,GLOBAL_STAR_FALLBACK,6977,False,True,Greenview / Cornell Hotel Sustainability Benchmarking Index,https://greenview.sg/resources/chsb-index/
2023,Congo,COG,3,CHSB 2025,2023,Greenview CHSB public dataset,19.14257,kgCO2e/occupied room-night,GLOBAL_STAR_FALLBACK,7773,False,True,Greenview / Cornell Hotel Sustainability Benchmarking Index,https://greenview.sg/resources/chsb-index/
2023,Congo,COG,4,CHSB 2025,2023,Greenview CHSB public dataset,32.328082,kgCO2e/occupied room-night,GLOBAL_STAR_FALLBACK,3107,False,True,Greenview / Cornell Hotel Sustainability Benchmarking Index,https://greenview.sg/resources/chsb-index/
2023,Congo,COG,5,CHSB 2025,2023,Greenview CHSB public dataset,49.85776,kgCO2e/occupied room-night,GLOBAL_STAR_FALLBACK,696,False,True,Greenview / Cornell Hotel Sustainability Benchmarking Index,https://greenview.sg/resources/chsb-index/
2023,Congo,COG,unknown,CHSB 2025,2023,Greenview CHSB public dataset,20.2405,kgCO2e/occupied room-night,GLOBAL_UNKNOWN_FALLBACK,18308,False,True,Greenview / Cornell Hotel Sustainability Benchmarking Index,https://greenview.sg/resources/chsb-index/
2023,Corea del Norte,PRK,2,CHSB 2025,2023,Greenview CHSB public dataset,14.894624,kgCO2e/occupied room-night,GLOBAL_STAR_FALLBACK,6977,False,True,Greenview / Cornell Hotel Sustainability Benchmarking Index,https://greenview.sg/resources/chsb-index/
2023,Corea del Norte,PRK,3,CHSB 2025,2023,Greenview CHSB public dataset,19.14257,kgCO2e/occupied room-night,GLOBAL_STAR_FALLBACK,7773,False,True,Greenview / Cornell Hotel Sustainability Benchmarking Index,https://greenview.sg/resources/chsb-index/
2023,Corea del Norte,PRK,4,CHSB 2025,2023,Greenview CHSB public dataset,32.328082,kgCO2e/occupied room-night,GLOBAL_STAR_FALLBACK,3107,False,True,Greenview / Cornell Hotel Sustainability Benchmarking Index,https://greenview.sg/resources/chsb-index/
2023,Corea del Norte,PRK,5,CHSB 2025,2023,Greenview CHSB public dataset,49.85776,kgCO2e/occupied room-night,GLOBAL_STAR_FALLBACK,696,False,True,Greenview / Cornell Hotel Sustainability Benchmarking Index,https://greenview.sg/resources/chsb-index/
2023,Corea del Norte,PRK,unknown,CHSB 2025,2023,Greenview CHSB public dataset,20.2405,kgCO2e/occupied room-night,GLOBAL_UNKNOWN_FALLBACK,18308,False,True,Greenview / Cornell Hotel Sustainability Benchmarking Index,https://greenview.sg/resources/chsb-index/
2023,Corea del Sur,KOR,2,CHSB 2025,2023,Greenview CHSB public dataset,14.894624,kgCO2e/occupied room-night,GLOBAL_STAR_FALLBACK,6977,False,True,Greenview / Cornell Hotel Sustainability Benchmarking Index,https://greenview.sg/resources/chsb-index/
2023,Corea del Sur,KOR,3,CHSB 2025,2023,Greenview CHSB public dataset,27.715441,kgCO2e/occupied room-night,COUNTRY_STAR_WEIGHTED,15,False,False,Greenview / Cornell Hotel Sustainability Benchmarking Index,https://greenview.sg/resources/chsb-index/
2023,Corea del Sur,KOR,4,CHSB 2025,2023,Greenview CHSB public dataset,39.104963,kgCO2e/occupied room-night,COUNTRY_STAR_WEIGHTED,10,False,False,Greenview / Cornell Hotel Sustainability Benchmarking Index,https://greenview.sg/resources/chsb-index/
2023,Corea del Sur,KOR,5,CHSB 2025,2023,Greenview CHSB public dataset,67.968881,kgCO2e/occupied room-night,COUNTRY_STAR_WEIGHTED,10,False,False,Greenview / Cornell Hotel Sustainability Benchmarking Index,https://greenview.sg/resources/chsb-index/
2023,Corea del Sur,KOR,unknown,CHSB 2025,2023,Greenview CHSB public dataset,40.78853,kgCO2e/occupied room-night,COUNTRY_NONRESORT,38,False,False,Greenview / Cornell Hotel Sustainability Benchmarking Index,https://greenview.sg/resources/chsb-index/
2023,Costa de Marfil,CIV,2,CHSB 2025,2023,Greenview CHSB public dataset,14.894624,kgCO2e/occupied room-night,GLOBAL_STAR_FALLBACK,6977,False,True,Greenview / Cornell Hotel Sustainability Benchmarking Index,https://greenview.sg/resources/chsb-index/
2023,Costa de Marfil,CIV,3,CHSB 2025,2023,Greenview CHSB public dataset,19.14257,kgCO2e/occupied room-night,GLOBAL_STAR_FALLBACK,7773,False,True,Greenview / Cornell Hotel Sustainability Benchmarking Index,https://greenview.sg/resources/chsb-index/
2023,Costa de Marfil,CIV,4,CHSB 2025,2023,Greenview CHSB public dataset,32.328082,kgCO2e/occupied room-night,GLOBAL_STAR_FALLBACK,3107,False,True,Greenview / Cornell Hotel Sustainability Benchmarking Index,https://greenview.sg/resources/chsb-index/
2023,Costa de Marfil,CIV,5,CHSB 2025,2023,Greenview CHSB public dataset,49.85776,kgCO2e/occupied room-night,GLOBAL_STAR_FALLBACK,696,False,True,Greenview / Cornell Hotel Sustainability Benchmarking Index,https://greenview.sg/resources/chsb-index/
2023,Costa de Marfil,CIV,unknown,CHSB 2025,2023,Greenview CHSB public dataset,20.2405,kgCO2e/occupied room-night,GLOBAL_UNKNOWN_FALLBACK,18308,False,True,Greenview / Cornell Hotel Sustainability Benchmarking Index,https://greenview.sg/resources/chsb-index/
2023,Costa Rica,CRI,2,CHSB 2025,2023,Greenview CHSB public dataset,14.894624,kgCO2e/occupied room-night,GLOBAL_STAR_FALLBACK,6977,False,True,Greenview / Cornell Hotel Sustainability Benchmarking Index,https://greenview.sg/resources/chsb-index/
2023,Costa Rica,CRI,3,CHSB 2025,2023,Greenview CHSB public dataset,5.226767,kgCO2e/occupied room-night,COUNTRY_STAR_WEIGHTED,10,False,False,Greenview / Cornell Hotel Sustainability Benchmarking Index,https://greenview.sg/resources/chsb-index/
2023,Costa Rica,CRI,4,CHSB 2025,2023,Greenview CHSB public dataset,11.240253,kgCO2e/occupied room-night,COUNTRY_STAR_WEIGHTED,18,False,False,Greenview / Cornell Hotel Sustainability Benchmarking Index,https://greenview.sg/resources/chsb-index/
2023,Costa Rica,CRI,5,CHSB 2025,2023,Greenview CHSB public dataset,49.85776,kgCO2e/occupied room-night,GLOBAL_STAR_FALLBACK,696,False,True,Greenview / Cornell Hotel Sustainability Benchmarking Index,https://greenview.sg/resources/chsb-index/
2023,Costa Rica,CRI,unknown,CHSB 2025,2023,Greenview CHSB public dataset,6.396705,kgCO2e/occupied room-night,COUNTRY_NONRESORT,21,False,False,Greenview / Cornell Hotel Sustainability Benchmarking Index,https://greenview.sg/resources/chsb-index/
2023,Croacia,HRV,2,CHSB 2025,2023,Greenview CHSB public dataset,14.894624,kgCO2e/occupied room-night,GLOBAL_STAR_FALLBACK,6977,False,True,Greenview / Cornell Hotel Sustainability Benchmarking Index,https://greenview.sg/resources/chsb-index/
2023,Croacia,HRV,3,CHSB 2025,2023,Greenview CHSB public dataset,19.14257,kgCO2e/occupied room-night,GLOBAL_STAR_FALLBACK,7773,False,True,Greenview / Cornell Hotel Sustainability Benchmarking Index,https://greenview.sg/resources/chsb-index/
2023,Croacia,HRV,4,CHSB 2025,2023,Greenview CHSB public dataset,32.328082,kgCO2e/occupied room-night,GLOBAL_STAR_FALLBACK,3107,False,True,Greenview / Cornell Hotel Sustainability Benchmarking Index,https://greenview.sg/resources/chsb-index/
2023,Croacia,HRV,5,CHSB 2025,2023,Greenview CHSB public dataset,49.85776,kgCO2e/occupied room-night,GLOBAL_STAR_FALLBACK,696,False,True,Greenview / Cornell Hotel Sustainability Benchmarking Index,https://greenview.sg/resources/chsb-index/
2023,Croacia,HRV,unknown,CHSB 2025,2023,Greenview CHSB public dataset,20.2405,kgCO2e/occupied room-night,GLOBAL_UNKNOWN_FALLBACK,18308,False,True,Greenview / Cornell Hotel Sustainability Benchmarking Index,https://greenview.sg/resources/chsb-index/
2023,Cuba,CUB,2,CHSB 2025,2023,Greenview CHSB public dataset,14.894624,kgCO2e/occupied room-night,GLOBAL_STAR_FALLBACK,6977,False,True,Greenview / Cornell Hotel Sustainability Benchmarking Index,https://greenview.sg/resources/chsb-index/
2023,Cuba,CUB,3,CHSB 2025,2023,Greenview CHSB public dataset,19.14257,kgCO2e/occupied room-night,GLOBAL_STAR_FALLBACK,7773,False,True,Greenview / Cornell Hotel Sustainability Benchmarking Index,https://greenview.sg/resources/chsb-index/
2023,Cuba,CUB,4,CHSB 2025,2023,Greenview CHSB public dataset,32.328082,kgCO2e/occupied room-night,GLOBAL_STAR_FALLBACK,3107,False,True,Greenview / Cornell Hotel Sustainability Benchmarking Index,https://greenview.sg/resources/chsb-index/
2023,Cuba,CUB,5,CHSB 2025,2023,Greenview CHSB public dataset,49.85776,kgCO2e/occupied room-night,GLOBAL_STAR_FALLBACK,696,False,True,Greenview / Cornell Hotel Sustainability Benchmarking Index,https://greenview.sg/resources/chsb-index/
2023,Cuba,CUB,unknown,CHSB 2025,2023,Greenview CHSB public dataset,20.2405,kgCO2e/occupied room-night,GLOBAL_UNKNOWN_FALLBACK,18308,False,True,Greenview / Cornell Hotel Sustainability Benchmarking Index,https://greenview.sg/resources/chsb-index/
2023,Curazao,CUW,2,CHSB 2025,2023,Greenview CHSB public dataset,14.894624,kgCO2e/occupied room-night,GLOBAL_STAR_FALLBACK,6977,False,True,Greenview / Cornell Hotel Sustainability Benchmarking Index,https://greenview.sg/resources/chsb-index/
2023,Curazao,CUW,3,CHSB 2025,2023,Greenview CHSB public dataset,19.14257,kgCO2e/occupied room-night,GLOBAL_STAR_FALLBACK,7773,False,True,Greenview / Cornell Hotel Sustainability Benchmarking Index,https://greenview.sg/resources/chsb-index/
2023,Curazao,CUW,4,CHSB 2025,2023,Greenview CHSB public dataset,32.328082,kgCO2e/occupied room-night,GLOBAL_STAR_FALLBACK,3107,False,True,Greenview / Cornell Hotel Sustainability Benchmarking Index,https://greenview.sg/resources/chsb-index/
2023,Curazao,CUW,5,CHSB 2025,2023,Greenview CHSB public dataset,49.85776,kgCO2e/occupied room-night,GLOBAL_STAR_FALLBACK,696,False,True,Greenview / Cornell Hotel Sustainability Benchmarking Index,https://greenview.sg/resources/chsb-index/
2023,Curazao,CUW,unknown,CHSB 2025,2023,Greenview CHSB public dataset,20.2405,kgCO2e/occupied room-night,GLOBAL_UNKNOWN_FALLBACK,18308,False,True,Greenview / Cornell Hotel Sustainability Benchmarking Index,https://greenview.sg/resources/chsb-index/
2023,Dinamarca,DNK,2,CHSB 2025,2023,Greenview CHSB public dataset,14.894624,kgCO2e/occupied room-night,GLOBAL_STAR_FALLBACK,6977,False,True,Greenview / Cornell Hotel Sustainability Benchmarking Index,https://greenview.sg/resources/chsb-index/
2023,Dinamarca,DNK,3,CHSB 2025,2023,Greenview CHSB public dataset,19.14257,kgCO2e/occupied room-night,GLOBAL_STAR_FALLBACK,7773,False,True,Greenview / Cornell Hotel Sustainability Benchmarking Index,https://greenview.sg/resources/chsb-index/
2023,Dinamarca,DNK,4,CHSB 2025,2023,Greenview CHSB public dataset,32.328082,kgCO2e/occupied room-night,GLOBAL_STAR_FALLBACK,3107,False,True,Greenview / Cornell Hotel Sustainability Benchmarking Index,https://greenview.sg/resources/chsb-index/
2023,Dinamarca,DNK,5,CHSB 2025,2023,Greenview CHSB public dataset,49.85776,kgCO2e/occupied room-night,GLOBAL_STAR_FALLBACK,696,False,True,Greenview / Cornell Hotel Sustainability Benchmarking Index,https://greenview.sg/resources/chsb-index/
2023,Dinamarca,DNK,unknown,CHSB 2025,2023,Greenview CHSB public dataset,20.2405,kgCO2e/occupied room-night,GLOBAL_UNKNOWN_FALLBACK,18308,False,True,Greenview / Cornell Hotel Sustainability Benchmarking Index,https://greenview.sg/resources/chsb-index/
2023,Dominica,DMA,2,CHSB 2025,2023,Greenview CHSB public dataset,14.894624,kgCO2e/occupied room-night,GLOBAL_STAR_FALLBACK,6977,False,True,Greenview / Cornell Hotel Sustainability Benchmarking Index,https://greenview.sg/resources/chsb-index/
2023,Dominica,DMA,3,CHSB 2025,2023,Greenview CHSB public dataset,19.14257,kgCO2e/occupied room-night,GLOBAL_STAR_FALLBACK,7773,False,True,Greenview / Cornell Hotel Sustainability Benchmarking Index,https://greenview.sg/resources/chsb-index/
2023,Dominica,DMA,4,CHSB 2025,2023,Greenview CHSB public dataset,32.328082,kgCO2e/occupied room-night,GLOBAL_STAR_FALLBACK,3107,False,True,Greenview / Cornell Hotel Sustainability Benchmarking Index,https://greenview.sg/resources/chsb-index/
2023,Dominica,DMA,5,CHSB 2025,2023,Greenview CHSB public dataset,49.85776,kgCO2e/occupied room-night,GLOBAL_STAR_FALLBACK,696,False,True,Greenview / Cornell Hotel Sustainability Benchmarking Index,https://greenview.sg/resources/chsb-index/
2023,Dominica,DMA,unknown,CHSB 2025,2023,Greenview CHSB public dataset,20.2405,kgCO2e/occupied room-night,GLOBAL_UNKNOWN_FALLBACK,18308,False,True,Greenview / Cornell Hotel Sustainability Benchmarking Index,https://greenview.sg/resources/chsb-index/
2023,Ecuador,ECU,2,CHSB 2025,2023,Greenview CHSB public dataset,14.894624,kgCO2e/occupied room-night,GLOBAL_STAR_FALLBACK,6977,False,True,Greenview / Cornell Hotel Sustainability Benchmarking Index,https://greenview.sg/resources/chsb-index/
2023,Ecuador,ECU,3,CHSB 2025,2023,Greenview CHSB public dataset,19.14257,kgCO2e/occupied room-night,GLOBAL_STAR_FALLBACK,7773,False,True,Greenview / Cornell Hotel Sustainability Benchmarking Index,https://greenview.sg/resources/chsb-index/
2023,Ecuador,ECU,4,CHSB 2025,2023,Greenview CHSB public dataset,32.328082,kgCO2e/occupied room-night,GLOBAL_STAR_FALLBACK,3107,False,True,Greenview / Cornell Hotel Sustainability Benchmarking Index,https://greenview.sg/resources/chsb-index/
2023,Ecuador,ECU,5,CHSB 2025,2023,Greenview CHSB public dataset,49.85776,kgCO2e/occupied room-night,GLOBAL_STAR_FALLBACK,696,False,True,Greenview / Cornell Hotel Sustainability Benchmarking Index,https://greenview.sg/resources/chsb-index/
2023,Ecuador,ECU,unknown,CHSB 2025,2023,Greenview CHSB public dataset,24.776726,kgCO2e/occupied room-night,COUNTRY_NONRESORT,11,False,False,Greenview / Cornell Hotel Sustainability Benchmarking Index,https://greenview.sg/resources/chsb-index/
2023,Egipto,EGY,2,CHSB 2025,2023,Greenview CHSB public dataset,14.894624,kgCO2e/occupied room-night,GLOBAL_STAR_FALLBACK,6977,False,True,Greenview / Cornell Hotel Sustainability Benchmarking Index,https://greenview.sg/resources/chsb-index/
2023,Egipto,EGY,3,CHSB 2025,2023,Greenview CHSB public dataset,19.14257,kgCO2e/occupied room-night,GLOBAL_STAR_FALLBACK,7773,False,True,Greenview / Cornell Hotel Sustainability Benchmarking Index,https://greenview.sg/resources/chsb-index/
2023,Egipto,EGY,4,CHSB 2025,2023,Greenview CHSB public dataset,50.122433,kgCO2e/occupied room-night,COUNTRY_STAR_WEIGHTED,22,False,False,Greenview / Cornell Hotel Sustainability Benchmarking Index,https://greenview.sg/resources/chsb-index/
2023,Egipto,EGY,5,CHSB 2025,2023,Greenview CHSB public dataset,57.51215,kgCO2e/occupied room-night,COUNTRY_STAR_WEIGHTED,8,False,False,Greenview / Cornell Hotel Sustainability Benchmarking Index,https://greenview.sg/resources/chsb-index/
2023,Egipto,EGY,unknown,CHSB 2025,2023,Greenview CHSB public dataset,50.482517,kgCO2e/occupied room-night,COUNTRY_NONRESORT,23,False,False,Greenview / Cornell Hotel Sustainability Benchmarking Index,https://greenview.sg/resources/chsb-index/
2023,El Salvador,SLV,2,CHSB 2025,2023,Greenview CHSB public dataset,14.894624,kgCO2e/occupied room-night,GLOBAL_STAR_FALLBACK,6977,False,True,Greenview / Cornell Hotel Sustainability Benchmarking Index,https://greenview.sg/resources/chsb-index/
2023,El Salvador,SLV,3,CHSB 2025,2023,Greenview CHSB public dataset,19.14257,kgCO2e/occupied room-night,GLOBAL_STAR_FALLBACK,7773,False,True,Greenview / Cornell Hotel Sustainability Benchmarking Index,https://greenview.sg/resources/chsb-index/
2023,El Salvador,SLV,4,CHSB 2025,2023,Greenview CHSB public dataset,32.328082,kgCO2e/occupied room-night,GLOBAL_STAR_FALLBACK,3107,False,True,Greenview / Cornell Hotel Sustainability Benchmarking Index,https://greenview.sg/resources/chsb-index/
2023,El Salvador,SLV,5,CHSB 2025,2023,Greenview CHSB public dataset,49.85776,kgCO2e/occupied room-night,GLOBAL_STAR_FALLBACK,696,False,True,Greenview / Cornell Hotel Sustainability Benchmarking Index,https://greenview.sg/resources/chsb-index/
2023,El Salvador,SLV,unknown,CHSB 2025,2023,Greenview CHSB public dataset,20.2405,kgCO2e/occupied room-night,GLOBAL_UNKNOWN_FALLBACK,18308,False,True,Greenview / Cornell Hotel Sustainability Benchmarking Index,https://greenview.sg/resources/chsb-index/
2023,Emiratos Árabes Unidos,ARE,2,CHSB 2025,2023,Greenview CHSB public dataset,23.545569,kgCO2e/occupied room-night,COUNTRY_STAR_WEIGHTED,8,False,False,Greenview / Cornell Hotel Sustainability Benchmarking Index,https://greenview.sg/resources/chsb-index/
2023,Emiratos Árabes Unidos,ARE,3,CHSB 2025,2023,Greenview CHSB public dataset,39.287511,kgCO2e/occupied room-night,COUNTRY_STAR_WEIGHTED,39,False,False,Greenview / Cornell Hotel Sustainability Benchmarking Index,https://greenview.sg/resources/chsb-index/
2023,Emiratos Árabes Unidos,ARE,4,CHSB 2025,2023,Greenview CHSB public dataset,53.685234,kgCO2e/occupied room-night,COUNTRY_STAR_WEIGHTED,36,False,False,Greenview / Cornell Hotel Sustainability Benchmarking Index,https://greenview.sg/resources/chsb-index/
2023,Emiratos Árabes Unidos,ARE,5,CHSB 2025,2023,Greenview CHSB public dataset,64.311569,kgCO2e/occupied room-night,COUNTRY_STAR_WEIGHTED,40,False,False,Greenview / Cornell Hotel Sustainability Benchmarking Index,https://greenview.sg/resources/chsb-index/
2023,Emiratos Árabes Unidos,ARE,unknown,CHSB 2025,2023,Greenview CHSB public dataset,45.200194,kgCO2e/occupied room-night,COUNTRY_NONRESORT,97,False,False,Greenview / Cornell Hotel Sustainability Benchmarking Index,https://greenview.sg/resources/chsb-index/
2023,Eritrea,ERI,2,CHSB 2025,2023,Greenview CHSB public dataset,14.894624,kgCO2e/occupied room-night,GLOBAL_STAR_FALLBACK,6977,False,True,Greenview / Cornell Hotel Sustainability Benchmarking Index,https://greenview.sg/resources/chsb-index/
2023,Eritrea,ERI,3,CHSB 2025,2023,Greenview CHSB public dataset,19.14257,kgCO2e/occupied room-night,GLOBAL_STAR_FALLBACK,7773,False,True,Greenview / Cornell Hotel Sustainability Benchmarking Index,https://greenview.sg/resources/chsb-index/
2023,Eritrea,ERI,4,CHSB 2025,2023,Greenview CHSB public dataset,32.328082,kgCO2e/occupied room-night,GLOBAL_STAR_FALLBACK,3107,False,True,Greenview / Cornell Hotel Sustainability Benchmarking Index,https://greenview.sg/resources/chsb-index/
2023,Eritrea,ERI,5,CHSB 2025,2023,Greenview CHSB public dataset,49.85776,kgCO2e/occupied room-night,GLOBAL_STAR_FALLBACK,696,False,True,Greenview / Cornell Hotel Sustainability Benchmarking Index,https://greenview.sg/resources/chsb-index/
2023,Eritrea,ERI,unknown,CHSB 2025,2023,Greenview CHSB public dataset,20.2405,kgCO2e/occupied room-night,GLOBAL_UNKNOWN_FALLBACK,18308,False,True,Greenview / Cornell Hotel Sustainability Benchmarking Index,https://greenview.sg/resources/chsb-index/
2023,Eslovaquia,SVK,2,CHSB 2025,2023,Greenview CHSB public dataset,14.894624,kgCO2e/occupied room-night,GLOBAL_STAR_FALLBACK,6977,False,True,Greenview / Cornell Hotel Sustainability Benchmarking Index,https://greenview.sg/resources/chsb-index/
2023,Eslovaquia,SVK,3,CHSB 2025,2023,Greenview CHSB public dataset,19.14257,kgCO2e/occupied room-night,GLOBAL_STAR_FALLBACK,7773,False,True,Greenview / Cornell Hotel Sustainability Benchmarking Index,https://greenview.sg/resources/chsb-index/
2023,Eslovaquia,SVK,4,CHSB 2025,2023,Greenview CHSB public dataset,32.328082,kgCO2e/occupied room-night,GLOBAL_STAR_FALLBACK,3107,False,True,Greenview / Cornell Hotel Sustainability Benchmarking Index,https://greenview.sg/resources/chsb-index/
2023,Eslovaquia,SVK,5,CHSB 2025,2023,Greenview CHSB public dataset,49.85776,kgCO2e/occupied room-night,GLOBAL_STAR_FALLBACK,696,False,True,Greenview / Cornell Hotel Sustainability Benchmarking Index,https://greenview.sg/resources/chsb-index/
2023,Eslovaquia,SVK,unknown,CHSB 2025,2023,Greenview CHSB public dataset,12.059193,kgCO2e/occupied room-night,COUNTRY_NONRESORT,8,False,False,Greenview / Cornell Hotel Sustainability Benchmarking Index,https://greenview.sg/resources/chsb-index/
2023,Eslovenia,SVN,2,CHSB 2025,2023,Greenview CHSB public dataset,14.894624,kgCO2e/occupied room-night,GLOBAL_STAR_FALLBACK,6977,False,True,Greenview / Cornell Hotel Sustainability Benchmarking Index,https://greenview.sg/resources/chsb-index/
2023,Eslovenia,SVN,3,CHSB 2025,2023,Greenview CHSB public dataset,19.14257,kgCO2e/occupied room-night,GLOBAL_STAR_FALLBACK,7773,False,True,Greenview / Cornell Hotel Sustainability Benchmarking Index,https://greenview.sg/resources/chsb-index/
2023,Eslovenia,SVN,4,CHSB 2025,2023,Greenview CHSB public dataset,32.328082,kgCO2e/occupied room-night,GLOBAL_STAR_FALLBACK,3107,False,True,Greenview / Cornell Hotel Sustainability Benchmarking Index,https://greenview.sg/resources/chsb-index/
2023,Eslovenia,SVN,5,CHSB 2025,2023,Greenview CHSB public dataset,49.85776,kgCO2e/occupied room-night,GLOBAL_STAR_FALLBACK,696,False,True,Greenview / Cornell Hotel Sustainability Benchmarking Index,https://greenview.sg/resources/chsb-index/
2023,Eslovenia,SVN,unknown,CHSB 2025,2023,Greenview CHSB public dataset,20.2405,kgCO2e/occupied room-night,GLOBAL_UNKNOWN_FALLBACK,18308,False,True,Greenview / Cornell Hotel Sustainability Benchmarking Index,https://greenview.sg/resources/chsb-index/
2023,España,ESP,2,CHSB 2025,2023,Greenview CHSB public dataset,14.894624,kgCO2e/occupied room-night,GLOBAL_STAR_FALLBACK,6977,False,True,Greenview / Cornell Hotel Sustainability Benchmarking Index,https://greenview.sg/resources/chsb-index/
2023,España,ESP,3,CHSB 2025,2023,Greenview CHSB public dataset,9.717018,kgCO2e/occupied room-night,COUNTRY_STAR_WEIGHTED,24,False,False,Greenview / Cornell Hotel Sustainability Benchmarking Index,https://greenview.sg/resources/chsb-index/
2023,España,ESP,4,CHSB 2025,2023,Greenview CHSB public dataset,11.524882,kgCO2e/occupied room-night,COUNTRY_STAR_WEIGHTED,70,False,False,Greenview / Cornell Hotel Sustainability Benchmarking Index,https://greenview.sg/resources/chsb-index/
2023,España,ESP,5,CHSB 2025,2023,Greenview CHSB public dataset,22.644637,kgCO2e/occupied room-night,COUNTRY_STAR_WEIGHTED,31,False,False,Greenview / Cornell Hotel Sustainability Benchmarking Index,https://greenview.sg/resources/chsb-index/
2023,España,ESP,unknown,CHSB 2025,2023,Greenview CHSB public dataset,12.182544,kgCO2e/occupied room-night,COUNTRY_NONRESORT,119,False,False,Greenview / Cornell Hotel Sustainability Benchmarking Index,https://greenview.sg/resources/chsb-index/
2023,Estados Unidos,USA,2,CHSB 2025,2023,Greenview CHSB public dataset,14.552433,kgCO2e/occupied room-night,COUNTRY_STAR_WEIGHTED,6212,False,False,Greenview / Cornell Hotel Sustainability Benchmarking Index,https://greenview.sg/resources/chsb-index/
2023,Estados Unidos,USA,3,CHSB 2025,2023,Greenview CHSB public dataset,17.742731,kgCO2e/occupied room-night,COUNTRY_STAR_WEIGHTED,6203,False,False,Greenview / Cornell Hotel Sustainability Benchmarking Index,https://greenview.sg/resources/chsb-index/
2023,Estados Unidos,USA,4,CHSB 2025,2023,Greenview CHSB public dataset,27.452457,kgCO2e/occupied room-night,COUNTRY_STAR_WEIGHTED,1193,False,False,Greenview / Cornell Hotel Sustainability Benchmarking Index,https://greenview.sg/resources/chsb-index/
2023,Estados Unidos,USA,5,CHSB 2025,2023,Greenview CHSB public dataset,43.996411,kgCO2e/occupied room-night,COUNTRY_STAR_WEIGHTED,106,False,False,Greenview / Cornell Hotel Sustainability Benchmarking Index,https://greenview.sg/resources/chsb-index/
2023,Estados Unidos,USA,unknown,CHSB 2025,2023,Greenview CHSB public dataset,17.029764,kgCO2e/occupied room-night,COUNTRY_NONRESORT,13445,False,False,Greenview / Cornell Hotel Sustainability Benchmarking Index,https://greenview.sg/resources/chsb-index/
2023,Estonia,EST,2,CHSB 2025,2023,Greenview CHSB public dataset,14.894624,kgCO2e/occupied room-night,GLOBAL_STAR_FALLBACK,6977,False,True,Greenview / Cornell Hotel Sustainability Benchmarking Index,https://greenview.sg/resources/chsb-index/
2023,Estonia,EST,3,CHSB 2025,2023,Greenview CHSB public dataset,19.14257,kgCO2e/occupied room-night,GLOBAL_STAR_FALLBACK,7773,False,True,Greenview / Cornell Hotel Sustainability Benchmarking Index,https://greenview.sg/resources/chsb-index/
2023,Estonia,EST,4,CHSB 2025,2023,Greenview CHSB public dataset,32.328082,kgCO2e/occupied room-night,GLOBAL_STAR_FALLBACK,3107,False,True,Greenview / Cornell Hotel Sustainability Benchmarking Index,https://greenview.sg/resources/chsb-index/
2023,Estonia,EST,5,CHSB 2025,2023,Greenview CHSB public dataset,49.85776,kgCO2e/occupied room-night,GLOBAL_STAR_FALLBACK,696,False,True,Greenview / Cornell Hotel Sustainability Benchmarking Index,https://greenview.sg/resources/chsb-index/
2023,Estonia,EST,unknown,CHSB 2025,2023,Greenview CHSB public dataset,20.2405,kgCO2e/occupied room-night,GLOBAL_UNKNOWN_FALLBACK,18308,False,True,Greenview / Cornell Hotel Sustainability Benchmarking Index,https://greenview.sg/resources/chsb-index/
2023,Esuatini,SWZ,2,CHSB 2025,2023,Greenview CHSB public dataset,14.894624,kgCO2e/occupied room-night,GLOBAL_STAR_FALLBACK,6977,False,True,Greenview / Cornell Hotel Sustainability Benchmarking Index,https://greenview.sg/resources/chsb-index/
2023,Esuatini,SWZ,3,CHSB 2025,2023,Greenview CHSB public dataset,19.14257,kgCO2e/occupied room-night,GLOBAL_STAR_FALLBACK,7773,False,True,Greenview / Cornell Hotel Sustainability Benchmarking Index,https://greenview.sg/resources/chsb-index/
2023,Esuatini,SWZ,4,CHSB 2025,2023,Greenview CHSB public dataset,32.328082,kgCO2e/occupied room-night,GLOBAL_STAR_FALLBACK,3107,False,True,Greenview / Cornell Hotel Sustainability Benchmarking Index,https://greenview.sg/resources/chsb-index/
2023,Esuatini,SWZ,5,CHSB 2025,2023,Greenview CHSB public dataset,49.85776,kgCO2e/occupied room-night,GLOBAL_STAR_FALLBACK,696,False,True,Greenview / Cornell Hotel Sustainability Benchmarking Index,https://greenview.sg/resources/chsb-index/
2023,Esuatini,SWZ,unknown,CHSB 2025,2023,Greenview CHSB public dataset,20.2405,kgCO2e/occupied room-night,GLOBAL_UNKNOWN_FALLBACK,18308,False,True,Greenview / Cornell Hotel Sustainability Benchmarking Index,https://greenview.sg/resources/chsb-index/
2023,Etiopía,ETH,2,CHSB 2025,2023,Greenview CHSB public dataset,14.894624,kgCO2e/occupied room-night,GLOBAL_STAR_FALLBACK,6977,False,True,Greenview / Cornell Hotel Sustainability Benchmarking Index,https://greenview.sg/resources/chsb-index/
2023,Etiopía,ETH,3,CHSB 2025,2023,Greenview CHSB public dataset,19.14257,kgCO2e/occupied room-night,GLOBAL_STAR_FALLBACK,7773,False,True,Greenview / Cornell Hotel Sustainability Benchmarking Index,https://greenview.sg/resources/chsb-index/
2023,Etiopía,ETH,4,CHSB 2025,2023,Greenview CHSB public dataset,32.328082,kgCO2e/occupied room-night,GLOBAL_STAR_FALLBACK,3107,False,True,Greenview / Cornell Hotel Sustainability Benchmarking Index,https://greenview.sg/resources/chsb-index/
2023,Etiopía,ETH,5,CHSB 2025,2023,Greenview CHSB public dataset,49.85776,kgCO2e/occupied room-night,GLOBAL_STAR_FALLBACK,696,False,True,Greenview / Cornell Hotel Sustainability Benchmarking Index,https://greenview.sg/resources/chsb-index/
2023,Etiopía,ETH,unknown,CHSB 2025,2023,Greenview CHSB public dataset,20.2405,kgCO2e/occupied room-night,GLOBAL_UNKNOWN_FALLBACK,18308,False,True,Greenview / Cornell Hotel Sustainability Benchmarking Index,https://greenview.sg/resources/chsb-index/
2023,Filipinas,PHL,2,CHSB 2025,2023,Greenview CHSB public dataset,14.894624,kgCO2e/occupied room-night,GLOBAL_STAR_FALLBACK,6977,False,True,Greenview / Cornell Hotel Sustainability Benchmarking Index,https://greenview.sg/resources/chsb-index/
2023,Filipinas,PHL,3,CHSB 2025,2023,Greenview CHSB public dataset,19.14257,kgCO2e/occupied room-night,GLOBAL_STAR_FALLBACK,7773,False,True,Greenview / Cornell Hotel Sustainability Benchmarking Index,https://greenview.sg/resources/chsb-index/
2023,Filipinas,PHL,4,CHSB 2025,2023,Greenview CHSB public dataset,64.602142,kgCO2e/occupied room-night,COUNTRY_STAR_WEIGHTED,8,False,False,Greenview / Cornell Hotel Sustainability Benchmarking Index,https://greenview.sg/resources/chsb-index/
2023,Filipinas,PHL,5,CHSB 2025,2023,Greenview CHSB public dataset,49.85776,kgCO2e/occupied room-night,GLOBAL_STAR_FALLBACK,696,False,True,Greenview / Cornell Hotel Sustainability Benchmarking Index,https://greenview.sg/resources/chsb-index/
2023,Filipinas,PHL,unknown,CHSB 2025,2023,Greenview CHSB public dataset,53.19527,kgCO2e/occupied room-night,COUNTRY_NONRESORT,22,False,False,Greenview / Cornell Hotel Sustainability Benchmarking Index,https://greenview.sg/resources/chsb-index/
2023,Finlandia,FIN,2,CHSB 2025,2023,Greenview CHSB public dataset,14.894624,kgCO2e/occupied room-night,GLOBAL_STAR_FALLBACK,6977,False,True,Greenview / Cornell Hotel Sustainability Benchmarking Index,https://greenview.sg/resources/chsb-index/
2023,Finlandia,FIN,3,CHSB 2025,2023,Greenview CHSB public dataset,19.14257,kgCO2e/occupied room-night,GLOBAL_STAR_FALLBACK,7773,False,True,Greenview / Cornell Hotel Sustainability Benchmarking Index,https://greenview.sg/resources/chsb-index/
2023,Finlandia,FIN,4,CHSB 2025,2023,Greenview CHSB public dataset,32.328082,kgCO2e/occupied room-night,GLOBAL_STAR_FALLBACK,3107,False,True,Greenview / Cornell Hotel Sustainability Benchmarking Index,https://greenview.sg/resources/chsb-index/
2023,Finlandia,FIN,5,CHSB 2025,2023,Greenview CHSB public dataset,49.85776,kgCO2e/occupied room-night,GLOBAL_STAR_FALLBACK,696,False,True,Greenview / Cornell Hotel Sustainability Benchmarking Index,https://greenview.sg/resources/chsb-index/
2023,Finlandia,FIN,unknown,CHSB 2025,2023,Greenview CHSB public dataset,11.575985,kgCO2e/occupied room-night,COUNTRY_NONRESORT,9,False,False,Greenview / Cornell Hotel Sustainability Benchmarking Index,https://greenview.sg/resources/chsb-index/
2023,Fiyi,FJI,2,CHSB 2025,2023,Greenview CHSB public dataset,14.894624,kgCO2e/occupied room-night,GLOBAL_STAR_FALLBACK,6977,False,True,Greenview / Cornell Hotel Sustainability Benchmarking Index,https://greenview.sg/resources/chsb-index/
2023,Fiyi,FJI,3,CHSB 2025,2023,Greenview CHSB public dataset,19.14257,kgCO2e/occupied room-night,GLOBAL_STAR_FALLBACK,7773,False,True,Greenview / Cornell Hotel Sustainability Benchmarking Index,https://greenview.sg/resources/chsb-index/
2023,Fiyi,FJI,4,CHSB 2025,2023,Greenview CHSB public dataset,32.328082,kgCO2e/occupied room-night,GLOBAL_STAR_FALLBACK,3107,False,True,Greenview / Cornell Hotel Sustainability Benchmarking Index,https://greenview.sg/resources/chsb-index/
2023,Fiyi,FJI,5,CHSB 2025,2023,Greenview CHSB public dataset,49.85776,kgCO2e/occupied room-night,GLOBAL_STAR_FALLBACK,696,False,True,Greenview / Cornell Hotel Sustainability Benchmarking Index,https://greenview.sg/resources/chsb-index/
2023,Fiyi,FJI,unknown,CHSB 2025,2023,Greenview CHSB public dataset,47.543859,kgCO2e/occupied room-night,COUNTRY_ALL_WEIGHTED,8,False,False,Greenview / Cornell Hotel Sustainability Benchmarking Index,https://greenview.sg/resources/chsb-index/
2023,Francia,FRA,2,CHSB 2025,2023,Greenview CHSB public dataset,5.22497,kgCO2e/occupied room-night,COUNTRY_STAR_WEIGHTED,9,False,False,Greenview / Cornell Hotel Sustainability Benchmarking Index,https://greenview.sg/resources/chsb-index/
2023,Francia,FRA,3,CHSB 2025,2023,Greenview CHSB public dataset,5.837705,kgCO2e/occupied room-night,COUNTRY_STAR_WEIGHTED,43,False,False,Greenview / Cornell Hotel Sustainability Benchmarking Index,https://greenview.sg/resources/chsb-index/
2023,Francia,FRA,4,CHSB 2025,2023,Greenview CHSB public dataset,8.57846,kgCO2e/occupied room-night,COUNTRY_STAR_WEIGHTED,60,False,False,Greenview / Cornell Hotel Sustainability Benchmarking Index,https://greenview.sg/resources/chsb-index/
2023,Francia,FRA,5,CHSB 2025,2023,Greenview CHSB public dataset,14.54696,kgCO2e/occupied room-night,COUNTRY_STAR_WEIGHTED,19,False,False,Greenview / Cornell Hotel Sustainability Benchmarking Index,https://greenview.sg/resources/chsb-index/
2023,Francia,FRA,unknown,CHSB 2025,2023,Greenview CHSB public dataset,8.31409,kgCO2e/occupied room-night,COUNTRY_NONRESORT,131,False,False,Greenview / Cornell Hotel Sustainability Benchmarking Index,https://greenview.sg/resources/chsb-index/
2023,Gabón,GAB,2,CHSB 2025,2023,Greenview CHSB public dataset,14.894624,kgCO2e/occupied room-night,GLOBAL_STAR_FALLBACK,6977,False,True,Greenview / Cornell Hotel Sustainability Benchmarking Index,https://greenview.sg/resources/chsb-index/
2023,Gabón,GAB,3,CHSB 2025,2023,Greenview CHSB public dataset,19.14257,kgCO2e/occupied room-night,GLOBAL_STAR_FALLBACK,7773,False,True,Greenview / Cornell Hotel Sustainability Benchmarking Index,https://greenview.sg/resources/chsb-index/
2023,Gabón,GAB,4,CHSB 2025,2023,Greenview CHSB public dataset,32.328082,kgCO2e/occupied room-night,GLOBAL_STAR_FALLBACK,3107,False,True,Greenview / Cornell Hotel Sustainability Benchmarking Index,https://greenview.sg/resources/chsb-index/
2023,Gabón,GAB,5,CHSB 2025,2023,Greenview CHSB public dataset,49.85776,kgCO2e/occupied room-night,GLOBAL_STAR_FALLBACK,696,False,True,Greenview / Cornell Hotel Sustainability Benchmarking Index,https://greenview.sg/resources/chsb-index/
2023,Gabón,GAB,unknown,CHSB 2025,2023,Greenview CHSB public dataset,20.2405,kgCO2e/occupied room-night,GLOBAL_UNKNOWN_FALLBACK,18308,False,True,Greenview / Cornell Hotel Sustainability Benchmarking Index,https://greenview.sg/resources/chsb-index/
2023,Gambia,GMB,2,CHSB 2025,2023,Greenview CHSB public dataset,14.894624,kgCO2e/occupied room-night,GLOBAL_STAR_FALLBACK,6977,False,True,Greenview / Cornell Hotel Sustainability Benchmarking Index,https://greenview.sg/resources/chsb-index/
2023,Gambia,GMB,3,CHSB 2025,2023,Greenview CHSB public dataset,19.14257,kgCO2e/occupied room-night,GLOBAL_STAR_FALLBACK,7773,False,True,Greenview / Cornell Hotel Sustainability Benchmarking Index,https://greenview.sg/resources/chsb-index/
2023,Gambia,GMB,4,CHSB 2025,2023,Greenview CHSB public dataset,32.328082,kgCO2e/occupied room-night,GLOBAL_STAR_FALLBACK,3107,False,True,Greenview / Cornell Hotel Sustainability Benchmarking Index,https://greenview.sg/resources/chsb-index/
2023,Gambia,GMB,5,CHSB 2025,2023,Greenview CHSB public dataset,49.85776,kgCO2e/occupied room-night,GLOBAL_STAR_FALLBACK,696,False,True,Greenview / Cornell Hotel Sustainability Benchmarking Index,https://greenview.sg/resources/chsb-index/
2023,Gambia,GMB,unknown,CHSB 2025,2023,Greenview CHSB public dataset,20.2405,kgCO2e/occupied room-night,GLOBAL_UNKNOWN_FALLBACK,18308,False,True,Greenview / Cornell Hotel Sustainability Benchmarking Index,https://greenview.sg/resources/chsb-index/
2023,Georgia,GEO,2,CHSB 2025,2023,Greenview CHSB public dataset,14.894624,kgCO2e/occupied room-night,GLOBAL_STAR_FALLBACK,6977,False,True,Greenview / Cornell Hotel Sustainability Benchmarking Index,https://greenview.sg/resources/chsb-index/
2023,Georgia,GEO,3,CHSB 2025,2023,Greenview CHSB public dataset,19.14257,kgCO2e/occupied room-night,GLOBAL_STAR_FALLBACK,7773,False,True,Greenview / Cornell Hotel Sustainability Benchmarking Index,https://greenview.sg/resources/chsb-index/
2023,Georgia,GEO,4,CHSB 2025,2023,Greenview CHSB public dataset,32.328082,kgCO2e/occupied room-night,GLOBAL_STAR_FALLBACK,3107,False,True,Greenview / Cornell Hotel Sustainability Benchmarking Index,https://greenview.sg/resources/chsb-index/
2023,Georgia,GEO,5,CHSB 2025,2023,Greenview CHSB public dataset,49.85776,kgCO2e/occupied room-night,GLOBAL_STAR_FALLBACK,696,False,True,Greenview / Cornell Hotel Sustainability Benchmarking Index,https://greenview.sg/resources/chsb-index/
2023,Georgia,GEO,unknown,CHSB 2025,2023,Greenview CHSB public dataset,23.638195,kgCO2e/occupied room-night,COUNTRY_NONRESORT,13,False,False,Greenview / Cornell Hotel Sustainability Benchmarking Index,https://greenview.sg/resources/chsb-index/
2023,Ghana,GHA,2,CHSB 2025,2023,Greenview CHSB public dataset,14.894624,kgCO2e/occupied room-night,GLOBAL_STAR_FALLBACK,6977,False,True,Greenview / Cornell Hotel Sustainability Benchmarking Index,https://greenview.sg/resources/chsb-index/
2023,Ghana,GHA,3,CHSB 2025,2023,Greenview CHSB public dataset,19.14257,kgCO2e/occupied room-night,GLOBAL_STAR_FALLBACK,7773,False,True,Greenview / Cornell Hotel Sustainability Benchmarking Index,https://greenview.sg/resources/chsb-index/
2023,Ghana,GHA,4,CHSB 2025,2023,Greenview CHSB public dataset,32.328082,kgCO2e/occupied room-night,GLOBAL_STAR_FALLBACK,3107,False,True,Greenview / Cornell Hotel Sustainability Benchmarking Index,https://greenview.sg/resources/chsb-index/
2023,Ghana,GHA,5,CHSB 2025,2023,Greenview CHSB public dataset,49.85776,kgCO2e/occupied room-night,GLOBAL_STAR_FALLBACK,696,False,True,Greenview / Cornell Hotel Sustainability Benchmarking Index,https://greenview.sg/resources/chsb-index/
2023,Ghana,GHA,unknown,CHSB 2025,2023,Greenview CHSB public dataset,20.2405,kgCO2e/occupied room-night,GLOBAL_UNKNOWN_FALLBACK,18308,False,True,Greenview / Cornell Hotel Sustainability Benchmarking Index,https://greenview.sg/resources/chsb-index/
2023,Granada,GRD,2,CHSB 2025,2023,Greenview CHSB public dataset,14.894624,kgCO2e/occupied room-night,GLOBAL_STAR_FALLBACK,6977,False,True,Greenview / Cornell Hotel Sustainability Benchmarking Index,https://greenview.sg/resources/chsb-index/
2023,Granada,GRD,3,CHSB 2025,2023,Greenview CHSB public dataset,19.14257,kgCO2e/occupied room-night,GLOBAL_STAR_FALLBACK,7773,False,True,Greenview / Cornell Hotel Sustainability Benchmarking Index,https://greenview.sg/resources/chsb-index/
2023,Granada,GRD,4,CHSB 2025,2023,Greenview CHSB public dataset,32.328082,kgCO2e/occupied room-night,GLOBAL_STAR_FALLBACK,3107,False,True,Greenview / Cornell Hotel Sustainability Benchmarking Index,https://greenview.sg/resources/chsb-index/
2023,Granada,GRD,5,CHSB 2025,2023,Greenview CHSB public dataset,49.85776,kgCO2e/occupied room-night,GLOBAL_STAR_FALLBACK,696,False,True,Greenview / Cornell Hotel Sustainability Benchmarking Index,https://greenview.sg/resources/chsb-index/
2023,Granada,GRD,unknown,CHSB 2025,2023,Greenview CHSB public dataset,20.2405,kgCO2e/occupied room-night,GLOBAL_UNKNOWN_FALLBACK,18308,False,True,Greenview / Cornell Hotel Sustainability Benchmarking Index,https://greenview.sg/resources/chsb-index/
2023,Grecia,GRC,2,CHSB 2025,2023,Greenview CHSB public dataset,14.894624,kgCO2e/occupied room-night,GLOBAL_STAR_FALLBACK,6977,False,True,Greenview / Cornell Hotel Sustainability Benchmarking Index,https://greenview.sg/resources/chsb-index/
2023,Grecia,GRC,3,CHSB 2025,2023,Greenview CHSB public dataset,19.14257,kgCO2e/occupied room-night,GLOBAL_STAR_FALLBACK,7773,False,True,Greenview / Cornell Hotel Sustainability Benchmarking Index,https://greenview.sg/resources/chsb-index/
2023,Grecia,GRC,4,CHSB 2025,2023,Greenview CHSB public dataset,32.328082,kgCO2e/occupied room-night,GLOBAL_STAR_FALLBACK,3107,False,True,Greenview / Cornell Hotel Sustainability Benchmarking Index,https://greenview.sg/resources/chsb-index/
2023,Grecia,GRC,5,CHSB 2025,2023,Greenview CHSB public dataset,41.635827,kgCO2e/occupied room-night,COUNTRY_STAR_WEIGHTED,8,False,False,Greenview / Cornell Hotel Sustainability Benchmarking Index,https://greenview.sg/resources/chsb-index/
2023,Grecia,GRC,unknown,CHSB 2025,2023,Greenview CHSB public dataset,22.20394,kgCO2e/occupied room-night,COUNTRY_NONRESORT,12,False,False,Greenview / Cornell Hotel Sustainability Benchmarking Index,https://greenview.sg/resources/chsb-index/
2023,Guatemala,GTM,2,CHSB 2025,2023,Greenview CHSB public dataset,14.894624,kgCO2e/occupied room-night,GLOBAL_STAR_FALLBACK,6977,False,True,Greenview / Cornell Hotel Sustainability Benchmarking Index,https://greenview.sg/resources/chsb-index/
2023,Guatemala,GTM,3,CHSB 2025,2023,Greenview CHSB public dataset,19.14257,kgCO2e/occupied room-night,GLOBAL_STAR_FALLBACK,7773,False,True,Greenview / Cornell Hotel Sustainability Benchmarking Index,https://greenview.sg/resources/chsb-index/
2023,Guatemala,GTM,4,CHSB 2025,2023,Greenview CHSB public dataset,32.328082,kgCO2e/occupied room-night,GLOBAL_STAR_FALLBACK,3107,False,True,Greenview / Cornell Hotel Sustainability Benchmarking Index,https://greenview.sg/resources/chsb-index/
2023,Guatemala,GTM,5,CHSB 2025,2023,Greenview CHSB public dataset,49.85776,kgCO2e/occupied room-night,GLOBAL_STAR_FALLBACK,696,False,True,Greenview / Cornell Hotel Sustainability Benchmarking Index,https://greenview.sg/resources/chsb-index/
2023,Guatemala,GTM,unknown,CHSB 2025,2023,Greenview CHSB public dataset,20.2405,kgCO2e/occupied room-night,GLOBAL_UNKNOWN_FALLBACK,18308,False,True,Greenview / Cornell Hotel Sustainability Benchmarking Index,https://greenview.sg/resources/chsb-index/
2023,Guinea,GIN,2,CHSB 2025,2023,Greenview CHSB public dataset,14.894624,kgCO2e/occupied room-night,GLOBAL_STAR_FALLBACK,6977,False,True,Greenview / Cornell Hotel Sustainability Benchmarking Index,https://greenview.sg/resources/chsb-index/
2023,Guinea,GIN,3,CHSB 2025,2023,Greenview CHSB public dataset,19.14257,kgCO2e/occupied room-night,GLOBAL_STAR_FALLBACK,7773,False,True,Greenview / Cornell Hotel Sustainability Benchmarking Index,https://greenview.sg/resources/chsb-index/
2023,Guinea,GIN,4,CHSB 2025,2023,Greenview CHSB public dataset,32.328082,kgCO2e/occupied room-night,GLOBAL_STAR_FALLBACK,3107,False,True,Greenview / Cornell Hotel Sustainability Benchmarking Index,https://greenview.sg/resources/chsb-index/
2023,Guinea,GIN,5,CHSB 2025,2023,Greenview CHSB public dataset,49.85776,kgCO2e/occupied room-night,GLOBAL_STAR_FALLBACK,696,False,True,Greenview / Cornell Hotel Sustainability Benchmarking Index,https://greenview.sg/resources/chsb-index/
2023,Guinea,GIN,unknown,CHSB 2025,2023,Greenview CHSB public dataset,20.2405,kgCO2e/occupied room-night,GLOBAL_UNKNOWN_FALLBACK,18308,False,True,Greenview / Cornell Hotel Sustainability Benchmarking Index,https://greenview.sg/resources/chsb-index/
2023,Guinea Ecuatorial,GNQ,2,CHSB 2025,2023,Greenview CHSB public dataset,14.894624,kgCO2e/occupied room-night,GLOBAL_STAR_FALLBACK,6977,False,True,Greenview / Cornell Hotel Sustainability Benchmarking Index,https://greenview.sg/resources/chsb-index/
2023,Guinea Ecuatorial,GNQ,3,CHSB 2025,2023,Greenview CHSB public dataset,19.14257,kgCO2e/occupied room-night,GLOBAL_STAR_FALLBACK,7773,False,True,Greenview / Cornell Hotel Sustainability Benchmarking Index,https://greenview.sg/resources/chsb-index/
2023,Guinea Ecuatorial,GNQ,4,CHSB 2025,2023,Greenview CHSB public dataset,32.328082,kgCO2e/occupied room-night,GLOBAL_STAR_FALLBACK,3107,False,True,Greenview / Cornell Hotel Sustainability Benchmarking Index,https://greenview.sg/resources/chsb-index/
2023,Guinea Ecuatorial,GNQ,5,CHSB 2025,2023,Greenview CHSB public dataset,49.85776,kgCO2e/occupied room-night,GLOBAL_STAR_FALLBACK,696,False,True,Greenview / Cornell Hotel Sustainability Benchmarking Index,https://greenview.sg/resources/chsb-index/
2023,Guinea Ecuatorial,GNQ,unknown,CHSB 2025,2023,Greenview CHSB public dataset,20.2405,kgCO2e/occupied room-night,GLOBAL_UNKNOWN_FALLBACK,18308,False,True,Greenview / Cornell Hotel Sustainability Benchmarking Index,https://greenview.sg/resources/chsb-index/
2023,Guinea-Bisáu,GNB,2,CHSB 2025,2023,Greenview CHSB public dataset,14.894624,kgCO2e/occupied room-night,GLOBAL_STAR_FALLBACK,6977,False,True,Greenview / Cornell Hotel Sustainability Benchmarking Index,https://greenview.sg/resources/chsb-index/
2023,Guinea-Bisáu,GNB,3,CHSB 2025,2023,Greenview CHSB public dataset,19.14257,kgCO2e/occupied room-night,GLOBAL_STAR_FALLBACK,7773,False,True,Greenview / Cornell Hotel Sustainability Benchmarking Index,https://greenview.sg/resources/chsb-index/
2023,Guinea-Bisáu,GNB,4,CHSB 2025,2023,Greenview CHSB public dataset,32.328082,kgCO2e/occupied room-night,GLOBAL_STAR_FALLBACK,3107,False,True,Greenview / Cornell Hotel Sustainability Benchmarking Index,https://greenview.sg/resources/chsb-index/
2023,Guinea-Bisáu,GNB,5,CHSB 2025,2023,Greenview CHSB public dataset,49.85776,kgCO2e/occupied room-night,GLOBAL_STAR_FALLBACK,696,False,True,Greenview / Cornell Hotel Sustainability Benchmarking Index,https://greenview.sg/resources/chsb-index/
2023,Guinea-Bisáu,GNB,unknown,CHSB 2025,2023,Greenview CHSB public dataset,20.2405,kgCO2e/occupied room-night,GLOBAL_UNKNOWN_FALLBACK,18308,False,True,Greenview / Cornell Hotel Sustainability Benchmarking Index,https://greenview.sg/resources/chsb-index/
2023,Guyana,GUY,2,CHSB 2025,2023,Greenview CHSB public dataset,14.894624,kgCO2e/occupied room-night,GLOBAL_STAR_FALLBACK,6977,False,True,Greenview / Cornell Hotel Sustainability Benchmarking Index,https://greenview.sg/resources/chsb-index/
2023,Guyana,GUY,3,CHSB 2025,2023,Greenview CHSB public dataset,19.14257,kgCO2e/occupied room-night,GLOBAL_STAR_FALLBACK,7773,False,True,Greenview / Cornell Hotel Sustainability Benchmarking Index,https://greenview.sg/resources/chsb-index/
2023,Guyana,GUY,4,CHSB 2025,2023,Greenview CHSB public dataset,32.328082,kgCO2e/occupied room-night,GLOBAL_STAR_FALLBACK,3107,False,True,Greenview / Cornell Hotel Sustainability Benchmarking Index,https://greenview.sg/resources/chsb-index/
2023,Guyana,GUY,5,CHSB 2025,2023,Greenview CHSB public dataset,49.85776,kgCO2e/occupied room-night,GLOBAL_STAR_FALLBACK,696,False,True,Greenview / Cornell Hotel Sustainability Benchmarking Index,https://greenview.sg/resources/chsb-index/
2023,Guyana,GUY,unknown,CHSB 2025,2023,Greenview CHSB public dataset,20.2405,kgCO2e/occupied room-night,GLOBAL_UNKNOWN_FALLBACK,18308,False,True,Greenview / Cornell Hotel Sustainability Benchmarking Index,https://greenview.sg/resources/chsb-index/
2023,Haití,HTI,2,CHSB 2025,2023,Greenview CHSB public dataset,14.894624,kgCO2e/occupied room-night,GLOBAL_STAR_FALLBACK,6977,False,True,Greenview / Cornell Hotel Sustainability Benchmarking Index,https://greenview.sg/resources/chsb-index/
2023,Haití,HTI,3,CHSB 2025,2023,Greenview CHSB public dataset,19.14257,kgCO2e/occupied room-night,GLOBAL_STAR_FALLBACK,7773,False,True,Greenview / Cornell Hotel Sustainability Benchmarking Index,https://greenview.sg/resources/chsb-index/
2023,Haití,HTI,4,CHSB 2025,2023,Greenview CHSB public dataset,32.328082,kgCO2e/occupied room-night,GLOBAL_STAR_FALLBACK,3107,False,True,Greenview / Cornell Hotel Sustainability Benchmarking Index,https://greenview.sg/resources/chsb-index/
2023,Haití,HTI,5,CHSB 2025,2023,Greenview CHSB public dataset,49.85776,kgCO2e/occupied room-night,GLOBAL_STAR_FALLBACK,696,False,True,Greenview / Cornell Hotel Sustainability Benchmarking Index,https://greenview.sg/resources/chsb-index/
2023,Haití,HTI,unknown,CHSB 2025,2023,Greenview CHSB public dataset,20.2405,kgCO2e/occupied room-night,GLOBAL_UNKNOWN_FALLBACK,18308,False,True,Greenview / Cornell Hotel Sustainability Benchmarking Index,https://greenview.sg/resources/chsb-index/
2023,Honduras,HND,2,CHSB 2025,2023,Greenview CHSB public dataset,14.894624,kgCO2e/occupied room-night,GLOBAL_STAR_FALLBACK,6977,False,True,Greenview / Cornell Hotel Sustainability Benchmarking Index,https://greenview.sg/resources/chsb-index/
2023,Honduras,HND,3,CHSB 2025,2023,Greenview CHSB public dataset,19.14257,kgCO2e/occupied room-night,GLOBAL_STAR_FALLBACK,7773,False,True,Greenview / Cornell Hotel Sustainability Benchmarking Index,https://greenview.sg/resources/chsb-index/
2023,Honduras,HND,4,CHSB 2025,2023,Greenview CHSB public dataset,32.328082,kgCO2e/occupied room-night,GLOBAL_STAR_FALLBACK,3107,False,True,Greenview / Cornell Hotel Sustainability Benchmarking Index,https://greenview.sg/resources/chsb-index/
2023,Honduras,HND,5,CHSB 2025,2023,Greenview CHSB public dataset,49.85776,kgCO2e/occupied room-night,GLOBAL_STAR_FALLBACK,696,False,True,Greenview / Cornell Hotel Sustainability Benchmarking Index,https://greenview.sg/resources/chsb-index/
2023,Honduras,HND,unknown,CHSB 2025,2023,Greenview CHSB public dataset,20.2405,kgCO2e/occupied room-night,GLOBAL_UNKNOWN_FALLBACK,18308,False,True,Greenview / Cornell Hotel Sustainability Benchmarking Index,https://greenview.sg/resources/chsb-index/
2023,Hungría,HUN,2,CHSB 2025,2023,Greenview CHSB public dataset,14.894624,kgCO2e/occupied room-night,GLOBAL_STAR_FALLBACK,6977,False,True,Greenview / Cornell Hotel Sustainability Benchmarking Index,https://greenview.sg/resources/chsb-index/
2023,Hungría,HUN,3,CHSB 2025,2023,Greenview CHSB public dataset,19.14257,kgCO2e/occupied room-night,GLOBAL_STAR_FALLBACK,7773,False,True,Greenview / Cornell Hotel Sustainability Benchmarking Index,https://greenview.sg/resources/chsb-index/
2023,Hungría,HUN,4,CHSB 2025,2023,Greenview CHSB public dataset,32.328082,kgCO2e/occupied room-night,GLOBAL_STAR_FALLBACK,3107,False,True,Greenview / Cornell Hotel Sustainability Benchmarking Index,https://greenview.sg/resources/chsb-index/
2023,Hungría,HUN,5,CHSB 2025,2023,Greenview CHSB public dataset,49.85776,kgCO2e/occupied room-night,GLOBAL_STAR_FALLBACK,696,False,True,Greenview / Cornell Hotel Sustainability Benchmarking Index,https://greenview.sg/resources/chsb-index/
2023,Hungría,HUN,unknown,CHSB 2025,2023,Greenview CHSB public dataset,20.921308,kgCO2e/occupied room-night,COUNTRY_NONRESORT,12,False,False,Greenview / Cornell Hotel Sustainability Benchmarking Index,https://greenview.sg/resources/chsb-index/
2023,India,IND,2,CHSB 2025,2023,Greenview CHSB public dataset,32.717554,kgCO2e/occupied room-night,COUNTRY_STAR_WEIGHTED,29,False,False,Greenview / Cornell Hotel Sustainability Benchmarking Index,https://greenview.sg/resources/chsb-index/
2023,India,IND,3,CHSB 2025,2023,Greenview CHSB public dataset,49.371821,kgCO2e/occupied room-night,COUNTRY_STAR_WEIGHTED,56,False,False,Greenview / Cornell Hotel Sustainability Benchmarking Index,https://greenview.sg/resources/chsb-index/
2023,India,IND,4,CHSB 2025,2023,Greenview CHSB public dataset,58.784412,kgCO2e/occupied room-night,COUNTRY_STAR_WEIGHTED,73,False,False,Greenview / Cornell Hotel Sustainability Benchmarking Index,https://greenview.sg/resources/chsb-index/
2023,India,IND,5,CHSB 2025,2023,Greenview CHSB public dataset,64.015307,kgCO2e/occupied room-night,COUNTRY_STAR_WEIGHTED,31,False,False,Greenview / Cornell Hotel Sustainability Benchmarking Index,https://greenview.sg/resources/chsb-index/
2023,India,IND,unknown,CHSB 2025,2023,Greenview CHSB public dataset,52.853797,kgCO2e/occupied room-night,COUNTRY_NONRESORT,189,False,False,Greenview / Cornell Hotel Sustainability Benchmarking Index,https://greenview.sg/resources/chsb-index/
2023,Indonesia,IDN,2,CHSB 2025,2023,Greenview CHSB public dataset,14.894624,kgCO2e/occupied room-night,GLOBAL_STAR_FALLBACK,6977,False,True,Greenview / Cornell Hotel Sustainability Benchmarking Index,https://greenview.sg/resources/chsb-index/
2023,Indonesia,IDN,3,CHSB 2025,2023,Greenview CHSB public dataset,42.604391,kgCO2e/occupied room-night,COUNTRY_STAR_WEIGHTED,33,False,False,Greenview / Cornell Hotel Sustainability Benchmarking Index,https://greenview.sg/resources/chsb-index/
2023,Indonesia,IDN,4,CHSB 2025,2023,Greenview CHSB public dataset,57.065981,kgCO2e/occupied room-night,COUNTRY_STAR_WEIGHTED,40,False,False,Greenview / Cornell Hotel Sustainability Benchmarking Index,https://greenview.sg/resources/chsb-index/
2023,Indonesia,IDN,5,CHSB 2025,2023,Greenview CHSB public dataset,49.85776,kgCO2e/occupied room-night,GLOBAL_STAR_FALLBACK,696,False,True,Greenview / Cornell Hotel Sustainability Benchmarking Index,https://greenview.sg/resources/chsb-index/
2023,Indonesia,IDN,unknown,CHSB 2025,2023,Greenview CHSB public dataset,48.14662,kgCO2e/occupied room-night,COUNTRY_NONRESORT,61,False,False,Greenview / Cornell Hotel Sustainability Benchmarking Index,https://greenview.sg/resources/chsb-index/
2023,Irak,IRQ,2,CHSB 2025,2023,Greenview CHSB public dataset,14.894624,kgCO2e/occupied room-night,GLOBAL_STAR_FALLBACK,6977,False,True,Greenview / Cornell Hotel Sustainability Benchmarking Index,https://greenview.sg/resources/chsb-index/
2023,Irak,IRQ,3,CHSB 2025,2023,Greenview CHSB public dataset,19.14257,kgCO2e/occupied room-night,GLOBAL_STAR_FALLBACK,7773,False,True,Greenview / Cornell Hotel Sustainability Benchmarking Index,https://greenview.sg/resources/chsb-index/
2023,Irak,IRQ,4,CHSB 2025,2023,Greenview CHSB public dataset,32.328082,kgCO2e/occupied room-night,GLOBAL_STAR_FALLBACK,3107,False,True,Greenview / Cornell Hotel Sustainability Benchmarking Index,https://greenview.sg/resources/chsb-index/
2023,Irak,IRQ,5,CHSB 2025,2023,Greenview CHSB public dataset,49.85776,kgCO2e/occupied room-night,GLOBAL_STAR_FALLBACK,696,False,True,Greenview / Cornell Hotel Sustainability Benchmarking Index,https://greenview.sg/resources/chsb-index/
2023,Irak,IRQ,unknown,CHSB 2025,2023,Greenview CHSB public dataset,20.2405,kgCO2e/occupied room-night,GLOBAL_UNKNOWN_FALLBACK,18308,False,True,Greenview / Cornell Hotel Sustainability Benchmarking Index,https://greenview.sg/resources/chsb-index/
2023,Irlanda,IRL,2,CHSB 2025,2023,Greenview CHSB public dataset,14.894624,kgCO2e/occupied room-night,GLOBAL_STAR_FALLBACK,6977,False,True,Greenview / Cornell Hotel Sustainability Benchmarking Index,https://greenview.sg/resources/chsb-index/
2023,Irlanda,IRL,3,CHSB 2025,2023,Greenview CHSB public dataset,19.14257,kgCO2e/occupied room-night,GLOBAL_STAR_FALLBACK,7773,False,True,Greenview / Cornell Hotel Sustainability Benchmarking Index,https://greenview.sg/resources/chsb-index/
2023,Irlanda,IRL,4,CHSB 2025,2023,Greenview CHSB public dataset,32.328082,kgCO2e/occupied room-night,GLOBAL_STAR_FALLBACK,3107,False,True,Greenview / Cornell Hotel Sustainability Benchmarking Index,https://greenview.sg/resources/chsb-index/
2023,Irlanda,IRL,5,CHSB 2025,2023,Greenview CHSB public dataset,49.85776,kgCO2e/occupied room-night,GLOBAL_STAR_FALLBACK,696,False,True,Greenview / Cornell Hotel Sustainability Benchmarking Index,https://greenview.sg/resources/chsb-index/
2023,Irlanda,IRL,unknown,CHSB 2025,2023,Greenview CHSB public dataset,17.101004,kgCO2e/occupied room-night,COUNTRY_NONRESORT,16,False,False,Greenview / Cornell Hotel Sustainability Benchmarking Index,https://greenview.sg/resources/chsb-index/
2023,Irán,IRN,2,CHSB 2025,2023,Greenview CHSB public dataset,14.894624,kgCO2e/occupied room-night,GLOBAL_STAR_FALLBACK,6977,False,True,Greenview / Cornell Hotel Sustainability Benchmarking Index,https://greenview.sg/resources/chsb-index/
2023,Irán,IRN,3,CHSB 2025,2023,Greenview CHSB public dataset,19.14257,kgCO2e/occupied room-night,GLOBAL_STAR_FALLBACK,7773,False,True,Greenview / Cornell Hotel Sustainability Benchmarking Index,https://greenview.sg/resources/chsb-index/
2023,Irán,IRN,4,CHSB 2025,2023,Greenview CHSB public dataset,32.328082,kgCO2e/occupied room-night,GLOBAL_STAR_FALLBACK,3107,False,True,Greenview / Cornell Hotel Sustainability Benchmarking Index,https://greenview.sg/resources/chsb-index/
2023,Irán,IRN,5,CHSB 2025,2023,Greenview CHSB public dataset,49.85776,kgCO2e/occupied room-night,GLOBAL_STAR_FALLBACK,696,False,True,Greenview / Cornell Hotel Sustainability Benchmarking Index,https://greenview.sg/resources/chsb-index/
2023,Irán,IRN,unknown,CHSB 2025,2023,Greenview CHSB public dataset,20.2405,kgCO2e/occupied room-night,GLOBAL_UNKNOWN_FALLBACK,18308,False,True,Greenview / Cornell Hotel Sustainability Benchmarking Index,https://greenview.sg/resources/chsb-index/
2023,Isla Bouvet,BVT,2,CHSB 2025,2023,Greenview CHSB public dataset,14.894624,kgCO2e/occupied room-night,GLOBAL_STAR_FALLBACK,6977,False,True,Greenview / Cornell Hotel Sustainability Benchmarking Index,https://greenview.sg/resources/chsb-index/
2023,Isla Bouvet,BVT,3,CHSB 2025,2023,Greenview CHSB public dataset,19.14257,kgCO2e/occupied room-night,GLOBAL_STAR_FALLBACK,7773,False,True,Greenview / Cornell Hotel Sustainability Benchmarking Index,https://greenview.sg/resources/chsb-index/
2023,Isla Bouvet,BVT,4,CHSB 2025,2023,Greenview CHSB public dataset,32.328082,kgCO2e/occupied room-night,GLOBAL_STAR_FALLBACK,3107,False,True,Greenview / Cornell Hotel Sustainability Benchmarking Index,https://greenview.sg/resources/chsb-index/
2023,Isla Bouvet,BVT,5,CHSB 2025,2023,Greenview CHSB public dataset,49.85776,kgCO2e/occupied room-night,GLOBAL_STAR_FALLBACK,696,False,True,Greenview / Cornell Hotel Sustainability Benchmarking Index,https://greenview.sg/resources/chsb-index/
2023,Isla Bouvet,BVT,unknown,CHSB 2025,2023,Greenview CHSB public dataset,20.2405,kgCO2e/occupied room-night,GLOBAL_UNKNOWN_FALLBACK,18308,False,True,Greenview / Cornell Hotel Sustainability Benchmarking Index,https://greenview.sg/resources/chsb-index/
2023,Isla de Navidad,CXR,2,CHSB 2025,2023,Greenview CHSB public dataset,14.894624,kgCO2e/occupied room-night,GLOBAL_STAR_FALLBACK,6977,False,True,Greenview / Cornell Hotel Sustainability Benchmarking Index,https://greenview.sg/resources/chsb-index/
2023,Isla de Navidad,CXR,3,CHSB 2025,2023,Greenview CHSB public dataset,19.14257,kgCO2e/occupied room-night,GLOBAL_STAR_FALLBACK,7773,False,True,Greenview / Cornell Hotel Sustainability Benchmarking Index,https://greenview.sg/resources/chsb-index/
2023,Isla de Navidad,CXR,4,CHSB 2025,2023,Greenview CHSB public dataset,32.328082,kgCO2e/occupied room-night,GLOBAL_STAR_FALLBACK,3107,False,True,Greenview / Cornell Hotel Sustainability Benchmarking Index,https://greenview.sg/resources/chsb-index/
2023,Isla de Navidad,CXR,5,CHSB 2025,2023,Greenview CHSB public dataset,49.85776,kgCO2e/occupied room-night,GLOBAL_STAR_FALLBACK,696,False,True,Greenview / Cornell Hotel Sustainability Benchmarking Index,https://greenview.sg/resources/chsb-index/
2023,Isla de Navidad,CXR,unknown,CHSB 2025,2023,Greenview CHSB public dataset,20.2405,kgCO2e/occupied room-night,GLOBAL_UNKNOWN_FALLBACK,18308,False,True,Greenview / Cornell Hotel Sustainability Benchmarking Index,https://greenview.sg/resources/chsb-index/
2023,Isla Norfolk,NFK,2,CHSB 2025,2023,Greenview CHSB public dataset,14.894624,kgCO2e/occupied room-night,GLOBAL_STAR_FALLBACK,6977,False,True,Greenview / Cornell Hotel Sustainability Benchmarking Index,https://greenview.sg/resources/chsb-index/
2023,Isla Norfolk,NFK,3,CHSB 2025,2023,Greenview CHSB public dataset,19.14257,kgCO2e/occupied room-night,GLOBAL_STAR_FALLBACK,7773,False,True,Greenview / Cornell Hotel Sustainability Benchmarking Index,https://greenview.sg/resources/chsb-index/
2023,Isla Norfolk,NFK,4,CHSB 2025,2023,Greenview CHSB public dataset,32.328082,kgCO2e/occupied room-night,GLOBAL_STAR_FALLBACK,3107,False,True,Greenview / Cornell Hotel Sustainability Benchmarking Index,https://greenview.sg/resources/chsb-index/
2023,Isla Norfolk,NFK,5,CHSB 2025,2023,Greenview CHSB public dataset,49.85776,kgCO2e/occupied room-night,GLOBAL_STAR_FALLBACK,696,False,True,Greenview / Cornell Hotel Sustainability Benchmarking Index,https://greenview.sg/resources/chsb-index/
2023,Isla Norfolk,NFK,unknown,CHSB 2025,2023,Greenview CHSB public dataset,20.2405,kgCO2e/occupied room-night,GLOBAL_UNKNOWN_FALLBACK,18308,False,True,Greenview / Cornell Hotel Sustainability Benchmarking Index,https://greenview.sg/resources/chsb-index/
2023,Islandia,ISL,2,CHSB 2025,2023,Greenview CHSB public dataset,14.894624,kgCO2e/occupied room-night,GLOBAL_STAR_FALLBACK,6977,False,True,Greenview / Cornell Hotel Sustainability Benchmarking Index,https://greenview.sg/resources/chsb-index/
2023,Islandia,ISL,3,CHSB 2025,2023,Greenview CHSB public dataset,19.14257,kgCO2e/occupied room-night,GLOBAL_STAR_FALLBACK,7773,False,True,Greenview / Cornell Hotel Sustainability Benchmarking Index,https://greenview.sg/resources/chsb-index/
2023,Islandia,ISL,4,CHSB 2025,2023,Greenview CHSB public dataset,32.328082,kgCO2e/occupied room-night,GLOBAL_STAR_FALLBACK,3107,False,True,Greenview / Cornell Hotel Sustainability Benchmarking Index,https://greenview.sg/resources/chsb-index/
2023,Islandia,ISL,5,CHSB 2025,2023,Greenview CHSB public dataset,49.85776,kgCO2e/occupied room-night,GLOBAL_STAR_FALLBACK,696,False,True,Greenview / Cornell Hotel Sustainability Benchmarking Index,https://greenview.sg/resources/chsb-index/
2023,Islandia,ISL,unknown,CHSB 2025,2023,Greenview CHSB public dataset,20.2405,kgCO2e/occupied room-night,GLOBAL_UNKNOWN_FALLBACK,18308,False,True,Greenview / Cornell Hotel Sustainability Benchmarking Index,https://greenview.sg/resources/chsb-index/
2023,Islas Caimán,CYM,2,CHSB 2025,2023,Greenview CHSB public dataset,14.894624,kgCO2e/occupied room-night,GLOBAL_STAR_FALLBACK,6977,False,True,Greenview / Cornell Hotel Sustainability Benchmarking Index,https://greenview.sg/resources/chsb-index/
2023,Islas Caimán,CYM,3,CHSB 2025,2023,Greenview CHSB public dataset,19.14257,kgCO2e/occupied room-night,GLOBAL_STAR_FALLBACK,7773,False,True,Greenview / Cornell Hotel Sustainability Benchmarking Index,https://greenview.sg/resources/chsb-index/
2023,Islas Caimán,CYM,4,CHSB 2025,2023,Greenview CHSB public dataset,32.328082,kgCO2e/occupied room-night,GLOBAL_STAR_FALLBACK,3107,False,True,Greenview / Cornell Hotel Sustainability Benchmarking Index,https://greenview.sg/resources/chsb-index/
2023,Islas Caimán,CYM,5,CHSB 2025,2023,Greenview CHSB public dataset,49.85776,kgCO2e/occupied room-night,GLOBAL_STAR_FALLBACK,696,False,True,Greenview / Cornell Hotel Sustainability Benchmarking Index,https://greenview.sg/resources/chsb-index/
2023,Islas Caimán,CYM,unknown,CHSB 2025,2023,Greenview CHSB public dataset,20.2405,kgCO2e/occupied room-night,GLOBAL_UNKNOWN_FALLBACK,18308,False,True,Greenview / Cornell Hotel Sustainability Benchmarking Index,https://greenview.sg/resources/chsb-index/
2023,Islas Cocos,CCK,2,CHSB 2025,2023,Greenview CHSB public dataset,14.894624,kgCO2e/occupied room-night,GLOBAL_STAR_FALLBACK,6977,False,True,Greenview / Cornell Hotel Sustainability Benchmarking Index,https://greenview.sg/resources/chsb-index/
2023,Islas Cocos,CCK,3,CHSB 2025,2023,Greenview CHSB public dataset,19.14257,kgCO2e/occupied room-night,GLOBAL_STAR_FALLBACK,7773,False,True,Greenview / Cornell Hotel Sustainability Benchmarking Index,https://greenview.sg/resources/chsb-index/
2023,Islas Cocos,CCK,4,CHSB 2025,2023,Greenview CHSB public dataset,32.328082,kgCO2e/occupied room-night,GLOBAL_STAR_FALLBACK,3107,False,True,Greenview / Cornell Hotel Sustainability Benchmarking Index,https://greenview.sg/resources/chsb-index/
2023,Islas Cocos,CCK,5,CHSB 2025,2023,Greenview CHSB public dataset,49.85776,kgCO2e/occupied room-night,GLOBAL_STAR_FALLBACK,696,False,True,Greenview / Cornell Hotel Sustainability Benchmarking Index,https://greenview.sg/resources/chsb-index/
2023,Islas Cocos,CCK,unknown,CHSB 2025,2023,Greenview CHSB public dataset,20.2405,kgCO2e/occupied room-night,GLOBAL_UNKNOWN_FALLBACK,18308,False,True,Greenview / Cornell Hotel Sustainability Benchmarking Index,https://greenview.sg/resources/chsb-index/
2023,Islas Cook,COK,2,CHSB 2025,2023,Greenview CHSB public dataset,14.894624,kgCO2e/occupied room-night,GLOBAL_STAR_FALLBACK,6977,False,True,Greenview / Cornell Hotel Sustainability Benchmarking Index,https://greenview.sg/resources/chsb-index/
2023,Islas Cook,COK,3,CHSB 2025,2023,Greenview CHSB public dataset,19.14257,kgCO2e/occupied room-night,GLOBAL_STAR_FALLBACK,7773,False,True,Greenview / Cornell Hotel Sustainability Benchmarking Index,https://greenview.sg/resources/chsb-index/
2023,Islas Cook,COK,4,CHSB 2025,2023,Greenview CHSB public dataset,32.328082,kgCO2e/occupied room-night,GLOBAL_STAR_FALLBACK,3107,False,True,Greenview / Cornell Hotel Sustainability Benchmarking Index,https://greenview.sg/resources/chsb-index/
2023,Islas Cook,COK,5,CHSB 2025,2023,Greenview CHSB public dataset,49.85776,kgCO2e/occupied room-night,GLOBAL_STAR_FALLBACK,696,False,True,Greenview / Cornell Hotel Sustainability Benchmarking Index,https://greenview.sg/resources/chsb-index/
2023,Islas Cook,COK,unknown,CHSB 2025,2023,Greenview CHSB public dataset,20.2405,kgCO2e/occupied room-night,GLOBAL_UNKNOWN_FALLBACK,18308,False,True,Greenview / Cornell Hotel Sustainability Benchmarking Index,https://greenview.sg/resources/chsb-index/
2023,Islas Feroe,FRO,2,CHSB 2025,2023,Greenview CHSB public dataset,14.894624,kgCO2e/occupied room-night,GLOBAL_STAR_FALLBACK,6977,False,True,Greenview / Cornell Hotel Sustainability Benchmarking Index,https://greenview.sg/resources/chsb-index/
2023,Islas Feroe,FRO,3,CHSB 2025,2023,Greenview CHSB public dataset,19.14257,kgCO2e/occupied room-night,GLOBAL_STAR_FALLBACK,7773,False,True,Greenview / Cornell Hotel Sustainability Benchmarking Index,https://greenview.sg/resources/chsb-index/
2023,Islas Feroe,FRO,4,CHSB 2025,2023,Greenview CHSB public dataset,32.328082,kgCO2e/occupied room-night,GLOBAL_STAR_FALLBACK,3107,False,True,Greenview / Cornell Hotel Sustainability Benchmarking Index,https://greenview.sg/resources/chsb-index/
2023,Islas Feroe,FRO,5,CHSB 2025,2023,Greenview CHSB public dataset,49.85776,kgCO2e/occupied room-night,GLOBAL_STAR_FALLBACK,696,False,True,Greenview / Cornell Hotel Sustainability Benchmarking Index,https://greenview.sg/resources/chsb-index/
2023,Islas Feroe,FRO,unknown,CHSB 2025,2023,Greenview CHSB public dataset,20.2405,kgCO2e/occupied room-night,GLOBAL_UNKNOWN_FALLBACK,18308,False,True,Greenview / Cornell Hotel Sustainability Benchmarking Index,https://greenview.sg/resources/chsb-index/
2023,Islas Malvinas,FLK,2,CHSB 2025,2023,Greenview CHSB public dataset,14.894624,kgCO2e/occupied room-night,GLOBAL_STAR_FALLBACK,6977,False,True,Greenview / Cornell Hotel Sustainability Benchmarking Index,https://greenview.sg/resources/chsb-index/
2023,Islas Malvinas,FLK,3,CHSB 2025,2023,Greenview CHSB public dataset,19.14257,kgCO2e/occupied room-night,GLOBAL_STAR_FALLBACK,7773,False,True,Greenview / Cornell Hotel Sustainability Benchmarking Index,https://greenview.sg/resources/chsb-index/
2023,Islas Malvinas,FLK,4,CHSB 2025,2023,Greenview CHSB public dataset,32.328082,kgCO2e/occupied room-night,GLOBAL_STAR_FALLBACK,3107,False,True,Greenview / Cornell Hotel Sustainability Benchmarking Index,https://greenview.sg/resources/chsb-index/
2023,Islas Malvinas,FLK,5,CHSB 2025,2023,Greenview CHSB public dataset,49.85776,kgCO2e/occupied room-night,GLOBAL_STAR_FALLBACK,696,False,True,Greenview / Cornell Hotel Sustainability Benchmarking Index,https://greenview.sg/resources/chsb-index/
2023,Islas Malvinas,FLK,unknown,CHSB 2025,2023,Greenview CHSB public dataset,20.2405,kgCO2e/occupied room-night,GLOBAL_UNKNOWN_FALLBACK,18308,False,True,Greenview / Cornell Hotel Sustainability Benchmarking Index,https://greenview.sg/resources/chsb-index/
2023,Islas Marshall,MHL,2,CHSB 2025,2023,Greenview CHSB public dataset,14.894624,kgCO2e/occupied room-night,GLOBAL_STAR_FALLBACK,6977,False,True,Greenview / Cornell Hotel Sustainability Benchmarking Index,https://greenview.sg/resources/chsb-index/
2023,Islas Marshall,MHL,3,CHSB 2025,2023,Greenview CHSB public dataset,19.14257,kgCO2e/occupied room-night,GLOBAL_STAR_FALLBACK,7773,False,True,Greenview / Cornell Hotel Sustainability Benchmarking Index,https://greenview.sg/resources/chsb-index/
2023,Islas Marshall,MHL,4,CHSB 2025,2023,Greenview CHSB public dataset,32.328082,kgCO2e/occupied room-night,GLOBAL_STAR_FALLBACK,3107,False,True,Greenview / Cornell Hotel Sustainability Benchmarking Index,https://greenview.sg/resources/chsb-index/
2023,Islas Marshall,MHL,5,CHSB 2025,2023,Greenview CHSB public dataset,49.85776,kgCO2e/occupied room-night,GLOBAL_STAR_FALLBACK,696,False,True,Greenview / Cornell Hotel Sustainability Benchmarking Index,https://greenview.sg/resources/chsb-index/
2023,Islas Marshall,MHL,unknown,CHSB 2025,2023,Greenview CHSB public dataset,20.2405,kgCO2e/occupied room-night,GLOBAL_UNKNOWN_FALLBACK,18308,False,True,Greenview / Cornell Hotel Sustainability Benchmarking Index,https://greenview.sg/resources/chsb-index/
2023,Islas Salomón,SLB,2,CHSB 2025,2023,Greenview CHSB public dataset,14.894624,kgCO2e/occupied room-night,GLOBAL_STAR_FALLBACK,6977,False,True,Greenview / Cornell Hotel Sustainability Benchmarking Index,https://greenview.sg/resources/chsb-index/
2023,Islas Salomón,SLB,3,CHSB 2025,2023,Greenview CHSB public dataset,19.14257,kgCO2e/occupied room-night,GLOBAL_STAR_FALLBACK,7773,False,True,Greenview / Cornell Hotel Sustainability Benchmarking Index,https://greenview.sg/resources/chsb-index/
2023,Islas Salomón,SLB,4,CHSB 2025,2023,Greenview CHSB public dataset,32.328082,kgCO2e/occupied room-night,GLOBAL_STAR_FALLBACK,3107,False,True,Greenview / Cornell Hotel Sustainability Benchmarking Index,https://greenview.sg/resources/chsb-index/
2023,Islas Salomón,SLB,5,CHSB 2025,2023,Greenview CHSB public dataset,49.85776,kgCO2e/occupied room-night,GLOBAL_STAR_FALLBACK,696,False,True,Greenview / Cornell Hotel Sustainability Benchmarking Index,https://greenview.sg/resources/chsb-index/
2023,Islas Salomón,SLB,unknown,CHSB 2025,2023,Greenview CHSB public dataset,20.2405,kgCO2e/occupied room-night,GLOBAL_UNKNOWN_FALLBACK,18308,False,True,Greenview / Cornell Hotel Sustainability Benchmarking Index,https://greenview.sg/resources/chsb-index/
2023,Islas Åland,ALA,2,CHSB 2025,2023,Greenview CHSB public dataset,14.894624,kgCO2e/occupied room-night,GLOBAL_STAR_FALLBACK,6977,False,True,Greenview / Cornell Hotel Sustainability Benchmarking Index,https://greenview.sg/resources/chsb-index/
2023,Islas Åland,ALA,3,CHSB 2025,2023,Greenview CHSB public dataset,19.14257,kgCO2e/occupied room-night,GLOBAL_STAR_FALLBACK,7773,False,True,Greenview / Cornell Hotel Sustainability Benchmarking Index,https://greenview.sg/resources/chsb-index/
2023,Islas Åland,ALA,4,CHSB 2025,2023,Greenview CHSB public dataset,32.328082,kgCO2e/occupied room-night,GLOBAL_STAR_FALLBACK,3107,False,True,Greenview / Cornell Hotel Sustainability Benchmarking Index,https://greenview.sg/resources/chsb-index/
2023,Islas Åland,ALA,5,CHSB 2025,2023,Greenview CHSB public dataset,49.85776,kgCO2e/occupied room-night,GLOBAL_STAR_FALLBACK,696,False,True,Greenview / Cornell Hotel Sustainability Benchmarking Index,https://greenview.sg/resources/chsb-index/
2023,Islas Åland,ALA,unknown,CHSB 2025,2023,Greenview CHSB public dataset,20.2405,kgCO2e/occupied room-night,GLOBAL_UNKNOWN_FALLBACK,18308,False,True,Greenview / Cornell Hotel Sustainability Benchmarking Index,https://greenview.sg/resources/chsb-index/
2023,Israel,ISR,2,CHSB 2025,2023,Greenview CHSB public dataset,14.894624,kgCO2e/occupied room-night,GLOBAL_STAR_FALLBACK,6977,False,True,Greenview / Cornell Hotel Sustainability Benchmarking Index,https://greenview.sg/resources/chsb-index/
2023,Israel,ISR,3,CHSB 2025,2023,Greenview CHSB public dataset,19.14257,kgCO2e/occupied room-night,GLOBAL_STAR_FALLBACK,7773,False,True,Greenview / Cornell Hotel Sustainability Benchmarking Index,https://greenview.sg/resources/chsb-index/
2023,Israel,ISR,4,CHSB 2025,2023,Greenview CHSB public dataset,32.328082,kgCO2e/occupied room-night,GLOBAL_STAR_FALLBACK,3107,False,True,Greenview / Cornell Hotel Sustainability Benchmarking Index,https://greenview.sg/resources/chsb-index/
2023,Israel,ISR,5,CHSB 2025,2023,Greenview CHSB public dataset,49.85776,kgCO2e/occupied room-night,GLOBAL_STAR_FALLBACK,696,False,True,Greenview / Cornell Hotel Sustainability Benchmarking Index,https://greenview.sg/resources/chsb-index/
2023,Israel,ISR,unknown,CHSB 2025,2023,Greenview CHSB public dataset,42.472383,kgCO2e/occupied room-night,COUNTRY_NONRESORT,9,False,False,Greenview / Cornell Hotel Sustainability Benchmarking Index,https://greenview.sg/resources/chsb-index/
2023,Italia,ITA,2,CHSB 2025,2023,Greenview CHSB public dataset,14.894624,kgCO2e/occupied room-night,GLOBAL_STAR_FALLBACK,6977,False,True,Greenview / Cornell Hotel Sustainability Benchmarking Index,https://greenview.sg/resources/chsb-index/
2023,Italia,ITA,3,CHSB 2025,2023,Greenview CHSB public dataset,13.8999,kgCO2e/occupied room-night,COUNTRY_STAR_WEIGHTED,18,False,False,Greenview / Cornell Hotel Sustainability Benchmarking Index,https://greenview.sg/resources/chsb-index/
2023,Italia,ITA,4,CHSB 2025,2023,Greenview CHSB public dataset,17.6583,kgCO2e/occupied room-night,COUNTRY_STAR_WEIGHTED,62,False,False,Greenview / Cornell Hotel Sustainability Benchmarking Index,https://greenview.sg/resources/chsb-index/
2023,Italia,ITA,5,CHSB 2025,2023,Greenview CHSB public dataset,36.334621,kgCO2e/occupied room-night,COUNTRY_STAR_WEIGHTED,13,False,False,Greenview / Cornell Hotel Sustainability Benchmarking Index,https://greenview.sg/resources/chsb-index/
2023,Italia,ITA,unknown,CHSB 2025,2023,Greenview CHSB public dataset,19.414141,kgCO2e/occupied room-night,COUNTRY_NONRESORT,94,False,False,Greenview / Cornell Hotel Sustainability Benchmarking Index,https://greenview.sg/resources/chsb-index/
2023,Jamaica,JAM,2,CHSB 2025,2023,Greenview CHSB public dataset,14.894624,kgCO2e/occupied room-night,GLOBAL_STAR_FALLBACK,6977,False,True,Greenview / Cornell Hotel Sustainability Benchmarking Index,https://greenview.sg/resources/chsb-index/
2023,Jamaica,JAM,3,CHSB 2025,2023,Greenview CHSB public dataset,19.14257,kgCO2e/occupied room-night,GLOBAL_STAR_FALLBACK,7773,False,True,Greenview / Cornell Hotel Sustainability Benchmarking Index,https://greenview.sg/resources/chsb-index/
2023,Jamaica,JAM,4,CHSB 2025,2023,Greenview CHSB public dataset,32.328082,kgCO2e/occupied room-night,GLOBAL_STAR_FALLBACK,3107,False,True,Greenview / Cornell Hotel Sustainability Benchmarking Index,https://greenview.sg/resources/chsb-index/
2023,Jamaica,JAM,5,CHSB 2025,2023,Greenview CHSB public dataset,49.85776,kgCO2e/occupied room-night,GLOBAL_STAR_FALLBACK,696,False,True,Greenview / Cornell Hotel Sustainability Benchmarking Index,https://greenview.sg/resources/chsb-index/
2023,Jamaica,JAM,unknown,CHSB 2025,2023,Greenview CHSB public dataset,20.2405,kgCO2e/occupied room-night,GLOBAL_UNKNOWN_FALLBACK,18308,False,True,Greenview / Cornell Hotel Sustainability Benchmarking Index,https://greenview.sg/resources/chsb-index/
2023,Japón,JPN,2,CHSB 2025,2023,Greenview CHSB public dataset,26.326466,kgCO2e/occupied room-night,COUNTRY_STAR_WEIGHTED,23,False,False,Greenview / Cornell Hotel Sustainability Benchmarking Index,https://greenview.sg/resources/chsb-index/
2023,Japón,JPN,3,CHSB 2025,2023,Greenview CHSB public dataset,27.878768,kgCO2e/occupied room-night,COUNTRY_STAR_WEIGHTED,30,False,False,Greenview / Cornell Hotel Sustainability Benchmarking Index,https://greenview.sg/resources/chsb-index/
2023,Japón,JPN,4,CHSB 2025,2023,Greenview CHSB public dataset,41.112385,kgCO2e/occupied room-night,COUNTRY_STAR_WEIGHTED,68,False,False,Greenview / Cornell Hotel Sustainability Benchmarking Index,https://greenview.sg/resources/chsb-index/
2023,Japón,JPN,5,CHSB 2025,2023,Greenview CHSB public dataset,65.23147,kgCO2e/occupied room-night,COUNTRY_STAR_WEIGHTED,26,False,False,Greenview / Cornell Hotel Sustainability Benchmarking Index,https://greenview.sg/resources/chsb-index/
2023,Japón,JPN,unknown,CHSB 2025,2023,Greenview CHSB public dataset,35.880373,kgCO2e/occupied room-night,COUNTRY_NONRESORT,120,False,False,Greenview / Cornell Hotel Sustainability Benchmarking Index,https://greenview.sg/resources/chsb-index/
2023,Jordania,JOR,2,CHSB 2025,2023,Greenview CHSB public dataset,14.894624,kgCO2e/occupied room-night,GLOBAL_STAR_FALLBACK,6977,False,True,Greenview / Cornell Hotel Sustainability Benchmarking Index,https://greenview.sg/resources/chsb-index/
2023,Jordania,JOR,3,CHSB 2025,2023,Greenview CHSB public dataset,19.14257,kgCO2e/occupied room-night,GLOBAL_STAR_FALLBACK,7773,False,True,Greenview / Cornell Hotel Sustainability Benchmarking Index,https://greenview.sg/resources/chsb-index/
2023,Jordania,JOR,4,CHSB 2025,2023,Greenview CHSB public dataset,32.328082,kgCO2e/occupied room-night,GLOBAL_STAR_FALLBACK,3107,False,True,Greenview / Cornell Hotel Sustainability Benchmarking Index,https://greenview.sg/resources/chsb-index/
2023,Jordania,JOR,5,CHSB 2025,2023,Greenview CHSB public dataset,49.85776,kgCO2e/occupied room-night,GLOBAL_STAR_FALLBACK,696,False,True,Greenview / Cornell Hotel Sustainability Benchmarking Index,https://greenview.sg/resources/chsb-index/
2023,Jordania,JOR,unknown,CHSB 2025,2023,Greenview CHSB public dataset,52.657189,kgCO2e/occupied room-night,COUNTRY_NONRESORT,10,False,False,Greenview / Cornell Hotel Sustainability Benchmarking Index,https://greenview.sg/resources/chsb-index/
2023,Kazajistán,KAZ,2,CHSB 2025,2023,Greenview CHSB public dataset,14.894624,kgCO2e/occupied room-night,GLOBAL_STAR_FALLBACK,6977,False,True,Greenview / Cornell Hotel Sustainability Benchmarking Index,https://greenview.sg/resources/chsb-index/
2023,Kazajistán,KAZ,3,CHSB 2025,2023,Greenview CHSB public dataset,19.14257,kgCO2e/occupied room-night,GLOBAL_STAR_FALLBACK,7773,False,True,Greenview / Cornell Hotel Sustainability Benchmarking Index,https://greenview.sg/resources/chsb-index/
2023,Kazajistán,KAZ,4,CHSB 2025,2023,Greenview CHSB public dataset,32.328082,kgCO2e/occupied room-night,GLOBAL_STAR_FALLBACK,3107,False,True,Greenview / Cornell Hotel Sustainability Benchmarking Index,https://greenview.sg/resources/chsb-index/
2023,Kazajistán,KAZ,5,CHSB 2025,2023,Greenview CHSB public dataset,49.85776,kgCO2e/occupied room-night,GLOBAL_STAR_FALLBACK,696,False,True,Greenview / Cornell Hotel Sustainability Benchmarking Index,https://greenview.sg/resources/chsb-index/
2023,Kazajistán,KAZ,unknown,CHSB 2025,2023,Greenview CHSB public dataset,40.669388,kgCO2e/occupied room-night,COUNTRY_NONRESORT,12,False,False,Greenview / Cornell Hotel Sustainability Benchmarking Index,https://greenview.sg/resources/chsb-index/
2023,Kenia,KEN,2,CHSB 2025,2023,Greenview CHSB public dataset,14.894624,kgCO2e/occupied room-night,GLOBAL_STAR_FALLBACK,6977,False,True,Greenview / Cornell Hotel Sustainability Benchmarking Index,https://greenview.sg/resources/chsb-index/
2023,Kenia,KEN,3,CHSB 2025,2023,Greenview CHSB public dataset,19.14257,kgCO2e/occupied room-night,GLOBAL_STAR_FALLBACK,7773,False,True,Greenview / Cornell Hotel Sustainability Benchmarking Index,https://greenview.sg/resources/chsb-index/
2023,Kenia,KEN,4,CHSB 2025,2023,Greenview CHSB public dataset,32.328082,kgCO2e/occupied room-night,GLOBAL_STAR_FALLBACK,3107,False,True,Greenview / Cornell Hotel Sustainability Benchmarking Index,https://greenview.sg/resources/chsb-index/
2023,Kenia,KEN,5,CHSB 2025,2023,Greenview CHSB public dataset,49.85776,kgCO2e/occupied room-night,GLOBAL_STAR_FALLBACK,696,False,True,Greenview / Cornell Hotel Sustainability Benchmarking Index,https://greenview.sg/resources/chsb-index/
2023,Kenia,KEN,unknown,CHSB 2025,2023,Greenview CHSB public dataset,20.2405,kgCO2e/occupied room-night,GLOBAL_UNKNOWN_FALLBACK,18308,False,True,Greenview / Cornell Hotel Sustainability Benchmarking Index,https://greenview.sg/resources/chsb-index/
2023,Kirguistán,KGZ,2,CHSB 2025,2023,Greenview CHSB public dataset,14.894624,kgCO2e/occupied room-night,GLOBAL_STAR_FALLBACK,6977,False,True,Greenview / Cornell Hotel Sustainability Benchmarking Index,https://greenview.sg/resources/chsb-index/
2023,Kirguistán,KGZ,3,CHSB 2025,2023,Greenview CHSB public dataset,19.14257,kgCO2e/occupied room-night,GLOBAL_STAR_FALLBACK,7773,False,True,Greenview / Cornell Hotel Sustainability Benchmarking Index,https://greenview.sg/resources/chsb-index/
2023,Kirguistán,KGZ,4,CHSB 2025,2023,Greenview CHSB public dataset,32.328082,kgCO2e/occupied room-night,GLOBAL_STAR_FALLBACK,3107,False,True,Greenview / Cornell Hotel Sustainability Benchmarking Index,https://greenview.sg/resources/chsb-index/
2023,Kirguistán,KGZ,5,CHSB 2025,2023,Greenview CHSB public dataset,49.85776,kgCO2e/occupied room-night,GLOBAL_STAR_FALLBACK,696,False,True,Greenview / Cornell Hotel Sustainability Benchmarking Index,https://greenview.sg/resources/chsb-index/
2023,Kirguistán,KGZ,unknown,CHSB 2025,2023,Greenview CHSB public dataset,20.2405,kgCO2e/occupied room-night,GLOBAL_UNKNOWN_FALLBACK,18308,False,True,Greenview / Cornell Hotel Sustainability Benchmarking Index,https://greenview.sg/resources/chsb-index/
2023,Kiribati,KIR,2,CHSB 2025,2023,Greenview CHSB public dataset,14.894624,kgCO2e/occupied room-night,GLOBAL_STAR_FALLBACK,6977,False,True,Greenview / Cornell Hotel Sustainability Benchmarking Index,https://greenview.sg/resources/chsb-index/
2023,Kiribati,KIR,3,CHSB 2025,2023,Greenview CHSB public dataset,19.14257,kgCO2e/occupied room-night,GLOBAL_STAR_FALLBACK,7773,False,True,Greenview / Cornell Hotel Sustainability Benchmarking Index,https://greenview.sg/resources/chsb-index/
2023,Kiribati,KIR,4,CHSB 2025,2023,Greenview CHSB public dataset,32.328082,kgCO2e/occupied room-night,GLOBAL_STAR_FALLBACK,3107,False,True,Greenview / Cornell Hotel Sustainability Benchmarking Index,https://greenview.sg/resources/chsb-index/
2023,Kiribati,KIR,5,CHSB 2025,2023,Greenview CHSB public dataset,49.85776,kgCO2e/occupied room-night,GLOBAL_STAR_FALLBACK,696,False,True,Greenview / Cornell Hotel Sustainability Benchmarking Index,https://greenview.sg/resources/chsb-index/
2023,Kiribati,KIR,unknown,CHSB 2025,2023,Greenview CHSB public dataset,20.2405,kgCO2e/occupied room-night,GLOBAL_UNKNOWN_FALLBACK,18308,False,True,Greenview / Cornell Hotel Sustainability Benchmarking Index,https://greenview.sg/resources/chsb-index/
2023,Kosovo,XKX,2,CHSB 2025,2023,Greenview CHSB public dataset,14.894624,kgCO2e/occupied room-night,GLOBAL_STAR_FALLBACK,6977,False,True,Greenview / Cornell Hotel Sustainability Benchmarking Index,https://greenview.sg/resources/chsb-index/
2023,Kosovo,XKX,3,CHSB 2025,2023,Greenview CHSB public dataset,19.14257,kgCO2e/occupied room-night,GLOBAL_STAR_FALLBACK,7773,False,True,Greenview / Cornell Hotel Sustainability Benchmarking Index,https://greenview.sg/resources/chsb-index/
2023,Kosovo,XKX,4,CHSB 2025,2023,Greenview CHSB public dataset,32.328082,kgCO2e/occupied room-night,GLOBAL_STAR_FALLBACK,3107,False,True,Greenview / Cornell Hotel Sustainability Benchmarking Index,https://greenview.sg/resources/chsb-index/
2023,Kosovo,XKX,5,CHSB 2025,2023,Greenview CHSB public dataset,49.85776,kgCO2e/occupied room-night,GLOBAL_STAR_FALLBACK,696,False,True,Greenview / Cornell Hotel Sustainability Benchmarking Index,https://greenview.sg/resources/chsb-index/
2023,Kosovo,XKX,unknown,CHSB 2025,2023,Greenview CHSB public dataset,20.2405,kgCO2e/occupied room-night,GLOBAL_UNKNOWN_FALLBACK,18308,False,True,Greenview / Cornell Hotel Sustainability Benchmarking Index,https://greenview.sg/resources/chsb-index/
2023,Kuwait,KWT,2,CHSB 2025,2023,Greenview CHSB public dataset,14.894624,kgCO2e/occupied room-night,GLOBAL_STAR_FALLBACK,6977,False,True,Greenview / Cornell Hotel Sustainability Benchmarking Index,https://greenview.sg/resources/chsb-index/
2023,Kuwait,KWT,3,CHSB 2025,2023,Greenview CHSB public dataset,19.14257,kgCO2e/occupied room-night,GLOBAL_STAR_FALLBACK,7773,False,True,Greenview / Cornell Hotel Sustainability Benchmarking Index,https://greenview.sg/resources/chsb-index/
2023,Kuwait,KWT,4,CHSB 2025,2023,Greenview CHSB public dataset,32.328082,kgCO2e/occupied room-night,GLOBAL_STAR_FALLBACK,3107,False,True,Greenview / Cornell Hotel Sustainability Benchmarking Index,https://greenview.sg/resources/chsb-index/
2023,Kuwait,KWT,5,CHSB 2025,2023,Greenview CHSB public dataset,49.85776,kgCO2e/occupied room-night,GLOBAL_STAR_FALLBACK,696,False,True,Greenview / Cornell Hotel Sustainability Benchmarking Index,https://greenview.sg/resources/chsb-index/
2023,Kuwait,KWT,unknown,CHSB 2025,2023,Greenview CHSB public dataset,20.2405,kgCO2e/occupied room-night,GLOBAL_UNKNOWN_FALLBACK,18308,False,True,Greenview / Cornell Hotel Sustainability Benchmarking Index,https://greenview.sg/resources/chsb-index/
2023,Laos,LAO,2,CHSB 2025,2023,Greenview CHSB public dataset,14.894624,kgCO2e/occupied room-night,GLOBAL_STAR_FALLBACK,6977,False,True,Greenview / Cornell Hotel Sustainability Benchmarking Index,https://greenview.sg/resources/chsb-index/
2023,Laos,LAO,3,CHSB 2025,2023,Greenview CHSB public dataset,19.14257,kgCO2e/occupied room-night,GLOBAL_STAR_FALLBACK,7773,False,True,Greenview / Cornell Hotel Sustainability Benchmarking Index,https://greenview.sg/resources/chsb-index/
2023,Laos,LAO,4,CHSB 2025,2023,Greenview CHSB public dataset,32.328082,kgCO2e/occupied room-night,GLOBAL_STAR_FALLBACK,3107,False,True,Greenview / Cornell Hotel Sustainability Benchmarking Index,https://greenview.sg/resources/chsb-index/
2023,Laos,LAO,5,CHSB 2025,2023,Greenview CHSB public dataset,49.85776,kgCO2e/occupied room-night,GLOBAL_STAR_FALLBACK,696,False,True,Greenview / Cornell Hotel Sustainability Benchmarking Index,https://greenview.sg/resources/chsb-index/
2023,Laos,LAO,unknown,CHSB 2025,2023,Greenview CHSB public dataset,20.2405,kgCO2e/occupied room-night,GLOBAL_UNKNOWN_FALLBACK,18308,False,True,Greenview / Cornell Hotel Sustainability Benchmarking Index,https://greenview.sg/resources/chsb-index/
2023,Lesoto,LSO,2,CHSB 2025,2023,Greenview CHSB public dataset,14.894624,kgCO2e/occupied room-night,GLOBAL_STAR_FALLBACK,6977,False,True,Greenview / Cornell Hotel Sustainability Benchmarking Index,https://greenview.sg/resources/chsb-index/
2023,Lesoto,LSO,3,CHSB 2025,2023,Greenview CHSB public dataset,19.14257,kgCO2e/occupied room-night,GLOBAL_STAR_FALLBACK,7773,False,True,Greenview / Cornell Hotel Sustainability Benchmarking Index,https://greenview.sg/resources/chsb-index/
2023,Lesoto,LSO,4,CHSB 2025,2023,Greenview CHSB public dataset,32.328082,kgCO2e/occupied room-night,GLOBAL_STAR_FALLBACK,3107,False,True,Greenview / Cornell Hotel Sustainability Benchmarking Index,https://greenview.sg/resources/chsb-index/
2023,Lesoto,LSO,5,CHSB 2025,2023,Greenview CHSB public dataset,49.85776,kgCO2e/occupied room-night,GLOBAL_STAR_FALLBACK,696,False,True,Greenview / Cornell Hotel Sustainability Benchmarking Index,https://greenview.sg/resources/chsb-index/
2023,Lesoto,LSO,unknown,CHSB 2025,2023,Greenview CHSB public dataset,20.2405,kgCO2e/occupied room-night,GLOBAL_UNKNOWN_FALLBACK,18308,False,True,Greenview / Cornell Hotel Sustainability Benchmarking Index,https://greenview.sg/resources/chsb-index/
2023,Letonia,LVA,2,CHSB 2025,2023,Greenview CHSB public dataset,14.894624,kgCO2e/occupied room-night,GLOBAL_STAR_FALLBACK,6977,False,True,Greenview / Cornell Hotel Sustainability Benchmarking Index,https://greenview.sg/resources/chsb-index/
2023,Letonia,LVA,3,CHSB 2025,2023,Greenview CHSB public dataset,19.14257,kgCO2e/occupied room-night,GLOBAL_STAR_FALLBACK,7773,False,True,Greenview / Cornell Hotel Sustainability Benchmarking Index,https://greenview.sg/resources/chsb-index/
2023,Letonia,LVA,4,CHSB 2025,2023,Greenview CHSB public dataset,32.328082,kgCO2e/occupied room-night,GLOBAL_STAR_FALLBACK,3107,False,True,Greenview / Cornell Hotel Sustainability Benchmarking Index,https://greenview.sg/resources/chsb-index/
2023,Letonia,LVA,5,CHSB 2025,2023,Greenview CHSB public dataset,49.85776,kgCO2e/occupied room-night,GLOBAL_STAR_FALLBACK,696,False,True,Greenview / Cornell Hotel Sustainability Benchmarking Index,https://greenview.sg/resources/chsb-index/
2023,Letonia,LVA,unknown,CHSB 2025,2023,Greenview CHSB public dataset,20.2405,kgCO2e/occupied room-night,GLOBAL_UNKNOWN_FALLBACK,18308,False,True,Greenview / Cornell Hotel Sustainability Benchmarking Index,https://greenview.sg/resources/chsb-index/
2023,Liberia,LBR,2,CHSB 2025,2023,Greenview CHSB public dataset,14.894624,kgCO2e/occupied room-night,GLOBAL_STAR_FALLBACK,6977,False,True,Greenview / Cornell Hotel Sustainability Benchmarking Index,https://greenview.sg/resources/chsb-index/
2023,Liberia,LBR,3,CHSB 2025,2023,Greenview CHSB public dataset,19.14257,kgCO2e/occupied room-night,GLOBAL_STAR_FALLBACK,7773,False,True,Greenview / Cornell Hotel Sustainability Benchmarking Index,https://greenview.sg/resources/chsb-index/
2023,Liberia,LBR,4,CHSB 2025,2023,Greenview CHSB public dataset,32.328082,kgCO2e/occupied room-night,GLOBAL_STAR_FALLBACK,3107,False,True,Greenview / Cornell Hotel Sustainability Benchmarking Index,https://greenview.sg/resources/chsb-index/
2023,Liberia,LBR,5,CHSB 2025,2023,Greenview CHSB public dataset,49.85776,kgCO2e/occupied room-night,GLOBAL_STAR_FALLBACK,696,False,True,Greenview / Cornell Hotel Sustainability Benchmarking Index,https://greenview.sg/resources/chsb-index/
2023,Liberia,LBR,unknown,CHSB 2025,2023,Greenview CHSB public dataset,20.2405,kgCO2e/occupied room-night,GLOBAL_UNKNOWN_FALLBACK,18308,False,True,Greenview / Cornell Hotel Sustainability Benchmarking Index,https://greenview.sg/resources/chsb-index/
2023,Libia,LBY,2,CHSB 2025,2023,Greenview CHSB public dataset,14.894624,kgCO2e/occupied room-night,GLOBAL_STAR_FALLBACK,6977,False,True,Greenview / Cornell Hotel Sustainability Benchmarking Index,https://greenview.sg/resources/chsb-index/
2023,Libia,LBY,3,CHSB 2025,2023,Greenview CHSB public dataset,19.14257,kgCO2e/occupied room-night,GLOBAL_STAR_FALLBACK,7773,False,True,Greenview / Cornell Hotel Sustainability Benchmarking Index,https://greenview.sg/resources/chsb-index/
2023,Libia,LBY,4,CHSB 2025,2023,Greenview CHSB public dataset,32.328082,kgCO2e/occupied room-night,GLOBAL_STAR_FALLBACK,3107,False,True,Greenview / Cornell Hotel Sustainability Benchmarking Index,https://greenview.sg/resources/chsb-index/
2023,Libia,LBY,5,CHSB 2025,2023,Greenview CHSB public dataset,49.85776,kgCO2e/occupied room-night,GLOBAL_STAR_FALLBACK,696,False,True,Greenview / Cornell Hotel Sustainability Benchmarking Index,https://greenview.sg/resources/chsb-index/
2023,Libia,LBY,unknown,CHSB 2025,2023,Greenview CHSB public dataset,20.2405,kgCO2e/occupied room-night,GLOBAL_UNKNOWN_FALLBACK,18308,False,True,Greenview / Cornell Hotel Sustainability Benchmarking Index,https://greenview.sg/resources/chsb-index/
2023,Liechtenstein,LIE,2,CHSB 2025,2023,Greenview CHSB public dataset,14.894624,kgCO2e/occupied room-night,GLOBAL_STAR_FALLBACK,6977,False,True,Greenview / Cornell Hotel Sustainability Benchmarking Index,https://greenview.sg/resources/chsb-index/
2023,Liechtenstein,LIE,3,CHSB 2025,2023,Greenview CHSB public dataset,19.14257,kgCO2e/occupied room-night,GLOBAL_STAR_FALLBACK,7773,False,True,Greenview / Cornell Hotel Sustainability Benchmarking Index,https://greenview.sg/resources/chsb-index/
2023,Liechtenstein,LIE,4,CHSB 2025,2023,Greenview CHSB public dataset,32.328082,kgCO2e/occupied room-night,GLOBAL_STAR_FALLBACK,3107,False,True,Greenview / Cornell Hotel Sustainability Benchmarking Index,https://greenview.sg/resources/chsb-index/
2023,Liechtenstein,LIE,5,CHSB 2025,2023,Greenview CHSB public dataset,49.85776,kgCO2e/occupied room-night,GLOBAL_STAR_FALLBACK,696,False,True,Greenview / Cornell Hotel Sustainability Benchmarking Index,https://greenview.sg/resources/chsb-index/
2023,Liechtenstein,LIE,unknown,CHSB 2025,2023,Greenview CHSB public dataset,20.2405,kgCO2e/occupied room-night,GLOBAL_UNKNOWN_FALLBACK,18308,False,True,Greenview / Cornell Hotel Sustainability Benchmarking Index,https://greenview.sg/resources/chsb-index/
2023,Lituania,LTU,2,CHSB 2025,2023,Greenview CHSB public dataset,14.894624,kgCO2e/occupied room-night,GLOBAL_STAR_FALLBACK,6977,False,True,Greenview / Cornell Hotel Sustainability Benchmarking Index,https://greenview.sg/resources/chsb-index/
2023,Lituania,LTU,3,CHSB 2025,2023,Greenview CHSB public dataset,19.14257,kgCO2e/occupied room-night,GLOBAL_STAR_FALLBACK,7773,False,True,Greenview / Cornell Hotel Sustainability Benchmarking Index,https://greenview.sg/resources/chsb-index/
2023,Lituania,LTU,4,CHSB 2025,2023,Greenview CHSB public dataset,32.328082,kgCO2e/occupied room-night,GLOBAL_STAR_FALLBACK,3107,False,True,Greenview / Cornell Hotel Sustainability Benchmarking Index,https://greenview.sg/resources/chsb-index/
2023,Lituania,LTU,5,CHSB 2025,2023,Greenview CHSB public dataset,49.85776,kgCO2e/occupied room-night,GLOBAL_STAR_FALLBACK,696,False,True,Greenview / Cornell Hotel Sustainability Benchmarking Index,https://greenview.sg/resources/chsb-index/
2023,Lituania,LTU,unknown,CHSB 2025,2023,Greenview CHSB public dataset,20.2405,kgCO2e/occupied room-night,GLOBAL_UNKNOWN_FALLBACK,18308,False,True,Greenview / Cornell Hotel Sustainability Benchmarking Index,https://greenview.sg/resources/chsb-index/
2023,Luxemburgo,LUX,2,CHSB 2025,2023,Greenview CHSB public dataset,14.894624,kgCO2e/occupied room-night,GLOBAL_STAR_FALLBACK,6977,False,True,Greenview / Cornell Hotel Sustainability Benchmarking Index,https://greenview.sg/resources/chsb-index/
2023,Luxemburgo,LUX,3,CHSB 2025,2023,Greenview CHSB public dataset,19.14257,kgCO2e/occupied room-night,GLOBAL_STAR_FALLBACK,7773,False,True,Greenview / Cornell Hotel Sustainability Benchmarking Index,https://greenview.sg/resources/chsb-index/
2023,Luxemburgo,LUX,4,CHSB 2025,2023,Greenview CHSB public dataset,32.328082,kgCO2e/occupied room-night,GLOBAL_STAR_FALLBACK,3107,False,True,Greenview / Cornell Hotel Sustainability Benchmarking Index,https://greenview.sg/resources/chsb-index/
2023,Luxemburgo,LUX,5,CHSB 2025,2023,Greenview CHSB public dataset,49.85776,kgCO2e/occupied room-night,GLOBAL_STAR_FALLBACK,696,False,True,Greenview / Cornell Hotel Sustainability Benchmarking Index,https://greenview.sg/resources/chsb-index/
2023,Luxemburgo,LUX,unknown,CHSB 2025,2023,Greenview CHSB public dataset,20.2405,kgCO2e/occupied room-night,GLOBAL_UNKNOWN_FALLBACK,18308,False,True,Greenview / Cornell Hotel Sustainability Benchmarking Index,https://greenview.sg/resources/chsb-index/
2023,Líbano,LBN,2,CHSB 2025,2023,Greenview CHSB public dataset,14.894624,kgCO2e/occupied room-night,GLOBAL_STAR_FALLBACK,6977,False,True,Greenview / Cornell Hotel Sustainability Benchmarking Index,https://greenview.sg/resources/chsb-index/
2023,Líbano,LBN,3,CHSB 2025,2023,Greenview CHSB public dataset,19.14257,kgCO2e/occupied room-night,GLOBAL_STAR_FALLBACK,7773,False,True,Greenview / Cornell Hotel Sustainability Benchmarking Index,https://greenview.sg/resources/chsb-index/
2023,Líbano,LBN,4,CHSB 2025,2023,Greenview CHSB public dataset,32.328082,kgCO2e/occupied room-night,GLOBAL_STAR_FALLBACK,3107,False,True,Greenview / Cornell Hotel Sustainability Benchmarking Index,https://greenview.sg/resources/chsb-index/
2023,Líbano,LBN,5,CHSB 2025,2023,Greenview CHSB public dataset,49.85776,kgCO2e/occupied room-night,GLOBAL_STAR_FALLBACK,696,False,True,Greenview / Cornell Hotel Sustainability Benchmarking Index,https://greenview.sg/resources/chsb-index/
2023,Líbano,LBN,unknown,CHSB 2025,2023,Greenview CHSB public dataset,20.2405,kgCO2e/occupied room-night,GLOBAL_UNKNOWN_FALLBACK,18308,False,True,Greenview / Cornell Hotel Sustainability Benchmarking Index,https://greenview.sg/resources/chsb-index/
2023,Macedonia del Norte,MKD,2,CHSB 2025,2023,Greenview CHSB public dataset,14.894624,kgCO2e/occupied room-night,GLOBAL_STAR_FALLBACK,6977,False,True,Greenview / Cornell Hotel Sustainability Benchmarking Index,https://greenview.sg/resources/chsb-index/
2023,Macedonia del Norte,MKD,3,CHSB 2025,2023,Greenview CHSB public dataset,19.14257,kgCO2e/occupied room-night,GLOBAL_STAR_FALLBACK,7773,False,True,Greenview / Cornell Hotel Sustainability Benchmarking Index,https://greenview.sg/resources/chsb-index/
2023,Macedonia del Norte,MKD,4,CHSB 2025,2023,Greenview CHSB public dataset,32.328082,kgCO2e/occupied room-night,GLOBAL_STAR_FALLBACK,3107,False,True,Greenview / Cornell Hotel Sustainability Benchmarking Index,https://greenview.sg/resources/chsb-index/
2023,Macedonia del Norte,MKD,5,CHSB 2025,2023,Greenview CHSB public dataset,49.85776,kgCO2e/occupied room-night,GLOBAL_STAR_FALLBACK,696,False,True,Greenview / Cornell Hotel Sustainability Benchmarking Index,https://greenview.sg/resources/chsb-index/
2023,Macedonia del Norte,MKD,unknown,CHSB 2025,2023,Greenview CHSB public dataset,20.2405,kgCO2e/occupied room-night,GLOBAL_UNKNOWN_FALLBACK,18308,False,True,Greenview / Cornell Hotel Sustainability Benchmarking Index,https://greenview.sg/resources/chsb-index/
2023,Madagascar,MDG,2,CHSB 2025,2023,Greenview CHSB public dataset,14.894624,kgCO2e/occupied room-night,GLOBAL_STAR_FALLBACK,6977,False,True,Greenview / Cornell Hotel Sustainability Benchmarking Index,https://greenview.sg/resources/chsb-index/
2023,Madagascar,MDG,3,CHSB 2025,2023,Greenview CHSB public dataset,19.14257,kgCO2e/occupied room-night,GLOBAL_STAR_FALLBACK,7773,False,True,Greenview / Cornell Hotel Sustainability Benchmarking Index,https://greenview.sg/resources/chsb-index/
2023,Madagascar,MDG,4,CHSB 2025,2023,Greenview CHSB public dataset,32.328082,kgCO2e/occupied room-night,GLOBAL_STAR_FALLBACK,3107,False,True,Greenview / Cornell Hotel Sustainability Benchmarking Index,https://greenview.sg/resources/chsb-index/
2023,Madagascar,MDG,5,CHSB 2025,2023,Greenview CHSB public dataset,49.85776,kgCO2e/occupied room-night,GLOBAL_STAR_FALLBACK,696,False,True,Greenview / Cornell Hotel Sustainability Benchmarking Index,https://greenview.sg/resources/chsb-index/
2023,Madagascar,MDG,unknown,CHSB 2025,2023,Greenview CHSB public dataset,20.2405,kgCO2e/occupied room-night,GLOBAL_UNKNOWN_FALLBACK,18308,False,True,Greenview / Cornell Hotel Sustainability Benchmarking Index,https://greenview.sg/resources/chsb-index/
2023,Malasia,MYS,2,CHSB 2025,2023,Greenview CHSB public dataset,14.894624,kgCO2e/occupied room-night,GLOBAL_STAR_FALLBACK,6977,False,True,Greenview / Cornell Hotel Sustainability Benchmarking Index,https://greenview.sg/resources/chsb-index/
2023,Malasia,MYS,3,CHSB 2025,2023,Greenview CHSB public dataset,39.224851,kgCO2e/occupied room-night,COUNTRY_STAR_WEIGHTED,16,False,False,Greenview / Cornell Hotel Sustainability Benchmarking Index,https://greenview.sg/resources/chsb-index/
2023,Malasia,MYS,4,CHSB 2025,2023,Greenview CHSB public dataset,56.981974,kgCO2e/occupied room-night,COUNTRY_STAR_WEIGHTED,21,False,False,Greenview / Cornell Hotel Sustainability Benchmarking Index,https://greenview.sg/resources/chsb-index/
2023,Malasia,MYS,5,CHSB 2025,2023,Greenview CHSB public dataset,70.440416,kgCO2e/occupied room-night,COUNTRY_STAR_WEIGHTED,14,False,False,Greenview / Cornell Hotel Sustainability Benchmarking Index,https://greenview.sg/resources/chsb-index/
2023,Malasia,MYS,unknown,CHSB 2025,2023,Greenview CHSB public dataset,53.999174,kgCO2e/occupied room-night,COUNTRY_NONRESORT,54,False,False,Greenview / Cornell Hotel Sustainability Benchmarking Index,https://greenview.sg/resources/chsb-index/
2023,Malaui,MWI,2,CHSB 2025,2023,Greenview CHSB public dataset,14.894624,kgCO2e/occupied room-night,GLOBAL_STAR_FALLBACK,6977,False,True,Greenview / Cornell Hotel Sustainability Benchmarking Index,https://greenview.sg/resources/chsb-index/
2023,Malaui,MWI,3,CHSB 2025,2023,Greenview CHSB public dataset,19.14257,kgCO2e/occupied room-night,GLOBAL_STAR_FALLBACK,7773,False,True,Greenview / Cornell Hotel Sustainability Benchmarking Index,https://greenview.sg/resources/chsb-index/
2023,Malaui,MWI,4,CHSB 2025,2023,Greenview CHSB public dataset,32.328082,kgCO2e/occupied room-night,GLOBAL_STAR_FALLBACK,3107,False,True,Greenview / Cornell Hotel Sustainability Benchmarking Index,https://greenview.sg/resources/chsb-index/
2023,Malaui,MWI,5,CHSB 2025,2023,Greenview CHSB public dataset,49.85776,kgCO2e/occupied room-night,GLOBAL_STAR_FALLBACK,696,False,True,Greenview / Cornell Hotel Sustainability Benchmarking Index,https://greenview.sg/resources/chsb-index/
2023,Malaui,MWI,unknown,CHSB 2025,2023,Greenview CHSB public dataset,20.2405,kgCO2e/occupied room-night,GLOBAL_UNKNOWN_FALLBACK,18308,False,True,Greenview / Cornell Hotel Sustainability Benchmarking Index,https://greenview.sg/resources/chsb-index/
2023,Maldivas,MDV,2,CHSB 2025,2023,Greenview CHSB public dataset,14.894624,kgCO2e/occupied room-night,GLOBAL_STAR_FALLBACK,6977,False,True,Greenview / Cornell Hotel Sustainability Benchmarking Index,https://greenview.sg/resources/chsb-index/
2023,Maldivas,MDV,3,CHSB 2025,2023,Greenview CHSB public dataset,19.14257,kgCO2e/occupied room-night,GLOBAL_STAR_FALLBACK,7773,False,True,Greenview / Cornell Hotel Sustainability Benchmarking Index,https://greenview.sg/resources/chsb-index/
2023,Maldivas,MDV,4,CHSB 2025,2023,Greenview CHSB public dataset,32.328082,kgCO2e/occupied room-night,GLOBAL_STAR_FALLBACK,3107,False,True,Greenview / Cornell Hotel Sustainability Benchmarking Index,https://greenview.sg/resources/chsb-index/
2023,Maldivas,MDV,5,CHSB 2025,2023,Greenview CHSB public dataset,49.85776,kgCO2e/occupied room-night,GLOBAL_STAR_FALLBACK,696,False,True,Greenview / Cornell Hotel Sustainability Benchmarking Index,https://greenview.sg/resources/chsb-index/
2023,Maldivas,MDV,unknown,CHSB 2025,2023,Greenview CHSB public dataset,20.2405,kgCO2e/occupied room-night,GLOBAL_UNKNOWN_FALLBACK,18308,False,True,Greenview / Cornell Hotel Sustainability Benchmarking Index,https://greenview.sg/resources/chsb-index/
2023,Malta,MLT,2,CHSB 2025,2023,Greenview CHSB public dataset,14.894624,kgCO2e/occupied room-night,GLOBAL_STAR_FALLBACK,6977,False,True,Greenview / Cornell Hotel Sustainability Benchmarking Index,https://greenview.sg/resources/chsb-index/
2023,Malta,MLT,3,CHSB 2025,2023,Greenview CHSB public dataset,19.14257,kgCO2e/occupied room-night,GLOBAL_STAR_FALLBACK,7773,False,True,Greenview / Cornell Hotel Sustainability Benchmarking Index,https://greenview.sg/resources/chsb-index/
2023,Malta,MLT,4,CHSB 2025,2023,Greenview CHSB public dataset,32.328082,kgCO2e/occupied room-night,GLOBAL_STAR_FALLBACK,3107,False,True,Greenview / Cornell Hotel Sustainability Benchmarking Index,https://greenview.sg/resources/chsb-index/
2023,Malta,MLT,5,CHSB 2025,2023,Greenview CHSB public dataset,49.85776,kgCO2e/occupied room-night,GLOBAL_STAR_FALLBACK,696,False,True,Greenview / Cornell Hotel Sustainability Benchmarking Index,https://greenview.sg/resources/chsb-index/
2023,Malta,MLT,unknown,CHSB 2025,2023,Greenview CHSB public dataset,20.2405,kgCO2e/occupied room-night,GLOBAL_UNKNOWN_FALLBACK,18308,False,True,Greenview / Cornell Hotel Sustainability Benchmarking Index,https://greenview.sg/resources/chsb-index/
2023,Malí,MLI,2,CHSB 2025,2023,Greenview CHSB public dataset,14.894624,kgCO2e/occupied room-night,GLOBAL_STAR_FALLBACK,6977,False,True,Greenview / Cornell Hotel Sustainability Benchmarking Index,https://greenview.sg/resources/chsb-index/
2023,Malí,MLI,3,CHSB 2025,2023,Greenview CHSB public dataset,19.14257,kgCO2e/occupied room-night,GLOBAL_STAR_FALLBACK,7773,False,True,Greenview / Cornell Hotel Sustainability Benchmarking Index,https://greenview.sg/resources/chsb-index/
2023,Malí,MLI,4,CHSB 2025,2023,Greenview CHSB public dataset,32.328082,kgCO2e/occupied room-night,GLOBAL_STAR_FALLBACK,3107,False,True,Greenview / Cornell Hotel Sustainability Benchmarking Index,https://greenview.sg/resources/chsb-index/
2023,Malí,MLI,5,CHSB 2025,2023,Greenview CHSB public dataset,49.85776,kgCO2e/occupied room-night,GLOBAL_STAR_FALLBACK,696,False,True,Greenview / Cornell Hotel Sustainability Benchmarking Index,https://greenview.sg/resources/chsb-index/
2023,Malí,MLI,unknown,CHSB 2025,2023,Greenview CHSB public dataset,20.2405,kgCO2e/occupied room-night,GLOBAL_UNKNOWN_FALLBACK,18308,False,True,Greenview / Cornell Hotel Sustainability Benchmarking Index,https://greenview.sg/resources/chsb-index/
2023,Marruecos,MAR,2,CHSB 2025,2023,Greenview CHSB public dataset,14.894624,kgCO2e/occupied room-night,GLOBAL_STAR_FALLBACK,6977,False,True,Greenview / Cornell Hotel Sustainability Benchmarking Index,https://greenview.sg/resources/chsb-index/
2023,Marruecos,MAR,3,CHSB 2025,2023,Greenview CHSB public dataset,19.14257,kgCO2e/occupied room-night,GLOBAL_STAR_FALLBACK,7773,False,True,Greenview / Cornell Hotel Sustainability Benchmarking Index,https://greenview.sg/resources/chsb-index/
2023,Marruecos,MAR,4,CHSB 2025,2023,Greenview CHSB public dataset,32.328082,kgCO2e/occupied room-night,GLOBAL_STAR_FALLBACK,3107,False,True,Greenview / Cornell Hotel Sustainability Benchmarking Index,https://greenview.sg/resources/chsb-index/
2023,Marruecos,MAR,5,CHSB 2025,2023,Greenview CHSB public dataset,49.85776,kgCO2e/occupied room-night,GLOBAL_STAR_FALLBACK,696,False,True,Greenview / Cornell Hotel Sustainability Benchmarking Index,https://greenview.sg/resources/chsb-index/
2023,Marruecos,MAR,unknown,CHSB 2025,2023,Greenview CHSB public dataset,48.013812,kgCO2e/occupied room-night,COUNTRY_NONRESORT,9,False,False,Greenview / Cornell Hotel Sustainability Benchmarking Index,https://greenview.sg/resources/chsb-index/
2023,Mauricio,MUS,2,CHSB 2025,2023,Greenview CHSB public dataset,14.894624,kgCO2e/occupied room-night,GLOBAL_STAR_FALLBACK,6977,False,True,Greenview / Cornell Hotel Sustainability Benchmarking Index,https://greenview.sg/resources/chsb-index/
2023,Mauricio,MUS,3,CHSB 2025,2023,Greenview CHSB public dataset,19.14257,kgCO2e/occupied room-night,GLOBAL_STAR_FALLBACK,7773,False,True,Greenview / Cornell Hotel Sustainability Benchmarking Index,https://greenview.sg/resources/chsb-index/
2023,Mauricio,MUS,4,CHSB 2025,2023,Greenview CHSB public dataset,32.328082,kgCO2e/occupied room-night,GLOBAL_STAR_FALLBACK,3107,False,True,Greenview / Cornell Hotel Sustainability Benchmarking Index,https://greenview.sg/resources/chsb-index/
2023,Mauricio,MUS,5,CHSB 2025,2023,Greenview CHSB public dataset,49.85776,kgCO2e/occupied room-night,GLOBAL_STAR_FALLBACK,696,False,True,Greenview / Cornell Hotel Sustainability Benchmarking Index,https://greenview.sg/resources/chsb-index/
2023,Mauricio,MUS,unknown,CHSB 2025,2023,Greenview CHSB public dataset,20.2405,kgCO2e/occupied room-night,GLOBAL_UNKNOWN_FALLBACK,18308,False,True,Greenview / Cornell Hotel Sustainability Benchmarking Index,https://greenview.sg/resources/chsb-index/
2023,Mauritania,MRT,2,CHSB 2025,2023,Greenview CHSB public dataset,14.894624,kgCO2e/occupied room-night,GLOBAL_STAR_FALLBACK,6977,False,True,Greenview / Cornell Hotel Sustainability Benchmarking Index,https://greenview.sg/resources/chsb-index/
2023,Mauritania,MRT,3,CHSB 2025,2023,Greenview CHSB public dataset,19.14257,kgCO2e/occupied room-night,GLOBAL_STAR_FALLBACK,7773,False,True,Greenview / Cornell Hotel Sustainability Benchmarking Index,https://greenview.sg/resources/chsb-index/
2023,Mauritania,MRT,4,CHSB 2025,2023,Greenview CHSB public dataset,32.328082,kgCO2e/occupied room-night,GLOBAL_STAR_FALLBACK,3107,False,True,Greenview / Cornell Hotel Sustainability Benchmarking Index,https://greenview.sg/resources/chsb-index/
2023,Mauritania,MRT,5,CHSB 2025,2023,Greenview CHSB public dataset,49.85776,kgCO2e/occupied room-night,GLOBAL_STAR_FALLBACK,696,False,True,Greenview / Cornell Hotel Sustainability Benchmarking Index,https://greenview.sg/resources/chsb-index/
2023,Mauritania,MRT,unknown,CHSB 2025,2023,Greenview CHSB public dataset,20.2405,kgCO2e/occupied room-night,GLOBAL_UNKNOWN_FALLBACK,18308,False,True,Greenview / Cornell Hotel Sustainability Benchmarking Index,https://greenview.sg/resources/chsb-index/
2023,Mayotte,MYT,2,CHSB 2025,2023,Greenview CHSB public dataset,14.894624,kgCO2e/occupied room-night,GLOBAL_STAR_FALLBACK,6977,False,True,Greenview / Cornell Hotel Sustainability Benchmarking Index,https://greenview.sg/resources/chsb-index/
2023,Mayotte,MYT,3,CHSB 2025,2023,Greenview CHSB public dataset,19.14257,kgCO2e/occupied room-night,GLOBAL_STAR_FALLBACK,7773,False,True,Greenview / Cornell Hotel Sustainability Benchmarking Index,https://greenview.sg/resources/chsb-index/
2023,Mayotte,MYT,4,CHSB 2025,2023,Greenview CHSB public dataset,32.328082,kgCO2e/occupied room-night,GLOBAL_STAR_FALLBACK,3107,False,True,Greenview / Cornell Hotel Sustainability Benchmarking Index,https://greenview.sg/resources/chsb-index/
2023,Mayotte,MYT,5,CHSB 2025,2023,Greenview CHSB public dataset,49.85776,kgCO2e/occupied room-night,GLOBAL_STAR_FALLBACK,696,False,True,Greenview / Cornell Hotel Sustainability Benchmarking Index,https://greenview.sg/resources/chsb-index/
2023,Mayotte,MYT,unknown,CHSB 2025,2023,Greenview CHSB public dataset,20.2405,kgCO2e/occupied room-night,GLOBAL_UNKNOWN_FALLBACK,18308,False,True,Greenview / Cornell Hotel Sustainability Benchmarking Index,https://greenview.sg/resources/chsb-index/
2023,Micronesia,FSM,2,CHSB 2025,2023,Greenview CHSB public dataset,14.894624,kgCO2e/occupied room-night,GLOBAL_STAR_FALLBACK,6977,False,True,Greenview / Cornell Hotel Sustainability Benchmarking Index,https://greenview.sg/resources/chsb-index/
2023,Micronesia,FSM,3,CHSB 2025,2023,Greenview CHSB public dataset,19.14257,kgCO2e/occupied room-night,GLOBAL_STAR_FALLBACK,7773,False,True,Greenview / Cornell Hotel Sustainability Benchmarking Index,https://greenview.sg/resources/chsb-index/
2023,Micronesia,FSM,4,CHSB 2025,2023,Greenview CHSB public dataset,32.328082,kgCO2e/occupied room-night,GLOBAL_STAR_FALLBACK,3107,False,True,Greenview / Cornell Hotel Sustainability Benchmarking Index,https://greenview.sg/resources/chsb-index/
2023,Micronesia,FSM,5,CHSB 2025,2023,Greenview CHSB public dataset,49.85776,kgCO2e/occupied room-night,GLOBAL_STAR_FALLBACK,696,False,True,Greenview / Cornell Hotel Sustainability Benchmarking Index,https://greenview.sg/resources/chsb-index/
2023,Micronesia,FSM,unknown,CHSB 2025,2023,Greenview CHSB public dataset,20.2405,kgCO2e/occupied room-night,GLOBAL_UNKNOWN_FALLBACK,18308,False,True,Greenview / Cornell Hotel Sustainability Benchmarking Index,https://greenview.sg/resources/chsb-index/
2023,Moldavia,MDA,2,CHSB 2025,2023,Greenview CHSB public dataset,14.894624,kgCO2e/occupied room-night,GLOBAL_STAR_FALLBACK,6977,False,True,Greenview / Cornell Hotel Sustainability Benchmarking Index,https://greenview.sg/resources/chsb-index/
2023,Moldavia,MDA,3,CHSB 2025,2023,Greenview CHSB public dataset,19.14257,kgCO2e/occupied room-night,GLOBAL_STAR_FALLBACK,7773,False,True,Greenview / Cornell Hotel Sustainability Benchmarking Index,https://greenview.sg/resources/chsb-index/
2023,Moldavia,MDA,4,CHSB 2025,2023,Greenview CHSB public dataset,32.328082,kgCO2e/occupied room-night,GLOBAL_STAR_FALLBACK,3107,False,True,Greenview / Cornell Hotel Sustainability Benchmarking Index,https://greenview.sg/resources/chsb-index/
2023,Moldavia,MDA,5,CHSB 2025,2023,Greenview CHSB public dataset,49.85776,kgCO2e/occupied room-night,GLOBAL_STAR_FALLBACK,696,False,True,Greenview / Cornell Hotel Sustainability Benchmarking Index,https://greenview.sg/resources/chsb-index/
2023,Moldavia,MDA,unknown,CHSB 2025,2023,Greenview CHSB public dataset,20.2405,kgCO2e/occupied room-night,GLOBAL_UNKNOWN_FALLBACK,18308,False,True,Greenview / Cornell Hotel Sustainability Benchmarking Index,https://greenview.sg/resources/chsb-index/
2023,Mongolia,MNG,2,CHSB 2025,2023,Greenview CHSB public dataset,14.894624,kgCO2e/occupied room-night,GLOBAL_STAR_FALLBACK,6977,False,True,Greenview / Cornell Hotel Sustainability Benchmarking Index,https://greenview.sg/resources/chsb-index/
2023,Mongolia,MNG,3,CHSB 2025,2023,Greenview CHSB public dataset,19.14257,kgCO2e/occupied room-night,GLOBAL_STAR_FALLBACK,7773,False,True,Greenview / Cornell Hotel Sustainability Benchmarking Index,https://greenview.sg/resources/chsb-index/
2023,Mongolia,MNG,4,CHSB 2025,2023,Greenview CHSB public dataset,32.328082,kgCO2e/occupied room-night,GLOBAL_STAR_FALLBACK,3107,False,True,Greenview / Cornell Hotel Sustainability Benchmarking Index,https://greenview.sg/resources/chsb-index/
2023,Mongolia,MNG,5,CHSB 2025,2023,Greenview CHSB public dataset,49.85776,kgCO2e/occupied room-night,GLOBAL_STAR_FALLBACK,696,False,True,Greenview / Cornell Hotel Sustainability Benchmarking Index,https://greenview.sg/resources/chsb-index/
2023,Mongolia,MNG,unknown,CHSB 2025,2023,Greenview CHSB public dataset,20.2405,kgCO2e/occupied room-night,GLOBAL_UNKNOWN_FALLBACK,18308,False,True,Greenview / Cornell Hotel Sustainability Benchmarking Index,https://greenview.sg/resources/chsb-index/
2023,Montenegro,MNE,2,CHSB 2025,2023,Greenview CHSB public dataset,14.894624,kgCO2e/occupied room-night,GLOBAL_STAR_FALLBACK,6977,False,True,Greenview / Cornell Hotel Sustainability Benchmarking Index,https://greenview.sg/resources/chsb-index/
2023,Montenegro,MNE,3,CHSB 2025,2023,Greenview CHSB public dataset,19.14257,kgCO2e/occupied room-night,GLOBAL_STAR_FALLBACK,7773,False,True,Greenview / Cornell Hotel Sustainability Benchmarking Index,https://greenview.sg/resources/chsb-index/
2023,Montenegro,MNE,4,CHSB 2025,2023,Greenview CHSB public dataset,32.328082,kgCO2e/occupied room-night,GLOBAL_STAR_FALLBACK,3107,False,True,Greenview / Cornell Hotel Sustainability Benchmarking Index,https://greenview.sg/resources/chsb-index/
2023,Montenegro,MNE,5,CHSB 2025,2023,Greenview CHSB public dataset,49.85776,kgCO2e/occupied room-night,GLOBAL_STAR_FALLBACK,696,False,True,Greenview / Cornell Hotel Sustainability Benchmarking Index,https://greenview.sg/resources/chsb-index/
2023,Montenegro,MNE,unknown,CHSB 2025,2023,Greenview CHSB public dataset,20.2405,kgCO2e/occupied room-night,GLOBAL_UNKNOWN_FALLBACK,18308,False,True,Greenview / Cornell Hotel Sustainability Benchmarking Index,https://greenview.sg/resources/chsb-index/
2023,Montserrat,MSR,2,CHSB 2025,2023,Greenview CHSB public dataset,14.894624,kgCO2e/occupied room-night,GLOBAL_STAR_FALLBACK,6977,False,True,Greenview / Cornell Hotel Sustainability Benchmarking Index,https://greenview.sg/resources/chsb-index/
2023,Montserrat,MSR,3,CHSB 2025,2023,Greenview CHSB public dataset,19.14257,kgCO2e/occupied room-night,GLOBAL_STAR_FALLBACK,7773,False,True,Greenview / Cornell Hotel Sustainability Benchmarking Index,https://greenview.sg/resources/chsb-index/
2023,Montserrat,MSR,4,CHSB 2025,2023,Greenview CHSB public dataset,32.328082,kgCO2e/occupied room-night,GLOBAL_STAR_FALLBACK,3107,False,True,Greenview / Cornell Hotel Sustainability Benchmarking Index,https://greenview.sg/resources/chsb-index/
2023,Montserrat,MSR,5,CHSB 2025,2023,Greenview CHSB public dataset,49.85776,kgCO2e/occupied room-night,GLOBAL_STAR_FALLBACK,696,False,True,Greenview / Cornell Hotel Sustainability Benchmarking Index,https://greenview.sg/resources/chsb-index/
2023,Montserrat,MSR,unknown,CHSB 2025,2023,Greenview CHSB public dataset,20.2405,kgCO2e/occupied room-night,GLOBAL_UNKNOWN_FALLBACK,18308,False,True,Greenview / Cornell Hotel Sustainability Benchmarking Index,https://greenview.sg/resources/chsb-index/
2023,Mozambique,MOZ,2,CHSB 2025,2023,Greenview CHSB public dataset,14.894624,kgCO2e/occupied room-night,GLOBAL_STAR_FALLBACK,6977,False,True,Greenview / Cornell Hotel Sustainability Benchmarking Index,https://greenview.sg/resources/chsb-index/
2023,Mozambique,MOZ,3,CHSB 2025,2023,Greenview CHSB public dataset,19.14257,kgCO2e/occupied room-night,GLOBAL_STAR_FALLBACK,7773,False,True,Greenview / Cornell Hotel Sustainability Benchmarking Index,https://greenview.sg/resources/chsb-index/
2023,Mozambique,MOZ,4,CHSB 2025,2023,Greenview CHSB public dataset,32.328082,kgCO2e/occupied room-night,GLOBAL_STAR_FALLBACK,3107,False,True,Greenview / Cornell Hotel Sustainability Benchmarking Index,https://greenview.sg/resources/chsb-index/
2023,Mozambique,MOZ,5,CHSB 2025,2023,Greenview CHSB public dataset,49.85776,kgCO2e/occupied room-night,GLOBAL_STAR_FALLBACK,696,False,True,Greenview / Cornell Hotel Sustainability Benchmarking Index,https://greenview.sg/resources/chsb-index/
2023,Mozambique,MOZ,unknown,CHSB 2025,2023,Greenview CHSB public dataset,20.2405,kgCO2e/occupied room-night,GLOBAL_UNKNOWN_FALLBACK,18308,False,True,Greenview / Cornell Hotel Sustainability Benchmarking Index,https://greenview.sg/resources/chsb-index/
2023,Myanmar,MMR,2,CHSB 2025,2023,Greenview CHSB public dataset,14.894624,kgCO2e/occupied room-night,GLOBAL_STAR_FALLBACK,6977,False,True,Greenview / Cornell Hotel Sustainability Benchmarking Index,https://greenview.sg/resources/chsb-index/
2023,Myanmar,MMR,3,CHSB 2025,2023,Greenview CHSB public dataset,19.14257,kgCO2e/occupied room-night,GLOBAL_STAR_FALLBACK,7773,False,True,Greenview / Cornell Hotel Sustainability Benchmarking Index,https://greenview.sg/resources/chsb-index/
2023,Myanmar,MMR,4,CHSB 2025,2023,Greenview CHSB public dataset,32.328082,kgCO2e/occupied room-night,GLOBAL_STAR_FALLBACK,3107,False,True,Greenview / Cornell Hotel Sustainability Benchmarking Index,https://greenview.sg/resources/chsb-index/
2023,Myanmar,MMR,5,CHSB 2025,2023,Greenview CHSB public dataset,49.85776,kgCO2e/occupied room-night,GLOBAL_STAR_FALLBACK,696,False,True,Greenview / Cornell Hotel Sustainability Benchmarking Index,https://greenview.sg/resources/chsb-index/
2023,Myanmar,MMR,unknown,CHSB 2025,2023,Greenview CHSB public dataset,20.2405,kgCO2e/occupied room-night,GLOBAL_UNKNOWN_FALLBACK,18308,False,True,Greenview / Cornell Hotel Sustainability Benchmarking Index,https://greenview.sg/resources/chsb-index/
2023,México,MEX,2,CHSB 2025,2023,Greenview CHSB public dataset,14.750843,kgCO2e/occupied room-night,COUNTRY_STAR_WEIGHTED,76,False,False,Greenview / Cornell Hotel Sustainability Benchmarking Index,https://greenview.sg/resources/chsb-index/
2023,México,MEX,3,CHSB 2025,2023,Greenview CHSB public dataset,20.99469,kgCO2e/occupied room-night,COUNTRY_STAR_WEIGHTED,141,False,False,Greenview / Cornell Hotel Sustainability Benchmarking Index,https://greenview.sg/resources/chsb-index/
2023,México,MEX,4,CHSB 2025,2023,Greenview CHSB public dataset,38.188356,kgCO2e/occupied room-night,COUNTRY_STAR_WEIGHTED,89,False,False,Greenview / Cornell Hotel Sustainability Benchmarking Index,https://greenview.sg/resources/chsb-index/
2023,México,MEX,5,CHSB 2025,2023,Greenview CHSB public dataset,62.311556,kgCO2e/occupied room-night,COUNTRY_STAR_WEIGHTED,17,False,False,Greenview / Cornell Hotel Sustainability Benchmarking Index,https://greenview.sg/resources/chsb-index/
2023,México,MEX,unknown,CHSB 2025,2023,Greenview CHSB public dataset,20.843919,kgCO2e/occupied room-night,COUNTRY_NONRESORT,264,False,False,Greenview / Cornell Hotel Sustainability Benchmarking Index,https://greenview.sg/resources/chsb-index/
2023,Mónaco,MCO,2,CHSB 2025,2023,Greenview CHSB public dataset,14.894624,kgCO2e/occupied room-night,GLOBAL_STAR_FALLBACK,6977,False,True,Greenview / Cornell Hotel Sustainability Benchmarking Index,https://greenview.sg/resources/chsb-index/
2023,Mónaco,MCO,3,CHSB 2025,2023,Greenview CHSB public dataset,19.14257,kgCO2e/occupied room-night,GLOBAL_STAR_FALLBACK,7773,False,True,Greenview / Cornell Hotel Sustainability Benchmarking Index,https://greenview.sg/resources/chsb-index/
2023,Mónaco,MCO,4,CHSB 2025,2023,Greenview CHSB public dataset,32.328082,kgCO2e/occupied room-night,GLOBAL_STAR_FALLBACK,3107,False,True,Greenview / Cornell Hotel Sustainability Benchmarking Index,https://greenview.sg/resources/chsb-index/
2023,Mónaco,MCO,5,CHSB 2025,2023,Greenview CHSB public dataset,49.85776,kgCO2e/occupied room-night,GLOBAL_STAR_FALLBACK,696,False,True,Greenview / Cornell Hotel Sustainability Benchmarking Index,https://greenview.sg/resources/chsb-index/
2023,Mónaco,MCO,unknown,CHSB 2025,2023,Greenview CHSB public dataset,20.2405,kgCO2e/occupied room-night,GLOBAL_UNKNOWN_FALLBACK,18308,False,True,Greenview / Cornell Hotel Sustainability Benchmarking Index,https://greenview.sg/resources/chsb-index/
2023,Namibia,NAM,2,CHSB 2025,2023,Greenview CHSB public dataset,14.894624,kgCO2e/occupied room-night,GLOBAL_STAR_FALLBACK,6977,False,True,Greenview / Cornell Hotel Sustainability Benchmarking Index,https://greenview.sg/resources/chsb-index/
2023,Namibia,NAM,3,CHSB 2025,2023,Greenview CHSB public dataset,19.14257,kgCO2e/occupied room-night,GLOBAL_STAR_FALLBACK,7773,False,True,Greenview / Cornell Hotel Sustainability Benchmarking Index,https://greenview.sg/resources/chsb-index/
2023,Namibia,NAM,4,CHSB 2025,2023,Greenview CHSB public dataset,32.328082,kgCO2e/occupied room-night,GLOBAL_STAR_FALLBACK,3107,False,True,Greenview / Cornell Hotel Sustainability Benchmarking Index,https://greenview.sg/resources/chsb-index/
2023,Namibia,NAM,5,CHSB 2025,2023,Greenview CHSB public dataset,49.85776,kgCO2e/occupied room-night,GLOBAL_STAR_FALLBACK,696,False,True,Greenview / Cornell Hotel Sustainability Benchmarking Index,https://greenview.sg/resources/chsb-index/
2023,Namibia,NAM,unknown,CHSB 2025,2023,Greenview CHSB public dataset,20.2405,kgCO2e/occupied room-night,GLOBAL_UNKNOWN_FALLBACK,18308,False,True,Greenview / Cornell Hotel Sustainability Benchmarking Index,https://greenview.sg/resources/chsb-index/
2023,Nauru,NRU,2,CHSB 2025,2023,Greenview CHSB public dataset,14.894624,kgCO2e/occupied room-night,GLOBAL_STAR_FALLBACK,6977,False,True,Greenview / Cornell Hotel Sustainability Benchmarking Index,https://greenview.sg/resources/chsb-index/
2023,Nauru,NRU,3,CHSB 2025,2023,Greenview CHSB public dataset,19.14257,kgCO2e/occupied room-night,GLOBAL_STAR_FALLBACK,7773,False,True,Greenview / Cornell Hotel Sustainability Benchmarking Index,https://greenview.sg/resources/chsb-index/
2023,Nauru,NRU,4,CHSB 2025,2023,Greenview CHSB public dataset,32.328082,kgCO2e/occupied room-night,GLOBAL_STAR_FALLBACK,3107,False,True,Greenview / Cornell Hotel Sustainability Benchmarking Index,https://greenview.sg/resources/chsb-index/
2023,Nauru,NRU,5,CHSB 2025,2023,Greenview CHSB public dataset,49.85776,kgCO2e/occupied room-night,GLOBAL_STAR_FALLBACK,696,False,True,Greenview / Cornell Hotel Sustainability Benchmarking Index,https://greenview.sg/resources/chsb-index/
2023,Nauru,NRU,unknown,CHSB 2025,2023,Greenview CHSB public dataset,20.2405,kgCO2e/occupied room-night,GLOBAL_UNKNOWN_FALLBACK,18308,False,True,Greenview / Cornell Hotel Sustainability Benchmarking Index,https://greenview.sg/resources/chsb-index/
2023,Nepal,NPL,2,CHSB 2025,2023,Greenview CHSB public dataset,14.894624,kgCO2e/occupied room-night,GLOBAL_STAR_FALLBACK,6977,False,True,Greenview / Cornell Hotel Sustainability Benchmarking Index,https://greenview.sg/resources/chsb-index/
2023,Nepal,NPL,3,CHSB 2025,2023,Greenview CHSB public dataset,19.14257,kgCO2e/occupied room-night,GLOBAL_STAR_FALLBACK,7773,False,True,Greenview / Cornell Hotel Sustainability Benchmarking Index,https://greenview.sg/resources/chsb-index/
2023,Nepal,NPL,4,CHSB 2025,2023,Greenview CHSB public dataset,32.328082,kgCO2e/occupied room-night,GLOBAL_STAR_FALLBACK,3107,False,True,Greenview / Cornell Hotel Sustainability Benchmarking Index,https://greenview.sg/resources/chsb-index/
2023,Nepal,NPL,5,CHSB 2025,2023,Greenview CHSB public dataset,49.85776,kgCO2e/occupied room-night,GLOBAL_STAR_FALLBACK,696,False,True,Greenview / Cornell Hotel Sustainability Benchmarking Index,https://greenview.sg/resources/chsb-index/
2023,Nepal,NPL,unknown,CHSB 2025,2023,Greenview CHSB public dataset,20.2405,kgCO2e/occupied room-night,GLOBAL_UNKNOWN_FALLBACK,18308,False,True,Greenview / Cornell Hotel Sustainability Benchmarking Index,https://greenview.sg/resources/chsb-index/
2023,Nicaragua,NIC,2,CHSB 2025,2023,Greenview CHSB public dataset,14.894624,kgCO2e/occupied room-night,GLOBAL_STAR_FALLBACK,6977,False,True,Greenview / Cornell Hotel Sustainability Benchmarking Index,https://greenview.sg/resources/chsb-index/
2023,Nicaragua,NIC,3,CHSB 2025,2023,Greenview CHSB public dataset,19.14257,kgCO2e/occupied room-night,GLOBAL_STAR_FALLBACK,7773,False,True,Greenview / Cornell Hotel Sustainability Benchmarking Index,https://greenview.sg/resources/chsb-index/
2023,Nicaragua,NIC,4,CHSB 2025,2023,Greenview CHSB public dataset,32.328082,kgCO2e/occupied room-night,GLOBAL_STAR_FALLBACK,3107,False,True,Greenview / Cornell Hotel Sustainability Benchmarking Index,https://greenview.sg/resources/chsb-index/
2023,Nicaragua,NIC,5,CHSB 2025,2023,Greenview CHSB public dataset,49.85776,kgCO2e/occupied room-night,GLOBAL_STAR_FALLBACK,696,False,True,Greenview / Cornell Hotel Sustainability Benchmarking Index,https://greenview.sg/resources/chsb-index/
2023,Nicaragua,NIC,unknown,CHSB 2025,2023,Greenview CHSB public dataset,20.2405,kgCO2e/occupied room-night,GLOBAL_UNKNOWN_FALLBACK,18308,False,True,Greenview / Cornell Hotel Sustainability Benchmarking Index,https://greenview.sg/resources/chsb-index/
2023,Nigeria,NGA,2,CHSB 2025,2023,Greenview CHSB public dataset,14.894624,kgCO2e/occupied room-night,GLOBAL_STAR_FALLBACK,6977,False,True,Greenview / Cornell Hotel Sustainability Benchmarking Index,https://greenview.sg/resources/chsb-index/
2023,Nigeria,NGA,3,CHSB 2025,2023,Greenview CHSB public dataset,19.14257,kgCO2e/occupied room-night,GLOBAL_STAR_FALLBACK,7773,False,True,Greenview / Cornell Hotel Sustainability Benchmarking Index,https://greenview.sg/resources/chsb-index/
2023,Nigeria,NGA,4,CHSB 2025,2023,Greenview CHSB public dataset,49.208253,kgCO2e/occupied room-night,COUNTRY_STAR_WEIGHTED,8,False,False,Greenview / Cornell Hotel Sustainability Benchmarking Index,https://greenview.sg/resources/chsb-index/
2023,Nigeria,NGA,5,CHSB 2025,2023,Greenview CHSB public dataset,49.85776,kgCO2e/occupied room-night,GLOBAL_STAR_FALLBACK,696,False,True,Greenview / Cornell Hotel Sustainability Benchmarking Index,https://greenview.sg/resources/chsb-index/
2023,Nigeria,NGA,unknown,CHSB 2025,2023,Greenview CHSB public dataset,46.254298,kgCO2e/occupied room-night,COUNTRY_NONRESORT,9,False,False,Greenview / Cornell Hotel Sustainability Benchmarking Index,https://greenview.sg/resources/chsb-index/
2023,Niue,NIU,2,CHSB 2025,2023,Greenview CHSB public dataset,14.894624,kgCO2e/occupied room-night,GLOBAL_STAR_FALLBACK,6977,False,True,Greenview / Cornell Hotel Sustainability Benchmarking Index,https://greenview.sg/resources/chsb-index/
2023,Niue,NIU,3,CHSB 2025,2023,Greenview CHSB public dataset,19.14257,kgCO2e/occupied room-night,GLOBAL_STAR_FALLBACK,7773,False,True,Greenview / Cornell Hotel Sustainability Benchmarking Index,https://greenview.sg/resources/chsb-index/
2023,Niue,NIU,4,CHSB 2025,2023,Greenview CHSB public dataset,32.328082,kgCO2e/occupied room-night,GLOBAL_STAR_FALLBACK,3107,False,True,Greenview / Cornell Hotel Sustainability Benchmarking Index,https://greenview.sg/resources/chsb-index/
2023,Niue,NIU,5,CHSB 2025,2023,Greenview CHSB public dataset,49.85776,kgCO2e/occupied room-night,GLOBAL_STAR_FALLBACK,696,False,True,Greenview / Cornell Hotel Sustainability Benchmarking Index,https://greenview.sg/resources/chsb-index/
2023,Niue,NIU,unknown,CHSB 2025,2023,Greenview CHSB public dataset,20.2405,kgCO2e/occupied room-night,GLOBAL_UNKNOWN_FALLBACK,18308,False,True,Greenview / Cornell Hotel Sustainability Benchmarking Index,https://greenview.sg/resources/chsb-index/
2023,Noruega,NOR,2,CHSB 2025,2023,Greenview CHSB public dataset,14.894624,kgCO2e/occupied room-night,GLOBAL_STAR_FALLBACK,6977,False,True,Greenview / Cornell Hotel Sustainability Benchmarking Index,https://greenview.sg/resources/chsb-index/
2023,Noruega,NOR,3,CHSB 2025,2023,Greenview CHSB public dataset,19.14257,kgCO2e/occupied room-night,GLOBAL_STAR_FALLBACK,7773,False,True,Greenview / Cornell Hotel Sustainability Benchmarking Index,https://greenview.sg/resources/chsb-index/
2023,Noruega,NOR,4,CHSB 2025,2023,Greenview CHSB public dataset,32.328082,kgCO2e/occupied room-night,GLOBAL_STAR_FALLBACK,3107,False,True,Greenview / Cornell Hotel Sustainability Benchmarking Index,https://greenview.sg/resources/chsb-index/
2023,Noruega,NOR,5,CHSB 2025,2023,Greenview CHSB public dataset,49.85776,kgCO2e/occupied room-night,GLOBAL_STAR_FALLBACK,696,False,True,Greenview / Cornell Hotel Sustainability Benchmarking Index,https://greenview.sg/resources/chsb-index/
2023,Noruega,NOR,unknown,CHSB 2025,2023,Greenview CHSB public dataset,20.2405,kgCO2e/occupied room-night,GLOBAL_UNKNOWN_FALLBACK,18308,False,True,Greenview / Cornell Hotel Sustainability Benchmarking Index,https://greenview.sg/resources/chsb-index/
2023,Nueva Caledonia,NCL,2,CHSB 2025,2023,Greenview CHSB public dataset,14.894624,kgCO2e/occupied room-night,GLOBAL_STAR_FALLBACK,6977,False,True,Greenview / Cornell Hotel Sustainability Benchmarking Index,https://greenview.sg/resources/chsb-index/
2023,Nueva Caledonia,NCL,3,CHSB 2025,2023,Greenview CHSB public dataset,19.14257,kgCO2e/occupied room-night,GLOBAL_STAR_FALLBACK,7773,False,True,Greenview / Cornell Hotel Sustainability Benchmarking Index,https://greenview.sg/resources/chsb-index/
2023,Nueva Caledonia,NCL,4,CHSB 2025,2023,Greenview CHSB public dataset,32.328082,kgCO2e/occupied room-night,GLOBAL_STAR_FALLBACK,3107,False,True,Greenview / Cornell Hotel Sustainability Benchmarking Index,https://greenview.sg/resources/chsb-index/
2023,Nueva Caledonia,NCL,5,CHSB 2025,2023,Greenview CHSB public dataset,49.85776,kgCO2e/occupied room-night,GLOBAL_STAR_FALLBACK,696,False,True,Greenview / Cornell Hotel Sustainability Benchmarking Index,https://greenview.sg/resources/chsb-index/
2023,Nueva Caledonia,NCL,unknown,CHSB 2025,2023,Greenview CHSB public dataset,20.2405,kgCO2e/occupied room-night,GLOBAL_UNKNOWN_FALLBACK,18308,False,True,Greenview / Cornell Hotel Sustainability Benchmarking Index,https://greenview.sg/resources/chsb-index/
2023,Nueva Zelanda,NZL,2,CHSB 2025,2023,Greenview CHSB public dataset,14.894624,kgCO2e/occupied room-night,GLOBAL_STAR_FALLBACK,6977,False,True,Greenview / Cornell Hotel Sustainability Benchmarking Index,https://greenview.sg/resources/chsb-index/
2023,Nueva Zelanda,NZL,3,CHSB 2025,2023,Greenview CHSB public dataset,19.14257,kgCO2e/occupied room-night,GLOBAL_STAR_FALLBACK,7773,False,True,Greenview / Cornell Hotel Sustainability Benchmarking Index,https://greenview.sg/resources/chsb-index/
2023,Nueva Zelanda,NZL,4,CHSB 2025,2023,Greenview CHSB public dataset,8.59952,kgCO2e/occupied room-night,COUNTRY_STAR_WEIGHTED,8,False,False,Greenview / Cornell Hotel Sustainability Benchmarking Index,https://greenview.sg/resources/chsb-index/
2023,Nueva Zelanda,NZL,5,CHSB 2025,2023,Greenview CHSB public dataset,49.85776,kgCO2e/occupied room-night,GLOBAL_STAR_FALLBACK,696,False,True,Greenview / Cornell Hotel Sustainability Benchmarking Index,https://greenview.sg/resources/chsb-index/
2023,Nueva Zelanda,NZL,unknown,CHSB 2025,2023,Greenview CHSB public dataset,9.752823,kgCO2e/occupied room-night,COUNTRY_NONRESORT,16,False,False,Greenview / Cornell Hotel Sustainability Benchmarking Index,https://greenview.sg/resources/chsb-index/
2023,Níger,NER,2,CHSB 2025,2023,Greenview CHSB public dataset,14.894624,kgCO2e/occupied room-night,GLOBAL_STAR_FALLBACK,6977,False,True,Greenview / Cornell Hotel Sustainability Benchmarking Index,https://greenview.sg/resources/chsb-index/
2023,Níger,NER,3,CHSB 2025,2023,Greenview CHSB public dataset,19.14257,kgCO2e/occupied room-night,GLOBAL_STAR_FALLBACK,7773,False,True,Greenview / Cornell Hotel Sustainability Benchmarking Index,https://greenview.sg/resources/chsb-index/
2023,Níger,NER,4,CHSB 2025,2023,Greenview CHSB public dataset,32.328082,kgCO2e/occupied room-night,GLOBAL_STAR_FALLBACK,3107,False,True,Greenview / Cornell Hotel Sustainability Benchmarking Index,https://greenview.sg/resources/chsb-index/
2023,Níger,NER,5,CHSB 2025,2023,Greenview CHSB public dataset,49.85776,kgCO2e/occupied room-night,GLOBAL_STAR_FALLBACK,696,False,True,Greenview / Cornell Hotel Sustainability Benchmarking Index,https://greenview.sg/resources/chsb-index/
2023,Níger,NER,unknown,CHSB 2025,2023,Greenview CHSB public dataset,20.2405,kgCO2e/occupied room-night,GLOBAL_UNKNOWN_FALLBACK,18308,False,True,Greenview / Cornell Hotel Sustainability Benchmarking Index,https://greenview.sg/resources/chsb-index/
2023,Omán,OMN,2,CHSB 2025,2023,Greenview CHSB public dataset,14.894624,kgCO2e/occupied room-night,GLOBAL_STAR_FALLBACK,6977,False,True,Greenview / Cornell Hotel Sustainability Benchmarking Index,https://greenview.sg/resources/chsb-index/
2023,Omán,OMN,3,CHSB 2025,2023,Greenview CHSB public dataset,19.14257,kgCO2e/occupied room-night,GLOBAL_STAR_FALLBACK,7773,False,True,Greenview / Cornell Hotel Sustainability Benchmarking Index,https://greenview.sg/resources/chsb-index/
2023,Omán,OMN,4,CHSB 2025,2023,Greenview CHSB public dataset,32.328082,kgCO2e/occupied room-night,GLOBAL_STAR_FALLBACK,3107,False,True,Greenview / Cornell Hotel Sustainability Benchmarking Index,https://greenview.sg/resources/chsb-index/
2023,Omán,OMN,5,CHSB 2025,2023,Greenview CHSB public dataset,49.85776,kgCO2e/occupied room-night,GLOBAL_STAR_FALLBACK,696,False,True,Greenview / Cornell Hotel Sustainability Benchmarking Index,https://greenview.sg/resources/chsb-index/
2023,Omán,OMN,unknown,CHSB 2025,2023,Greenview CHSB public dataset,48.683652,kgCO2e/occupied room-night,COUNTRY_NONRESORT,12,False,False,Greenview / Cornell Hotel Sustainability Benchmarking Index,https://greenview.sg/resources/chsb-index/
2023,Pakistán,PAK,2,CHSB 2025,2023,Greenview CHSB public dataset,14.894624,kgCO2e/occupied room-night,GLOBAL_STAR_FALLBACK,6977,False,True,Greenview / Cornell Hotel Sustainability Benchmarking Index,https://greenview.sg/resources/chsb-index/
2023,Pakistán,PAK,3,CHSB 2025,2023,Greenview CHSB public dataset,19.14257,kgCO2e/occupied room-night,GLOBAL_STAR_FALLBACK,7773,False,True,Greenview / Cornell Hotel Sustainability Benchmarking Index,https://greenview.sg/resources/chsb-index/
2023,Pakistán,PAK,4,CHSB 2025,2023,Greenview CHSB public dataset,32.328082,kgCO2e/occupied room-night,GLOBAL_STAR_FALLBACK,3107,False,True,Greenview / Cornell Hotel Sustainability Benchmarking Index,https://greenview.sg/resources/chsb-index/
2023,Pakistán,PAK,5,CHSB 2025,2023,Greenview CHSB public dataset,49.85776,kgCO2e/occupied room-night,GLOBAL_STAR_FALLBACK,696,False,True,Greenview / Cornell Hotel Sustainability Benchmarking Index,https://greenview.sg/resources/chsb-index/
2023,Pakistán,PAK,unknown,CHSB 2025,2023,Greenview CHSB public dataset,20.2405,kgCO2e/occupied room-night,GLOBAL_UNKNOWN_FALLBACK,18308,False,True,Greenview / Cornell Hotel Sustainability Benchmarking Index,https://greenview.sg/resources/chsb-index/
2023,Palaos,PLW,2,CHSB 2025,2023,Greenview CHSB public dataset,14.894624,kgCO2e/occupied room-night,GLOBAL_STAR_FALLBACK,6977,False,True,Greenview / Cornell Hotel Sustainability Benchmarking Index,https://greenview.sg/resources/chsb-index/
2023,Palaos,PLW,3,CHSB 2025,2023,Greenview CHSB public dataset,19.14257,kgCO2e/occupied room-night,GLOBAL_STAR_FALLBACK,7773,False,True,Greenview / Cornell Hotel Sustainability Benchmarking Index,https://greenview.sg/resources/chsb-index/
2023,Palaos,PLW,4,CHSB 2025,2023,Greenview CHSB public dataset,32.328082,kgCO2e/occupied room-night,GLOBAL_STAR_FALLBACK,3107,False,True,Greenview / Cornell Hotel Sustainability Benchmarking Index,https://greenview.sg/resources/chsb-index/
2023,Palaos,PLW,5,CHSB 2025,2023,Greenview CHSB public dataset,49.85776,kgCO2e/occupied room-night,GLOBAL_STAR_FALLBACK,696,False,True,Greenview / Cornell Hotel Sustainability Benchmarking Index,https://greenview.sg/resources/chsb-index/
2023,Palaos,PLW,unknown,CHSB 2025,2023,Greenview CHSB public dataset,20.2405,kgCO2e/occupied room-night,GLOBAL_UNKNOWN_FALLBACK,18308,False,True,Greenview / Cornell Hotel Sustainability Benchmarking Index,https://greenview.sg/resources/chsb-index/
2023,Palestina,PSE,2,CHSB 2025,2023,Greenview CHSB public dataset,14.894624,kgCO2e/occupied room-night,GLOBAL_STAR_FALLBACK,6977,False,True,Greenview / Cornell Hotel Sustainability Benchmarking Index,https://greenview.sg/resources/chsb-index/
2023,Palestina,PSE,3,CHSB 2025,2023,Greenview CHSB public dataset,19.14257,kgCO2e/occupied room-night,GLOBAL_STAR_FALLBACK,7773,False,True,Greenview / Cornell Hotel Sustainability Benchmarking Index,https://greenview.sg/resources/chsb-index/
2023,Palestina,PSE,4,CHSB 2025,2023,Greenview CHSB public dataset,32.328082,kgCO2e/occupied room-night,GLOBAL_STAR_FALLBACK,3107,False,True,Greenview / Cornell Hotel Sustainability Benchmarking Index,https://greenview.sg/resources/chsb-index/
2023,Palestina,PSE,5,CHSB 2025,2023,Greenview CHSB public dataset,49.85776,kgCO2e/occupied room-night,GLOBAL_STAR_FALLBACK,696,False,True,Greenview / Cornell Hotel Sustainability Benchmarking Index,https://greenview.sg/resources/chsb-index/
2023,Palestina,PSE,unknown,CHSB 2025,2023,Greenview CHSB public dataset,20.2405,kgCO2e/occupied room-night,GLOBAL_UNKNOWN_FALLBACK,18308,False,True,Greenview / Cornell Hotel Sustainability Benchmarking Index,https://greenview.sg/resources/chsb-index/
2023,Panamá,PAN,2,CHSB 2025,2023,Greenview CHSB public dataset,14.894624,kgCO2e/occupied room-night,GLOBAL_STAR_FALLBACK,6977,False,True,Greenview / Cornell Hotel Sustainability Benchmarking Index,https://greenview.sg/resources/chsb-index/
2023,Panamá,PAN,3,CHSB 2025,2023,Greenview CHSB public dataset,19.14257,kgCO2e/occupied room-night,GLOBAL_STAR_FALLBACK,7773,False,True,Greenview / Cornell Hotel Sustainability Benchmarking Index,https://greenview.sg/resources/chsb-index/
2023,Panamá,PAN,4,CHSB 2025,2023,Greenview CHSB public dataset,28.701513,kgCO2e/occupied room-night,COUNTRY_STAR_WEIGHTED,11,False,False,Greenview / Cornell Hotel Sustainability Benchmarking Index,https://greenview.sg/resources/chsb-index/
2023,Panamá,PAN,5,CHSB 2025,2023,Greenview CHSB public dataset,49.85776,kgCO2e/occupied room-night,GLOBAL_STAR_FALLBACK,696,False,True,Greenview / Cornell Hotel Sustainability Benchmarking Index,https://greenview.sg/resources/chsb-index/
2023,Panamá,PAN,unknown,CHSB 2025,2023,Greenview CHSB public dataset,26.235026,kgCO2e/occupied room-night,COUNTRY_NONRESORT,18,False,False,Greenview / Cornell Hotel Sustainability Benchmarking Index,https://greenview.sg/resources/chsb-index/
2023,Papúa Nueva Guinea,PNG,2,CHSB 2025,2023,Greenview CHSB public dataset,14.894624,kgCO2e/occupied room-night,GLOBAL_STAR_FALLBACK,6977,False,True,Greenview / Cornell Hotel Sustainability Benchmarking Index,https://greenview.sg/resources/chsb-index/
2023,Papúa Nueva Guinea,PNG,3,CHSB 2025,2023,Greenview CHSB public dataset,19.14257,kgCO2e/occupied room-night,GLOBAL_STAR_FALLBACK,7773,False,True,Greenview / Cornell Hotel Sustainability Benchmarking Index,https://greenview.sg/resources/chsb-index/
2023,Papúa Nueva Guinea,PNG,4,CHSB 2025,2023,Greenview CHSB public dataset,32.328082,kgCO2e/occupied room-night,GLOBAL_STAR_FALLBACK,3107,False,True,Greenview / Cornell Hotel Sustainability Benchmarking Index,https://greenview.sg/resources/chsb-index/
2023,Papúa Nueva Guinea,PNG,5,CHSB 2025,2023,Greenview CHSB public dataset,49.85776,kgCO2e/occupied room-night,GLOBAL_STAR_FALLBACK,696,False,True,Greenview / Cornell Hotel Sustainability Benchmarking Index,https://greenview.sg/resources/chsb-index/
2023,Papúa Nueva Guinea,PNG,unknown,CHSB 2025,2023,Greenview CHSB public dataset,20.2405,kgCO2e/occupied room-night,GLOBAL_UNKNOWN_FALLBACK,18308,False,True,Greenview / Cornell Hotel Sustainability Benchmarking Index,https://greenview.sg/resources/chsb-index/
2023,Paraguay,PRY,2,CHSB 2025,2023,Greenview CHSB public dataset,14.894624,kgCO2e/occupied room-night,GLOBAL_STAR_FALLBACK,6977,False,True,Greenview / Cornell Hotel Sustainability Benchmarking Index,https://greenview.sg/resources/chsb-index/
2023,Paraguay,PRY,3,CHSB 2025,2023,Greenview CHSB public dataset,19.14257,kgCO2e/occupied room-night,GLOBAL_STAR_FALLBACK,7773,False,True,Greenview / Cornell Hotel Sustainability Benchmarking Index,https://greenview.sg/resources/chsb-index/
2023,Paraguay,PRY,4,CHSB 2025,2023,Greenview CHSB public dataset,32.328082,kgCO2e/occupied room-night,GLOBAL_STAR_FALLBACK,3107,False,True,Greenview / Cornell Hotel Sustainability Benchmarking Index,https://greenview.sg/resources/chsb-index/
2023,Paraguay,PRY,5,CHSB 2025,2023,Greenview CHSB public dataset,49.85776,kgCO2e/occupied room-night,GLOBAL_STAR_FALLBACK,696,False,True,Greenview / Cornell Hotel Sustainability Benchmarking Index,https://greenview.sg/resources/chsb-index/
2023,Paraguay,PRY,unknown,CHSB 2025,2023,Greenview CHSB public dataset,20.2405,kgCO2e/occupied room-night,GLOBAL_UNKNOWN_FALLBACK,18308,False,True,Greenview / Cornell Hotel Sustainability Benchmarking Index,https://greenview.sg/resources/chsb-index/
2023,Países Bajos,NLD,2,CHSB 2025,2023,Greenview CHSB public dataset,14.894624,kgCO2e/occupied room-night,GLOBAL_STAR_FALLBACK,6977,False,True,Greenview / Cornell Hotel Sustainability Benchmarking Index,https://greenview.sg/resources/chsb-index/
2023,Países Bajos,NLD,3,CHSB 2025,2023,Greenview CHSB public dataset,10.304935,kgCO2e/occupied room-night,COUNTRY_STAR_WEIGHTED,15,False,False,Greenview / Cornell Hotel Sustainability Benchmarking Index,https://greenview.sg/resources/chsb-index/
2023,Países Bajos,NLD,4,CHSB 2025,2023,Greenview CHSB public dataset,14.328081,kgCO2e/occupied room-night,COUNTRY_STAR_WEIGHTED,28,False,False,Greenview / Cornell Hotel Sustainability Benchmarking Index,https://greenview.sg/resources/chsb-index/
2023,Países Bajos,NLD,5,CHSB 2025,2023,Greenview CHSB public dataset,49.85776,kgCO2e/occupied room-night,GLOBAL_STAR_FALLBACK,696,False,True,Greenview / Cornell Hotel Sustainability Benchmarking Index,https://greenview.sg/resources/chsb-index/
2023,Países Bajos,NLD,unknown,CHSB 2025,2023,Greenview CHSB public dataset,13.991184,kgCO2e/occupied room-night,COUNTRY_NONRESORT,55,False,False,Greenview / Cornell Hotel Sustainability Benchmarking Index,https://greenview.sg/resources/chsb-index/
2023,Perú,PER,2,CHSB 2025,2023,Greenview CHSB public dataset,14.894624,kgCO2e/occupied room-night,GLOBAL_STAR_FALLBACK,6977,False,True,Greenview / Cornell Hotel Sustainability Benchmarking Index,https://greenview.sg/resources/chsb-index/
2023,Perú,PER,3,CHSB 2025,2023,Greenview CHSB public dataset,15.349817,kgCO2e/occupied room-night,COUNTRY_STAR_WEIGHTED,9,False,False,Greenview / Cornell Hotel Sustainability Benchmarking Index,https://greenview.sg/resources/chsb-index/
2023,Perú,PER,4,CHSB 2025,2023,Greenview CHSB public dataset,32.328082,kgCO2e/occupied room-night,GLOBAL_STAR_FALLBACK,3107,False,True,Greenview / Cornell Hotel Sustainability Benchmarking Index,https://greenview.sg/resources/chsb-index/
2023,Perú,PER,5,CHSB 2025,2023,Greenview CHSB public dataset,49.85776,kgCO2e/occupied room-night,GLOBAL_STAR_FALLBACK,696,False,True,Greenview / Cornell Hotel Sustainability Benchmarking Index,https://greenview.sg/resources/chsb-index/
2023,Perú,PER,unknown,CHSB 2025,2023,Greenview CHSB public dataset,16.763231,kgCO2e/occupied room-night,COUNTRY_NONRESORT,19,False,False,Greenview / Cornell Hotel Sustainability Benchmarking Index,https://greenview.sg/resources/chsb-index/
2023,Polonia,POL,2,CHSB 2025,2023,Greenview CHSB public dataset,20.738927,kgCO2e/occupied room-night,COUNTRY_STAR_WEIGHTED,14,False,False,Greenview / Cornell Hotel Sustainability Benchmarking Index,https://greenview.sg/resources/chsb-index/
2023,Polonia,POL,3,CHSB 2025,2023,Greenview CHSB public dataset,21.276337,kgCO2e/occupied room-night,COUNTRY_STAR_WEIGHTED,16,False,False,Greenview / Cornell Hotel Sustainability Benchmarking Index,https://greenview.sg/resources/chsb-index/
2023,Polonia,POL,4,CHSB 2025,2023,Greenview CHSB public dataset,34.463277,kgCO2e/occupied room-night,COUNTRY_STAR_WEIGHTED,13,False,False,Greenview / Cornell Hotel Sustainability Benchmarking Index,https://greenview.sg/resources/chsb-index/
2023,Polonia,POL,5,CHSB 2025,2023,Greenview CHSB public dataset,36.771416,kgCO2e/occupied room-night,COUNTRY_STAR_WEIGHTED,9,False,False,Greenview / Cornell Hotel Sustainability Benchmarking Index,https://greenview.sg/resources/chsb-index/
2023,Polonia,POL,unknown,CHSB 2025,2023,Greenview CHSB public dataset,27.110225,kgCO2e/occupied room-night,COUNTRY_NONRESORT,52,False,False,Greenview / Cornell Hotel Sustainability Benchmarking Index,https://greenview.sg/resources/chsb-index/
2023,Portugal,PRT,2,CHSB 2025,2023,Greenview CHSB public dataset,14.894624,kgCO2e/occupied room-night,GLOBAL_STAR_FALLBACK,6977,False,True,Greenview / Cornell Hotel Sustainability Benchmarking Index,https://greenview.sg/resources/chsb-index/
2023,Portugal,PRT,3,CHSB 2025,2023,Greenview CHSB public dataset,19.14257,kgCO2e/occupied room-night,GLOBAL_STAR_FALLBACK,7773,False,True,Greenview / Cornell Hotel Sustainability Benchmarking Index,https://greenview.sg/resources/chsb-index/
2023,Portugal,PRT,4,CHSB 2025,2023,Greenview CHSB public dataset,14.997591,kgCO2e/occupied room-night,COUNTRY_STAR_WEIGHTED,12,False,False,Greenview / Cornell Hotel Sustainability Benchmarking Index,https://greenview.sg/resources/chsb-index/
2023,Portugal,PRT,5,CHSB 2025,2023,Greenview CHSB public dataset,49.85776,kgCO2e/occupied room-night,GLOBAL_STAR_FALLBACK,696,False,True,Greenview / Cornell Hotel Sustainability Benchmarking Index,https://greenview.sg/resources/chsb-index/
2023,Portugal,PRT,unknown,CHSB 2025,2023,Greenview CHSB public dataset,12.269052,kgCO2e/occupied room-night,COUNTRY_NONRESORT,26,False,False,Greenview / Cornell Hotel Sustainability Benchmarking Index,https://greenview.sg/resources/chsb-index/
2023,Puerto Rico,PRI,2,CHSB 2025,2023,Greenview CHSB public dataset,14.894624,kgCO2e/occupied room-night,GLOBAL_STAR_FALLBACK,6977,False,True,Greenview / Cornell Hotel Sustainability Benchmarking Index,https://greenview.sg/resources/chsb-index/
2023,Puerto Rico,PRI,3,CHSB 2025,2023,Greenview CHSB public dataset,41.260397,kgCO2e/occupied room-night,COUNTRY_STAR_WEIGHTED,8,False,False,Greenview / Cornell Hotel Sustainability Benchmarking Index,https://greenview.sg/resources/chsb-index/
2023,Puerto Rico,PRI,4,CHSB 2025,2023,Greenview CHSB public dataset,32.328082,kgCO2e/occupied room-night,GLOBAL_STAR_FALLBACK,3107,False,True,Greenview / Cornell Hotel Sustainability Benchmarking Index,https://greenview.sg/resources/chsb-index/
2023,Puerto Rico,PRI,5,CHSB 2025,2023,Greenview CHSB public dataset,49.85776,kgCO2e/occupied room-night,GLOBAL_STAR_FALLBACK,696,False,True,Greenview / Cornell Hotel Sustainability Benchmarking Index,https://greenview.sg/resources/chsb-index/
2023,Puerto Rico,PRI,unknown,CHSB 2025,2023,Greenview CHSB public dataset,42.575805,kgCO2e/occupied room-night,COUNTRY_NONRESORT,13,False,False,Greenview / Cornell Hotel Sustainability Benchmarking Index,https://greenview.sg/resources/chsb-index/
2023,Reino Unido,GBR,2,CHSB 2025,2023,Greenview CHSB public dataset,7.306148,kgCO2e/occupied room-night,COUNTRY_STAR_WEIGHTED,74,False,False,Greenview / Cornell Hotel Sustainability Benchmarking Index,https://greenview.sg/resources/chsb-index/
2023,Reino Unido,GBR,3,CHSB 2025,2023,Greenview CHSB public dataset,9.826417,kgCO2e/occupied room-night,COUNTRY_STAR_WEIGHTED,241,False,False,Greenview / Cornell Hotel Sustainability Benchmarking Index,https://greenview.sg/resources/chsb-index/
2023,Reino Unido,GBR,4,CHSB 2025,2023,Greenview CHSB public dataset,14.479032,kgCO2e/occupied room-night,COUNTRY_STAR_WEIGHTED,214,False,False,Greenview / Cornell Hotel Sustainability Benchmarking Index,https://greenview.sg/resources/chsb-index/
2023,Reino Unido,GBR,5,CHSB 2025,2023,Greenview CHSB public dataset,24.443384,kgCO2e/occupied room-night,COUNTRY_STAR_WEIGHTED,30,False,False,Greenview / Cornell Hotel Sustainability Benchmarking Index,https://greenview.sg/resources/chsb-index/
2023,Reino Unido,GBR,unknown,CHSB 2025,2023,Greenview CHSB public dataset,12.058383,kgCO2e/occupied room-night,COUNTRY_NONRESORT,559,False,False,Greenview / Cornell Hotel Sustainability Benchmarking Index,https://greenview.sg/resources/chsb-index/
2023,República Centroafricana,CAF,2,CHSB 2025,2023,Greenview CHSB public dataset,14.894624,kgCO2e/occupied room-night,GLOBAL_STAR_FALLBACK,6977,False,True,Greenview / Cornell Hotel Sustainability Benchmarking Index,https://greenview.sg/resources/chsb-index/
2023,República Centroafricana,CAF,3,CHSB 2025,2023,Greenview CHSB public dataset,19.14257,kgCO2e/occupied room-night,GLOBAL_STAR_FALLBACK,7773,False,True,Greenview / Cornell Hotel Sustainability Benchmarking Index,https://greenview.sg/resources/chsb-index/
2023,República Centroafricana,CAF,4,CHSB 2025,2023,Greenview CHSB public dataset,32.328082,kgCO2e/occupied room-night,GLOBAL_STAR_FALLBACK,3107,False,True,Greenview / Cornell Hotel Sustainability Benchmarking Index,https://greenview.sg/resources/chsb-index/
2023,República Centroafricana,CAF,5,CHSB 2025,2023,Greenview CHSB public dataset,49.85776,kgCO2e/occupied room-night,GLOBAL_STAR_FALLBACK,696,False,True,Greenview / Cornell Hotel Sustainability Benchmarking Index,https://greenview.sg/resources/chsb-index/
2023,República Centroafricana,CAF,unknown,CHSB 2025,2023,Greenview CHSB public dataset,20.2405,kgCO2e/occupied room-night,GLOBAL_UNKNOWN_FALLBACK,18308,False,True,Greenview / Cornell Hotel Sustainability Benchmarking Index,https://greenview.sg/resources/chsb-index/
2023,República Democrática del Congo,COD,2,CHSB 2025,2023,Greenview CHSB public dataset,14.894624,kgCO2e/occupied room-night,GLOBAL_STAR_FALLBACK,6977,False,True,Greenview / Cornell Hotel Sustainability Benchmarking Index,https://greenview.sg/resources/chsb-index/
2023,República Democrática del Congo,COD,3,CHSB 2025,2023,Greenview CHSB public dataset,19.14257,kgCO2e/occupied room-night,GLOBAL_STAR_FALLBACK,7773,False,True,Greenview / Cornell Hotel Sustainability Benchmarking Index,https://greenview.sg/resources/chsb-index/
2023,República Democrática del Congo,COD,4,CHSB 2025,2023,Greenview CHSB public dataset,32.328082,kgCO2e/occupied room-night,GLOBAL_STAR_FALLBACK,3107,False,True,Greenview / Cornell Hotel Sustainability Benchmarking Index,https://greenview.sg/resources/chsb-index/
2023,República Democrática del Congo,COD,5,CHSB 2025,2023,Greenview CHSB public dataset,49.85776,kgCO2e/occupied room-night,GLOBAL_STAR_FALLBACK,696,False,True,Greenview / Cornell Hotel Sustainability Benchmarking Index,https://greenview.sg/resources/chsb-index/
2023,República Democrática del Congo,COD,unknown,CHSB 2025,2023,Greenview CHSB public dataset,20.2405,kgCO2e/occupied room-night,GLOBAL_UNKNOWN_FALLBACK,18308,False,True,Greenview / Cornell Hotel Sustainability Benchmarking Index,https://greenview.sg/resources/chsb-index/
2023,República Dominicana,DOM,2,CHSB 2025,2023,Greenview CHSB public dataset,14.894624,kgCO2e/occupied room-night,GLOBAL_STAR_FALLBACK,6977,False,True,Greenview / Cornell Hotel Sustainability Benchmarking Index,https://greenview.sg/resources/chsb-index/
2023,República Dominicana,DOM,3,CHSB 2025,2023,Greenview CHSB public dataset,19.14257,kgCO2e/occupied room-night,GLOBAL_STAR_FALLBACK,7773,False,True,Greenview / Cornell Hotel Sustainability Benchmarking Index,https://greenview.sg/resources/chsb-index/
2023,República Dominicana,DOM,4,CHSB 2025,2023,Greenview CHSB public dataset,32.328082,kgCO2e/occupied room-night,GLOBAL_STAR_FALLBACK,3107,False,True,Greenview / Cornell Hotel Sustainability Benchmarking Index,https://greenview.sg/resources/chsb-index/
2023,República Dominicana,DOM,5,CHSB 2025,2023,Greenview CHSB public dataset,49.85776,kgCO2e/occupied room-night,GLOBAL_STAR_FALLBACK,696,False,True,Greenview / Cornell Hotel Sustainability Benchmarking Index,https://greenview.sg/resources/chsb-index/
2023,República Dominicana,DOM,unknown,CHSB 2025,2023,Greenview CHSB public dataset,45.546752,kgCO2e/occupied room-night,COUNTRY_NONRESORT,11,False,False,Greenview / Cornell Hotel Sustainability Benchmarking Index,https://greenview.sg/resources/chsb-index/
2023,Ruanda,RWA,2,CHSB 2025,2023,Greenview CHSB public dataset,14.894624,kgCO2e/occupied room-night,GLOBAL_STAR_FALLBACK,6977,False,True,Greenview / Cornell Hotel Sustainability Benchmarking Index,https://greenview.sg/resources/chsb-index/
2023,Ruanda,RWA,3,CHSB 2025,2023,Greenview CHSB public dataset,19.14257,kgCO2e/occupied room-night,GLOBAL_STAR_FALLBACK,7773,False,True,Greenview / Cornell Hotel Sustainability Benchmarking Index,https://greenview.sg/resources/chsb-index/
2023,Ruanda,RWA,4,CHSB 2025,2023,Greenview CHSB public dataset,32.328082,kgCO2e/occupied room-night,GLOBAL_STAR_FALLBACK,3107,False,True,Greenview / Cornell Hotel Sustainability Benchmarking Index,https://greenview.sg/resources/chsb-index/
2023,Ruanda,RWA,5,CHSB 2025,2023,Greenview CHSB public dataset,49.85776,kgCO2e/occupied room-night,GLOBAL_STAR_FALLBACK,696,False,True,Greenview / Cornell Hotel Sustainability Benchmarking Index,https://greenview.sg/resources/chsb-index/
2023,Ruanda,RWA,unknown,CHSB 2025,2023,Greenview CHSB public dataset,20.2405,kgCO2e/occupied room-night,GLOBAL_UNKNOWN_FALLBACK,18308,False,True,Greenview / Cornell Hotel Sustainability Benchmarking Index,https://greenview.sg/resources/chsb-index/
2023,Rumania,ROU,2,CHSB 2025,2023,Greenview CHSB public dataset,14.894624,kgCO2e/occupied room-night,GLOBAL_STAR_FALLBACK,6977,False,True,Greenview / Cornell Hotel Sustainability Benchmarking Index,https://greenview.sg/resources/chsb-index/
2023,Rumania,ROU,3,CHSB 2025,2023,Greenview CHSB public dataset,19.14257,kgCO2e/occupied room-night,GLOBAL_STAR_FALLBACK,7773,False,True,Greenview / Cornell Hotel Sustainability Benchmarking Index,https://greenview.sg/resources/chsb-index/
2023,Rumania,ROU,4,CHSB 2025,2023,Greenview CHSB public dataset,32.328082,kgCO2e/occupied room-night,GLOBAL_STAR_FALLBACK,3107,False,True,Greenview / Cornell Hotel Sustainability Benchmarking Index,https://greenview.sg/resources/chsb-index/
2023,Rumania,ROU,5,CHSB 2025,2023,Greenview CHSB public dataset,49.85776,kgCO2e/occupied room-night,GLOBAL_STAR_FALLBACK,696,False,True,Greenview / Cornell Hotel Sustainability Benchmarking Index,https://greenview.sg/resources/chsb-index/
2023,Rumania,ROU,unknown,CHSB 2025,2023,Greenview CHSB public dataset,18.407603,kgCO2e/occupied room-night,COUNTRY_NONRESORT,13,False,False,Greenview / Cornell Hotel Sustainability Benchmarking Index,https://greenview.sg/resources/chsb-index/
2023,Rusia,RUS,2,CHSB 2025,2023,Greenview CHSB public dataset,14.894624,kgCO2e/occupied room-night,GLOBAL_STAR_FALLBACK,6977,False,True,Greenview / Cornell Hotel Sustainability Benchmarking Index,https://greenview.sg/resources/chsb-index/
2023,Rusia,RUS,3,CHSB 2025,2023,Greenview CHSB public dataset,29.311827,kgCO2e/occupied room-night,COUNTRY_STAR_WEIGHTED,8,False,False,Greenview / Cornell Hotel Sustainability Benchmarking Index,https://greenview.sg/resources/chsb-index/
2023,Rusia,RUS,4,CHSB 2025,2023,Greenview CHSB public dataset,32.328082,kgCO2e/occupied room-night,GLOBAL_STAR_FALLBACK,3107,False,True,Greenview / Cornell Hotel Sustainability Benchmarking Index,https://greenview.sg/resources/chsb-index/
2023,Rusia,RUS,5,CHSB 2025,2023,Greenview CHSB public dataset,49.85776,kgCO2e/occupied room-night,GLOBAL_STAR_FALLBACK,696,False,True,Greenview / Cornell Hotel Sustainability Benchmarking Index,https://greenview.sg/resources/chsb-index/
2023,Rusia,RUS,unknown,CHSB 2025,2023,Greenview CHSB public dataset,27.726715,kgCO2e/occupied room-night,COUNTRY_NONRESORT,19,False,False,Greenview / Cornell Hotel Sustainability Benchmarking Index,https://greenview.sg/resources/chsb-index/
2023,Samoa,WSM,2,CHSB 2025,2023,Greenview CHSB public dataset,14.894624,kgCO2e/occupied room-night,GLOBAL_STAR_FALLBACK,6977,False,True,Greenview / Cornell Hotel Sustainability Benchmarking Index,https://greenview.sg/resources/chsb-index/
2023,Samoa,WSM,3,CHSB 2025,2023,Greenview CHSB public dataset,19.14257,kgCO2e/occupied room-night,GLOBAL_STAR_FALLBACK,7773,False,True,Greenview / Cornell Hotel Sustainability Benchmarking Index,https://greenview.sg/resources/chsb-index/
2023,Samoa,WSM,4,CHSB 2025,2023,Greenview CHSB public dataset,32.328082,kgCO2e/occupied room-night,GLOBAL_STAR_FALLBACK,3107,False,True,Greenview / Cornell Hotel Sustainability Benchmarking Index,https://greenview.sg/resources/chsb-index/
2023,Samoa,WSM,5,CHSB 2025,2023,Greenview CHSB public dataset,49.85776,kgCO2e/occupied room-night,GLOBAL_STAR_FALLBACK,696,False,True,Greenview / Cornell Hotel Sustainability Benchmarking Index,https://greenview.sg/resources/chsb-index/
2023,Samoa,WSM,unknown,CHSB 2025,2023,Greenview CHSB public dataset,20.2405,kgCO2e/occupied room-night,GLOBAL_UNKNOWN_FALLBACK,18308,False,True,Greenview / Cornell Hotel Sustainability Benchmarking Index,https://greenview.sg/resources/chsb-index/
2023,San Cristóbal y Nieves,KNA,2,CHSB 2025,2023,Greenview CHSB public dataset,14.894624,kgCO2e/occupied room-night,GLOBAL_STAR_FALLBACK,6977,False,True,Greenview / Cornell Hotel Sustainability Benchmarking Index,https://greenview.sg/resources/chsb-index/
2023,San Cristóbal y Nieves,KNA,3,CHSB 2025,2023,Greenview CHSB public dataset,19.14257,kgCO2e/occupied room-night,GLOBAL_STAR_FALLBACK,7773,False,True,Greenview / Cornell Hotel Sustainability Benchmarking Index,https://greenview.sg/resources/chsb-index/
2023,San Cristóbal y Nieves,KNA,4,CHSB 2025,2023,Greenview CHSB public dataset,32.328082,kgCO2e/occupied room-night,GLOBAL_STAR_FALLBACK,3107,False,True,Greenview / Cornell Hotel Sustainability Benchmarking Index,https://greenview.sg/resources/chsb-index/
2023,San Cristóbal y Nieves,KNA,5,CHSB 2025,2023,Greenview CHSB public dataset,49.85776,kgCO2e/occupied room-night,GLOBAL_STAR_FALLBACK,696,False,True,Greenview / Cornell Hotel Sustainability Benchmarking Index,https://greenview.sg/resources/chsb-index/
2023,San Cristóbal y Nieves,KNA,unknown,CHSB 2025,2023,Greenview CHSB public dataset,20.2405,kgCO2e/occupied room-night,GLOBAL_UNKNOWN_FALLBACK,18308,False,True,Greenview / Cornell Hotel Sustainability Benchmarking Index,https://greenview.sg/resources/chsb-index/
2023,San Marino,SMR,2,CHSB 2025,2023,Greenview CHSB public dataset,14.894624,kgCO2e/occupied room-night,GLOBAL_STAR_FALLBACK,6977,False,True,Greenview / Cornell Hotel Sustainability Benchmarking Index,https://greenview.sg/resources/chsb-index/
2023,San Marino,SMR,3,CHSB 2025,2023,Greenview CHSB public dataset,19.14257,kgCO2e/occupied room-night,GLOBAL_STAR_FALLBACK,7773,False,True,Greenview / Cornell Hotel Sustainability Benchmarking Index,https://greenview.sg/resources/chsb-index/
2023,San Marino,SMR,4,CHSB 2025,2023,Greenview CHSB public dataset,32.328082,kgCO2e/occupied room-night,GLOBAL_STAR_FALLBACK,3107,False,True,Greenview / Cornell Hotel Sustainability Benchmarking Index,https://greenview.sg/resources/chsb-index/
2023,San Marino,SMR,5,CHSB 2025,2023,Greenview CHSB public dataset,49.85776,kgCO2e/occupied room-night,GLOBAL_STAR_FALLBACK,696,False,True,Greenview / Cornell Hotel Sustainability Benchmarking Index,https://greenview.sg/resources/chsb-index/
2023,San Marino,SMR,unknown,CHSB 2025,2023,Greenview CHSB public dataset,20.2405,kgCO2e/occupied room-night,GLOBAL_UNKNOWN_FALLBACK,18308,False,True,Greenview / Cornell Hotel Sustainability Benchmarking Index,https://greenview.sg/resources/chsb-index/
2023,San Vicente y las Granadinas,VCT,2,CHSB 2025,2023,Greenview CHSB public dataset,14.894624,kgCO2e/occupied room-night,GLOBAL_STAR_FALLBACK,6977,False,True,Greenview / Cornell Hotel Sustainability Benchmarking Index,https://greenview.sg/resources/chsb-index/
2023,San Vicente y las Granadinas,VCT,3,CHSB 2025,2023,Greenview CHSB public dataset,19.14257,kgCO2e/occupied room-night,GLOBAL_STAR_FALLBACK,7773,False,True,Greenview / Cornell Hotel Sustainability Benchmarking Index,https://greenview.sg/resources/chsb-index/
2023,San Vicente y las Granadinas,VCT,4,CHSB 2025,2023,Greenview CHSB public dataset,32.328082,kgCO2e/occupied room-night,GLOBAL_STAR_FALLBACK,3107,False,True,Greenview / Cornell Hotel Sustainability Benchmarking Index,https://greenview.sg/resources/chsb-index/
2023,San Vicente y las Granadinas,VCT,5,CHSB 2025,2023,Greenview CHSB public dataset,49.85776,kgCO2e/occupied room-night,GLOBAL_STAR_FALLBACK,696,False,True,Greenview / Cornell Hotel Sustainability Benchmarking Index,https://greenview.sg/resources/chsb-index/
2023,San Vicente y las Granadinas,VCT,unknown,CHSB 2025,2023,Greenview CHSB public dataset,20.2405,kgCO2e/occupied room-night,GLOBAL_UNKNOWN_FALLBACK,18308,False,True,Greenview / Cornell Hotel Sustainability Benchmarking Index,https://greenview.sg/resources/chsb-index/
2023,Santa Lucía,LCA,2,CHSB 2025,2023,Greenview CHSB public dataset,14.894624,kgCO2e/occupied room-night,GLOBAL_STAR_FALLBACK,6977,False,True,Greenview / Cornell Hotel Sustainability Benchmarking Index,https://greenview.sg/resources/chsb-index/
2023,Santa Lucía,LCA,3,CHSB 2025,2023,Greenview CHSB public dataset,19.14257,kgCO2e/occupied room-night,GLOBAL_STAR_FALLBACK,7773,False,True,Greenview / Cornell Hotel Sustainability Benchmarking Index,https://greenview.sg/resources/chsb-index/
2023,Santa Lucía,LCA,4,CHSB 2025,2023,Greenview CHSB public dataset,32.328082,kgCO2e/occupied room-night,GLOBAL_STAR_FALLBACK,3107,False,True,Greenview / Cornell Hotel Sustainability Benchmarking Index,https://greenview.sg/resources/chsb-index/
2023,Santa Lucía,LCA,5,CHSB 2025,2023,Greenview CHSB public dataset,49.85776,kgCO2e/occupied room-night,GLOBAL_STAR_FALLBACK,696,False,True,Greenview / Cornell Hotel Sustainability Benchmarking Index,https://greenview.sg/resources/chsb-index/
2023,Santa Lucía,LCA,unknown,CHSB 2025,2023,Greenview CHSB public dataset,20.2405,kgCO2e/occupied room-night,GLOBAL_UNKNOWN_FALLBACK,18308,False,True,Greenview / Cornell Hotel Sustainability Benchmarking Index,https://greenview.sg/resources/chsb-index/
2023,Santo Tomé y Príncipe,STP,2,CHSB 2025,2023,Greenview CHSB public dataset,14.894624,kgCO2e/occupied room-night,GLOBAL_STAR_FALLBACK,6977,False,True,Greenview / Cornell Hotel Sustainability Benchmarking Index,https://greenview.sg/resources/chsb-index/
2023,Santo Tomé y Príncipe,STP,3,CHSB 2025,2023,Greenview CHSB public dataset,19.14257,kgCO2e/occupied room-night,GLOBAL_STAR_FALLBACK,7773,False,True,Greenview / Cornell Hotel Sustainability Benchmarking Index,https://greenview.sg/resources/chsb-index/
2023,Santo Tomé y Príncipe,STP,4,CHSB 2025,2023,Greenview CHSB public dataset,32.328082,kgCO2e/occupied room-night,GLOBAL_STAR_FALLBACK,3107,False,True,Greenview / Cornell Hotel Sustainability Benchmarking Index,https://greenview.sg/resources/chsb-index/
2023,Santo Tomé y Príncipe,STP,5,CHSB 2025,2023,Greenview CHSB public dataset,49.85776,kgCO2e/occupied room-night,GLOBAL_STAR_FALLBACK,696,False,True,Greenview / Cornell Hotel Sustainability Benchmarking Index,https://greenview.sg/resources/chsb-index/
2023,Santo Tomé y Príncipe,STP,unknown,CHSB 2025,2023,Greenview CHSB public dataset,20.2405,kgCO2e/occupied room-night,GLOBAL_UNKNOWN_FALLBACK,18308,False,True,Greenview / Cornell Hotel Sustainability Benchmarking Index,https://greenview.sg/resources/chsb-index/
2023,Senegal,SEN,2,CHSB 2025,2023,Greenview CHSB public dataset,14.894624,kgCO2e/occupied room-night,GLOBAL_STAR_FALLBACK,6977,False,True,Greenview / Cornell Hotel Sustainability Benchmarking Index,https://greenview.sg/resources/chsb-index/
2023,Senegal,SEN,3,CHSB 2025,2023,Greenview CHSB public dataset,19.14257,kgCO2e/occupied room-night,GLOBAL_STAR_FALLBACK,7773,False,True,Greenview / Cornell Hotel Sustainability Benchmarking Index,https://greenview.sg/resources/chsb-index/
2023,Senegal,SEN,4,CHSB 2025,2023,Greenview CHSB public dataset,32.328082,kgCO2e/occupied room-night,GLOBAL_STAR_FALLBACK,3107,False,True,Greenview / Cornell Hotel Sustainability Benchmarking Index,https://greenview.sg/resources/chsb-index/
2023,Senegal,SEN,5,CHSB 2025,2023,Greenview CHSB public dataset,49.85776,kgCO2e/occupied room-night,GLOBAL_STAR_FALLBACK,696,False,True,Greenview / Cornell Hotel Sustainability Benchmarking Index,https://greenview.sg/resources/chsb-index/
2023,Senegal,SEN,unknown,CHSB 2025,2023,Greenview CHSB public dataset,20.2405,kgCO2e/occupied room-night,GLOBAL_UNKNOWN_FALLBACK,18308,False,True,Greenview / Cornell Hotel Sustainability Benchmarking Index,https://greenview.sg/resources/chsb-index/
2023,Serbia,SRB,2,CHSB 2025,2023,Greenview CHSB public dataset,14.894624,kgCO2e/occupied room-night,GLOBAL_STAR_FALLBACK,6977,False,True,Greenview / Cornell Hotel Sustainability Benchmarking Index,https://greenview.sg/resources/chsb-index/
2023,Serbia,SRB,3,CHSB 2025,2023,Greenview CHSB public dataset,19.14257,kgCO2e/occupied room-night,GLOBAL_STAR_FALLBACK,7773,False,True,Greenview / Cornell Hotel Sustainability Benchmarking Index,https://greenview.sg/resources/chsb-index/
2023,Serbia,SRB,4,CHSB 2025,2023,Greenview CHSB public dataset,32.328082,kgCO2e/occupied room-night,GLOBAL_STAR_FALLBACK,3107,False,True,Greenview / Cornell Hotel Sustainability Benchmarking Index,https://greenview.sg/resources/chsb-index/
2023,Serbia,SRB,5,CHSB 2025,2023,Greenview CHSB public dataset,49.85776,kgCO2e/occupied room-night,GLOBAL_STAR_FALLBACK,696,False,True,Greenview / Cornell Hotel Sustainability Benchmarking Index,https://greenview.sg/resources/chsb-index/
2023,Serbia,SRB,unknown,CHSB 2025,2023,Greenview CHSB public dataset,20.2405,kgCO2e/occupied room-night,GLOBAL_UNKNOWN_FALLBACK,18308,False,True,Greenview / Cornell Hotel Sustainability Benchmarking Index,https://greenview.sg/resources/chsb-index/
2023,Seychelles,SYC,2,CHSB 2025,2023,Greenview CHSB public dataset,14.894624,kgCO2e/occupied room-night,GLOBAL_STAR_FALLBACK,6977,False,True,Greenview / Cornell Hotel Sustainability Benchmarking Index,https://greenview.sg/resources/chsb-index/
2023,Seychelles,SYC,3,CHSB 2025,2023,Greenview CHSB public dataset,19.14257,kgCO2e/occupied room-night,GLOBAL_STAR_FALLBACK,7773,False,True,Greenview / Cornell Hotel Sustainability Benchmarking Index,https://greenview.sg/resources/chsb-index/
2023,Seychelles,SYC,4,CHSB 2025,2023,Greenview CHSB public dataset,32.328082,kgCO2e/occupied room-night,GLOBAL_STAR_FALLBACK,3107,False,True,Greenview / Cornell Hotel Sustainability Benchmarking Index,https://greenview.sg/resources/chsb-index/
2023,Seychelles,SYC,5,CHSB 2025,2023,Greenview CHSB public dataset,49.85776,kgCO2e/occupied room-night,GLOBAL_STAR_FALLBACK,696,False,True,Greenview / Cornell Hotel Sustainability Benchmarking Index,https://greenview.sg/resources/chsb-index/
2023,Seychelles,SYC,unknown,CHSB 2025,2023,Greenview CHSB public dataset,20.2405,kgCO2e/occupied room-night,GLOBAL_UNKNOWN_FALLBACK,18308,False,True,Greenview / Cornell Hotel Sustainability Benchmarking Index,https://greenview.sg/resources/chsb-index/
2023,Sierra Leona,SLE,2,CHSB 2025,2023,Greenview CHSB public dataset,14.894624,kgCO2e/occupied room-night,GLOBAL_STAR_FALLBACK,6977,False,True,Greenview / Cornell Hotel Sustainability Benchmarking Index,https://greenview.sg/resources/chsb-index/
2023,Sierra Leona,SLE,3,CHSB 2025,2023,Greenview CHSB public dataset,19.14257,kgCO2e/occupied room-night,GLOBAL_STAR_FALLBACK,7773,False,True,Greenview / Cornell Hotel Sustainability Benchmarking Index,https://greenview.sg/resources/chsb-index/
2023,Sierra Leona,SLE,4,CHSB 2025,2023,Greenview CHSB public dataset,32.328082,kgCO2e/occupied room-night,GLOBAL_STAR_FALLBACK,3107,False,True,Greenview / Cornell Hotel Sustainability Benchmarking Index,https://greenview.sg/resources/chsb-index/
2023,Sierra Leona,SLE,5,CHSB 2025,2023,Greenview CHSB public dataset,49.85776,kgCO2e/occupied room-night,GLOBAL_STAR_FALLBACK,696,False,True,Greenview / Cornell Hotel Sustainability Benchmarking Index,https://greenview.sg/resources/chsb-index/
2023,Sierra Leona,SLE,unknown,CHSB 2025,2023,Greenview CHSB public dataset,20.2405,kgCO2e/occupied room-night,GLOBAL_UNKNOWN_FALLBACK,18308,False,True,Greenview / Cornell Hotel Sustainability Benchmarking Index,https://greenview.sg/resources/chsb-index/
2023,Singapur,SGP,2,CHSB 2025,2023,Greenview CHSB public dataset,14.894624,kgCO2e/occupied room-night,GLOBAL_STAR_FALLBACK,6977,False,True,Greenview / Cornell Hotel Sustainability Benchmarking Index,https://greenview.sg/resources/chsb-index/
2023,Singapur,SGP,3,CHSB 2025,2023,Greenview CHSB public dataset,19.14257,kgCO2e/occupied room-night,GLOBAL_STAR_FALLBACK,7773,False,True,Greenview / Cornell Hotel Sustainability Benchmarking Index,https://greenview.sg/resources/chsb-index/
2023,Singapur,SGP,4,CHSB 2025,2023,Greenview CHSB public dataset,29.389785,kgCO2e/occupied room-night,COUNTRY_STAR_WEIGHTED,31,False,False,Greenview / Cornell Hotel Sustainability Benchmarking Index,https://greenview.sg/resources/chsb-index/
2023,Singapur,SGP,5,CHSB 2025,2023,Greenview CHSB public dataset,38.786024,kgCO2e/occupied room-night,COUNTRY_STAR_WEIGHTED,19,False,False,Greenview / Cornell Hotel Sustainability Benchmarking Index,https://greenview.sg/resources/chsb-index/
2023,Singapur,SGP,unknown,CHSB 2025,2023,Greenview CHSB public dataset,31.067247,kgCO2e/occupied room-night,COUNTRY_NONRESORT,55,False,False,Greenview / Cornell Hotel Sustainability Benchmarking Index,https://greenview.sg/resources/chsb-index/
2023,Siria,SYR,2,CHSB 2025,2023,Greenview CHSB public dataset,14.894624,kgCO2e/occupied room-night,GLOBAL_STAR_FALLBACK,6977,False,True,Greenview / Cornell Hotel Sustainability Benchmarking Index,https://greenview.sg/resources/chsb-index/
2023,Siria,SYR,3,CHSB 2025,2023,Greenview CHSB public dataset,19.14257,kgCO2e/occupied room-night,GLOBAL_STAR_FALLBACK,7773,False,True,Greenview / Cornell Hotel Sustainability Benchmarking Index,https://greenview.sg/resources/chsb-index/
2023,Siria,SYR,4,CHSB 2025,2023,Greenview CHSB public dataset,32.328082,kgCO2e/occupied room-night,GLOBAL_STAR_FALLBACK,3107,False,True,Greenview / Cornell Hotel Sustainability Benchmarking Index,https://greenview.sg/resources/chsb-index/
2023,Siria,SYR,5,CHSB 2025,2023,Greenview CHSB public dataset,49.85776,kgCO2e/occupied room-night,GLOBAL_STAR_FALLBACK,696,False,True,Greenview / Cornell Hotel Sustainability Benchmarking Index,https://greenview.sg/resources/chsb-index/
2023,Siria,SYR,unknown,CHSB 2025,2023,Greenview CHSB public dataset,20.2405,kgCO2e/occupied room-night,GLOBAL_UNKNOWN_FALLBACK,18308,False,True,Greenview / Cornell Hotel Sustainability Benchmarking Index,https://greenview.sg/resources/chsb-index/
2023,Somalia,SOM,2,CHSB 2025,2023,Greenview CHSB public dataset,14.894624,kgCO2e/occupied room-night,GLOBAL_STAR_FALLBACK,6977,False,True,Greenview / Cornell Hotel Sustainability Benchmarking Index,https://greenview.sg/resources/chsb-index/
2023,Somalia,SOM,3,CHSB 2025,2023,Greenview CHSB public dataset,19.14257,kgCO2e/occupied room-night,GLOBAL_STAR_FALLBACK,7773,False,True,Greenview / Cornell Hotel Sustainability Benchmarking Index,https://greenview.sg/resources/chsb-index/
2023,Somalia,SOM,4,CHSB 2025,2023,Greenview CHSB public dataset,32.328082,kgCO2e/occupied room-night,GLOBAL_STAR_FALLBACK,3107,False,True,Greenview / Cornell Hotel Sustainability Benchmarking Index,https://greenview.sg/resources/chsb-index/
2023,Somalia,SOM,5,CHSB 2025,2023,Greenview CHSB public dataset,49.85776,kgCO2e/occupied room-night,GLOBAL_STAR_FALLBACK,696,False,True,Greenview / Cornell Hotel Sustainability Benchmarking Index,https://greenview.sg/resources/chsb-index/
2023,Somalia,SOM,unknown,CHSB 2025,2023,Greenview CHSB public dataset,20.2405,kgCO2e/occupied room-night,GLOBAL_UNKNOWN_FALLBACK,18308,False,True,Greenview / Cornell Hotel Sustainability Benchmarking Index,https://greenview.sg/resources/chsb-index/
2023,Sri Lanka,LKA,2,CHSB 2025,2023,Greenview CHSB public dataset,14.894624,kgCO2e/occupied room-night,GLOBAL_STAR_FALLBACK,6977,False,True,Greenview / Cornell Hotel Sustainability Benchmarking Index,https://greenview.sg/resources/chsb-index/
2023,Sri Lanka,LKA,3,CHSB 2025,2023,Greenview CHSB public dataset,19.14257,kgCO2e/occupied room-night,GLOBAL_STAR_FALLBACK,7773,False,True,Greenview / Cornell Hotel Sustainability Benchmarking Index,https://greenview.sg/resources/chsb-index/
2023,Sri Lanka,LKA,4,CHSB 2025,2023,Greenview CHSB public dataset,32.328082,kgCO2e/occupied room-night,GLOBAL_STAR_FALLBACK,3107,False,True,Greenview / Cornell Hotel Sustainability Benchmarking Index,https://greenview.sg/resources/chsb-index/
2023,Sri Lanka,LKA,5,CHSB 2025,2023,Greenview CHSB public dataset,49.85776,kgCO2e/occupied room-night,GLOBAL_STAR_FALLBACK,696,False,True,Greenview / Cornell Hotel Sustainability Benchmarking Index,https://greenview.sg/resources/chsb-index/
2023,Sri Lanka,LKA,unknown,CHSB 2025,2023,Greenview CHSB public dataset,20.2405,kgCO2e/occupied room-night,GLOBAL_UNKNOWN_FALLBACK,18308,False,True,Greenview / Cornell Hotel Sustainability Benchmarking Index,https://greenview.sg/resources/chsb-index/
2023,Sudáfrica,ZAF,2,CHSB 2025,2023,Greenview CHSB public dataset,14.894624,kgCO2e/occupied room-night,GLOBAL_STAR_FALLBACK,6977,False,True,Greenview / Cornell Hotel Sustainability Benchmarking Index,https://greenview.sg/resources/chsb-index/
2023,Sudáfrica,ZAF,3,CHSB 2025,2023,Greenview CHSB public dataset,27.692036,kgCO2e/occupied room-night,COUNTRY_STAR_WEIGHTED,9,False,False,Greenview / Cornell Hotel Sustainability Benchmarking Index,https://greenview.sg/resources/chsb-index/
2023,Sudáfrica,ZAF,4,CHSB 2025,2023,Greenview CHSB public dataset,30.504903,kgCO2e/occupied room-night,COUNTRY_STAR_WEIGHTED,33,False,False,Greenview / Cornell Hotel Sustainability Benchmarking Index,https://greenview.sg/resources/chsb-index/
2023,Sudáfrica,ZAF,5,CHSB 2025,2023,Greenview CHSB public dataset,49.85776,kgCO2e/occupied room-night,GLOBAL_STAR_FALLBACK,696,False,True,Greenview / Cornell Hotel Sustainability Benchmarking Index,https://greenview.sg/resources/chsb-index/
2023,Sudáfrica,ZAF,unknown,CHSB 2025,2023,Greenview CHSB public dataset,33.254784,kgCO2e/occupied room-night,COUNTRY_NONRESORT,48,False,False,Greenview / Cornell Hotel Sustainability Benchmarking Index,https://greenview.sg/resources/chsb-index/
2023,Sudán,SDN,2,CHSB 2025,2023,Greenview CHSB public dataset,14.894624,kgCO2e/occupied room-night,GLOBAL_STAR_FALLBACK,6977,False,True,Greenview / Cornell Hotel Sustainability Benchmarking Index,https://greenview.sg/resources/chsb-index/
2023,Sudán,SDN,3,CHSB 2025,2023,Greenview CHSB public dataset,19.14257,kgCO2e/occupied room-night,GLOBAL_STAR_FALLBACK,7773,False,True,Greenview / Cornell Hotel Sustainability Benchmarking Index,https://greenview.sg/resources/chsb-index/
2023,Sudán,SDN,4,CHSB 2025,2023,Greenview CHSB public dataset,32.328082,kgCO2e/occupied room-night,GLOBAL_STAR_FALLBACK,3107,False,True,Greenview / Cornell Hotel Sustainability Benchmarking Index,https://greenview.sg/resources/chsb-index/
2023,Sudán,SDN,5,CHSB 2025,2023,Greenview CHSB public dataset,49.85776,kgCO2e/occupied room-night,GLOBAL_STAR_FALLBACK,696,False,True,Greenview / Cornell Hotel Sustainability Benchmarking Index,https://greenview.sg/resources/chsb-index/
2023,Sudán,SDN,unknown,CHSB 2025,2023,Greenview CHSB public dataset,20.2405,kgCO2e/occupied room-night,GLOBAL_UNKNOWN_FALLBACK,18308,False,True,Greenview / Cornell Hotel Sustainability Benchmarking Index,https://greenview.sg/resources/chsb-index/
2023,Sudán del Sur,SSD,2,CHSB 2025,2023,Greenview CHSB public dataset,14.894624,kgCO2e/occupied room-night,GLOBAL_STAR_FALLBACK,6977,False,True,Greenview / Cornell Hotel Sustainability Benchmarking Index,https://greenview.sg/resources/chsb-index/
2023,Sudán del Sur,SSD,3,CHSB 2025,2023,Greenview CHSB public dataset,19.14257,kgCO2e/occupied room-night,GLOBAL_STAR_FALLBACK,7773,False,True,Greenview / Cornell Hotel Sustainability Benchmarking Index,https://greenview.sg/resources/chsb-index/
2023,Sudán del Sur,SSD,4,CHSB 2025,2023,Greenview CHSB public dataset,32.328082,kgCO2e/occupied room-night,GLOBAL_STAR_FALLBACK,3107,False,True,Greenview / Cornell Hotel Sustainability Benchmarking Index,https://greenview.sg/resources/chsb-index/
2023,Sudán del Sur,SSD,5,CHSB 2025,2023,Greenview CHSB public dataset,49.85776,kgCO2e/occupied room-night,GLOBAL_STAR_FALLBACK,696,False,True,Greenview / Cornell Hotel Sustainability Benchmarking Index,https://greenview.sg/resources/chsb-index/
2023,Sudán del Sur,SSD,unknown,CHSB 2025,2023,Greenview CHSB public dataset,20.2405,kgCO2e/occupied room-night,GLOBAL_UNKNOWN_FALLBACK,18308,False,True,Greenview / Cornell Hotel Sustainability Benchmarking Index,https://greenview.sg/resources/chsb-index/
2023,Suecia,SWE,2,CHSB 2025,2023,Greenview CHSB public dataset,14.894624,kgCO2e/occupied room-night,GLOBAL_STAR_FALLBACK,6977,False,True,Greenview / Cornell Hotel Sustainability Benchmarking Index,https://greenview.sg/resources/chsb-index/
2023,Suecia,SWE,3,CHSB 2025,2023,Greenview CHSB public dataset,19.14257,kgCO2e/occupied room-night,GLOBAL_STAR_FALLBACK,7773,False,True,Greenview / Cornell Hotel Sustainability Benchmarking Index,https://greenview.sg/resources/chsb-index/
2023,Suecia,SWE,4,CHSB 2025,2023,Greenview CHSB public dataset,32.328082,kgCO2e/occupied room-night,GLOBAL_STAR_FALLBACK,3107,False,True,Greenview / Cornell Hotel Sustainability Benchmarking Index,https://greenview.sg/resources/chsb-index/
2023,Suecia,SWE,5,CHSB 2025,2023,Greenview CHSB public dataset,49.85776,kgCO2e/occupied room-night,GLOBAL_STAR_FALLBACK,696,False,True,Greenview / Cornell Hotel Sustainability Benchmarking Index,https://greenview.sg/resources/chsb-index/
2023,Suecia,SWE,unknown,CHSB 2025,2023,Greenview CHSB public dataset,20.2405,kgCO2e/occupied room-night,GLOBAL_UNKNOWN_FALLBACK,18308,False,True,Greenview / Cornell Hotel Sustainability Benchmarking Index,https://greenview.sg/resources/chsb-index/
2023,Suiza,CHE,2,CHSB 2025,2023,Greenview CHSB public dataset,14.894624,kgCO2e/occupied room-night,GLOBAL_STAR_FALLBACK,6977,False,True,Greenview / Cornell Hotel Sustainability Benchmarking Index,https://greenview.sg/resources/chsb-index/
2023,Suiza,CHE,3,CHSB 2025,2023,Greenview CHSB public dataset,19.14257,kgCO2e/occupied room-night,GLOBAL_STAR_FALLBACK,7773,False,True,Greenview / Cornell Hotel Sustainability Benchmarking Index,https://greenview.sg/resources/chsb-index/
2023,Suiza,CHE,4,CHSB 2025,2023,Greenview CHSB public dataset,6.162642,kgCO2e/occupied room-night,COUNTRY_STAR_WEIGHTED,17,False,False,Greenview / Cornell Hotel Sustainability Benchmarking Index,https://greenview.sg/resources/chsb-index/
2023,Suiza,CHE,5,CHSB 2025,2023,Greenview CHSB public dataset,8.670319,kgCO2e/occupied room-night,COUNTRY_STAR_WEIGHTED,10,False,False,Greenview / Cornell Hotel Sustainability Benchmarking Index,https://greenview.sg/resources/chsb-index/
2023,Suiza,CHE,unknown,CHSB 2025,2023,Greenview CHSB public dataset,6.552783,kgCO2e/occupied room-night,COUNTRY_NONRESORT,37,False,False,Greenview / Cornell Hotel Sustainability Benchmarking Index,https://greenview.sg/resources/chsb-index/
2023,Surinam,SUR,2,CHSB 2025,2023,Greenview CHSB public dataset,14.894624,kgCO2e/occupied room-night,GLOBAL_STAR_FALLBACK,6977,False,True,Greenview / Cornell Hotel Sustainability Benchmarking Index,https://greenview.sg/resources/chsb-index/
2023,Surinam,SUR,3,CHSB 2025,2023,Greenview CHSB public dataset,19.14257,kgCO2e/occupied room-night,GLOBAL_STAR_FALLBACK,7773,False,True,Greenview / Cornell Hotel Sustainability Benchmarking Index,https://greenview.sg/resources/chsb-index/
2023,Surinam,SUR,4,CHSB 2025,2023,Greenview CHSB public dataset,32.328082,kgCO2e/occupied room-night,GLOBAL_STAR_FALLBACK,3107,False,True,Greenview / Cornell Hotel Sustainability Benchmarking Index,https://greenview.sg/resources/chsb-index/
2023,Surinam,SUR,5,CHSB 2025,2023,Greenview CHSB public dataset,49.85776,kgCO2e/occupied room-night,GLOBAL_STAR_FALLBACK,696,False,True,Greenview / Cornell Hotel Sustainability Benchmarking Index,https://greenview.sg/resources/chsb-index/
2023,Surinam,SUR,unknown,CHSB 2025,2023,Greenview CHSB public dataset,20.2405,kgCO2e/occupied room-night,GLOBAL_UNKNOWN_FALLBACK,18308,False,True,Greenview / Cornell Hotel Sustainability Benchmarking Index,https://greenview.sg/resources/chsb-index/
2023,Tailandia,THA,2,CHSB 2025,2023,Greenview CHSB public dataset,14.894624,kgCO2e/occupied room-night,GLOBAL_STAR_FALLBACK,6977,False,True,Greenview / Cornell Hotel Sustainability Benchmarking Index,https://greenview.sg/resources/chsb-index/
2023,Tailandia,THA,3,CHSB 2025,2023,Greenview CHSB public dataset,28.066191,kgCO2e/occupied room-night,COUNTRY_STAR_WEIGHTED,24,False,False,Greenview / Cornell Hotel Sustainability Benchmarking Index,https://greenview.sg/resources/chsb-index/
2023,Tailandia,THA,4,CHSB 2025,2023,Greenview CHSB public dataset,34.81935,kgCO2e/occupied room-night,COUNTRY_STAR_WEIGHTED,58,False,False,Greenview / Cornell Hotel Sustainability Benchmarking Index,https://greenview.sg/resources/chsb-index/
2023,Tailandia,THA,5,CHSB 2025,2023,Greenview CHSB public dataset,54.272018,kgCO2e/occupied room-night,COUNTRY_STAR_WEIGHTED,46,False,False,Greenview / Cornell Hotel Sustainability Benchmarking Index,https://greenview.sg/resources/chsb-index/
2023,Tailandia,THA,unknown,CHSB 2025,2023,Greenview CHSB public dataset,37.600549,kgCO2e/occupied room-night,COUNTRY_NONRESORT,67,False,False,Greenview / Cornell Hotel Sustainability Benchmarking Index,https://greenview.sg/resources/chsb-index/
2023,Taiwán (República de China),TWN,2,CHSB 2025,2023,Greenview CHSB public dataset,14.894624,kgCO2e/occupied room-night,GLOBAL_STAR_FALLBACK,6977,False,True,Greenview / Cornell Hotel Sustainability Benchmarking Index,https://greenview.sg/resources/chsb-index/
2023,Taiwán (República de China),TWN,3,CHSB 2025,2023,Greenview CHSB public dataset,34.77945,kgCO2e/occupied room-night,COUNTRY_STAR_WEIGHTED,10,False,False,Greenview / Cornell Hotel Sustainability Benchmarking Index,https://greenview.sg/resources/chsb-index/
2023,Taiwán (República de China),TWN,4,CHSB 2025,2023,Greenview CHSB public dataset,48.515168,kgCO2e/occupied room-night,COUNTRY_STAR_WEIGHTED,19,False,False,Greenview / Cornell Hotel Sustainability Benchmarking Index,https://greenview.sg/resources/chsb-index/
2023,Taiwán (República de China),TWN,5,CHSB 2025,2023,Greenview CHSB public dataset,49.85776,kgCO2e/occupied room-night,GLOBAL_STAR_FALLBACK,696,False,True,Greenview / Cornell Hotel Sustainability Benchmarking Index,https://greenview.sg/resources/chsb-index/
2023,Taiwán (República de China),TWN,unknown,CHSB 2025,2023,Greenview CHSB public dataset,41.284164,kgCO2e/occupied room-night,COUNTRY_NONRESORT,37,False,False,Greenview / Cornell Hotel Sustainability Benchmarking Index,https://greenview.sg/resources/chsb-index/
2023,Tanzania,TZA,2,CHSB 2025,2023,Greenview CHSB public dataset,14.894624,kgCO2e/occupied room-night,GLOBAL_STAR_FALLBACK,6977,False,True,Greenview / Cornell Hotel Sustainability Benchmarking Index,https://greenview.sg/resources/chsb-index/
2023,Tanzania,TZA,3,CHSB 2025,2023,Greenview CHSB public dataset,19.14257,kgCO2e/occupied room-night,GLOBAL_STAR_FALLBACK,7773,False,True,Greenview / Cornell Hotel Sustainability Benchmarking Index,https://greenview.sg/resources/chsb-index/
2023,Tanzania,TZA,4,CHSB 2025,2023,Greenview CHSB public dataset,32.328082,kgCO2e/occupied room-night,GLOBAL_STAR_FALLBACK,3107,False,True,Greenview / Cornell Hotel Sustainability Benchmarking Index,https://greenview.sg/resources/chsb-index/
2023,Tanzania,TZA,5,CHSB 2025,2023,Greenview CHSB public dataset,49.85776,kgCO2e/occupied room-night,GLOBAL_STAR_FALLBACK,696,False,True,Greenview / Cornell Hotel Sustainability Benchmarking Index,https://greenview.sg/resources/chsb-index/
2023,Tanzania,TZA,unknown,CHSB 2025,2023,Greenview CHSB public dataset,24.350007,kgCO2e/occupied room-night,COUNTRY_NONRESORT,8,False,False,Greenview / Cornell Hotel Sustainability Benchmarking Index,https://greenview.sg/resources/chsb-index/
2023,Tayikistán,TJK,2,CHSB 2025,2023,Greenview CHSB public dataset,14.894624,kgCO2e/occupied room-night,GLOBAL_STAR_FALLBACK,6977,False,True,Greenview / Cornell Hotel Sustainability Benchmarking Index,https://greenview.sg/resources/chsb-index/
2023,Tayikistán,TJK,3,CHSB 2025,2023,Greenview CHSB public dataset,19.14257,kgCO2e/occupied room-night,GLOBAL_STAR_FALLBACK,7773,False,True,Greenview / Cornell Hotel Sustainability Benchmarking Index,https://greenview.sg/resources/chsb-index/
2023,Tayikistán,TJK,4,CHSB 2025,2023,Greenview CHSB public dataset,32.328082,kgCO2e/occupied room-night,GLOBAL_STAR_FALLBACK,3107,False,True,Greenview / Cornell Hotel Sustainability Benchmarking Index,https://greenview.sg/resources/chsb-index/
2023,Tayikistán,TJK,5,CHSB 2025,2023,Greenview CHSB public dataset,49.85776,kgCO2e/occupied room-night,GLOBAL_STAR_FALLBACK,696,False,True,Greenview / Cornell Hotel Sustainability Benchmarking Index,https://greenview.sg/resources/chsb-index/
2023,Tayikistán,TJK,unknown,CHSB 2025,2023,Greenview CHSB public dataset,20.2405,kgCO2e/occupied room-night,GLOBAL_UNKNOWN_FALLBACK,18308,False,True,Greenview / Cornell Hotel Sustainability Benchmarking Index,https://greenview.sg/resources/chsb-index/
2023,Timor Oriental,TLS,2,CHSB 2025,2023,Greenview CHSB public dataset,14.894624,kgCO2e/occupied room-night,GLOBAL_STAR_FALLBACK,6977,False,True,Greenview / Cornell Hotel Sustainability Benchmarking Index,https://greenview.sg/resources/chsb-index/
2023,Timor Oriental,TLS,3,CHSB 2025,2023,Greenview CHSB public dataset,19.14257,kgCO2e/occupied room-night,GLOBAL_STAR_FALLBACK,7773,False,True,Greenview / Cornell Hotel Sustainability Benchmarking Index,https://greenview.sg/resources/chsb-index/
2023,Timor Oriental,TLS,4,CHSB 2025,2023,Greenview CHSB public dataset,32.328082,kgCO2e/occupied room-night,GLOBAL_STAR_FALLBACK,3107,False,True,Greenview / Cornell Hotel Sustainability Benchmarking Index,https://greenview.sg/resources/chsb-index/
2023,Timor Oriental,TLS,5,CHSB 2025,2023,Greenview CHSB public dataset,49.85776,kgCO2e/occupied room-night,GLOBAL_STAR_FALLBACK,696,False,True,Greenview / Cornell Hotel Sustainability Benchmarking Index,https://greenview.sg/resources/chsb-index/
2023,Timor Oriental,TLS,unknown,CHSB 2025,2023,Greenview CHSB public dataset,20.2405,kgCO2e/occupied room-night,GLOBAL_UNKNOWN_FALLBACK,18308,False,True,Greenview / Cornell Hotel Sustainability Benchmarking Index,https://greenview.sg/resources/chsb-index/
2023,Togo,TGO,2,CHSB 2025,2023,Greenview CHSB public dataset,14.894624,kgCO2e/occupied room-night,GLOBAL_STAR_FALLBACK,6977,False,True,Greenview / Cornell Hotel Sustainability Benchmarking Index,https://greenview.sg/resources/chsb-index/
2023,Togo,TGO,3,CHSB 2025,2023,Greenview CHSB public dataset,19.14257,kgCO2e/occupied room-night,GLOBAL_STAR_FALLBACK,7773,False,True,Greenview / Cornell Hotel Sustainability Benchmarking Index,https://greenview.sg/resources/chsb-index/
2023,Togo,TGO,4,CHSB 2025,2023,Greenview CHSB public dataset,32.328082,kgCO2e/occupied room-night,GLOBAL_STAR_FALLBACK,3107,False,True,Greenview / Cornell Hotel Sustainability Benchmarking Index,https://greenview.sg/resources/chsb-index/
2023,Togo,TGO,5,CHSB 2025,2023,Greenview CHSB public dataset,49.85776,kgCO2e/occupied room-night,GLOBAL_STAR_FALLBACK,696,False,True,Greenview / Cornell Hotel Sustainability Benchmarking Index,https://greenview.sg/resources/chsb-index/
2023,Togo,TGO,unknown,CHSB 2025,2023,Greenview CHSB public dataset,20.2405,kgCO2e/occupied room-night,GLOBAL_UNKNOWN_FALLBACK,18308,False,True,Greenview / Cornell Hotel Sustainability Benchmarking Index,https://greenview.sg/resources/chsb-index/
2023,Tonga,TON,2,CHSB 2025,2023,Greenview CHSB public dataset,14.894624,kgCO2e/occupied room-night,GLOBAL_STAR_FALLBACK,6977,False,True,Greenview / Cornell Hotel Sustainability Benchmarking Index,https://greenview.sg/resources/chsb-index/
2023,Tonga,TON,3,CHSB 2025,2023,Greenview CHSB public dataset,19.14257,kgCO2e/occupied room-night,GLOBAL_STAR_FALLBACK,7773,False,True,Greenview / Cornell Hotel Sustainability Benchmarking Index,https://greenview.sg/resources/chsb-index/
2023,Tonga,TON,4,CHSB 2025,2023,Greenview CHSB public dataset,32.328082,kgCO2e/occupied room-night,GLOBAL_STAR_FALLBACK,3107,False,True,Greenview / Cornell Hotel Sustainability Benchmarking Index,https://greenview.sg/resources/chsb-index/
2023,Tonga,TON,5,CHSB 2025,2023,Greenview CHSB public dataset,49.85776,kgCO2e/occupied room-night,GLOBAL_STAR_FALLBACK,696,False,True,Greenview / Cornell Hotel Sustainability Benchmarking Index,https://greenview.sg/resources/chsb-index/
2023,Tonga,TON,unknown,CHSB 2025,2023,Greenview CHSB public dataset,20.2405,kgCO2e/occupied room-night,GLOBAL_UNKNOWN_FALLBACK,18308,False,True,Greenview / Cornell Hotel Sustainability Benchmarking Index,https://greenview.sg/resources/chsb-index/
2023,Trinidad y Tobago,TTO,2,CHSB 2025,2023,Greenview CHSB public dataset,14.894624,kgCO2e/occupied room-night,GLOBAL_STAR_FALLBACK,6977,False,True,Greenview / Cornell Hotel Sustainability Benchmarking Index,https://greenview.sg/resources/chsb-index/
2023,Trinidad y Tobago,TTO,3,CHSB 2025,2023,Greenview CHSB public dataset,19.14257,kgCO2e/occupied room-night,GLOBAL_STAR_FALLBACK,7773,False,True,Greenview / Cornell Hotel Sustainability Benchmarking Index,https://greenview.sg/resources/chsb-index/
2023,Trinidad y Tobago,TTO,4,CHSB 2025,2023,Greenview CHSB public dataset,32.328082,kgCO2e/occupied room-night,GLOBAL_STAR_FALLBACK,3107,False,True,Greenview / Cornell Hotel Sustainability Benchmarking Index,https://greenview.sg/resources/chsb-index/
2023,Trinidad y Tobago,TTO,5,CHSB 2025,2023,Greenview CHSB public dataset,49.85776,kgCO2e/occupied room-night,GLOBAL_STAR_FALLBACK,696,False,True,Greenview / Cornell Hotel Sustainability Benchmarking Index,https://greenview.sg/resources/chsb-index/
2023,Trinidad y Tobago,TTO,unknown,CHSB 2025,2023,Greenview CHSB public dataset,20.2405,kgCO2e/occupied room-night,GLOBAL_UNKNOWN_FALLBACK,18308,False,True,Greenview / Cornell Hotel Sustainability Benchmarking Index,https://greenview.sg/resources/chsb-index/
2023,Turkmenistán,TKM,2,CHSB 2025,2023,Greenview CHSB public dataset,14.894624,kgCO2e/occupied room-night,GLOBAL_STAR_FALLBACK,6977,False,True,Greenview / Cornell Hotel Sustainability Benchmarking Index,https://greenview.sg/resources/chsb-index/
2023,Turkmenistán,TKM,3,CHSB 2025,2023,Greenview CHSB public dataset,19.14257,kgCO2e/occupied room-night,GLOBAL_STAR_FALLBACK,7773,False,True,Greenview / Cornell Hotel Sustainability Benchmarking Index,https://greenview.sg/resources/chsb-index/
2023,Turkmenistán,TKM,4,CHSB 2025,2023,Greenview CHSB public dataset,32.328082,kgCO2e/occupied room-night,GLOBAL_STAR_FALLBACK,3107,False,True,Greenview / Cornell Hotel Sustainability Benchmarking Index,https://greenview.sg/resources/chsb-index/
2023,Turkmenistán,TKM,5,CHSB 2025,2023,Greenview CHSB public dataset,49.85776,kgCO2e/occupied room-night,GLOBAL_STAR_FALLBACK,696,False,True,Greenview / Cornell Hotel Sustainability Benchmarking Index,https://greenview.sg/resources/chsb-index/
2023,Turkmenistán,TKM,unknown,CHSB 2025,2023,Greenview CHSB public dataset,20.2405,kgCO2e/occupied room-night,GLOBAL_UNKNOWN_FALLBACK,18308,False,True,Greenview / Cornell Hotel Sustainability Benchmarking Index,https://greenview.sg/resources/chsb-index/
2023,Turquía,TUR,2,CHSB 2025,2023,Greenview CHSB public dataset,18.007265,kgCO2e/occupied room-night,COUNTRY_STAR_WEIGHTED,11,False,False,Greenview / Cornell Hotel Sustainability Benchmarking Index,https://greenview.sg/resources/chsb-index/
2023,Turquía,TUR,3,CHSB 2025,2023,Greenview CHSB public dataset,25.302397,kgCO2e/occupied room-night,COUNTRY_STAR_WEIGHTED,44,False,False,Greenview / Cornell Hotel Sustainability Benchmarking Index,https://greenview.sg/resources/chsb-index/
2023,Turquía,TUR,4,CHSB 2025,2023,Greenview CHSB public dataset,41.166304,kgCO2e/occupied room-night,COUNTRY_STAR_WEIGHTED,42,False,False,Greenview / Cornell Hotel Sustainability Benchmarking Index,https://greenview.sg/resources/chsb-index/
2023,Turquía,TUR,5,CHSB 2025,2023,Greenview CHSB public dataset,44.408468,kgCO2e/occupied room-night,COUNTRY_STAR_WEIGHTED,29,False,False,Greenview / Cornell Hotel Sustainability Benchmarking Index,https://greenview.sg/resources/chsb-index/
2023,Turquía,TUR,unknown,CHSB 2025,2023,Greenview CHSB public dataset,34.350919,kgCO2e/occupied room-night,COUNTRY_NONRESORT,126,False,False,Greenview / Cornell Hotel Sustainability Benchmarking Index,https://greenview.sg/resources/chsb-index/
2023,Tuvalu,TUV,2,CHSB 2025,2023,Greenview CHSB public dataset,14.894624,kgCO2e/occupied room-night,GLOBAL_STAR_FALLBACK,6977,False,True,Greenview / Cornell Hotel Sustainability Benchmarking Index,https://greenview.sg/resources/chsb-index/
2023,Tuvalu,TUV,3,CHSB 2025,2023,Greenview CHSB public dataset,19.14257,kgCO2e/occupied room-night,GLOBAL_STAR_FALLBACK,7773,False,True,Greenview / Cornell Hotel Sustainability Benchmarking Index,https://greenview.sg/resources/chsb-index/
2023,Tuvalu,TUV,4,CHSB 2025,2023,Greenview CHSB public dataset,32.328082,kgCO2e/occupied room-night,GLOBAL_STAR_FALLBACK,3107,False,True,Greenview / Cornell Hotel Sustainability Benchmarking Index,https://greenview.sg/resources/chsb-index/
2023,Tuvalu,TUV,5,CHSB 2025,2023,Greenview CHSB public dataset,49.85776,kgCO2e/occupied room-night,GLOBAL_STAR_FALLBACK,696,False,True,Greenview / Cornell Hotel Sustainability Benchmarking Index,https://greenview.sg/resources/chsb-index/
2023,Tuvalu,TUV,unknown,CHSB 2025,2023,Greenview CHSB public dataset,20.2405,kgCO2e/occupied room-night,GLOBAL_UNKNOWN_FALLBACK,18308,False,True,Greenview / Cornell Hotel Sustainability Benchmarking Index,https://greenview.sg/resources/chsb-index/
2023,Túnez,TUN,2,CHSB 2025,2023,Greenview CHSB public dataset,14.894624,kgCO2e/occupied room-night,GLOBAL_STAR_FALLBACK,6977,False,True,Greenview / Cornell Hotel Sustainability Benchmarking Index,https://greenview.sg/resources/chsb-index/
2023,Túnez,TUN,3,CHSB 2025,2023,Greenview CHSB public dataset,19.14257,kgCO2e/occupied room-night,GLOBAL_STAR_FALLBACK,7773,False,True,Greenview / Cornell Hotel Sustainability Benchmarking Index,https://greenview.sg/resources/chsb-index/
2023,Túnez,TUN,4,CHSB 2025,2023,Greenview CHSB public dataset,32.328082,kgCO2e/occupied room-night,GLOBAL_STAR_FALLBACK,3107,False,True,Greenview / Cornell Hotel Sustainability Benchmarking Index,https://greenview.sg/resources/chsb-index/
2023,Túnez,TUN,5,CHSB 2025,2023,Greenview CHSB public dataset,49.85776,kgCO2e/occupied room-night,GLOBAL_STAR_FALLBACK,696,False,True,Greenview / Cornell Hotel Sustainability Benchmarking Index,https://greenview.sg/resources/chsb-index/
2023,Túnez,TUN,unknown,CHSB 2025,2023,Greenview CHSB public dataset,20.2405,kgCO2e/occupied room-night,GLOBAL_UNKNOWN_FALLBACK,18308,False,True,Greenview / Cornell Hotel Sustainability Benchmarking Index,https://greenview.sg/resources/chsb-index/
2023,Ucrania,UKR,2,CHSB 2025,2023,Greenview CHSB public dataset,14.894624,kgCO2e/occupied room-night,GLOBAL_STAR_FALLBACK,6977,False,True,Greenview / Cornell Hotel Sustainability Benchmarking Index,https://greenview.sg/resources/chsb-index/
2023,Ucrania,UKR,3,CHSB 2025,2023,Greenview CHSB public dataset,19.14257,kgCO2e/occupied room-night,GLOBAL_STAR_FALLBACK,7773,False,True,Greenview / Cornell Hotel Sustainability Benchmarking Index,https://greenview.sg/resources/chsb-index/
2023,Ucrania,UKR,4,CHSB 2025,2023,Greenview CHSB public dataset,32.328082,kgCO2e/occupied room-night,GLOBAL_STAR_FALLBACK,3107,False,True,Greenview / Cornell Hotel Sustainability Benchmarking Index,https://greenview.sg/resources/chsb-index/
2023,Ucrania,UKR,5,CHSB 2025,2023,Greenview CHSB public dataset,49.85776,kgCO2e/occupied room-night,GLOBAL_STAR_FALLBACK,696,False,True,Greenview / Cornell Hotel Sustainability Benchmarking Index,https://greenview.sg/resources/chsb-index/
2023,Ucrania,UKR,unknown,CHSB 2025,2023,Greenview CHSB public dataset,20.2405,kgCO2e/occupied room-night,GLOBAL_UNKNOWN_FALLBACK,18308,False,True,Greenview / Cornell Hotel Sustainability Benchmarking Index,https://greenview.sg/resources/chsb-index/
2023,Uganda,UGA,2,CHSB 2025,2023,Greenview CHSB public dataset,14.894624,kgCO2e/occupied room-night,GLOBAL_STAR_FALLBACK,6977,False,True,Greenview / Cornell Hotel Sustainability Benchmarking Index,https://greenview.sg/resources/chsb-index/
2023,Uganda,UGA,3,CHSB 2025,2023,Greenview CHSB public dataset,19.14257,kgCO2e/occupied room-night,GLOBAL_STAR_FALLBACK,7773,False,True,Greenview / Cornell Hotel Sustainability Benchmarking Index,https://greenview.sg/resources/chsb-index/
2023,Uganda,UGA,4,CHSB 2025,2023,Greenview CHSB public dataset,32.328082,kgCO2e/occupied room-night,GLOBAL_STAR_FALLBACK,3107,False,True,Greenview / Cornell Hotel Sustainability Benchmarking Index,https://greenview.sg/resources/chsb-index/
2023,Uganda,UGA,5,CHSB 2025,2023,Greenview CHSB public dataset,49.85776,kgCO2e/occupied room-night,GLOBAL_STAR_FALLBACK,696,False,True,Greenview / Cornell Hotel Sustainability Benchmarking Index,https://greenview.sg/resources/chsb-index/
2023,Uganda,UGA,unknown,CHSB 2025,2023,Greenview CHSB public dataset,20.2405,kgCO2e/occupied room-night,GLOBAL_UNKNOWN_FALLBACK,18308,False,True,Greenview / Cornell Hotel Sustainability Benchmarking Index,https://greenview.sg/resources/chsb-index/
2023,Uruguay,URY,2,CHSB 2025,2023,Greenview CHSB public dataset,14.894624,kgCO2e/occupied room-night,GLOBAL_STAR_FALLBACK,6977,False,True,Greenview / Cornell Hotel Sustainability Benchmarking Index,https://greenview.sg/resources/chsb-index/
2023,Uruguay,URY,3,CHSB 2025,2023,Greenview CHSB public dataset,19.14257,kgCO2e/occupied room-night,GLOBAL_STAR_FALLBACK,7773,False,True,Greenview / Cornell Hotel Sustainability Benchmarking Index,https://greenview.sg/resources/chsb-index/
2023,Uruguay,URY,4,CHSB 2025,2023,Greenview CHSB public dataset,32.328082,kgCO2e/occupied room-night,GLOBAL_STAR_FALLBACK,3107,False,True,Greenview / Cornell Hotel Sustainability Benchmarking Index,https://greenview.sg/resources/chsb-index/
2023,Uruguay,URY,5,CHSB 2025,2023,Greenview CHSB public dataset,49.85776,kgCO2e/occupied room-night,GLOBAL_STAR_FALLBACK,696,False,True,Greenview / Cornell Hotel Sustainability Benchmarking Index,https://greenview.sg/resources/chsb-index/
2023,Uruguay,URY,unknown,CHSB 2025,2023,Greenview CHSB public dataset,20.2405,kgCO2e/occupied room-night,GLOBAL_UNKNOWN_FALLBACK,18308,False,True,Greenview / Cornell Hotel Sustainability Benchmarking Index,https://greenview.sg/resources/chsb-index/
2023,Uzbekistán,UZB,2,CHSB 2025,2023,Greenview CHSB public dataset,14.894624,kgCO2e/occupied room-night,GLOBAL_STAR_FALLBACK,6977,False,True,Greenview / Cornell Hotel Sustainability Benchmarking Index,https://greenview.sg/resources/chsb-index/
2023,Uzbekistán,UZB,3,CHSB 2025,2023,Greenview CHSB public dataset,19.14257,kgCO2e/occupied room-night,GLOBAL_STAR_FALLBACK,7773,False,True,Greenview / Cornell Hotel Sustainability Benchmarking Index,https://greenview.sg/resources/chsb-index/
2023,Uzbekistán,UZB,4,CHSB 2025,2023,Greenview CHSB public dataset,32.328082,kgCO2e/occupied room-night,GLOBAL_STAR_FALLBACK,3107,False,True,Greenview / Cornell Hotel Sustainability Benchmarking Index,https://greenview.sg/resources/chsb-index/
2023,Uzbekistán,UZB,5,CHSB 2025,2023,Greenview CHSB public dataset,49.85776,kgCO2e/occupied room-night,GLOBAL_STAR_FALLBACK,696,False,True,Greenview / Cornell Hotel Sustainability Benchmarking Index,https://greenview.sg/resources/chsb-index/
2023,Uzbekistán,UZB,unknown,CHSB 2025,2023,Greenview CHSB public dataset,20.2405,kgCO2e/occupied room-night,GLOBAL_UNKNOWN_FALLBACK,18308,False,True,Greenview / Cornell Hotel Sustainability Benchmarking Index,https://greenview.sg/resources/chsb-index/
2023,Vanuatu,VUT,2,CHSB 2025,2023,Greenview CHSB public dataset,14.894624,kgCO2e/occupied room-night,GLOBAL_STAR_FALLBACK,6977,False,True,Greenview / Cornell Hotel Sustainability Benchmarking Index,https://greenview.sg/resources/chsb-index/
2023,Vanuatu,VUT,3,CHSB 2025,2023,Greenview CHSB public dataset,19.14257,kgCO2e/occupied room-night,GLOBAL_STAR_FALLBACK,7773,False,True,Greenview / Cornell Hotel Sustainability Benchmarking Index,https://greenview.sg/resources/chsb-index/
2023,Vanuatu,VUT,4,CHSB 2025,2023,Greenview CHSB public dataset,32.328082,kgCO2e/occupied room-night,GLOBAL_STAR_FALLBACK,3107,False,True,Greenview / Cornell Hotel Sustainability Benchmarking Index,https://greenview.sg/resources/chsb-index/
2023,Vanuatu,VUT,5,CHSB 2025,2023,Greenview CHSB public dataset,49.85776,kgCO2e/occupied room-night,GLOBAL_STAR_FALLBACK,696,False,True,Greenview / Cornell Hotel Sustainability Benchmarking Index,https://greenview.sg/resources/chsb-index/
2023,Vanuatu,VUT,unknown,CHSB 2025,2023,Greenview CHSB public dataset,20.2405,kgCO2e/occupied room-night,GLOBAL_UNKNOWN_FALLBACK,18308,False,True,Greenview / Cornell Hotel Sustainability Benchmarking Index,https://greenview.sg/resources/chsb-index/
2023,Venezuela,VEN,2,CHSB 2025,2023,Greenview CHSB public dataset,14.894624,kgCO2e/occupied room-night,GLOBAL_STAR_FALLBACK,6977,False,True,Greenview / Cornell Hotel Sustainability Benchmarking Index,https://greenview.sg/resources/chsb-index/
2023,Venezuela,VEN,3,CHSB 2025,2023,Greenview CHSB public dataset,19.14257,kgCO2e/occupied room-night,GLOBAL_STAR_FALLBACK,7773,False,True,Greenview / Cornell Hotel Sustainability Benchmarking Index,https://greenview.sg/resources/chsb-index/
2023,Venezuela,VEN,4,CHSB 2025,2023,Greenview CHSB public dataset,32.328082,kgCO2e/occupied room-night,GLOBAL_STAR_FALLBACK,3107,False,True,Greenview / Cornell Hotel Sustainability Benchmarking Index,https://greenview.sg/resources/chsb-index/
2023,Venezuela,VEN,5,CHSB 2025,2023,Greenview CHSB public dataset,49.85776,kgCO2e/occupied room-night,GLOBAL_STAR_FALLBACK,696,False,True,Greenview / Cornell Hotel Sustainability Benchmarking Index,https://greenview.sg/resources/chsb-index/
2023,Venezuela,VEN,unknown,CHSB 2025,2023,Greenview CHSB public dataset,20.2405,kgCO2e/occupied room-night,GLOBAL_UNKNOWN_FALLBACK,18308,False,True,Greenview / Cornell Hotel Sustainability Benchmarking Index,https://greenview.sg/resources/chsb-index/
2023,Vietnam,VNM,2,CHSB 2025,2023,Greenview CHSB public dataset,14.894624,kgCO2e/occupied room-night,GLOBAL_STAR_FALLBACK,6977,False,True,Greenview / Cornell Hotel Sustainability Benchmarking Index,https://greenview.sg/resources/chsb-index/
2023,Vietnam,VNM,3,CHSB 2025,2023,Greenview CHSB public dataset,19.14257,kgCO2e/occupied room-night,GLOBAL_STAR_FALLBACK,7773,False,True,Greenview / Cornell Hotel Sustainability Benchmarking Index,https://greenview.sg/resources/chsb-index/
2023,Vietnam,VNM,4,CHSB 2025,2023,Greenview CHSB public dataset,54.614861,kgCO2e/occupied room-night,COUNTRY_STAR_WEIGHTED,10,False,False,Greenview / Cornell Hotel Sustainability Benchmarking Index,https://greenview.sg/resources/chsb-index/
2023,Vietnam,VNM,5,CHSB 2025,2023,Greenview CHSB public dataset,59.816737,kgCO2e/occupied room-night,COUNTRY_STAR_WEIGHTED,8,False,False,Greenview / Cornell Hotel Sustainability Benchmarking Index,https://greenview.sg/resources/chsb-index/
2023,Vietnam,VNM,unknown,CHSB 2025,2023,Greenview CHSB public dataset,54.84274,kgCO2e/occupied room-night,COUNTRY_NONRESORT,21,False,False,Greenview / Cornell Hotel Sustainability Benchmarking Index,https://greenview.sg/resources/chsb-index/
2023,Yemen,YEM,2,CHSB 2025,2023,Greenview CHSB public dataset,14.894624,kgCO2e/occupied room-night,GLOBAL_STAR_FALLBACK,6977,False,True,Greenview / Cornell Hotel Sustainability Benchmarking Index,https://greenview.sg/resources/chsb-index/
2023,Yemen,YEM,3,CHSB 2025,2023,Greenview CHSB public dataset,19.14257,kgCO2e/occupied room-night,GLOBAL_STAR_FALLBACK,7773,False,True,Greenview / Cornell Hotel Sustainability Benchmarking Index,https://greenview.sg/resources/chsb-index/
2023,Yemen,YEM,4,CHSB 2025,2023,Greenview CHSB public dataset,32.328082,kgCO2e/occupied room-night,GLOBAL_STAR_FALLBACK,3107,False,True,Greenview / Cornell Hotel Sustainability Benchmarking Index,https://greenview.sg/resources/chsb-index/
2023,Yemen,YEM,5,CHSB 2025,2023,Greenview CHSB public dataset,49.85776,kgCO2e/occupied room-night,GLOBAL_STAR_FALLBACK,696,False,True,Greenview / Cornell Hotel Sustainability Benchmarking Index,https://greenview.sg/resources/chsb-index/
2023,Yemen,YEM,unknown,CHSB 2025,2023,Greenview CHSB public dataset,20.2405,kgCO2e/occupied room-night,GLOBAL_UNKNOWN_FALLBACK,18308,False,True,Greenview / Cornell Hotel Sustainability Benchmarking Index,https://greenview.sg/resources/chsb-index/
2023,Yibuti,DJI,2,CHSB 2025,2023,Greenview CHSB public dataset,14.894624,kgCO2e/occupied room-night,GLOBAL_STAR_FALLBACK,6977,False,True,Greenview / Cornell Hotel Sustainability Benchmarking Index,https://greenview.sg/resources/chsb-index/
2023,Yibuti,DJI,3,CHSB 2025,2023,Greenview CHSB public dataset,19.14257,kgCO2e/occupied room-night,GLOBAL_STAR_FALLBACK,7773,False,True,Greenview / Cornell Hotel Sustainability Benchmarking Index,https://greenview.sg/resources/chsb-index/
2023,Yibuti,DJI,4,CHSB 2025,2023,Greenview CHSB public dataset,32.328082,kgCO2e/occupied room-night,GLOBAL_STAR_FALLBACK,3107,False,True,Greenview / Cornell Hotel Sustainability Benchmarking Index,https://greenview.sg/resources/chsb-index/
2023,Yibuti,DJI,5,CHSB 2025,2023,Greenview CHSB public dataset,49.85776,kgCO2e/occupied room-night,GLOBAL_STAR_FALLBACK,696,False,True,Greenview / Cornell Hotel Sustainability Benchmarking Index,https://greenview.sg/resources/chsb-index/
2023,Yibuti,DJI,unknown,CHSB 2025,2023,Greenview CHSB public dataset,20.2405,kgCO2e/occupied room-night,GLOBAL_UNKNOWN_FALLBACK,18308,False,True,Greenview / Cornell Hotel Sustainability Benchmarking Index,https://greenview.sg/resources/chsb-index/
2023,Zambia,ZMB,2,CHSB 2025,2023,Greenview CHSB public dataset,14.894624,kgCO2e/occupied room-night,GLOBAL_STAR_FALLBACK,6977,False,True,Greenview / Cornell Hotel Sustainability Benchmarking Index,https://greenview.sg/resources/chsb-index/
2023,Zambia,ZMB,3,CHSB 2025,2023,Greenview CHSB public dataset,19.14257,kgCO2e/occupied room-night,GLOBAL_STAR_FALLBACK,7773,False,True,Greenview / Cornell Hotel Sustainability Benchmarking Index,https://greenview.sg/resources/chsb-index/
2023,Zambia,ZMB,4,CHSB 2025,2023,Greenview CHSB public dataset,32.328082,kgCO2e/occupied room-night,GLOBAL_STAR_FALLBACK,3107,False,True,Greenview / Cornell Hotel Sustainability Benchmarking Index,https://greenview.sg/resources/chsb-index/
2023,Zambia,ZMB,5,CHSB 2025,2023,Greenview CHSB public dataset,49.85776,kgCO2e/occupied room-night,GLOBAL_STAR_FALLBACK,696,False,True,Greenview / Cornell Hotel Sustainability Benchmarking Index,https://greenview.sg/resources/chsb-index/
2023,Zambia,ZMB,unknown,CHSB 2025,2023,Greenview CHSB public dataset,9.698271,kgCO2e/occupied room-night,COUNTRY_NONRESORT,10,False,False,Greenview / Cornell Hotel Sustainability Benchmarking Index,https://greenview.sg/resources/chsb-index/
2023,Zimbabue,ZWE,2,CHSB 2025,2023,Greenview CHSB public dataset,14.894624,kgCO2e/occupied room-night,GLOBAL_STAR_FALLBACK,6977,False,True,Greenview / Cornell Hotel Sustainability Benchmarking Index,https://greenview.sg/resources/chsb-index/
2023,Zimbabue,ZWE,3,CHSB 2025,2023,Greenview CHSB public dataset,19.14257,kgCO2e/occupied room-night,GLOBAL_STAR_FALLBACK,7773,False,True,Greenview / Cornell Hotel Sustainability Benchmarking Index,https://greenview.sg/resources/chsb-index/
2023,Zimbabue,ZWE,4,CHSB 2025,2023,Greenview CHSB public dataset,32.328082,kgCO2e/occupied room-night,GLOBAL_STAR_FALLBACK,3107,False,True,Greenview / Cornell Hotel Sustainability Benchmarking Index,https://greenview.sg/resources/chsb-index/
2023,Zimbabue,ZWE,5,CHSB 2025,2023,Greenview CHSB public dataset,49.85776,kgCO2e/occupied room-night,GLOBAL_STAR_FALLBACK,696,False,True,Greenview / Cornell Hotel Sustainability Benchmarking Index,https://greenview.sg/resources/chsb-index/
2023,Zimbabue,ZWE,unknown,CHSB 2025,2023,Greenview CHSB public dataset,20.2405,kgCO2e/occupied room-night,GLOBAL_UNKNOWN_FALLBACK,18308,False,True,Greenview / Cornell Hotel Sustainability Benchmarking Index,https://greenview.sg/resources/chsb-index/
2024,Afganistán,AFG,2,CHSB 2026,2024,Greenview HFT 2026v1.1,21.8596,kgCO2e/occupied room-night,HFT_PUBLISHED_COEFFICIENT,,False,False,Greenview Hotel Footprinting Tool,https://greenview.sg/resources/hotel-footprinting-tool/
2024,Afganistán,AFG,3,CHSB 2026,2024,Greenview HFT 2026v1.1,30.8594,kgCO2e/occupied room-night,HFT_PUBLISHED_COEFFICIENT,,False,False,Greenview Hotel Footprinting Tool,https://greenview.sg/resources/hotel-footprinting-tool/
2024,Afganistán,AFG,4,CHSB 2026,2024,Greenview HFT 2026v1.1,35.1425,kgCO2e/occupied room-night,HFT_PUBLISHED_COEFFICIENT,,False,False,Greenview Hotel Footprinting Tool,https://greenview.sg/resources/hotel-footprinting-tool/
2024,Afganistán,AFG,5,CHSB 2026,2024,Greenview HFT 2026v1.1,46.9736,kgCO2e/occupied room-night,HFT_PUBLISHED_COEFFICIENT,,False,False,Greenview Hotel Footprinting Tool,https://greenview.sg/resources/hotel-footprinting-tool/
2024,Afganistán,AFG,unknown,CHSB 2026,2024,Greenview HFT 2026v1.1,25.6879,kgCO2e/occupied room-night,HFT_PUBLISHED_COEFFICIENT,,False,False,Greenview Hotel Footprinting Tool,https://greenview.sg/resources/hotel-footprinting-tool/
2024,Albania,ALB,2,CHSB 2026,2024,Greenview HFT 2026v1.1,5.1931,kgCO2e/occupied room-night,HFT_PUBLISHED_COEFFICIENT,,False,False,Greenview Hotel Footprinting Tool,https://greenview.sg/resources/hotel-footprinting-tool/
2024,Albania,ALB,3,CHSB 2026,2024,Greenview HFT 2026v1.1,7.4895,kgCO2e/occupied room-night,HFT_PUBLISHED_COEFFICIENT,,False,False,Greenview Hotel Footprinting Tool,https://greenview.sg/resources/hotel-footprinting-tool/
2024,Albania,ALB,4,CHSB 2026,2024,Greenview HFT 2026v1.1,12.1815,kgCO2e/occupied room-night,HFT_PUBLISHED_COEFFICIENT,,False,False,Greenview Hotel Footprinting Tool,https://greenview.sg/resources/hotel-footprinting-tool/
2024,Albania,ALB,5,CHSB 2026,2024,Greenview HFT 2026v1.1,15.5343,kgCO2e/occupied room-night,HFT_PUBLISHED_COEFFICIENT,,False,False,Greenview Hotel Footprinting Tool,https://greenview.sg/resources/hotel-footprinting-tool/
2024,Albania,ALB,unknown,CHSB 2026,2024,Greenview HFT 2026v1.1,7.9465,kgCO2e/occupied room-night,HFT_PUBLISHED_COEFFICIENT,,False,False,Greenview Hotel Footprinting Tool,https://greenview.sg/resources/hotel-footprinting-tool/
2024,Alemania,DEU,2,CHSB 2026,2024,Greenview HFT 2026v1.1,5.2882,kgCO2e/occupied room-night,HFT_PUBLISHED_COEFFICIENT,,False,False,Greenview Hotel Footprinting Tool,https://greenview.sg/resources/hotel-footprinting-tool/
2024,Alemania,DEU,3,CHSB 2026,2024,Greenview HFT 2026v1.1,10.3456,kgCO2e/occupied room-night,HFT_PUBLISHED_COEFFICIENT,,False,False,Greenview Hotel Footprinting Tool,https://greenview.sg/resources/hotel-footprinting-tool/
2024,Alemania,DEU,4,CHSB 2026,2024,Greenview HFT 2026v1.1,16.3029,kgCO2e/occupied room-night,HFT_PUBLISHED_COEFFICIENT,,False,False,Greenview Hotel Footprinting Tool,https://greenview.sg/resources/hotel-footprinting-tool/
2024,Alemania,DEU,5,CHSB 2026,2024,Greenview HFT 2026v1.1,22.1815,kgCO2e/occupied room-night,HFT_PUBLISHED_COEFFICIENT,,False,False,Greenview Hotel Footprinting Tool,https://greenview.sg/resources/hotel-footprinting-tool/
2024,Alemania,DEU,unknown,CHSB 2026,2024,Greenview HFT 2026v1.1,14.8062,kgCO2e/occupied room-night,HFT_PUBLISHED_COEFFICIENT,,False,False,Greenview Hotel Footprinting Tool,https://greenview.sg/resources/hotel-footprinting-tool/
2024,Andorra,AND,2,CHSB 2026,2024,Greenview HFT 2026v1.1,7.5021,kgCO2e/occupied room-night,HFT_PUBLISHED_COEFFICIENT,,False,False,Greenview Hotel Footprinting Tool,https://greenview.sg/resources/hotel-footprinting-tool/
2024,Andorra,AND,3,CHSB 2026,2024,Greenview HFT 2026v1.1,10.8196,kgCO2e/occupied room-night,HFT_PUBLISHED_COEFFICIENT,,False,False,Greenview Hotel Footprinting Tool,https://greenview.sg/resources/hotel-footprinting-tool/
2024,Andorra,AND,4,CHSB 2026,2024,Greenview HFT 2026v1.1,10.8064,kgCO2e/occupied room-night,HFT_PUBLISHED_COEFFICIENT,,False,False,Greenview Hotel Footprinting Tool,https://greenview.sg/resources/hotel-footprinting-tool/
2024,Andorra,AND,5,CHSB 2026,2024,Greenview HFT 2026v1.1,12.7379,kgCO2e/occupied room-night,HFT_PUBLISHED_COEFFICIENT,,False,False,Greenview Hotel Footprinting Tool,https://greenview.sg/resources/hotel-footprinting-tool/
2024,Andorra,AND,unknown,CHSB 2026,2024,Greenview HFT 2026v1.1,11.4798,kgCO2e/occupied room-night,HFT_PUBLISHED_COEFFICIENT,,False,False,Greenview Hotel Footprinting Tool,https://greenview.sg/resources/hotel-footprinting-tool/
2024,Angola,AGO,2,CHSB 2026,2024,Greenview HFT 2026v1.1,4.6726,kgCO2e/occupied room-night,HFT_PUBLISHED_COEFFICIENT,,False,False,Greenview Hotel Footprinting Tool,https://greenview.sg/resources/hotel-footprinting-tool/
2024,Angola,AGO,3,CHSB 2026,2024,Greenview HFT 2026v1.1,8.8643,kgCO2e/occupied room-night,HFT_PUBLISHED_COEFFICIENT,,False,False,Greenview Hotel Footprinting Tool,https://greenview.sg/resources/hotel-footprinting-tool/
2024,Angola,AGO,4,CHSB 2026,2024,Greenview HFT 2026v1.1,11.3285,kgCO2e/occupied room-night,HFT_PUBLISHED_COEFFICIENT,,False,False,Greenview Hotel Footprinting Tool,https://greenview.sg/resources/hotel-footprinting-tool/
2024,Angola,AGO,5,CHSB 2026,2024,Greenview HFT 2026v1.1,13.9774,kgCO2e/occupied room-night,HFT_PUBLISHED_COEFFICIENT,,False,False,Greenview Hotel Footprinting Tool,https://greenview.sg/resources/hotel-footprinting-tool/
2024,Angola,AGO,unknown,CHSB 2026,2024,Greenview HFT 2026v1.1,9.6675,kgCO2e/occupied room-night,HFT_PUBLISHED_COEFFICIENT,,False,False,Greenview Hotel Footprinting Tool,https://greenview.sg/resources/hotel-footprinting-tool/
2024,Anguila,AIA,2,CHSB 2026,2024,Greenview HFT 2026v1.1,10.8604,kgCO2e/occupied room-night,HFT_PUBLISHED_COEFFICIENT,,False,False,Greenview Hotel Footprinting Tool,https://greenview.sg/resources/hotel-footprinting-tool/
2024,Anguila,AIA,3,CHSB 2026,2024,Greenview HFT 2026v1.1,15.6631,kgCO2e/occupied room-night,HFT_PUBLISHED_COEFFICIENT,,False,False,Greenview Hotel Footprinting Tool,https://greenview.sg/resources/hotel-footprinting-tool/
2024,Anguila,AIA,4,CHSB 2026,2024,Greenview HFT 2026v1.1,25.4756,kgCO2e/occupied room-night,HFT_PUBLISHED_COEFFICIENT,,False,False,Greenview Hotel Footprinting Tool,https://greenview.sg/resources/hotel-footprinting-tool/
2024,Anguila,AIA,5,CHSB 2026,2024,Greenview HFT 2026v1.1,32.4873,kgCO2e/occupied room-night,HFT_PUBLISHED_COEFFICIENT,,False,False,Greenview Hotel Footprinting Tool,https://greenview.sg/resources/hotel-footprinting-tool/
2024,Anguila,AIA,unknown,CHSB 2026,2024,Greenview HFT 2026v1.1,22.4698,kgCO2e/occupied room-night,HFT_PUBLISHED_COEFFICIENT,,False,False,Greenview Hotel Footprinting Tool,https://greenview.sg/resources/hotel-footprinting-tool/
2024,Antigua y Barbuda,ATG,2,CHSB 2026,2024,Greenview HFT 2026v1.1,10.8604,kgCO2e/occupied room-night,HFT_PUBLISHED_COEFFICIENT,,False,False,Greenview Hotel Footprinting Tool,https://greenview.sg/resources/hotel-footprinting-tool/
2024,Antigua y Barbuda,ATG,3,CHSB 2026,2024,Greenview HFT 2026v1.1,15.6631,kgCO2e/occupied room-night,HFT_PUBLISHED_COEFFICIENT,,False,False,Greenview Hotel Footprinting Tool,https://greenview.sg/resources/hotel-footprinting-tool/
2024,Antigua y Barbuda,ATG,4,CHSB 2026,2024,Greenview HFT 2026v1.1,25.4756,kgCO2e/occupied room-night,HFT_PUBLISHED_COEFFICIENT,,False,False,Greenview Hotel Footprinting Tool,https://greenview.sg/resources/hotel-footprinting-tool/
2024,Antigua y Barbuda,ATG,5,CHSB 2026,2024,Greenview HFT 2026v1.1,32.4873,kgCO2e/occupied room-night,HFT_PUBLISHED_COEFFICIENT,,False,False,Greenview Hotel Footprinting Tool,https://greenview.sg/resources/hotel-footprinting-tool/
2024,Antigua y Barbuda,ATG,unknown,CHSB 2026,2024,Greenview HFT 2026v1.1,22.4698,kgCO2e/occupied room-night,HFT_PUBLISHED_COEFFICIENT,,False,False,Greenview Hotel Footprinting Tool,https://greenview.sg/resources/hotel-footprinting-tool/
2024,Antillas Neerlandesas,ANT,2,CHSB 2026,2024,Greenview HFT 2026v1.1,10.8604,kgCO2e/occupied room-night,HFT_PUBLISHED_COEFFICIENT,,False,False,Greenview Hotel Footprinting Tool,https://greenview.sg/resources/hotel-footprinting-tool/
2024,Antillas Neerlandesas,ANT,3,CHSB 2026,2024,Greenview HFT 2026v1.1,15.6631,kgCO2e/occupied room-night,HFT_PUBLISHED_COEFFICIENT,,False,False,Greenview Hotel Footprinting Tool,https://greenview.sg/resources/hotel-footprinting-tool/
2024,Antillas Neerlandesas,ANT,4,CHSB 2026,2024,Greenview HFT 2026v1.1,25.4756,kgCO2e/occupied room-night,HFT_PUBLISHED_COEFFICIENT,,False,False,Greenview Hotel Footprinting Tool,https://greenview.sg/resources/hotel-footprinting-tool/
2024,Antillas Neerlandesas,ANT,5,CHSB 2026,2024,Greenview HFT 2026v1.1,32.4873,kgCO2e/occupied room-night,HFT_PUBLISHED_COEFFICIENT,,False,False,Greenview Hotel Footprinting Tool,https://greenview.sg/resources/hotel-footprinting-tool/
2024,Antillas Neerlandesas,ANT,unknown,CHSB 2026,2024,Greenview HFT 2026v1.1,22.4698,kgCO2e/occupied room-night,HFT_PUBLISHED_COEFFICIENT,,False,False,Greenview Hotel Footprinting Tool,https://greenview.sg/resources/hotel-footprinting-tool/
2024,Antártida,ATA,2,CHSB 2026,2024,Greenview HFT 2026v1.1,10.5038,kgCO2e/occupied room-night,HFT_PUBLISHED_COEFFICIENT,,False,False,Greenview Hotel Footprinting Tool,https://greenview.sg/resources/hotel-footprinting-tool/
2024,Antártida,ATA,3,CHSB 2026,2024,Greenview HFT 2026v1.1,15.1488,kgCO2e/occupied room-night,HFT_PUBLISHED_COEFFICIENT,,False,False,Greenview Hotel Footprinting Tool,https://greenview.sg/resources/hotel-footprinting-tool/
2024,Antártida,ATA,4,CHSB 2026,2024,Greenview HFT 2026v1.1,24.6391,kgCO2e/occupied room-night,HFT_PUBLISHED_COEFFICIENT,,False,False,Greenview Hotel Footprinting Tool,https://greenview.sg/resources/hotel-footprinting-tool/
2024,Antártida,ATA,5,CHSB 2026,2024,Greenview HFT 2026v1.1,31.4205,kgCO2e/occupied room-night,HFT_PUBLISHED_COEFFICIENT,,False,False,Greenview Hotel Footprinting Tool,https://greenview.sg/resources/hotel-footprinting-tool/
2024,Antártida,ATA,unknown,CHSB 2026,2024,Greenview HFT 2026v1.1,21.732,kgCO2e/occupied room-night,HFT_PUBLISHED_COEFFICIENT,,False,False,Greenview Hotel Footprinting Tool,https://greenview.sg/resources/hotel-footprinting-tool/
2024,Arabia Saudita,SAU,2,CHSB 2026,2024,Greenview HFT 2026v1.1,27.6818,kgCO2e/occupied room-night,HFT_PUBLISHED_COEFFICIENT,,False,False,Greenview Hotel Footprinting Tool,https://greenview.sg/resources/hotel-footprinting-tool/
2024,Arabia Saudita,SAU,3,CHSB 2026,2024,Greenview HFT 2026v1.1,53.7763,kgCO2e/occupied room-night,HFT_PUBLISHED_COEFFICIENT,,False,False,Greenview Hotel Footprinting Tool,https://greenview.sg/resources/hotel-footprinting-tool/
2024,Arabia Saudita,SAU,4,CHSB 2026,2024,Greenview HFT 2026v1.1,57.0272,kgCO2e/occupied room-night,HFT_PUBLISHED_COEFFICIENT,,False,False,Greenview Hotel Footprinting Tool,https://greenview.sg/resources/hotel-footprinting-tool/
2024,Arabia Saudita,SAU,5,CHSB 2026,2024,Greenview HFT 2026v1.1,64.1557,kgCO2e/occupied room-night,HFT_PUBLISHED_COEFFICIENT,,False,False,Greenview Hotel Footprinting Tool,https://greenview.sg/resources/hotel-footprinting-tool/
2024,Arabia Saudita,SAU,unknown,CHSB 2026,2024,Greenview HFT 2026v1.1,56.5396,kgCO2e/occupied room-night,HFT_PUBLISHED_COEFFICIENT,,False,False,Greenview Hotel Footprinting Tool,https://greenview.sg/resources/hotel-footprinting-tool/
2024,Argelia,DZA,2,CHSB 2026,2024,Greenview HFT 2026v1.1,13.0655,kgCO2e/occupied room-night,HFT_PUBLISHED_COEFFICIENT,,False,False,Greenview Hotel Footprinting Tool,https://greenview.sg/resources/hotel-footprinting-tool/
2024,Argelia,DZA,3,CHSB 2026,2024,Greenview HFT 2026v1.1,23.9462,kgCO2e/occupied room-night,HFT_PUBLISHED_COEFFICIENT,,False,False,Greenview Hotel Footprinting Tool,https://greenview.sg/resources/hotel-footprinting-tool/
2024,Argelia,DZA,4,CHSB 2026,2024,Greenview HFT 2026v1.1,36.8162,kgCO2e/occupied room-night,HFT_PUBLISHED_COEFFICIENT,,False,False,Greenview Hotel Footprinting Tool,https://greenview.sg/resources/hotel-footprinting-tool/
2024,Argelia,DZA,5,CHSB 2026,2024,Greenview HFT 2026v1.1,37.7477,kgCO2e/occupied room-night,HFT_PUBLISHED_COEFFICIENT,,False,False,Greenview Hotel Footprinting Tool,https://greenview.sg/resources/hotel-footprinting-tool/
2024,Argelia,DZA,unknown,CHSB 2026,2024,Greenview HFT 2026v1.1,34.1352,kgCO2e/occupied room-night,HFT_PUBLISHED_COEFFICIENT,,False,False,Greenview Hotel Footprinting Tool,https://greenview.sg/resources/hotel-footprinting-tool/
2024,Argentina,ARG,2,CHSB 2026,2024,Greenview HFT 2026v1.1,15.7648,kgCO2e/occupied room-night,HFT_PUBLISHED_COEFFICIENT,,False,False,Greenview Hotel Footprinting Tool,https://greenview.sg/resources/hotel-footprinting-tool/
2024,Argentina,ARG,3,CHSB 2026,2024,Greenview HFT 2026v1.1,22.7363,kgCO2e/occupied room-night,HFT_PUBLISHED_COEFFICIENT,,False,False,Greenview Hotel Footprinting Tool,https://greenview.sg/resources/hotel-footprinting-tool/
2024,Argentina,ARG,4,CHSB 2026,2024,Greenview HFT 2026v1.1,36.98,kgCO2e/occupied room-night,HFT_PUBLISHED_COEFFICIENT,,False,False,Greenview Hotel Footprinting Tool,https://greenview.sg/resources/hotel-footprinting-tool/
2024,Argentina,ARG,5,CHSB 2026,2024,Greenview HFT 2026v1.1,47.1581,kgCO2e/occupied room-night,HFT_PUBLISHED_COEFFICIENT,,False,False,Greenview Hotel Footprinting Tool,https://greenview.sg/resources/hotel-footprinting-tool/
2024,Argentina,ARG,unknown,CHSB 2026,2024,Greenview HFT 2026v1.1,34.0404,kgCO2e/occupied room-night,HFT_PUBLISHED_COEFFICIENT,,False,False,Greenview Hotel Footprinting Tool,https://greenview.sg/resources/hotel-footprinting-tool/
2024,Armenia,ARM,2,CHSB 2026,2024,Greenview HFT 2026v1.1,7.2793,kgCO2e/occupied room-night,HFT_PUBLISHED_COEFFICIENT,,False,False,Greenview Hotel Footprinting Tool,https://greenview.sg/resources/hotel-footprinting-tool/
2024,Armenia,ARM,3,CHSB 2026,2024,Greenview HFT 2026v1.1,10.4984,kgCO2e/occupied room-night,HFT_PUBLISHED_COEFFICIENT,,False,False,Greenview Hotel Footprinting Tool,https://greenview.sg/resources/hotel-footprinting-tool/
2024,Armenia,ARM,4,CHSB 2026,2024,Greenview HFT 2026v1.1,17.0754,kgCO2e/occupied room-night,HFT_PUBLISHED_COEFFICIENT,,False,False,Greenview Hotel Footprinting Tool,https://greenview.sg/resources/hotel-footprinting-tool/
2024,Armenia,ARM,5,CHSB 2026,2024,Greenview HFT 2026v1.1,21.775,kgCO2e/occupied room-night,HFT_PUBLISHED_COEFFICIENT,,False,False,Greenview Hotel Footprinting Tool,https://greenview.sg/resources/hotel-footprinting-tool/
2024,Armenia,ARM,unknown,CHSB 2026,2024,Greenview HFT 2026v1.1,15.0607,kgCO2e/occupied room-night,HFT_PUBLISHED_COEFFICIENT,,False,False,Greenview Hotel Footprinting Tool,https://greenview.sg/resources/hotel-footprinting-tool/
2024,Aruba,ABW,2,CHSB 2026,2024,Greenview HFT 2026v1.1,23.3431,kgCO2e/occupied room-night,HFT_PUBLISHED_COEFFICIENT,,False,False,Greenview Hotel Footprinting Tool,https://greenview.sg/resources/hotel-footprinting-tool/
2024,Aruba,ABW,3,CHSB 2026,2024,Greenview HFT 2026v1.1,33.6658,kgCO2e/occupied room-night,HFT_PUBLISHED_COEFFICIENT,,False,False,Greenview Hotel Footprinting Tool,https://greenview.sg/resources/hotel-footprinting-tool/
2024,Aruba,ABW,4,CHSB 2026,2024,Greenview HFT 2026v1.1,54.7566,kgCO2e/occupied room-night,HFT_PUBLISHED_COEFFICIENT,,False,False,Greenview Hotel Footprinting Tool,https://greenview.sg/resources/hotel-footprinting-tool/
2024,Aruba,ABW,5,CHSB 2026,2024,Greenview HFT 2026v1.1,69.8273,kgCO2e/occupied room-night,HFT_PUBLISHED_COEFFICIENT,,False,False,Greenview Hotel Footprinting Tool,https://greenview.sg/resources/hotel-footprinting-tool/
2024,Aruba,ABW,unknown,CHSB 2026,2024,Greenview HFT 2026v1.1,56.9688,kgCO2e/occupied room-night,HFT_PUBLISHED_COEFFICIENT,,False,False,Greenview Hotel Footprinting Tool,https://greenview.sg/resources/hotel-footprinting-tool/
2024,Australia,AUS,2,CHSB 2026,2024,Greenview HFT 2026v1.1,12.9894,kgCO2e/occupied room-night,HFT_PUBLISHED_COEFFICIENT,,False,False,Greenview Hotel Footprinting Tool,https://greenview.sg/resources/hotel-footprinting-tool/
2024,Australia,AUS,3,CHSB 2026,2024,Greenview HFT 2026v1.1,23.6799,kgCO2e/occupied room-night,HFT_PUBLISHED_COEFFICIENT,,False,False,Greenview Hotel Footprinting Tool,https://greenview.sg/resources/hotel-footprinting-tool/
2024,Australia,AUS,4,CHSB 2026,2024,Greenview HFT 2026v1.1,26.891,kgCO2e/occupied room-night,HFT_PUBLISHED_COEFFICIENT,,False,False,Greenview Hotel Footprinting Tool,https://greenview.sg/resources/hotel-footprinting-tool/
2024,Australia,AUS,5,CHSB 2026,2024,Greenview HFT 2026v1.1,33.1596,kgCO2e/occupied room-night,HFT_PUBLISHED_COEFFICIENT,,False,False,Greenview Hotel Footprinting Tool,https://greenview.sg/resources/hotel-footprinting-tool/
2024,Australia,AUS,unknown,CHSB 2026,2024,Greenview HFT 2026v1.1,28.1935,kgCO2e/occupied room-night,HFT_PUBLISHED_COEFFICIENT,,False,False,Greenview Hotel Footprinting Tool,https://greenview.sg/resources/hotel-footprinting-tool/
2024,Austria,AUT,2,CHSB 2026,2024,Greenview HFT 2026v1.1,4.0738,kgCO2e/occupied room-night,HFT_PUBLISHED_COEFFICIENT,,False,False,Greenview Hotel Footprinting Tool,https://greenview.sg/resources/hotel-footprinting-tool/
2024,Austria,AUT,3,CHSB 2026,2024,Greenview HFT 2026v1.1,5.8753,kgCO2e/occupied room-night,HFT_PUBLISHED_COEFFICIENT,,False,False,Greenview Hotel Footprinting Tool,https://greenview.sg/resources/hotel-footprinting-tool/
2024,Austria,AUT,4,CHSB 2026,2024,Greenview HFT 2026v1.1,7.1012,kgCO2e/occupied room-night,HFT_PUBLISHED_COEFFICIENT,,False,False,Greenview Hotel Footprinting Tool,https://greenview.sg/resources/hotel-footprinting-tool/
2024,Austria,AUT,5,CHSB 2026,2024,Greenview HFT 2026v1.1,15.3167,kgCO2e/occupied room-night,HFT_PUBLISHED_COEFFICIENT,,False,False,Greenview Hotel Footprinting Tool,https://greenview.sg/resources/hotel-footprinting-tool/
2024,Austria,AUT,unknown,CHSB 2026,2024,Greenview HFT 2026v1.1,7.6098,kgCO2e/occupied room-night,HFT_PUBLISHED_COEFFICIENT,,False,False,Greenview Hotel Footprinting Tool,https://greenview.sg/resources/hotel-footprinting-tool/
2024,Azerbaiyán,AZE,2,CHSB 2026,2024,Greenview HFT 2026v1.1,9.3846,kgCO2e/occupied room-night,HFT_PUBLISHED_COEFFICIENT,,False,False,Greenview Hotel Footprinting Tool,https://greenview.sg/resources/hotel-footprinting-tool/
2024,Azerbaiyán,AZE,3,CHSB 2026,2024,Greenview HFT 2026v1.1,13.5346,kgCO2e/occupied room-night,HFT_PUBLISHED_COEFFICIENT,,False,False,Greenview Hotel Footprinting Tool,https://greenview.sg/resources/hotel-footprinting-tool/
2024,Azerbaiyán,AZE,4,CHSB 2026,2024,Greenview HFT 2026v1.1,22.0137,kgCO2e/occupied room-night,HFT_PUBLISHED_COEFFICIENT,,False,False,Greenview Hotel Footprinting Tool,https://greenview.sg/resources/hotel-footprinting-tool/
2024,Azerbaiyán,AZE,5,CHSB 2026,2024,Greenview HFT 2026v1.1,28.0725,kgCO2e/occupied room-night,HFT_PUBLISHED_COEFFICIENT,,False,False,Greenview Hotel Footprinting Tool,https://greenview.sg/resources/hotel-footprinting-tool/
2024,Azerbaiyán,AZE,unknown,CHSB 2026,2024,Greenview HFT 2026v1.1,38.5208,kgCO2e/occupied room-night,HFT_PUBLISHED_COEFFICIENT,,False,False,Greenview Hotel Footprinting Tool,https://greenview.sg/resources/hotel-footprinting-tool/
2024,Bahamas,BHS,2,CHSB 2026,2024,Greenview HFT 2026v1.1,10.8604,kgCO2e/occupied room-night,HFT_PUBLISHED_COEFFICIENT,,False,False,Greenview Hotel Footprinting Tool,https://greenview.sg/resources/hotel-footprinting-tool/
2024,Bahamas,BHS,3,CHSB 2026,2024,Greenview HFT 2026v1.1,15.6631,kgCO2e/occupied room-night,HFT_PUBLISHED_COEFFICIENT,,False,False,Greenview Hotel Footprinting Tool,https://greenview.sg/resources/hotel-footprinting-tool/
2024,Bahamas,BHS,4,CHSB 2026,2024,Greenview HFT 2026v1.1,25.4756,kgCO2e/occupied room-night,HFT_PUBLISHED_COEFFICIENT,,False,False,Greenview Hotel Footprinting Tool,https://greenview.sg/resources/hotel-footprinting-tool/
2024,Bahamas,BHS,5,CHSB 2026,2024,Greenview HFT 2026v1.1,32.4873,kgCO2e/occupied room-night,HFT_PUBLISHED_COEFFICIENT,,False,False,Greenview Hotel Footprinting Tool,https://greenview.sg/resources/hotel-footprinting-tool/
2024,Bahamas,BHS,unknown,CHSB 2026,2024,Greenview HFT 2026v1.1,22.4698,kgCO2e/occupied room-night,HFT_PUBLISHED_COEFFICIENT,,False,False,Greenview Hotel Footprinting Tool,https://greenview.sg/resources/hotel-footprinting-tool/
2024,Bangladés,BGD,2,CHSB 2026,2024,Greenview HFT 2026v1.1,26.4209,kgCO2e/occupied room-night,HFT_PUBLISHED_COEFFICIENT,,False,False,Greenview Hotel Footprinting Tool,https://greenview.sg/resources/hotel-footprinting-tool/
2024,Bangladés,BGD,3,CHSB 2026,2024,Greenview HFT 2026v1.1,37.2986,kgCO2e/occupied room-night,HFT_PUBLISHED_COEFFICIENT,,False,False,Greenview Hotel Footprinting Tool,https://greenview.sg/resources/hotel-footprinting-tool/
2024,Bangladés,BGD,4,CHSB 2026,2024,Greenview HFT 2026v1.1,42.4755,kgCO2e/occupied room-night,HFT_PUBLISHED_COEFFICIENT,,False,False,Greenview Hotel Footprinting Tool,https://greenview.sg/resources/hotel-footprinting-tool/
2024,Bangladés,BGD,5,CHSB 2026,2024,Greenview HFT 2026v1.1,56.7754,kgCO2e/occupied room-night,HFT_PUBLISHED_COEFFICIENT,,False,False,Greenview Hotel Footprinting Tool,https://greenview.sg/resources/hotel-footprinting-tool/
2024,Bangladés,BGD,unknown,CHSB 2026,2024,Greenview HFT 2026v1.1,31.048,kgCO2e/occupied room-night,HFT_PUBLISHED_COEFFICIENT,,False,False,Greenview Hotel Footprinting Tool,https://greenview.sg/resources/hotel-footprinting-tool/
2024,Barbados,BRB,2,CHSB 2026,2024,Greenview HFT 2026v1.1,10.8604,kgCO2e/occupied room-night,HFT_PUBLISHED_COEFFICIENT,,False,False,Greenview Hotel Footprinting Tool,https://greenview.sg/resources/hotel-footprinting-tool/
2024,Barbados,BRB,3,CHSB 2026,2024,Greenview HFT 2026v1.1,15.6631,kgCO2e/occupied room-night,HFT_PUBLISHED_COEFFICIENT,,False,False,Greenview Hotel Footprinting Tool,https://greenview.sg/resources/hotel-footprinting-tool/
2024,Barbados,BRB,4,CHSB 2026,2024,Greenview HFT 2026v1.1,25.4756,kgCO2e/occupied room-night,HFT_PUBLISHED_COEFFICIENT,,False,False,Greenview Hotel Footprinting Tool,https://greenview.sg/resources/hotel-footprinting-tool/
2024,Barbados,BRB,5,CHSB 2026,2024,Greenview HFT 2026v1.1,32.4873,kgCO2e/occupied room-night,HFT_PUBLISHED_COEFFICIENT,,False,False,Greenview Hotel Footprinting Tool,https://greenview.sg/resources/hotel-footprinting-tool/
2024,Barbados,BRB,unknown,CHSB 2026,2024,Greenview HFT 2026v1.1,22.4698,kgCO2e/occupied room-night,HFT_PUBLISHED_COEFFICIENT,,False,False,Greenview Hotel Footprinting Tool,https://greenview.sg/resources/hotel-footprinting-tool/
2024,Baréin,BHR,2,CHSB 2026,2024,Greenview HFT 2026v1.1,16.0547,kgCO2e/occupied room-night,HFT_PUBLISHED_COEFFICIENT,,False,False,Greenview Hotel Footprinting Tool,https://greenview.sg/resources/hotel-footprinting-tool/
2024,Baréin,BHR,3,CHSB 2026,2024,Greenview HFT 2026v1.1,29.4247,kgCO2e/occupied room-night,HFT_PUBLISHED_COEFFICIENT,,False,False,Greenview Hotel Footprinting Tool,https://greenview.sg/resources/hotel-footprinting-tool/
2024,Baréin,BHR,4,CHSB 2026,2024,Greenview HFT 2026v1.1,45.239,kgCO2e/occupied room-night,HFT_PUBLISHED_COEFFICIENT,,False,False,Greenview Hotel Footprinting Tool,https://greenview.sg/resources/hotel-footprinting-tool/
2024,Baréin,BHR,5,CHSB 2026,2024,Greenview HFT 2026v1.1,46.3836,kgCO2e/occupied room-night,HFT_PUBLISHED_COEFFICIENT,,False,False,Greenview Hotel Footprinting Tool,https://greenview.sg/resources/hotel-footprinting-tool/
2024,Baréin,BHR,unknown,CHSB 2026,2024,Greenview HFT 2026v1.1,71.7554,kgCO2e/occupied room-night,HFT_PUBLISHED_COEFFICIENT,,False,False,Greenview Hotel Footprinting Tool,https://greenview.sg/resources/hotel-footprinting-tool/
2024,Belice,BLZ,2,CHSB 2026,2024,Greenview HFT 2026v1.1,11.35,kgCO2e/occupied room-night,HFT_PUBLISHED_COEFFICIENT,,False,False,Greenview Hotel Footprinting Tool,https://greenview.sg/resources/hotel-footprinting-tool/
2024,Belice,BLZ,3,CHSB 2026,2024,Greenview HFT 2026v1.1,16.3691,kgCO2e/occupied room-night,HFT_PUBLISHED_COEFFICIENT,,False,False,Greenview Hotel Footprinting Tool,https://greenview.sg/resources/hotel-footprinting-tool/
2024,Belice,BLZ,4,CHSB 2026,2024,Greenview HFT 2026v1.1,26.6239,kgCO2e/occupied room-night,HFT_PUBLISHED_COEFFICIENT,,False,False,Greenview Hotel Footprinting Tool,https://greenview.sg/resources/hotel-footprinting-tool/
2024,Belice,BLZ,5,CHSB 2026,2024,Greenview HFT 2026v1.1,33.9517,kgCO2e/occupied room-night,HFT_PUBLISHED_COEFFICIENT,,False,False,Greenview Hotel Footprinting Tool,https://greenview.sg/resources/hotel-footprinting-tool/
2024,Belice,BLZ,unknown,CHSB 2026,2024,Greenview HFT 2026v1.1,23.4826,kgCO2e/occupied room-night,HFT_PUBLISHED_COEFFICIENT,,False,False,Greenview Hotel Footprinting Tool,https://greenview.sg/resources/hotel-footprinting-tool/
2024,Benín,BEN,2,CHSB 2026,2024,Greenview HFT 2026v1.1,10.1585,kgCO2e/occupied room-night,HFT_PUBLISHED_COEFFICIENT,,False,False,Greenview Hotel Footprinting Tool,https://greenview.sg/resources/hotel-footprinting-tool/
2024,Benín,BEN,3,CHSB 2026,2024,Greenview HFT 2026v1.1,14.6508,kgCO2e/occupied room-night,HFT_PUBLISHED_COEFFICIENT,,False,False,Greenview Hotel Footprinting Tool,https://greenview.sg/resources/hotel-footprinting-tool/
2024,Benín,BEN,4,CHSB 2026,2024,Greenview HFT 2026v1.1,23.8291,kgCO2e/occupied room-night,HFT_PUBLISHED_COEFFICIENT,,False,False,Greenview Hotel Footprinting Tool,https://greenview.sg/resources/hotel-footprinting-tool/
2024,Benín,BEN,5,CHSB 2026,2024,Greenview HFT 2026v1.1,30.3875,kgCO2e/occupied room-night,HFT_PUBLISHED_COEFFICIENT,,False,False,Greenview Hotel Footprinting Tool,https://greenview.sg/resources/hotel-footprinting-tool/
2024,Benín,BEN,unknown,CHSB 2026,2024,Greenview HFT 2026v1.1,35.3669,kgCO2e/occupied room-night,HFT_PUBLISHED_COEFFICIENT,,False,False,Greenview Hotel Footprinting Tool,https://greenview.sg/resources/hotel-footprinting-tool/
2024,Bermudas,BMU,2,CHSB 2026,2024,Greenview HFT 2026v1.1,7.6786,kgCO2e/occupied room-night,HFT_PUBLISHED_COEFFICIENT,,False,False,Greenview Hotel Footprinting Tool,https://greenview.sg/resources/hotel-footprinting-tool/
2024,Bermudas,BMU,3,CHSB 2026,2024,Greenview HFT 2026v1.1,9.2316,kgCO2e/occupied room-night,HFT_PUBLISHED_COEFFICIENT,,False,False,Greenview Hotel Footprinting Tool,https://greenview.sg/resources/hotel-footprinting-tool/
2024,Bermudas,BMU,4,CHSB 2026,2024,Greenview HFT 2026v1.1,14.3334,kgCO2e/occupied room-night,HFT_PUBLISHED_COEFFICIENT,,False,False,Greenview Hotel Footprinting Tool,https://greenview.sg/resources/hotel-footprinting-tool/
2024,Bermudas,BMU,5,CHSB 2026,2024,Greenview HFT 2026v1.1,24.8727,kgCO2e/occupied room-night,HFT_PUBLISHED_COEFFICIENT,,False,False,Greenview Hotel Footprinting Tool,https://greenview.sg/resources/hotel-footprinting-tool/
2024,Bermudas,BMU,unknown,CHSB 2026,2024,Greenview HFT 2026v1.1,9.509,kgCO2e/occupied room-night,HFT_PUBLISHED_COEFFICIENT,,False,False,Greenview Hotel Footprinting Tool,https://greenview.sg/resources/hotel-footprinting-tool/
2024,Bielorrusia,BLR,2,CHSB 2026,2024,Greenview HFT 2026v1.1,11.5159,kgCO2e/occupied room-night,HFT_PUBLISHED_COEFFICIENT,,False,False,Greenview Hotel Footprinting Tool,https://greenview.sg/resources/hotel-footprinting-tool/
2024,Bielorrusia,BLR,3,CHSB 2026,2024,Greenview HFT 2026v1.1,13.5796,kgCO2e/occupied room-night,HFT_PUBLISHED_COEFFICIENT,,False,False,Greenview Hotel Footprinting Tool,https://greenview.sg/resources/hotel-footprinting-tool/
2024,Bielorrusia,BLR,4,CHSB 2026,2024,Greenview HFT 2026v1.1,22.0868,kgCO2e/occupied room-night,HFT_PUBLISHED_COEFFICIENT,,False,False,Greenview Hotel Footprinting Tool,https://greenview.sg/resources/hotel-footprinting-tool/
2024,Bielorrusia,BLR,5,CHSB 2026,2024,Greenview HFT 2026v1.1,28.1658,kgCO2e/occupied room-night,HFT_PUBLISHED_COEFFICIENT,,False,False,Greenview Hotel Footprinting Tool,https://greenview.sg/resources/hotel-footprinting-tool/
2024,Bielorrusia,BLR,unknown,CHSB 2026,2024,Greenview HFT 2026v1.1,13.6935,kgCO2e/occupied room-night,HFT_PUBLISHED_COEFFICIENT,,False,False,Greenview Hotel Footprinting Tool,https://greenview.sg/resources/hotel-footprinting-tool/
2024,Bolivia,BOL,2,CHSB 2026,2024,Greenview HFT 2026v1.1,8.1655,kgCO2e/occupied room-night,HFT_PUBLISHED_COEFFICIENT,,False,False,Greenview Hotel Footprinting Tool,https://greenview.sg/resources/hotel-footprinting-tool/
2024,Bolivia,BOL,3,CHSB 2026,2024,Greenview HFT 2026v1.1,11.7764,kgCO2e/occupied room-night,HFT_PUBLISHED_COEFFICIENT,,False,False,Greenview Hotel Footprinting Tool,https://greenview.sg/resources/hotel-footprinting-tool/
2024,Bolivia,BOL,4,CHSB 2026,2024,Greenview HFT 2026v1.1,19.154,kgCO2e/occupied room-night,HFT_PUBLISHED_COEFFICIENT,,False,False,Greenview Hotel Footprinting Tool,https://greenview.sg/resources/hotel-footprinting-tool/
2024,Bolivia,BOL,5,CHSB 2026,2024,Greenview HFT 2026v1.1,24.4257,kgCO2e/occupied room-night,HFT_PUBLISHED_COEFFICIENT,,False,False,Greenview Hotel Footprinting Tool,https://greenview.sg/resources/hotel-footprinting-tool/
2024,Bolivia,BOL,unknown,CHSB 2026,2024,Greenview HFT 2026v1.1,16.894,kgCO2e/occupied room-night,HFT_PUBLISHED_COEFFICIENT,,False,False,Greenview Hotel Footprinting Tool,https://greenview.sg/resources/hotel-footprinting-tool/
2024,Bonaire,BES,2,CHSB 2026,2024,Greenview HFT 2026v1.1,10.8604,kgCO2e/occupied room-night,HFT_PUBLISHED_COEFFICIENT,,False,False,Greenview Hotel Footprinting Tool,https://greenview.sg/resources/hotel-footprinting-tool/
2024,Bonaire,BES,3,CHSB 2026,2024,Greenview HFT 2026v1.1,15.6631,kgCO2e/occupied room-night,HFT_PUBLISHED_COEFFICIENT,,False,False,Greenview Hotel Footprinting Tool,https://greenview.sg/resources/hotel-footprinting-tool/
2024,Bonaire,BES,4,CHSB 2026,2024,Greenview HFT 2026v1.1,25.4756,kgCO2e/occupied room-night,HFT_PUBLISHED_COEFFICIENT,,False,False,Greenview Hotel Footprinting Tool,https://greenview.sg/resources/hotel-footprinting-tool/
2024,Bonaire,BES,5,CHSB 2026,2024,Greenview HFT 2026v1.1,32.4873,kgCO2e/occupied room-night,HFT_PUBLISHED_COEFFICIENT,,False,False,Greenview Hotel Footprinting Tool,https://greenview.sg/resources/hotel-footprinting-tool/
2024,Bonaire,BES,unknown,CHSB 2026,2024,Greenview HFT 2026v1.1,22.4698,kgCO2e/occupied room-night,HFT_PUBLISHED_COEFFICIENT,,False,False,Greenview Hotel Footprinting Tool,https://greenview.sg/resources/hotel-footprinting-tool/
2024,Bosnia y Herzegovina,BIH,2,CHSB 2026,2024,Greenview HFT 2026v1.1,12.4553,kgCO2e/occupied room-night,HFT_PUBLISHED_COEFFICIENT,,False,False,Greenview Hotel Footprinting Tool,https://greenview.sg/resources/hotel-footprinting-tool/
2024,Bosnia y Herzegovina,BIH,3,CHSB 2026,2024,Greenview HFT 2026v1.1,17.9632,kgCO2e/occupied room-night,HFT_PUBLISHED_COEFFICIENT,,False,False,Greenview Hotel Footprinting Tool,https://greenview.sg/resources/hotel-footprinting-tool/
2024,Bosnia y Herzegovina,BIH,4,CHSB 2026,2024,Greenview HFT 2026v1.1,29.2167,kgCO2e/occupied room-night,HFT_PUBLISHED_COEFFICIENT,,False,False,Greenview Hotel Footprinting Tool,https://greenview.sg/resources/hotel-footprinting-tool/
2024,Bosnia y Herzegovina,BIH,5,CHSB 2026,2024,Greenview HFT 2026v1.1,37.258,kgCO2e/occupied room-night,HFT_PUBLISHED_COEFFICIENT,,False,False,Greenview Hotel Footprinting Tool,https://greenview.sg/resources/hotel-footprinting-tool/
2024,Bosnia y Herzegovina,BIH,unknown,CHSB 2026,2024,Greenview HFT 2026v1.1,25.7694,kgCO2e/occupied room-night,HFT_PUBLISHED_COEFFICIENT,,False,False,Greenview Hotel Footprinting Tool,https://greenview.sg/resources/hotel-footprinting-tool/
2024,Botsuana,BWA,2,CHSB 2026,2024,Greenview HFT 2026v1.1,18.99,kgCO2e/occupied room-night,HFT_PUBLISHED_COEFFICIENT,,False,False,Greenview Hotel Footprinting Tool,https://greenview.sg/resources/hotel-footprinting-tool/
2024,Botsuana,BWA,3,CHSB 2026,2024,Greenview HFT 2026v1.1,36.0255,kgCO2e/occupied room-night,HFT_PUBLISHED_COEFFICIENT,,False,False,Greenview Hotel Footprinting Tool,https://greenview.sg/resources/hotel-footprinting-tool/
2024,Botsuana,BWA,4,CHSB 2026,2024,Greenview HFT 2026v1.1,46.0399,kgCO2e/occupied room-night,HFT_PUBLISHED_COEFFICIENT,,False,False,Greenview Hotel Footprinting Tool,https://greenview.sg/resources/hotel-footprinting-tool/
2024,Botsuana,BWA,5,CHSB 2026,2024,Greenview HFT 2026v1.1,56.8057,kgCO2e/occupied room-night,HFT_PUBLISHED_COEFFICIENT,,False,False,Greenview Hotel Footprinting Tool,https://greenview.sg/resources/hotel-footprinting-tool/
2024,Botsuana,BWA,unknown,CHSB 2026,2024,Greenview HFT 2026v1.1,39.2895,kgCO2e/occupied room-night,HFT_PUBLISHED_COEFFICIENT,,False,False,Greenview Hotel Footprinting Tool,https://greenview.sg/resources/hotel-footprinting-tool/
2024,Brasil,BRA,2,CHSB 2026,2024,Greenview HFT 2026v1.1,2.8981,kgCO2e/occupied room-night,HFT_PUBLISHED_COEFFICIENT,,False,False,Greenview Hotel Footprinting Tool,https://greenview.sg/resources/hotel-footprinting-tool/
2024,Brasil,BRA,3,CHSB 2026,2024,Greenview HFT 2026v1.1,3.8498,kgCO2e/occupied room-night,HFT_PUBLISHED_COEFFICIENT,,False,False,Greenview Hotel Footprinting Tool,https://greenview.sg/resources/hotel-footprinting-tool/
2024,Brasil,BRA,4,CHSB 2026,2024,Greenview HFT 2026v1.1,7.9106,kgCO2e/occupied room-night,HFT_PUBLISHED_COEFFICIENT,,False,False,Greenview Hotel Footprinting Tool,https://greenview.sg/resources/hotel-footprinting-tool/
2024,Brasil,BRA,5,CHSB 2026,2024,Greenview HFT 2026v1.1,7.9347,kgCO2e/occupied room-night,HFT_PUBLISHED_COEFFICIENT,,False,False,Greenview Hotel Footprinting Tool,https://greenview.sg/resources/hotel-footprinting-tool/
2024,Brasil,BRA,unknown,CHSB 2026,2024,Greenview HFT 2026v1.1,5.4015,kgCO2e/occupied room-night,HFT_PUBLISHED_COEFFICIENT,,False,False,Greenview Hotel Footprinting Tool,https://greenview.sg/resources/hotel-footprinting-tool/
2024,Brunéi,BRN,2,CHSB 2026,2024,Greenview HFT 2026v1.1,11.5613,kgCO2e/occupied room-night,HFT_PUBLISHED_COEFFICIENT,,False,False,Greenview Hotel Footprinting Tool,https://greenview.sg/resources/hotel-footprinting-tool/
2024,Brunéi,BRN,3,CHSB 2026,2024,Greenview HFT 2026v1.1,36.0181,kgCO2e/occupied room-night,HFT_PUBLISHED_COEFFICIENT,,False,False,Greenview Hotel Footprinting Tool,https://greenview.sg/resources/hotel-footprinting-tool/
2024,Brunéi,BRN,4,CHSB 2026,2024,Greenview HFT 2026v1.1,46.5907,kgCO2e/occupied room-night,HFT_PUBLISHED_COEFFICIENT,,False,False,Greenview Hotel Footprinting Tool,https://greenview.sg/resources/hotel-footprinting-tool/
2024,Brunéi,BRN,5,CHSB 2026,2024,Greenview HFT 2026v1.1,47.1018,kgCO2e/occupied room-night,HFT_PUBLISHED_COEFFICIENT,,False,False,Greenview Hotel Footprinting Tool,https://greenview.sg/resources/hotel-footprinting-tool/
2024,Brunéi,BRN,unknown,CHSB 2026,2024,Greenview HFT 2026v1.1,43.6156,kgCO2e/occupied room-night,HFT_PUBLISHED_COEFFICIENT,,False,False,Greenview Hotel Footprinting Tool,https://greenview.sg/resources/hotel-footprinting-tool/
2024,Bulgaria,BGR,2,CHSB 2026,2024,Greenview HFT 2026v1.1,11.2839,kgCO2e/occupied room-night,HFT_PUBLISHED_COEFFICIENT,,False,False,Greenview Hotel Footprinting Tool,https://greenview.sg/resources/hotel-footprinting-tool/
2024,Bulgaria,BGR,3,CHSB 2026,2024,Greenview HFT 2026v1.1,13.306,kgCO2e/occupied room-night,HFT_PUBLISHED_COEFFICIENT,,False,False,Greenview Hotel Footprinting Tool,https://greenview.sg/resources/hotel-footprinting-tool/
2024,Bulgaria,BGR,4,CHSB 2026,2024,Greenview HFT 2026v1.1,21.6419,kgCO2e/occupied room-night,HFT_PUBLISHED_COEFFICIENT,,False,False,Greenview Hotel Footprinting Tool,https://greenview.sg/resources/hotel-footprinting-tool/
2024,Bulgaria,BGR,5,CHSB 2026,2024,Greenview HFT 2026v1.1,27.5984,kgCO2e/occupied room-night,HFT_PUBLISHED_COEFFICIENT,,False,False,Greenview Hotel Footprinting Tool,https://greenview.sg/resources/hotel-footprinting-tool/
2024,Bulgaria,BGR,unknown,CHSB 2026,2024,Greenview HFT 2026v1.1,26.6444,kgCO2e/occupied room-night,HFT_PUBLISHED_COEFFICIENT,,False,False,Greenview Hotel Footprinting Tool,https://greenview.sg/resources/hotel-footprinting-tool/
2024,Burkina Faso,BFA,2,CHSB 2026,2024,Greenview HFT 2026v1.1,10.2663,kgCO2e/occupied room-night,HFT_PUBLISHED_COEFFICIENT,,False,False,Greenview Hotel Footprinting Tool,https://greenview.sg/resources/hotel-footprinting-tool/
2024,Burkina Faso,BFA,3,CHSB 2026,2024,Greenview HFT 2026v1.1,14.8062,kgCO2e/occupied room-night,HFT_PUBLISHED_COEFFICIENT,,False,False,Greenview Hotel Footprinting Tool,https://greenview.sg/resources/hotel-footprinting-tool/
2024,Burkina Faso,BFA,4,CHSB 2026,2024,Greenview HFT 2026v1.1,24.0819,kgCO2e/occupied room-night,HFT_PUBLISHED_COEFFICIENT,,False,False,Greenview Hotel Footprinting Tool,https://greenview.sg/resources/hotel-footprinting-tool/
2024,Burkina Faso,BFA,5,CHSB 2026,2024,Greenview HFT 2026v1.1,30.71,kgCO2e/occupied room-night,HFT_PUBLISHED_COEFFICIENT,,False,False,Greenview Hotel Footprinting Tool,https://greenview.sg/resources/hotel-footprinting-tool/
2024,Burkina Faso,BFA,unknown,CHSB 2026,2024,Greenview HFT 2026v1.1,21.2405,kgCO2e/occupied room-night,HFT_PUBLISHED_COEFFICIENT,,False,False,Greenview Hotel Footprinting Tool,https://greenview.sg/resources/hotel-footprinting-tool/
2024,Burundi,BDI,2,CHSB 2026,2024,Greenview HFT 2026v1.1,8.8524,kgCO2e/occupied room-night,HFT_PUBLISHED_COEFFICIENT,,False,False,Greenview Hotel Footprinting Tool,https://greenview.sg/resources/hotel-footprinting-tool/
2024,Burundi,BDI,3,CHSB 2026,2024,Greenview HFT 2026v1.1,12.7671,kgCO2e/occupied room-night,HFT_PUBLISHED_COEFFICIENT,,False,False,Greenview Hotel Footprinting Tool,https://greenview.sg/resources/hotel-footprinting-tool/
2024,Burundi,BDI,4,CHSB 2026,2024,Greenview HFT 2026v1.1,20.7654,kgCO2e/occupied room-night,HFT_PUBLISHED_COEFFICIENT,,False,False,Greenview Hotel Footprinting Tool,https://greenview.sg/resources/hotel-footprinting-tool/
2024,Burundi,BDI,5,CHSB 2026,2024,Greenview HFT 2026v1.1,26.4806,kgCO2e/occupied room-night,HFT_PUBLISHED_COEFFICIENT,,False,False,Greenview Hotel Footprinting Tool,https://greenview.sg/resources/hotel-footprinting-tool/
2024,Burundi,BDI,unknown,CHSB 2026,2024,Greenview HFT 2026v1.1,18.3153,kgCO2e/occupied room-night,HFT_PUBLISHED_COEFFICIENT,,False,False,Greenview Hotel Footprinting Tool,https://greenview.sg/resources/hotel-footprinting-tool/
2024,Bután,BTN,2,CHSB 2026,2024,Greenview HFT 2026v1.1,20.4811,kgCO2e/occupied room-night,HFT_PUBLISHED_COEFFICIENT,,False,False,Greenview Hotel Footprinting Tool,https://greenview.sg/resources/hotel-footprinting-tool/
2024,Bután,BTN,3,CHSB 2026,2024,Greenview HFT 2026v1.1,28.9135,kgCO2e/occupied room-night,HFT_PUBLISHED_COEFFICIENT,,False,False,Greenview Hotel Footprinting Tool,https://greenview.sg/resources/hotel-footprinting-tool/
2024,Bután,BTN,4,CHSB 2026,2024,Greenview HFT 2026v1.1,32.9265,kgCO2e/occupied room-night,HFT_PUBLISHED_COEFFICIENT,,False,False,Greenview Hotel Footprinting Tool,https://greenview.sg/resources/hotel-footprinting-tool/
2024,Bután,BTN,5,CHSB 2026,2024,Greenview HFT 2026v1.1,44.0116,kgCO2e/occupied room-night,HFT_PUBLISHED_COEFFICIENT,,False,False,Greenview Hotel Footprinting Tool,https://greenview.sg/resources/hotel-footprinting-tool/
2024,Bután,BTN,unknown,CHSB 2026,2024,Greenview HFT 2026v1.1,24.0681,kgCO2e/occupied room-night,HFT_PUBLISHED_COEFFICIENT,,False,False,Greenview Hotel Footprinting Tool,https://greenview.sg/resources/hotel-footprinting-tool/
2024,Bélgica,BEL,2,CHSB 2026,2024,Greenview HFT 2026v1.1,5.7052,kgCO2e/occupied room-night,HFT_PUBLISHED_COEFFICIENT,,False,False,Greenview Hotel Footprinting Tool,https://greenview.sg/resources/hotel-footprinting-tool/
2024,Bélgica,BEL,3,CHSB 2026,2024,Greenview HFT 2026v1.1,8.2281,kgCO2e/occupied room-night,HFT_PUBLISHED_COEFFICIENT,,False,False,Greenview Hotel Footprinting Tool,https://greenview.sg/resources/hotel-footprinting-tool/
2024,Bélgica,BEL,4,CHSB 2026,2024,Greenview HFT 2026v1.1,13.3828,kgCO2e/occupied room-night,HFT_PUBLISHED_COEFFICIENT,,False,False,Greenview Hotel Footprinting Tool,https://greenview.sg/resources/hotel-footprinting-tool/
2024,Bélgica,BEL,5,CHSB 2026,2024,Greenview HFT 2026v1.1,17.0662,kgCO2e/occupied room-night,HFT_PUBLISHED_COEFFICIENT,,False,False,Greenview Hotel Footprinting Tool,https://greenview.sg/resources/hotel-footprinting-tool/
2024,Bélgica,BEL,unknown,CHSB 2026,2024,Greenview HFT 2026v1.1,11.3939,kgCO2e/occupied room-night,HFT_PUBLISHED_COEFFICIENT,,False,False,Greenview Hotel Footprinting Tool,https://greenview.sg/resources/hotel-footprinting-tool/
2024,Cabo Verde,CPV,2,CHSB 2026,2024,Greenview HFT 2026v1.1,8.0173,kgCO2e/occupied room-night,HFT_PUBLISHED_COEFFICIENT,,False,False,Greenview Hotel Footprinting Tool,https://greenview.sg/resources/hotel-footprinting-tool/
2024,Cabo Verde,CPV,3,CHSB 2026,2024,Greenview HFT 2026v1.1,11.5626,kgCO2e/occupied room-night,HFT_PUBLISHED_COEFFICIENT,,False,False,Greenview Hotel Footprinting Tool,https://greenview.sg/resources/hotel-footprinting-tool/
2024,Cabo Verde,CPV,4,CHSB 2026,2024,Greenview HFT 2026v1.1,18.8063,kgCO2e/occupied room-night,HFT_PUBLISHED_COEFFICIENT,,False,False,Greenview Hotel Footprinting Tool,https://greenview.sg/resources/hotel-footprinting-tool/
2024,Cabo Verde,CPV,5,CHSB 2026,2024,Greenview HFT 2026v1.1,23.9824,kgCO2e/occupied room-night,HFT_PUBLISHED_COEFFICIENT,,False,False,Greenview Hotel Footprinting Tool,https://greenview.sg/resources/hotel-footprinting-tool/
2024,Cabo Verde,CPV,unknown,CHSB 2026,2024,Greenview HFT 2026v1.1,16.5874,kgCO2e/occupied room-night,HFT_PUBLISHED_COEFFICIENT,,False,False,Greenview Hotel Footprinting Tool,https://greenview.sg/resources/hotel-footprinting-tool/
2024,Camboya,KHM,2,CHSB 2026,2024,Greenview HFT 2026v1.1,6.3255,kgCO2e/occupied room-night,HFT_PUBLISHED_COEFFICIENT,,False,False,Greenview Hotel Footprinting Tool,https://greenview.sg/resources/hotel-footprinting-tool/
2024,Camboya,KHM,3,CHSB 2026,2024,Greenview HFT 2026v1.1,9.1227,kgCO2e/occupied room-night,HFT_PUBLISHED_COEFFICIENT,,False,False,Greenview Hotel Footprinting Tool,https://greenview.sg/resources/hotel-footprinting-tool/
2024,Camboya,KHM,4,CHSB 2026,2024,Greenview HFT 2026v1.1,14.8379,kgCO2e/occupied room-night,HFT_PUBLISHED_COEFFICIENT,,False,False,Greenview Hotel Footprinting Tool,https://greenview.sg/resources/hotel-footprinting-tool/
2024,Camboya,KHM,5,CHSB 2026,2024,Greenview HFT 2026v1.1,20.7684,kgCO2e/occupied room-night,HFT_PUBLISHED_COEFFICIENT,,False,False,Greenview Hotel Footprinting Tool,https://greenview.sg/resources/hotel-footprinting-tool/
2024,Camboya,KHM,unknown,CHSB 2026,2024,Greenview HFT 2026v1.1,19.1235,kgCO2e/occupied room-night,HFT_PUBLISHED_COEFFICIENT,,False,False,Greenview Hotel Footprinting Tool,https://greenview.sg/resources/hotel-footprinting-tool/
2024,Camerún,CMR,2,CHSB 2026,2024,Greenview HFT 2026v1.1,7.2044,kgCO2e/occupied room-night,HFT_PUBLISHED_COEFFICIENT,,False,False,Greenview Hotel Footprinting Tool,https://greenview.sg/resources/hotel-footprinting-tool/
2024,Camerún,CMR,3,CHSB 2026,2024,Greenview HFT 2026v1.1,10.3904,kgCO2e/occupied room-night,HFT_PUBLISHED_COEFFICIENT,,False,False,Greenview Hotel Footprinting Tool,https://greenview.sg/resources/hotel-footprinting-tool/
2024,Camerún,CMR,4,CHSB 2026,2024,Greenview HFT 2026v1.1,16.8997,kgCO2e/occupied room-night,HFT_PUBLISHED_COEFFICIENT,,False,False,Greenview Hotel Footprinting Tool,https://greenview.sg/resources/hotel-footprinting-tool/
2024,Camerún,CMR,5,CHSB 2026,2024,Greenview HFT 2026v1.1,21.551,kgCO2e/occupied room-night,HFT_PUBLISHED_COEFFICIENT,,False,False,Greenview Hotel Footprinting Tool,https://greenview.sg/resources/hotel-footprinting-tool/
2024,Camerún,CMR,unknown,CHSB 2026,2024,Greenview HFT 2026v1.1,14.9057,kgCO2e/occupied room-night,HFT_PUBLISHED_COEFFICIENT,,False,False,Greenview Hotel Footprinting Tool,https://greenview.sg/resources/hotel-footprinting-tool/
2024,Canadá,CAN,2,CHSB 2026,2024,Greenview HFT 2026v1.1,7.0131,kgCO2e/occupied room-night,HFT_PUBLISHED_COEFFICIENT,,False,False,Greenview Hotel Footprinting Tool,https://greenview.sg/resources/hotel-footprinting-tool/
2024,Canadá,CAN,3,CHSB 2026,2024,Greenview HFT 2026v1.1,8.8295,kgCO2e/occupied room-night,HFT_PUBLISHED_COEFFICIENT,,False,False,Greenview Hotel Footprinting Tool,https://greenview.sg/resources/hotel-footprinting-tool/
2024,Canadá,CAN,4,CHSB 2026,2024,Greenview HFT 2026v1.1,13.456,kgCO2e/occupied room-night,HFT_PUBLISHED_COEFFICIENT,,False,False,Greenview Hotel Footprinting Tool,https://greenview.sg/resources/hotel-footprinting-tool/
2024,Canadá,CAN,5,CHSB 2026,2024,Greenview HFT 2026v1.1,26.8195,kgCO2e/occupied room-night,HFT_PUBLISHED_COEFFICIENT,,False,False,Greenview Hotel Footprinting Tool,https://greenview.sg/resources/hotel-footprinting-tool/
2024,Canadá,CAN,unknown,CHSB 2026,2024,Greenview HFT 2026v1.1,9.7803,kgCO2e/occupied room-night,HFT_PUBLISHED_COEFFICIENT,,False,False,Greenview Hotel Footprinting Tool,https://greenview.sg/resources/hotel-footprinting-tool/
2024,Catar,QAT,2,CHSB 2026,2024,Greenview HFT 2026v1.1,27.8592,kgCO2e/occupied room-night,HFT_PUBLISHED_COEFFICIENT,,False,False,Greenview Hotel Footprinting Tool,https://greenview.sg/resources/hotel-footprinting-tool/
2024,Catar,QAT,3,CHSB 2026,2024,Greenview HFT 2026v1.1,40.179,kgCO2e/occupied room-night,HFT_PUBLISHED_COEFFICIENT,,False,False,Greenview Hotel Footprinting Tool,https://greenview.sg/resources/hotel-footprinting-tool/
2024,Catar,QAT,4,CHSB 2026,2024,Greenview HFT 2026v1.1,79.1918,kgCO2e/occupied room-night,HFT_PUBLISHED_COEFFICIENT,,False,False,Greenview Hotel Footprinting Tool,https://greenview.sg/resources/hotel-footprinting-tool/
2024,Catar,QAT,5,CHSB 2026,2024,Greenview HFT 2026v1.1,65.685,kgCO2e/occupied room-night,HFT_PUBLISHED_COEFFICIENT,,False,False,Greenview Hotel Footprinting Tool,https://greenview.sg/resources/hotel-footprinting-tool/
2024,Catar,QAT,unknown,CHSB 2026,2024,Greenview HFT 2026v1.1,72.7005,kgCO2e/occupied room-night,HFT_PUBLISHED_COEFFICIENT,,False,False,Greenview Hotel Footprinting Tool,https://greenview.sg/resources/hotel-footprinting-tool/
2024,Chad,TCD,2,CHSB 2026,2024,Greenview HFT 2026v1.1,19.4638,kgCO2e/occupied room-night,HFT_PUBLISHED_COEFFICIENT,,False,False,Greenview Hotel Footprinting Tool,https://greenview.sg/resources/hotel-footprinting-tool/
2024,Chad,TCD,3,CHSB 2026,2024,Greenview HFT 2026v1.1,28.071,kgCO2e/occupied room-night,HFT_PUBLISHED_COEFFICIENT,,False,False,Greenview Hotel Footprinting Tool,https://greenview.sg/resources/hotel-footprinting-tool/
2024,Chad,TCD,4,CHSB 2026,2024,Greenview HFT 2026v1.1,45.6568,kgCO2e/occupied room-night,HFT_PUBLISHED_COEFFICIENT,,False,False,Greenview Hotel Footprinting Tool,https://greenview.sg/resources/hotel-footprinting-tool/
2024,Chad,TCD,5,CHSB 2026,2024,Greenview HFT 2026v1.1,58.2229,kgCO2e/occupied room-night,HFT_PUBLISHED_COEFFICIENT,,False,False,Greenview Hotel Footprinting Tool,https://greenview.sg/resources/hotel-footprinting-tool/
2024,Chad,TCD,unknown,CHSB 2026,2024,Greenview HFT 2026v1.1,40.2698,kgCO2e/occupied room-night,HFT_PUBLISHED_COEFFICIENT,,False,False,Greenview Hotel Footprinting Tool,https://greenview.sg/resources/hotel-footprinting-tool/
2024,Chequia,CZE,2,CHSB 2026,2024,Greenview HFT 2026v1.1,10.0594,kgCO2e/occupied room-night,HFT_PUBLISHED_COEFFICIENT,,False,False,Greenview Hotel Footprinting Tool,https://greenview.sg/resources/hotel-footprinting-tool/
2024,Chequia,CZE,3,CHSB 2026,2024,Greenview HFT 2026v1.1,14.5078,kgCO2e/occupied room-night,HFT_PUBLISHED_COEFFICIENT,,False,False,Greenview Hotel Footprinting Tool,https://greenview.sg/resources/hotel-footprinting-tool/
2024,Chequia,CZE,4,CHSB 2026,2024,Greenview HFT 2026v1.1,16.4963,kgCO2e/occupied room-night,HFT_PUBLISHED_COEFFICIENT,,False,False,Greenview Hotel Footprinting Tool,https://greenview.sg/resources/hotel-footprinting-tool/
2024,Chequia,CZE,5,CHSB 2026,2024,Greenview HFT 2026v1.1,39.1457,kgCO2e/occupied room-night,HFT_PUBLISHED_COEFFICIENT,,False,False,Greenview Hotel Footprinting Tool,https://greenview.sg/resources/hotel-footprinting-tool/
2024,Chequia,CZE,unknown,CHSB 2026,2024,Greenview HFT 2026v1.1,20.3142,kgCO2e/occupied room-night,HFT_PUBLISHED_COEFFICIENT,,False,False,Greenview Hotel Footprinting Tool,https://greenview.sg/resources/hotel-footprinting-tool/
2024,Chile,CHL,2,CHSB 2026,2024,Greenview HFT 2026v1.1,10.0727,kgCO2e/occupied room-night,HFT_PUBLISHED_COEFFICIENT,,False,False,Greenview Hotel Footprinting Tool,https://greenview.sg/resources/hotel-footprinting-tool/
2024,Chile,CHL,3,CHSB 2026,2024,Greenview HFT 2026v1.1,15.2061,kgCO2e/occupied room-night,HFT_PUBLISHED_COEFFICIENT,,False,False,Greenview Hotel Footprinting Tool,https://greenview.sg/resources/hotel-footprinting-tool/
2024,Chile,CHL,4,CHSB 2026,2024,Greenview HFT 2026v1.1,22.5231,kgCO2e/occupied room-night,HFT_PUBLISHED_COEFFICIENT,,False,False,Greenview Hotel Footprinting Tool,https://greenview.sg/resources/hotel-footprinting-tool/
2024,Chile,CHL,5,CHSB 2026,2024,Greenview HFT 2026v1.1,30.1308,kgCO2e/occupied room-night,HFT_PUBLISHED_COEFFICIENT,,False,False,Greenview Hotel Footprinting Tool,https://greenview.sg/resources/hotel-footprinting-tool/
2024,Chile,CHL,unknown,CHSB 2026,2024,Greenview HFT 2026v1.1,20.0171,kgCO2e/occupied room-night,HFT_PUBLISHED_COEFFICIENT,,False,False,Greenview Hotel Footprinting Tool,https://greenview.sg/resources/hotel-footprinting-tool/
2024,China,CHN,2,CHSB 2026,2024,Greenview HFT 2026v1.1,19.8973,kgCO2e/occupied room-night,HFT_PUBLISHED_COEFFICIENT,,False,False,Greenview Hotel Footprinting Tool,https://greenview.sg/resources/hotel-footprinting-tool/
2024,China,CHN,3,CHSB 2026,2024,Greenview HFT 2026v1.1,34.5312,kgCO2e/occupied room-night,HFT_PUBLISHED_COEFFICIENT,,False,False,Greenview Hotel Footprinting Tool,https://greenview.sg/resources/hotel-footprinting-tool/
2024,China,CHN,4,CHSB 2026,2024,Greenview HFT 2026v1.1,50.8567,kgCO2e/occupied room-night,HFT_PUBLISHED_COEFFICIENT,,False,False,Greenview Hotel Footprinting Tool,https://greenview.sg/resources/hotel-footprinting-tool/
2024,China,CHN,5,CHSB 2026,2024,Greenview HFT 2026v1.1,62.5284,kgCO2e/occupied room-night,HFT_PUBLISHED_COEFFICIENT,,False,False,Greenview Hotel Footprinting Tool,https://greenview.sg/resources/hotel-footprinting-tool/
2024,China,CHN,unknown,CHSB 2026,2024,Greenview HFT 2026v1.1,47.2852,kgCO2e/occupied room-night,HFT_PUBLISHED_COEFFICIENT,,False,False,Greenview Hotel Footprinting Tool,https://greenview.sg/resources/hotel-footprinting-tool/
2024,Chipre,CYP,2,CHSB 2026,2024,Greenview HFT 2026v1.1,10.6092,kgCO2e/occupied room-night,HFT_PUBLISHED_COEFFICIENT,,False,False,Greenview Hotel Footprinting Tool,https://greenview.sg/resources/hotel-footprinting-tool/
2024,Chipre,CYP,3,CHSB 2026,2024,Greenview HFT 2026v1.1,15.3007,kgCO2e/occupied room-night,HFT_PUBLISHED_COEFFICIENT,,False,False,Greenview Hotel Footprinting Tool,https://greenview.sg/resources/hotel-footprinting-tool/
2024,Chipre,CYP,4,CHSB 2026,2024,Greenview HFT 2026v1.1,24.8862,kgCO2e/occupied room-night,HFT_PUBLISHED_COEFFICIENT,,False,False,Greenview Hotel Footprinting Tool,https://greenview.sg/resources/hotel-footprinting-tool/
2024,Chipre,CYP,5,CHSB 2026,2024,Greenview HFT 2026v1.1,31.7357,kgCO2e/occupied room-night,HFT_PUBLISHED_COEFFICIENT,,False,False,Greenview Hotel Footprinting Tool,https://greenview.sg/resources/hotel-footprinting-tool/
2024,Chipre,CYP,unknown,CHSB 2026,2024,Greenview HFT 2026v1.1,21.9499,kgCO2e/occupied room-night,HFT_PUBLISHED_COEFFICIENT,,False,False,Greenview Hotel Footprinting Tool,https://greenview.sg/resources/hotel-footprinting-tool/
2024,Colombia,COL,2,CHSB 2026,2024,Greenview HFT 2026v1.1,5.3697,kgCO2e/occupied room-night,HFT_PUBLISHED_COEFFICIENT,,False,False,Greenview Hotel Footprinting Tool,https://greenview.sg/resources/hotel-footprinting-tool/
2024,Colombia,COL,3,CHSB 2026,2024,Greenview HFT 2026v1.1,6.6736,kgCO2e/occupied room-night,HFT_PUBLISHED_COEFFICIENT,,False,False,Greenview Hotel Footprinting Tool,https://greenview.sg/resources/hotel-footprinting-tool/
2024,Colombia,COL,4,CHSB 2026,2024,Greenview HFT 2026v1.1,14.3372,kgCO2e/occupied room-night,HFT_PUBLISHED_COEFFICIENT,,False,False,Greenview Hotel Footprinting Tool,https://greenview.sg/resources/hotel-footprinting-tool/
2024,Colombia,COL,5,CHSB 2026,2024,Greenview HFT 2026v1.1,16.0626,kgCO2e/occupied room-night,HFT_PUBLISHED_COEFFICIENT,,False,False,Greenview Hotel Footprinting Tool,https://greenview.sg/resources/hotel-footprinting-tool/
2024,Colombia,COL,unknown,CHSB 2026,2024,Greenview HFT 2026v1.1,10.5433,kgCO2e/occupied room-night,HFT_PUBLISHED_COEFFICIENT,,False,False,Greenview Hotel Footprinting Tool,https://greenview.sg/resources/hotel-footprinting-tool/
2024,Comoras,COM,2,CHSB 2026,2024,Greenview HFT 2026v1.1,8.7924,kgCO2e/occupied room-night,HFT_PUBLISHED_COEFFICIENT,,False,False,Greenview Hotel Footprinting Tool,https://greenview.sg/resources/hotel-footprinting-tool/
2024,Comoras,COM,3,CHSB 2026,2024,Greenview HFT 2026v1.1,12.6806,kgCO2e/occupied room-night,HFT_PUBLISHED_COEFFICIENT,,False,False,Greenview Hotel Footprinting Tool,https://greenview.sg/resources/hotel-footprinting-tool/
2024,Comoras,COM,4,CHSB 2026,2024,Greenview HFT 2026v1.1,16.0907,kgCO2e/occupied room-night,HFT_PUBLISHED_COEFFICIENT,,False,False,Greenview Hotel Footprinting Tool,https://greenview.sg/resources/hotel-footprinting-tool/
2024,Comoras,COM,5,CHSB 2026,2024,Greenview HFT 2026v1.1,26.3012,kgCO2e/occupied room-night,HFT_PUBLISHED_COEFFICIENT,,False,False,Greenview Hotel Footprinting Tool,https://greenview.sg/resources/hotel-footprinting-tool/
2024,Comoras,COM,unknown,CHSB 2026,2024,Greenview HFT 2026v1.1,18.1912,kgCO2e/occupied room-night,HFT_PUBLISHED_COEFFICIENT,,False,False,Greenview Hotel Footprinting Tool,https://greenview.sg/resources/hotel-footprinting-tool/
2024,Congo,COG,2,CHSB 2026,2024,Greenview HFT 2026v1.1,10.7187,kgCO2e/occupied room-night,HFT_PUBLISHED_COEFFICIENT,,False,False,Greenview Hotel Footprinting Tool,https://greenview.sg/resources/hotel-footprinting-tool/
2024,Congo,COG,3,CHSB 2026,2024,Greenview HFT 2026v1.1,15.4587,kgCO2e/occupied room-night,HFT_PUBLISHED_COEFFICIENT,,False,False,Greenview Hotel Footprinting Tool,https://greenview.sg/resources/hotel-footprinting-tool/
2024,Congo,COG,4,CHSB 2026,2024,Greenview HFT 2026v1.1,25.1432,kgCO2e/occupied room-night,HFT_PUBLISHED_COEFFICIENT,,False,False,Greenview Hotel Footprinting Tool,https://greenview.sg/resources/hotel-footprinting-tool/
2024,Congo,COG,5,CHSB 2026,2024,Greenview HFT 2026v1.1,32.0634,kgCO2e/occupied room-night,HFT_PUBLISHED_COEFFICIENT,,False,False,Greenview Hotel Footprinting Tool,https://greenview.sg/resources/hotel-footprinting-tool/
2024,Congo,COG,unknown,CHSB 2026,2024,Greenview HFT 2026v1.1,22.1766,kgCO2e/occupied room-night,HFT_PUBLISHED_COEFFICIENT,,False,False,Greenview Hotel Footprinting Tool,https://greenview.sg/resources/hotel-footprinting-tool/
2024,Corea del Norte,PRK,2,CHSB 2026,2024,Greenview HFT 2026v1.1,11.3276,kgCO2e/occupied room-night,HFT_PUBLISHED_COEFFICIENT,,False,False,Greenview Hotel Footprinting Tool,https://greenview.sg/resources/hotel-footprinting-tool/
2024,Corea del Norte,PRK,3,CHSB 2026,2024,Greenview HFT 2026v1.1,17.801,kgCO2e/occupied room-night,HFT_PUBLISHED_COEFFICIENT,,False,False,Greenview Hotel Footprinting Tool,https://greenview.sg/resources/hotel-footprinting-tool/
2024,Corea del Norte,PRK,4,CHSB 2026,2024,Greenview HFT 2026v1.1,30.8263,kgCO2e/occupied room-night,HFT_PUBLISHED_COEFFICIENT,,False,False,Greenview Hotel Footprinting Tool,https://greenview.sg/resources/hotel-footprinting-tool/
2024,Corea del Norte,PRK,5,CHSB 2026,2024,Greenview HFT 2026v1.1,44.2707,kgCO2e/occupied room-night,HFT_PUBLISHED_COEFFICIENT,,False,False,Greenview Hotel Footprinting Tool,https://greenview.sg/resources/hotel-footprinting-tool/
2024,Corea del Norte,PRK,unknown,CHSB 2026,2024,Greenview HFT 2026v1.1,29.6492,kgCO2e/occupied room-night,HFT_PUBLISHED_COEFFICIENT,,False,False,Greenview Hotel Footprinting Tool,https://greenview.sg/resources/hotel-footprinting-tool/
2024,Corea del Sur,KOR,2,CHSB 2026,2024,Greenview HFT 2026v1.1,19.4265,kgCO2e/occupied room-night,HFT_PUBLISHED_COEFFICIENT,,False,False,Greenview Hotel Footprinting Tool,https://greenview.sg/resources/hotel-footprinting-tool/
2024,Corea del Sur,KOR,3,CHSB 2026,2024,Greenview HFT 2026v1.1,27.631,kgCO2e/occupied room-night,HFT_PUBLISHED_COEFFICIENT,,False,False,Greenview Hotel Footprinting Tool,https://greenview.sg/resources/hotel-footprinting-tool/
2024,Corea del Sur,KOR,4,CHSB 2026,2024,Greenview HFT 2026v1.1,46.464,kgCO2e/occupied room-night,HFT_PUBLISHED_COEFFICIENT,,False,False,Greenview Hotel Footprinting Tool,https://greenview.sg/resources/hotel-footprinting-tool/
2024,Corea del Sur,KOR,5,CHSB 2026,2024,Greenview HFT 2026v1.1,57.771,kgCO2e/occupied room-night,HFT_PUBLISHED_COEFFICIENT,,False,False,Greenview Hotel Footprinting Tool,https://greenview.sg/resources/hotel-footprinting-tool/
2024,Corea del Sur,KOR,unknown,CHSB 2026,2024,Greenview HFT 2026v1.1,37.7342,kgCO2e/occupied room-night,HFT_PUBLISHED_COEFFICIENT,,False,False,Greenview Hotel Footprinting Tool,https://greenview.sg/resources/hotel-footprinting-tool/
2024,Costa de Marfil,CIV,2,CHSB 2026,2024,Greenview HFT 2026v1.1,8.7211,kgCO2e/occupied room-night,HFT_PUBLISHED_COEFFICIENT,,False,False,Greenview Hotel Footprinting Tool,https://greenview.sg/resources/hotel-footprinting-tool/
2024,Costa de Marfil,CIV,3,CHSB 2026,2024,Greenview HFT 2026v1.1,12.5777,kgCO2e/occupied room-night,HFT_PUBLISHED_COEFFICIENT,,False,False,Greenview Hotel Footprinting Tool,https://greenview.sg/resources/hotel-footprinting-tool/
2024,Costa de Marfil,CIV,4,CHSB 2026,2024,Greenview HFT 2026v1.1,20.4573,kgCO2e/occupied room-night,HFT_PUBLISHED_COEFFICIENT,,False,False,Greenview Hotel Footprinting Tool,https://greenview.sg/resources/hotel-footprinting-tool/
2024,Costa de Marfil,CIV,5,CHSB 2026,2024,Greenview HFT 2026v1.1,26.0878,kgCO2e/occupied room-night,HFT_PUBLISHED_COEFFICIENT,,False,False,Greenview Hotel Footprinting Tool,https://greenview.sg/resources/hotel-footprinting-tool/
2024,Costa de Marfil,CIV,unknown,CHSB 2026,2024,Greenview HFT 2026v1.1,18.0436,kgCO2e/occupied room-night,HFT_PUBLISHED_COEFFICIENT,,False,False,Greenview Hotel Footprinting Tool,https://greenview.sg/resources/hotel-footprinting-tool/
2024,Costa Rica,CRI,2,CHSB 2026,2024,Greenview HFT 2026v1.1,3.031,kgCO2e/occupied room-night,HFT_PUBLISHED_COEFFICIENT,,False,False,Greenview Hotel Footprinting Tool,https://greenview.sg/resources/hotel-footprinting-tool/
2024,Costa Rica,CRI,3,CHSB 2026,2024,Greenview HFT 2026v1.1,3.5374,kgCO2e/occupied room-night,HFT_PUBLISHED_COEFFICIENT,,False,False,Greenview Hotel Footprinting Tool,https://greenview.sg/resources/hotel-footprinting-tool/
2024,Costa Rica,CRI,4,CHSB 2026,2024,Greenview HFT 2026v1.1,8.4662,kgCO2e/occupied room-night,HFT_PUBLISHED_COEFFICIENT,,False,False,Greenview Hotel Footprinting Tool,https://greenview.sg/resources/hotel-footprinting-tool/
2024,Costa Rica,CRI,5,CHSB 2026,2024,Greenview HFT 2026v1.1,9.0667,kgCO2e/occupied room-night,HFT_PUBLISHED_COEFFICIENT,,False,False,Greenview Hotel Footprinting Tool,https://greenview.sg/resources/hotel-footprinting-tool/
2024,Costa Rica,CRI,unknown,CHSB 2026,2024,Greenview HFT 2026v1.1,5.9211,kgCO2e/occupied room-night,HFT_PUBLISHED_COEFFICIENT,,False,False,Greenview Hotel Footprinting Tool,https://greenview.sg/resources/hotel-footprinting-tool/
2024,Croacia,HRV,2,CHSB 2026,2024,Greenview HFT 2026v1.1,6.4337,kgCO2e/occupied room-night,HFT_PUBLISHED_COEFFICIENT,,False,False,Greenview Hotel Footprinting Tool,https://greenview.sg/resources/hotel-footprinting-tool/
2024,Croacia,HRV,3,CHSB 2026,2024,Greenview HFT 2026v1.1,9.2788,kgCO2e/occupied room-night,HFT_PUBLISHED_COEFFICIENT,,False,False,Greenview Hotel Footprinting Tool,https://greenview.sg/resources/hotel-footprinting-tool/
2024,Croacia,HRV,4,CHSB 2026,2024,Greenview HFT 2026v1.1,15.0917,kgCO2e/occupied room-night,HFT_PUBLISHED_COEFFICIENT,,False,False,Greenview Hotel Footprinting Tool,https://greenview.sg/resources/hotel-footprinting-tool/
2024,Croacia,HRV,5,CHSB 2026,2024,Greenview HFT 2026v1.1,19.2454,kgCO2e/occupied room-night,HFT_PUBLISHED_COEFFICIENT,,False,False,Greenview Hotel Footprinting Tool,https://greenview.sg/resources/hotel-footprinting-tool/
2024,Croacia,HRV,unknown,CHSB 2026,2024,Greenview HFT 2026v1.1,18.5049,kgCO2e/occupied room-night,HFT_PUBLISHED_COEFFICIENT,,False,False,Greenview Hotel Footprinting Tool,https://greenview.sg/resources/hotel-footprinting-tool/
2024,Cuba,CUB,2,CHSB 2026,2024,Greenview HFT 2026v1.1,10.8863,kgCO2e/occupied room-night,HFT_PUBLISHED_COEFFICIENT,,False,False,Greenview Hotel Footprinting Tool,https://greenview.sg/resources/hotel-footprinting-tool/
2024,Cuba,CUB,3,CHSB 2026,2024,Greenview HFT 2026v1.1,15.7004,kgCO2e/occupied room-night,HFT_PUBLISHED_COEFFICIENT,,False,False,Greenview Hotel Footprinting Tool,https://greenview.sg/resources/hotel-footprinting-tool/
2024,Cuba,CUB,4,CHSB 2026,2024,Greenview HFT 2026v1.1,25.5363,kgCO2e/occupied room-night,HFT_PUBLISHED_COEFFICIENT,,False,False,Greenview Hotel Footprinting Tool,https://greenview.sg/resources/hotel-footprinting-tool/
2024,Cuba,CUB,5,CHSB 2026,2024,Greenview HFT 2026v1.1,32.5647,kgCO2e/occupied room-night,HFT_PUBLISHED_COEFFICIENT,,False,False,Greenview Hotel Footprinting Tool,https://greenview.sg/resources/hotel-footprinting-tool/
2024,Cuba,CUB,unknown,CHSB 2026,2024,Greenview HFT 2026v1.1,22.5233,kgCO2e/occupied room-night,HFT_PUBLISHED_COEFFICIENT,,False,False,Greenview Hotel Footprinting Tool,https://greenview.sg/resources/hotel-footprinting-tool/
2024,Curazao,CUW,2,CHSB 2026,2024,Greenview HFT 2026v1.1,18.2302,kgCO2e/occupied room-night,HFT_PUBLISHED_COEFFICIENT,,False,False,Greenview Hotel Footprinting Tool,https://greenview.sg/resources/hotel-footprinting-tool/
2024,Curazao,CUW,3,CHSB 2026,2024,Greenview HFT 2026v1.1,26.2919,kgCO2e/occupied room-night,HFT_PUBLISHED_COEFFICIENT,,False,False,Greenview Hotel Footprinting Tool,https://greenview.sg/resources/hotel-footprinting-tool/
2024,Curazao,CUW,4,CHSB 2026,2024,Greenview HFT 2026v1.1,42.7631,kgCO2e/occupied room-night,HFT_PUBLISHED_COEFFICIENT,,False,False,Greenview Hotel Footprinting Tool,https://greenview.sg/resources/hotel-footprinting-tool/
2024,Curazao,CUW,5,CHSB 2026,2024,Greenview HFT 2026v1.1,54.5328,kgCO2e/occupied room-night,HFT_PUBLISHED_COEFFICIENT,,False,False,Greenview Hotel Footprinting Tool,https://greenview.sg/resources/hotel-footprinting-tool/
2024,Curazao,CUW,unknown,CHSB 2026,2024,Greenview HFT 2026v1.1,42.7631,kgCO2e/occupied room-night,HFT_PUBLISHED_COEFFICIENT,,False,False,Greenview Hotel Footprinting Tool,https://greenview.sg/resources/hotel-footprinting-tool/
2024,Dinamarca,DNK,2,CHSB 2026,2024,Greenview HFT 2026v1.1,6.825,kgCO2e/occupied room-night,HFT_PUBLISHED_COEFFICIENT,,False,False,Greenview Hotel Footprinting Tool,https://greenview.sg/resources/hotel-footprinting-tool/
2024,Dinamarca,DNK,3,CHSB 2026,2024,Greenview HFT 2026v1.1,9.8431,kgCO2e/occupied room-night,HFT_PUBLISHED_COEFFICIENT,,False,False,Greenview Hotel Footprinting Tool,https://greenview.sg/resources/hotel-footprinting-tool/
2024,Dinamarca,DNK,4,CHSB 2026,2024,Greenview HFT 2026v1.1,16.0095,kgCO2e/occupied room-night,HFT_PUBLISHED_COEFFICIENT,,False,False,Greenview Hotel Footprinting Tool,https://greenview.sg/resources/hotel-footprinting-tool/
2024,Dinamarca,DNK,5,CHSB 2026,2024,Greenview HFT 2026v1.1,20.4158,kgCO2e/occupied room-night,HFT_PUBLISHED_COEFFICIENT,,False,False,Greenview Hotel Footprinting Tool,https://greenview.sg/resources/hotel-footprinting-tool/
2024,Dinamarca,DNK,unknown,CHSB 2026,2024,Greenview HFT 2026v1.1,14.1206,kgCO2e/occupied room-night,HFT_PUBLISHED_COEFFICIENT,,False,False,Greenview Hotel Footprinting Tool,https://greenview.sg/resources/hotel-footprinting-tool/
2024,Dominica,DMA,2,CHSB 2026,2024,Greenview HFT 2026v1.1,10.8604,kgCO2e/occupied room-night,HFT_PUBLISHED_COEFFICIENT,,False,False,Greenview Hotel Footprinting Tool,https://greenview.sg/resources/hotel-footprinting-tool/
2024,Dominica,DMA,3,CHSB 2026,2024,Greenview HFT 2026v1.1,15.6631,kgCO2e/occupied room-night,HFT_PUBLISHED_COEFFICIENT,,False,False,Greenview Hotel Footprinting Tool,https://greenview.sg/resources/hotel-footprinting-tool/
2024,Dominica,DMA,4,CHSB 2026,2024,Greenview HFT 2026v1.1,25.4756,kgCO2e/occupied room-night,HFT_PUBLISHED_COEFFICIENT,,False,False,Greenview Hotel Footprinting Tool,https://greenview.sg/resources/hotel-footprinting-tool/
2024,Dominica,DMA,5,CHSB 2026,2024,Greenview HFT 2026v1.1,32.4873,kgCO2e/occupied room-night,HFT_PUBLISHED_COEFFICIENT,,False,False,Greenview Hotel Footprinting Tool,https://greenview.sg/resources/hotel-footprinting-tool/
2024,Dominica,DMA,unknown,CHSB 2026,2024,Greenview HFT 2026v1.1,22.4698,kgCO2e/occupied room-night,HFT_PUBLISHED_COEFFICIENT,,False,False,Greenview Hotel Footprinting Tool,https://greenview.sg/resources/hotel-footprinting-tool/
2024,Ecuador,ECU,2,CHSB 2026,2024,Greenview HFT 2026v1.1,7.0348,kgCO2e/occupied room-night,HFT_PUBLISHED_COEFFICIENT,,False,False,Greenview Hotel Footprinting Tool,https://greenview.sg/resources/hotel-footprinting-tool/
2024,Ecuador,ECU,3,CHSB 2026,2024,Greenview HFT 2026v1.1,10.1458,kgCO2e/occupied room-night,HFT_PUBLISHED_COEFFICIENT,,False,False,Greenview Hotel Footprinting Tool,https://greenview.sg/resources/hotel-footprinting-tool/
2024,Ecuador,ECU,4,CHSB 2026,2024,Greenview HFT 2026v1.1,16.5018,kgCO2e/occupied room-night,HFT_PUBLISHED_COEFFICIENT,,False,False,Greenview Hotel Footprinting Tool,https://greenview.sg/resources/hotel-footprinting-tool/
2024,Ecuador,ECU,5,CHSB 2026,2024,Greenview HFT 2026v1.1,21.0436,kgCO2e/occupied room-night,HFT_PUBLISHED_COEFFICIENT,,False,False,Greenview Hotel Footprinting Tool,https://greenview.sg/resources/hotel-footprinting-tool/
2024,Ecuador,ECU,unknown,CHSB 2026,2024,Greenview HFT 2026v1.1,14.5548,kgCO2e/occupied room-night,HFT_PUBLISHED_COEFFICIENT,,False,False,Greenview Hotel Footprinting Tool,https://greenview.sg/resources/hotel-footprinting-tool/
2024,Egipto,EGY,2,CHSB 2026,2024,Greenview HFT 2026v1.1,18.6459,kgCO2e/occupied room-night,HFT_PUBLISHED_COEFFICIENT,,False,False,Greenview Hotel Footprinting Tool,https://greenview.sg/resources/hotel-footprinting-tool/
2024,Egipto,EGY,3,CHSB 2026,2024,Greenview HFT 2026v1.1,31.2819,kgCO2e/occupied room-night,HFT_PUBLISHED_COEFFICIENT,,False,False,Greenview Hotel Footprinting Tool,https://greenview.sg/resources/hotel-footprinting-tool/
2024,Egipto,EGY,4,CHSB 2026,2024,Greenview HFT 2026v1.1,47.2581,kgCO2e/occupied room-night,HFT_PUBLISHED_COEFFICIENT,,False,False,Greenview Hotel Footprinting Tool,https://greenview.sg/resources/hotel-footprinting-tool/
2024,Egipto,EGY,5,CHSB 2026,2024,Greenview HFT 2026v1.1,42.1812,kgCO2e/occupied room-night,HFT_PUBLISHED_COEFFICIENT,,False,False,Greenview Hotel Footprinting Tool,https://greenview.sg/resources/hotel-footprinting-tool/
2024,Egipto,EGY,unknown,CHSB 2026,2024,Greenview HFT 2026v1.1,44.0007,kgCO2e/occupied room-night,HFT_PUBLISHED_COEFFICIENT,,False,False,Greenview Hotel Footprinting Tool,https://greenview.sg/resources/hotel-footprinting-tool/
2024,El Salvador,SLV,2,CHSB 2026,2024,Greenview HFT 2026v1.1,6.4292,kgCO2e/occupied room-night,HFT_PUBLISHED_COEFFICIENT,,False,False,Greenview Hotel Footprinting Tool,https://greenview.sg/resources/hotel-footprinting-tool/
2024,El Salvador,SLV,3,CHSB 2026,2024,Greenview HFT 2026v1.1,4.3321,kgCO2e/occupied room-night,HFT_PUBLISHED_COEFFICIENT,,False,False,Greenview Hotel Footprinting Tool,https://greenview.sg/resources/hotel-footprinting-tool/
2024,El Salvador,SLV,4,CHSB 2026,2024,Greenview HFT 2026v1.1,9.9491,kgCO2e/occupied room-night,HFT_PUBLISHED_COEFFICIENT,,False,False,Greenview Hotel Footprinting Tool,https://greenview.sg/resources/hotel-footprinting-tool/
2024,El Salvador,SLV,5,CHSB 2026,2024,Greenview HFT 2026v1.1,19.2319,kgCO2e/occupied room-night,HFT_PUBLISHED_COEFFICIENT,,False,False,Greenview Hotel Footprinting Tool,https://greenview.sg/resources/hotel-footprinting-tool/
2024,El Salvador,SLV,unknown,CHSB 2026,2024,Greenview HFT 2026v1.1,9.195,kgCO2e/occupied room-night,HFT_PUBLISHED_COEFFICIENT,,False,False,Greenview Hotel Footprinting Tool,https://greenview.sg/resources/hotel-footprinting-tool/
2024,Emiratos Árabes Unidos,ARE,2,CHSB 2026,2024,Greenview HFT 2026v1.1,20.8165,kgCO2e/occupied room-night,HFT_PUBLISHED_COEFFICIENT,,False,False,Greenview Hotel Footprinting Tool,https://greenview.sg/resources/hotel-footprinting-tool/
2024,Emiratos Árabes Unidos,ARE,3,CHSB 2026,2024,Greenview HFT 2026v1.1,29.3978,kgCO2e/occupied room-night,HFT_PUBLISHED_COEFFICIENT,,False,False,Greenview Hotel Footprinting Tool,https://greenview.sg/resources/hotel-footprinting-tool/
2024,Emiratos Árabes Unidos,ARE,4,CHSB 2026,2024,Greenview HFT 2026v1.1,43.7134,kgCO2e/occupied room-night,HFT_PUBLISHED_COEFFICIENT,,False,False,Greenview Hotel Footprinting Tool,https://greenview.sg/resources/hotel-footprinting-tool/
2024,Emiratos Árabes Unidos,ARE,5,CHSB 2026,2024,Greenview HFT 2026v1.1,57.5556,kgCO2e/occupied room-night,HFT_PUBLISHED_COEFFICIENT,,False,False,Greenview Hotel Footprinting Tool,https://greenview.sg/resources/hotel-footprinting-tool/
2024,Emiratos Árabes Unidos,ARE,unknown,CHSB 2026,2024,Greenview HFT 2026v1.1,42.6622,kgCO2e/occupied room-night,HFT_PUBLISHED_COEFFICIENT,,False,False,Greenview Hotel Footprinting Tool,https://greenview.sg/resources/hotel-footprinting-tool/
2024,Eritrea,ERI,2,CHSB 2026,2024,Greenview HFT 2026v1.1,13.3619,kgCO2e/occupied room-night,HFT_PUBLISHED_COEFFICIENT,,False,False,Greenview Hotel Footprinting Tool,https://greenview.sg/resources/hotel-footprinting-tool/
2024,Eritrea,ERI,3,CHSB 2026,2024,Greenview HFT 2026v1.1,19.2707,kgCO2e/occupied room-night,HFT_PUBLISHED_COEFFICIENT,,False,False,Greenview Hotel Footprinting Tool,https://greenview.sg/resources/hotel-footprinting-tool/
2024,Eritrea,ERI,4,CHSB 2026,2024,Greenview HFT 2026v1.1,24.4531,kgCO2e/occupied room-night,HFT_PUBLISHED_COEFFICIENT,,False,False,Greenview Hotel Footprinting Tool,https://greenview.sg/resources/hotel-footprinting-tool/
2024,Eritrea,ERI,5,CHSB 2026,2024,Greenview HFT 2026v1.1,39.9699,kgCO2e/occupied room-night,HFT_PUBLISHED_COEFFICIENT,,False,False,Greenview Hotel Footprinting Tool,https://greenview.sg/resources/hotel-footprinting-tool/
2024,Eritrea,ERI,unknown,CHSB 2026,2024,Greenview HFT 2026v1.1,27.6451,kgCO2e/occupied room-night,HFT_PUBLISHED_COEFFICIENT,,False,False,Greenview Hotel Footprinting Tool,https://greenview.sg/resources/hotel-footprinting-tool/
2024,Eslovaquia,SVK,2,CHSB 2026,2024,Greenview HFT 2026v1.1,3.8965,kgCO2e/occupied room-night,HFT_PUBLISHED_COEFFICIENT,,False,False,Greenview Hotel Footprinting Tool,https://greenview.sg/resources/hotel-footprinting-tool/
2024,Eslovaquia,SVK,3,CHSB 2026,2024,Greenview HFT 2026v1.1,5.6196,kgCO2e/occupied room-night,HFT_PUBLISHED_COEFFICIENT,,False,False,Greenview Hotel Footprinting Tool,https://greenview.sg/resources/hotel-footprinting-tool/
2024,Eslovaquia,SVK,4,CHSB 2026,2024,Greenview HFT 2026v1.1,9.1402,kgCO2e/occupied room-night,HFT_PUBLISHED_COEFFICIENT,,False,False,Greenview Hotel Footprinting Tool,https://greenview.sg/resources/hotel-footprinting-tool/
2024,Eslovaquia,SVK,5,CHSB 2026,2024,Greenview HFT 2026v1.1,11.6558,kgCO2e/occupied room-night,HFT_PUBLISHED_COEFFICIENT,,False,False,Greenview Hotel Footprinting Tool,https://greenview.sg/resources/hotel-footprinting-tool/
2024,Eslovaquia,SVK,unknown,CHSB 2026,2024,Greenview HFT 2026v1.1,9.8945,kgCO2e/occupied room-night,HFT_PUBLISHED_COEFFICIENT,,False,False,Greenview Hotel Footprinting Tool,https://greenview.sg/resources/hotel-footprinting-tool/
2024,Eslovenia,SVN,2,CHSB 2026,2024,Greenview HFT 2026v1.1,6.8225,kgCO2e/occupied room-night,HFT_PUBLISHED_COEFFICIENT,,False,False,Greenview Hotel Footprinting Tool,https://greenview.sg/resources/hotel-footprinting-tool/
2024,Eslovenia,SVN,3,CHSB 2026,2024,Greenview HFT 2026v1.1,9.8396,kgCO2e/occupied room-night,HFT_PUBLISHED_COEFFICIENT,,False,False,Greenview Hotel Footprinting Tool,https://greenview.sg/resources/hotel-footprinting-tool/
2024,Eslovenia,SVN,4,CHSB 2026,2024,Greenview HFT 2026v1.1,16.0038,kgCO2e/occupied room-night,HFT_PUBLISHED_COEFFICIENT,,False,False,Greenview Hotel Footprinting Tool,https://greenview.sg/resources/hotel-footprinting-tool/
2024,Eslovenia,SVN,5,CHSB 2026,2024,Greenview HFT 2026v1.1,20.4085,kgCO2e/occupied room-night,HFT_PUBLISHED_COEFFICIENT,,False,False,Greenview Hotel Footprinting Tool,https://greenview.sg/resources/hotel-footprinting-tool/
2024,Eslovenia,SVN,unknown,CHSB 2026,2024,Greenview HFT 2026v1.1,14.1155,kgCO2e/occupied room-night,HFT_PUBLISHED_COEFFICIENT,,False,False,Greenview Hotel Footprinting Tool,https://greenview.sg/resources/hotel-footprinting-tool/
2024,España,ESP,2,CHSB 2026,2024,Greenview HFT 2026v1.1,5.3599,kgCO2e/occupied room-night,HFT_PUBLISHED_COEFFICIENT,,False,False,Greenview Hotel Footprinting Tool,https://greenview.sg/resources/hotel-footprinting-tool/
2024,España,ESP,3,CHSB 2026,2024,Greenview HFT 2026v1.1,9.3611,kgCO2e/occupied room-night,HFT_PUBLISHED_COEFFICIENT,,False,False,Greenview Hotel Footprinting Tool,https://greenview.sg/resources/hotel-footprinting-tool/
2024,España,ESP,4,CHSB 2026,2024,Greenview HFT 2026v1.1,9.5505,kgCO2e/occupied room-night,HFT_PUBLISHED_COEFFICIENT,,False,False,Greenview Hotel Footprinting Tool,https://greenview.sg/resources/hotel-footprinting-tool/
2024,España,ESP,5,CHSB 2026,2024,Greenview HFT 2026v1.1,16.5044,kgCO2e/occupied room-night,HFT_PUBLISHED_COEFFICIENT,,False,False,Greenview Hotel Footprinting Tool,https://greenview.sg/resources/hotel-footprinting-tool/
2024,España,ESP,unknown,CHSB 2026,2024,Greenview HFT 2026v1.1,10.5477,kgCO2e/occupied room-night,HFT_PUBLISHED_COEFFICIENT,,False,False,Greenview Hotel Footprinting Tool,https://greenview.sg/resources/hotel-footprinting-tool/
2024,Estados Unidos,USA,2,CHSB 2026,2024,Greenview HFT 2026v1.1,12.2258,kgCO2e/occupied room-night,HFT_PUBLISHED_COEFFICIENT,,False,False,Greenview Hotel Footprinting Tool,https://greenview.sg/resources/hotel-footprinting-tool/
2024,Estados Unidos,USA,3,CHSB 2026,2024,Greenview HFT 2026v1.1,14.3007,kgCO2e/occupied room-night,HFT_PUBLISHED_COEFFICIENT,,False,False,Greenview Hotel Footprinting Tool,https://greenview.sg/resources/hotel-footprinting-tool/
2024,Estados Unidos,USA,4,CHSB 2026,2024,Greenview HFT 2026v1.1,22.4569,kgCO2e/occupied room-night,HFT_PUBLISHED_COEFFICIENT,,False,False,Greenview Hotel Footprinting Tool,https://greenview.sg/resources/hotel-footprinting-tool/
2024,Estados Unidos,USA,5,CHSB 2026,2024,Greenview HFT 2026v1.1,35.4999,kgCO2e/occupied room-night,HFT_PUBLISHED_COEFFICIENT,,False,False,Greenview Hotel Footprinting Tool,https://greenview.sg/resources/hotel-footprinting-tool/
2024,Estados Unidos,USA,unknown,CHSB 2026,2024,Greenview HFT 2026v1.1,14.0448,kgCO2e/occupied room-night,HFT_PUBLISHED_COEFFICIENT,,False,False,Greenview Hotel Footprinting Tool,https://greenview.sg/resources/hotel-footprinting-tool/
2024,Estonia,EST,2,CHSB 2026,2024,Greenview HFT 2026v1.1,11.8419,kgCO2e/occupied room-night,HFT_PUBLISHED_COEFFICIENT,,False,False,Greenview Hotel Footprinting Tool,https://greenview.sg/resources/hotel-footprinting-tool/
2024,Estonia,EST,3,CHSB 2026,2024,Greenview HFT 2026v1.1,17.0786,kgCO2e/occupied room-night,HFT_PUBLISHED_COEFFICIENT,,False,False,Greenview Hotel Footprinting Tool,https://greenview.sg/resources/hotel-footprinting-tool/
2024,Estonia,EST,4,CHSB 2026,2024,Greenview HFT 2026v1.1,27.7778,kgCO2e/occupied room-night,HFT_PUBLISHED_COEFFICIENT,,False,False,Greenview Hotel Footprinting Tool,https://greenview.sg/resources/hotel-footprinting-tool/
2024,Estonia,EST,5,CHSB 2026,2024,Greenview HFT 2026v1.1,35.4231,kgCO2e/occupied room-night,HFT_PUBLISHED_COEFFICIENT,,False,False,Greenview Hotel Footprinting Tool,https://greenview.sg/resources/hotel-footprinting-tool/
2024,Estonia,EST,unknown,CHSB 2026,2024,Greenview HFT 2026v1.1,24.5004,kgCO2e/occupied room-night,HFT_PUBLISHED_COEFFICIENT,,False,False,Greenview Hotel Footprinting Tool,https://greenview.sg/resources/hotel-footprinting-tool/
2024,Esuatini,SWZ,2,CHSB 2026,2024,Greenview HFT 2026v1.1,6.6066,kgCO2e/occupied room-night,HFT_PUBLISHED_COEFFICIENT,,False,False,Greenview Hotel Footprinting Tool,https://greenview.sg/resources/hotel-footprinting-tool/
2024,Esuatini,SWZ,3,CHSB 2026,2024,Greenview HFT 2026v1.1,12.5333,kgCO2e/occupied room-night,HFT_PUBLISHED_COEFFICIENT,,False,False,Greenview Hotel Footprinting Tool,https://greenview.sg/resources/hotel-footprinting-tool/
2024,Esuatini,SWZ,4,CHSB 2026,2024,Greenview HFT 2026v1.1,16.0173,kgCO2e/occupied room-night,HFT_PUBLISHED_COEFFICIENT,,False,False,Greenview Hotel Footprinting Tool,https://greenview.sg/resources/hotel-footprinting-tool/
2024,Esuatini,SWZ,5,CHSB 2026,2024,Greenview HFT 2026v1.1,19.7627,kgCO2e/occupied room-night,HFT_PUBLISHED_COEFFICIENT,,False,False,Greenview Hotel Footprinting Tool,https://greenview.sg/resources/hotel-footprinting-tool/
2024,Esuatini,SWZ,unknown,CHSB 2026,2024,Greenview HFT 2026v1.1,13.6688,kgCO2e/occupied room-night,HFT_PUBLISHED_COEFFICIENT,,False,False,Greenview Hotel Footprinting Tool,https://greenview.sg/resources/hotel-footprinting-tool/
2024,Etiopía,ETH,2,CHSB 2026,2024,Greenview HFT 2026v1.1,5.2192,kgCO2e/occupied room-night,HFT_PUBLISHED_COEFFICIENT,,False,False,Greenview Hotel Footprinting Tool,https://greenview.sg/resources/hotel-footprinting-tool/
2024,Etiopía,ETH,3,CHSB 2026,2024,Greenview HFT 2026v1.1,7.5273,kgCO2e/occupied room-night,HFT_PUBLISHED_COEFFICIENT,,False,False,Greenview Hotel Footprinting Tool,https://greenview.sg/resources/hotel-footprinting-tool/
2024,Etiopía,ETH,4,CHSB 2026,2024,Greenview HFT 2026v1.1,9.5516,kgCO2e/occupied room-night,HFT_PUBLISHED_COEFFICIENT,,False,False,Greenview Hotel Footprinting Tool,https://greenview.sg/resources/hotel-footprinting-tool/
2024,Etiopía,ETH,5,CHSB 2026,2024,Greenview HFT 2026v1.1,15.6125,kgCO2e/occupied room-night,HFT_PUBLISHED_COEFFICIENT,,False,False,Greenview Hotel Footprinting Tool,https://greenview.sg/resources/hotel-footprinting-tool/
2024,Etiopía,ETH,unknown,CHSB 2026,2024,Greenview HFT 2026v1.1,10.7984,kgCO2e/occupied room-night,HFT_PUBLISHED_COEFFICIENT,,False,False,Greenview Hotel Footprinting Tool,https://greenview.sg/resources/hotel-footprinting-tool/
2024,Filipinas,PHL,2,CHSB 2026,2024,Greenview HFT 2026v1.1,35.5245,kgCO2e/occupied room-night,HFT_PUBLISHED_COEFFICIENT,,False,False,Greenview Hotel Footprinting Tool,https://greenview.sg/resources/hotel-footprinting-tool/
2024,Filipinas,PHL,3,CHSB 2026,2024,Greenview HFT 2026v1.1,51.2341,kgCO2e/occupied room-night,HFT_PUBLISHED_COEFFICIENT,,False,False,Greenview Hotel Footprinting Tool,https://greenview.sg/resources/hotel-footprinting-tool/
2024,Filipinas,PHL,4,CHSB 2026,2024,Greenview HFT 2026v1.1,83.3309,kgCO2e/occupied room-night,HFT_PUBLISHED_COEFFICIENT,,False,False,Greenview Hotel Footprinting Tool,https://greenview.sg/resources/hotel-footprinting-tool/
2024,Filipinas,PHL,5,CHSB 2026,2024,Greenview HFT 2026v1.1,106.266,kgCO2e/occupied room-night,HFT_PUBLISHED_COEFFICIENT,,False,False,Greenview Hotel Footprinting Tool,https://greenview.sg/resources/hotel-footprinting-tool/
2024,Filipinas,PHL,unknown,CHSB 2026,2024,Greenview HFT 2026v1.1,80.5763,kgCO2e/occupied room-night,HFT_PUBLISHED_COEFFICIENT,,False,False,Greenview Hotel Footprinting Tool,https://greenview.sg/resources/hotel-footprinting-tool/
2024,Finlandia,FIN,2,CHSB 2026,2024,Greenview HFT 2026v1.1,4.561,kgCO2e/occupied room-night,HFT_PUBLISHED_COEFFICIENT,,False,False,Greenview Hotel Footprinting Tool,https://greenview.sg/resources/hotel-footprinting-tool/
2024,Finlandia,FIN,3,CHSB 2026,2024,Greenview HFT 2026v1.1,6.578,kgCO2e/occupied room-night,HFT_PUBLISHED_COEFFICIENT,,False,False,Greenview Hotel Footprinting Tool,https://greenview.sg/resources/hotel-footprinting-tool/
2024,Finlandia,FIN,4,CHSB 2026,2024,Greenview HFT 2026v1.1,10.6989,kgCO2e/occupied room-night,HFT_PUBLISHED_COEFFICIENT,,False,False,Greenview Hotel Footprinting Tool,https://greenview.sg/resources/hotel-footprinting-tool/
2024,Finlandia,FIN,5,CHSB 2026,2024,Greenview HFT 2026v1.1,13.6435,kgCO2e/occupied room-night,HFT_PUBLISHED_COEFFICIENT,,False,False,Greenview Hotel Footprinting Tool,https://greenview.sg/resources/hotel-footprinting-tool/
2024,Finlandia,FIN,unknown,CHSB 2026,2024,Greenview HFT 2026v1.1,9.0319,kgCO2e/occupied room-night,HFT_PUBLISHED_COEFFICIENT,,False,False,Greenview Hotel Footprinting Tool,https://greenview.sg/resources/hotel-footprinting-tool/
2024,Fiyi,FJI,2,CHSB 2026,2024,Greenview HFT 2026v1.1,11.3864,kgCO2e/occupied room-night,HFT_PUBLISHED_COEFFICIENT,,False,False,Greenview Hotel Footprinting Tool,https://greenview.sg/resources/hotel-footprinting-tool/
2024,Fiyi,FJI,3,CHSB 2026,2024,Greenview HFT 2026v1.1,16.4217,kgCO2e/occupied room-night,HFT_PUBLISHED_COEFFICIENT,,False,False,Greenview Hotel Footprinting Tool,https://greenview.sg/resources/hotel-footprinting-tool/
2024,Fiyi,FJI,4,CHSB 2026,2024,Greenview HFT 2026v1.1,26.7094,kgCO2e/occupied room-night,HFT_PUBLISHED_COEFFICIENT,,False,False,Greenview Hotel Footprinting Tool,https://greenview.sg/resources/hotel-footprinting-tool/
2024,Fiyi,FJI,5,CHSB 2026,2024,Greenview HFT 2026v1.1,34.0606,kgCO2e/occupied room-night,HFT_PUBLISHED_COEFFICIENT,,False,False,Greenview Hotel Footprinting Tool,https://greenview.sg/resources/hotel-footprinting-tool/
2024,Fiyi,FJI,unknown,CHSB 2026,2024,Greenview HFT 2026v1.1,14.3667,kgCO2e/occupied room-night,HFT_PUBLISHED_COEFFICIENT,,False,False,Greenview Hotel Footprinting Tool,https://greenview.sg/resources/hotel-footprinting-tool/
2024,Francia,FRA,2,CHSB 2026,2024,Greenview HFT 2026v1.1,3.2734,kgCO2e/occupied room-night,HFT_PUBLISHED_COEFFICIENT,,False,False,Greenview Hotel Footprinting Tool,https://greenview.sg/resources/hotel-footprinting-tool/
2024,Francia,FRA,3,CHSB 2026,2024,Greenview HFT 2026v1.1,4.2223,kgCO2e/occupied room-night,HFT_PUBLISHED_COEFFICIENT,,False,False,Greenview Hotel Footprinting Tool,https://greenview.sg/resources/hotel-footprinting-tool/
2024,Francia,FRA,4,CHSB 2026,2024,Greenview HFT 2026v1.1,7.8859,kgCO2e/occupied room-night,HFT_PUBLISHED_COEFFICIENT,,False,False,Greenview Hotel Footprinting Tool,https://greenview.sg/resources/hotel-footprinting-tool/
2024,Francia,FRA,5,CHSB 2026,2024,Greenview HFT 2026v1.1,10.5611,kgCO2e/occupied room-night,HFT_PUBLISHED_COEFFICIENT,,False,False,Greenview Hotel Footprinting Tool,https://greenview.sg/resources/hotel-footprinting-tool/
2024,Francia,FRA,unknown,CHSB 2026,2024,Greenview HFT 2026v1.1,7.1891,kgCO2e/occupied room-night,HFT_PUBLISHED_COEFFICIENT,,False,False,Greenview Hotel Footprinting Tool,https://greenview.sg/resources/hotel-footprinting-tool/
2024,Gabón,GAB,2,CHSB 2026,2024,Greenview HFT 2026v1.1,9.501,kgCO2e/occupied room-night,HFT_PUBLISHED_COEFFICIENT,,False,False,Greenview Hotel Footprinting Tool,https://greenview.sg/resources/hotel-footprinting-tool/
2024,Gabón,GAB,3,CHSB 2026,2024,Greenview HFT 2026v1.1,13.7025,kgCO2e/occupied room-night,HFT_PUBLISHED_COEFFICIENT,,False,False,Greenview Hotel Footprinting Tool,https://greenview.sg/resources/hotel-footprinting-tool/
2024,Gabón,GAB,4,CHSB 2026,2024,Greenview HFT 2026v1.1,22.2868,kgCO2e/occupied room-night,HFT_PUBLISHED_COEFFICIENT,,False,False,Greenview Hotel Footprinting Tool,https://greenview.sg/resources/hotel-footprinting-tool/
2024,Gabón,GAB,5,CHSB 2026,2024,Greenview HFT 2026v1.1,28.4208,kgCO2e/occupied room-night,HFT_PUBLISHED_COEFFICIENT,,False,False,Greenview Hotel Footprinting Tool,https://greenview.sg/resources/hotel-footprinting-tool/
2024,Gabón,GAB,unknown,CHSB 2026,2024,Greenview HFT 2026v1.1,19.6572,kgCO2e/occupied room-night,HFT_PUBLISHED_COEFFICIENT,,False,False,Greenview Hotel Footprinting Tool,https://greenview.sg/resources/hotel-footprinting-tool/
2024,Gambia,GMB,2,CHSB 2026,2024,Greenview HFT 2026v1.1,9.0796,kgCO2e/occupied room-night,HFT_PUBLISHED_COEFFICIENT,,False,False,Greenview Hotel Footprinting Tool,https://greenview.sg/resources/hotel-footprinting-tool/
2024,Gambia,GMB,3,CHSB 2026,2024,Greenview HFT 2026v1.1,13.0947,kgCO2e/occupied room-night,HFT_PUBLISHED_COEFFICIENT,,False,False,Greenview Hotel Footprinting Tool,https://greenview.sg/resources/hotel-footprinting-tool/
2024,Gambia,GMB,4,CHSB 2026,2024,Greenview HFT 2026v1.1,21.2982,kgCO2e/occupied room-night,HFT_PUBLISHED_COEFFICIENT,,False,False,Greenview Hotel Footprinting Tool,https://greenview.sg/resources/hotel-footprinting-tool/
2024,Gambia,GMB,5,CHSB 2026,2024,Greenview HFT 2026v1.1,27.1601,kgCO2e/occupied room-night,HFT_PUBLISHED_COEFFICIENT,,False,False,Greenview Hotel Footprinting Tool,https://greenview.sg/resources/hotel-footprinting-tool/
2024,Gambia,GMB,unknown,CHSB 2026,2024,Greenview HFT 2026v1.1,31.6107,kgCO2e/occupied room-night,HFT_PUBLISHED_COEFFICIENT,,False,False,Greenview Hotel Footprinting Tool,https://greenview.sg/resources/hotel-footprinting-tool/
2024,Georgia,GEO,2,CHSB 2026,2024,Greenview HFT 2026v1.1,6.6089,kgCO2e/occupied room-night,HFT_PUBLISHED_COEFFICIENT,,False,False,Greenview Hotel Footprinting Tool,https://greenview.sg/resources/hotel-footprinting-tool/
2024,Georgia,GEO,3,CHSB 2026,2024,Greenview HFT 2026v1.1,9.5314,kgCO2e/occupied room-night,HFT_PUBLISHED_COEFFICIENT,,False,False,Greenview Hotel Footprinting Tool,https://greenview.sg/resources/hotel-footprinting-tool/
2024,Georgia,GEO,4,CHSB 2026,2024,Greenview HFT 2026v1.1,15.5026,kgCO2e/occupied room-night,HFT_PUBLISHED_COEFFICIENT,,False,False,Greenview Hotel Footprinting Tool,https://greenview.sg/resources/hotel-footprinting-tool/
2024,Georgia,GEO,5,CHSB 2026,2024,Greenview HFT 2026v1.1,19.7694,kgCO2e/occupied room-night,HFT_PUBLISHED_COEFFICIENT,,False,False,Greenview Hotel Footprinting Tool,https://greenview.sg/resources/hotel-footprinting-tool/
2024,Georgia,GEO,unknown,CHSB 2026,2024,Greenview HFT 2026v1.1,28.1892,kgCO2e/occupied room-night,HFT_PUBLISHED_COEFFICIENT,,False,False,Greenview Hotel Footprinting Tool,https://greenview.sg/resources/hotel-footprinting-tool/
2024,Ghana,GHA,2,CHSB 2026,2024,Greenview HFT 2026v1.1,8.3477,kgCO2e/occupied room-night,HFT_PUBLISHED_COEFFICIENT,,False,False,Greenview Hotel Footprinting Tool,https://greenview.sg/resources/hotel-footprinting-tool/
2024,Ghana,GHA,3,CHSB 2026,2024,Greenview HFT 2026v1.1,12.0393,kgCO2e/occupied room-night,HFT_PUBLISHED_COEFFICIENT,,False,False,Greenview Hotel Footprinting Tool,https://greenview.sg/resources/hotel-footprinting-tool/
2024,Ghana,GHA,4,CHSB 2026,2024,Greenview HFT 2026v1.1,19.5815,kgCO2e/occupied room-night,HFT_PUBLISHED_COEFFICIENT,,False,False,Greenview Hotel Footprinting Tool,https://greenview.sg/resources/hotel-footprinting-tool/
2024,Ghana,GHA,5,CHSB 2026,2024,Greenview HFT 2026v1.1,24.971,kgCO2e/occupied room-night,HFT_PUBLISHED_COEFFICIENT,,False,False,Greenview Hotel Footprinting Tool,https://greenview.sg/resources/hotel-footprinting-tool/
2024,Ghana,GHA,unknown,CHSB 2026,2024,Greenview HFT 2026v1.1,29.0628,kgCO2e/occupied room-night,HFT_PUBLISHED_COEFFICIENT,,False,False,Greenview Hotel Footprinting Tool,https://greenview.sg/resources/hotel-footprinting-tool/
2024,Granada,GRD,2,CHSB 2026,2024,Greenview HFT 2026v1.1,10.8604,kgCO2e/occupied room-night,HFT_PUBLISHED_COEFFICIENT,,False,False,Greenview Hotel Footprinting Tool,https://greenview.sg/resources/hotel-footprinting-tool/
2024,Granada,GRD,3,CHSB 2026,2024,Greenview HFT 2026v1.1,15.6631,kgCO2e/occupied room-night,HFT_PUBLISHED_COEFFICIENT,,False,False,Greenview Hotel Footprinting Tool,https://greenview.sg/resources/hotel-footprinting-tool/
2024,Granada,GRD,4,CHSB 2026,2024,Greenview HFT 2026v1.1,25.4756,kgCO2e/occupied room-night,HFT_PUBLISHED_COEFFICIENT,,False,False,Greenview Hotel Footprinting Tool,https://greenview.sg/resources/hotel-footprinting-tool/
2024,Granada,GRD,5,CHSB 2026,2024,Greenview HFT 2026v1.1,32.4873,kgCO2e/occupied room-night,HFT_PUBLISHED_COEFFICIENT,,False,False,Greenview Hotel Footprinting Tool,https://greenview.sg/resources/hotel-footprinting-tool/
2024,Granada,GRD,unknown,CHSB 2026,2024,Greenview HFT 2026v1.1,22.4698,kgCO2e/occupied room-night,HFT_PUBLISHED_COEFFICIENT,,False,False,Greenview Hotel Footprinting Tool,https://greenview.sg/resources/hotel-footprinting-tool/
2024,Grecia,GRC,2,CHSB 2026,2024,Greenview HFT 2026v1.1,7.9156,kgCO2e/occupied room-night,HFT_PUBLISHED_COEFFICIENT,,False,False,Greenview Hotel Footprinting Tool,https://greenview.sg/resources/hotel-footprinting-tool/
2024,Grecia,GRC,3,CHSB 2026,2024,Greenview HFT 2026v1.1,11.416,kgCO2e/occupied room-night,HFT_PUBLISHED_COEFFICIENT,,False,False,Greenview Hotel Footprinting Tool,https://greenview.sg/resources/hotel-footprinting-tool/
2024,Grecia,GRC,4,CHSB 2026,2024,Greenview HFT 2026v1.1,20.5553,kgCO2e/occupied room-night,HFT_PUBLISHED_COEFFICIENT,,False,False,Greenview Hotel Footprinting Tool,https://greenview.sg/resources/hotel-footprinting-tool/
2024,Grecia,GRC,5,CHSB 2026,2024,Greenview HFT 2026v1.1,21.1439,kgCO2e/occupied room-night,HFT_PUBLISHED_COEFFICIENT,,False,False,Greenview Hotel Footprinting Tool,https://greenview.sg/resources/hotel-footprinting-tool/
2024,Grecia,GRC,unknown,CHSB 2026,2024,Greenview HFT 2026v1.1,19.4999,kgCO2e/occupied room-night,HFT_PUBLISHED_COEFFICIENT,,False,False,Greenview Hotel Footprinting Tool,https://greenview.sg/resources/hotel-footprinting-tool/
2024,Guatemala,GTM,2,CHSB 2026,2024,Greenview HFT 2026v1.1,6.7819,kgCO2e/occupied room-night,HFT_PUBLISHED_COEFFICIENT,,False,False,Greenview Hotel Footprinting Tool,https://greenview.sg/resources/hotel-footprinting-tool/
2024,Guatemala,GTM,3,CHSB 2026,2024,Greenview HFT 2026v1.1,9.781,kgCO2e/occupied room-night,HFT_PUBLISHED_COEFFICIENT,,False,False,Greenview Hotel Footprinting Tool,https://greenview.sg/resources/hotel-footprinting-tool/
2024,Guatemala,GTM,4,CHSB 2026,2024,Greenview HFT 2026v1.1,15.9085,kgCO2e/occupied room-night,HFT_PUBLISHED_COEFFICIENT,,False,False,Greenview Hotel Footprinting Tool,https://greenview.sg/resources/hotel-footprinting-tool/
2024,Guatemala,GTM,5,CHSB 2026,2024,Greenview HFT 2026v1.1,20.287,kgCO2e/occupied room-night,HFT_PUBLISHED_COEFFICIENT,,False,False,Greenview Hotel Footprinting Tool,https://greenview.sg/resources/hotel-footprinting-tool/
2024,Guatemala,GTM,unknown,CHSB 2026,2024,Greenview HFT 2026v1.1,8.363,kgCO2e/occupied room-night,HFT_PUBLISHED_COEFFICIENT,,False,False,Greenview Hotel Footprinting Tool,https://greenview.sg/resources/hotel-footprinting-tool/
2024,Guinea,GIN,2,CHSB 2026,2024,Greenview HFT 2026v1.1,9.0796,kgCO2e/occupied room-night,HFT_PUBLISHED_COEFFICIENT,,False,False,Greenview Hotel Footprinting Tool,https://greenview.sg/resources/hotel-footprinting-tool/
2024,Guinea,GIN,3,CHSB 2026,2024,Greenview HFT 2026v1.1,13.0947,kgCO2e/occupied room-night,HFT_PUBLISHED_COEFFICIENT,,False,False,Greenview Hotel Footprinting Tool,https://greenview.sg/resources/hotel-footprinting-tool/
2024,Guinea,GIN,4,CHSB 2026,2024,Greenview HFT 2026v1.1,21.2982,kgCO2e/occupied room-night,HFT_PUBLISHED_COEFFICIENT,,False,False,Greenview Hotel Footprinting Tool,https://greenview.sg/resources/hotel-footprinting-tool/
2024,Guinea,GIN,5,CHSB 2026,2024,Greenview HFT 2026v1.1,27.1601,kgCO2e/occupied room-night,HFT_PUBLISHED_COEFFICIENT,,False,False,Greenview Hotel Footprinting Tool,https://greenview.sg/resources/hotel-footprinting-tool/
2024,Guinea,GIN,unknown,CHSB 2026,2024,Greenview HFT 2026v1.1,31.6107,kgCO2e/occupied room-night,HFT_PUBLISHED_COEFFICIENT,,False,False,Greenview Hotel Footprinting Tool,https://greenview.sg/resources/hotel-footprinting-tool/
2024,Guinea Ecuatorial,GNQ,2,CHSB 2026,2024,Greenview HFT 2026v1.1,9.1338,kgCO2e/occupied room-night,HFT_PUBLISHED_COEFFICIENT,,False,False,Greenview Hotel Footprinting Tool,https://greenview.sg/resources/hotel-footprinting-tool/
2024,Guinea Ecuatorial,GNQ,3,CHSB 2026,2024,Greenview HFT 2026v1.1,13.1729,kgCO2e/occupied room-night,HFT_PUBLISHED_COEFFICIENT,,False,False,Greenview Hotel Footprinting Tool,https://greenview.sg/resources/hotel-footprinting-tool/
2024,Guinea Ecuatorial,GNQ,4,CHSB 2026,2024,Greenview HFT 2026v1.1,21.4254,kgCO2e/occupied room-night,HFT_PUBLISHED_COEFFICIENT,,False,False,Greenview Hotel Footprinting Tool,https://greenview.sg/resources/hotel-footprinting-tool/
2024,Guinea Ecuatorial,GNQ,5,CHSB 2026,2024,Greenview HFT 2026v1.1,27.3223,kgCO2e/occupied room-night,HFT_PUBLISHED_COEFFICIENT,,False,False,Greenview Hotel Footprinting Tool,https://greenview.sg/resources/hotel-footprinting-tool/
2024,Guinea Ecuatorial,GNQ,unknown,CHSB 2026,2024,Greenview HFT 2026v1.1,18.8974,kgCO2e/occupied room-night,HFT_PUBLISHED_COEFFICIENT,,False,False,Greenview Hotel Footprinting Tool,https://greenview.sg/resources/hotel-footprinting-tool/
2024,Guinea-Bisáu,GNB,2,CHSB 2026,2024,Greenview HFT 2026v1.1,9.0796,kgCO2e/occupied room-night,HFT_PUBLISHED_COEFFICIENT,,False,False,Greenview Hotel Footprinting Tool,https://greenview.sg/resources/hotel-footprinting-tool/
2024,Guinea-Bisáu,GNB,3,CHSB 2026,2024,Greenview HFT 2026v1.1,13.0947,kgCO2e/occupied room-night,HFT_PUBLISHED_COEFFICIENT,,False,False,Greenview Hotel Footprinting Tool,https://greenview.sg/resources/hotel-footprinting-tool/
2024,Guinea-Bisáu,GNB,4,CHSB 2026,2024,Greenview HFT 2026v1.1,21.2982,kgCO2e/occupied room-night,HFT_PUBLISHED_COEFFICIENT,,False,False,Greenview Hotel Footprinting Tool,https://greenview.sg/resources/hotel-footprinting-tool/
2024,Guinea-Bisáu,GNB,5,CHSB 2026,2024,Greenview HFT 2026v1.1,27.1601,kgCO2e/occupied room-night,HFT_PUBLISHED_COEFFICIENT,,False,False,Greenview Hotel Footprinting Tool,https://greenview.sg/resources/hotel-footprinting-tool/
2024,Guinea-Bisáu,GNB,unknown,CHSB 2026,2024,Greenview HFT 2026v1.1,31.6107,kgCO2e/occupied room-night,HFT_PUBLISHED_COEFFICIENT,,False,False,Greenview Hotel Footprinting Tool,https://greenview.sg/resources/hotel-footprinting-tool/
2024,Guyana,GUY,2,CHSB 2026,2024,Greenview HFT 2026v1.1,12.9272,kgCO2e/occupied room-night,HFT_PUBLISHED_COEFFICIENT,,False,False,Greenview Hotel Footprinting Tool,https://greenview.sg/resources/hotel-footprinting-tool/
2024,Guyana,GUY,3,CHSB 2026,2024,Greenview HFT 2026v1.1,18.6438,kgCO2e/occupied room-night,HFT_PUBLISHED_COEFFICIENT,,False,False,Greenview Hotel Footprinting Tool,https://greenview.sg/resources/hotel-footprinting-tool/
2024,Guyana,GUY,4,CHSB 2026,2024,Greenview HFT 2026v1.1,30.3236,kgCO2e/occupied room-night,HFT_PUBLISHED_COEFFICIENT,,False,False,Greenview Hotel Footprinting Tool,https://greenview.sg/resources/hotel-footprinting-tool/
2024,Guyana,GUY,5,CHSB 2026,2024,Greenview HFT 2026v1.1,38.6696,kgCO2e/occupied room-night,HFT_PUBLISHED_COEFFICIENT,,False,False,Greenview Hotel Footprinting Tool,https://greenview.sg/resources/hotel-footprinting-tool/
2024,Guyana,GUY,unknown,CHSB 2026,2024,Greenview HFT 2026v1.1,26.7458,kgCO2e/occupied room-night,HFT_PUBLISHED_COEFFICIENT,,False,False,Greenview Hotel Footprinting Tool,https://greenview.sg/resources/hotel-footprinting-tool/
2024,Haití,HTI,2,CHSB 2026,2024,Greenview HFT 2026v1.1,12.5586,kgCO2e/occupied room-night,HFT_PUBLISHED_COEFFICIENT,,False,False,Greenview Hotel Footprinting Tool,https://greenview.sg/resources/hotel-footprinting-tool/
2024,Haití,HTI,3,CHSB 2026,2024,Greenview HFT 2026v1.1,18.1122,kgCO2e/occupied room-night,HFT_PUBLISHED_COEFFICIENT,,False,False,Greenview Hotel Footprinting Tool,https://greenview.sg/resources/hotel-footprinting-tool/
2024,Haití,HTI,4,CHSB 2026,2024,Greenview HFT 2026v1.1,29.4591,kgCO2e/occupied room-night,HFT_PUBLISHED_COEFFICIENT,,False,False,Greenview Hotel Footprinting Tool,https://greenview.sg/resources/hotel-footprinting-tool/
2024,Haití,HTI,5,CHSB 2026,2024,Greenview HFT 2026v1.1,37.5671,kgCO2e/occupied room-night,HFT_PUBLISHED_COEFFICIENT,,False,False,Greenview Hotel Footprinting Tool,https://greenview.sg/resources/hotel-footprinting-tool/
2024,Haití,HTI,unknown,CHSB 2026,2024,Greenview HFT 2026v1.1,25.9832,kgCO2e/occupied room-night,HFT_PUBLISHED_COEFFICIENT,,False,False,Greenview Hotel Footprinting Tool,https://greenview.sg/resources/hotel-footprinting-tool/
2024,Honduras,HND,2,CHSB 2026,2024,Greenview HFT 2026v1.1,8.0104,kgCO2e/occupied room-night,HFT_PUBLISHED_COEFFICIENT,,False,False,Greenview Hotel Footprinting Tool,https://greenview.sg/resources/hotel-footprinting-tool/
2024,Honduras,HND,3,CHSB 2026,2024,Greenview HFT 2026v1.1,11.5528,kgCO2e/occupied room-night,HFT_PUBLISHED_COEFFICIENT,,False,False,Greenview Hotel Footprinting Tool,https://greenview.sg/resources/hotel-footprinting-tool/
2024,Honduras,HND,4,CHSB 2026,2024,Greenview HFT 2026v1.1,18.7903,kgCO2e/occupied room-night,HFT_PUBLISHED_COEFFICIENT,,False,False,Greenview Hotel Footprinting Tool,https://greenview.sg/resources/hotel-footprinting-tool/
2024,Honduras,HND,5,CHSB 2026,2024,Greenview HFT 2026v1.1,23.9619,kgCO2e/occupied room-night,HFT_PUBLISHED_COEFFICIENT,,False,False,Greenview Hotel Footprinting Tool,https://greenview.sg/resources/hotel-footprinting-tool/
2024,Honduras,HND,unknown,CHSB 2026,2024,Greenview HFT 2026v1.1,21.9209,kgCO2e/occupied room-night,HFT_PUBLISHED_COEFFICIENT,,False,False,Greenview Hotel Footprinting Tool,https://greenview.sg/resources/hotel-footprinting-tool/
2024,Hungría,HUN,2,CHSB 2026,2024,Greenview HFT 2026v1.1,8.2672,kgCO2e/occupied room-night,HFT_PUBLISHED_COEFFICIENT,,False,False,Greenview Hotel Footprinting Tool,https://greenview.sg/resources/hotel-footprinting-tool/
2024,Hungría,HUN,3,CHSB 2026,2024,Greenview HFT 2026v1.1,11.9232,kgCO2e/occupied room-night,HFT_PUBLISHED_COEFFICIENT,,False,False,Greenview Hotel Footprinting Tool,https://greenview.sg/resources/hotel-footprinting-tool/
2024,Hungría,HUN,4,CHSB 2026,2024,Greenview HFT 2026v1.1,19.3927,kgCO2e/occupied room-night,HFT_PUBLISHED_COEFFICIENT,,False,False,Greenview Hotel Footprinting Tool,https://greenview.sg/resources/hotel-footprinting-tool/
2024,Hungría,HUN,5,CHSB 2026,2024,Greenview HFT 2026v1.1,24.7302,kgCO2e/occupied room-night,HFT_PUBLISHED_COEFFICIENT,,False,False,Greenview Hotel Footprinting Tool,https://greenview.sg/resources/hotel-footprinting-tool/
2024,Hungría,HUN,unknown,CHSB 2026,2024,Greenview HFT 2026v1.1,17.991,kgCO2e/occupied room-night,HFT_PUBLISHED_COEFFICIENT,,False,False,Greenview Hotel Footprinting Tool,https://greenview.sg/resources/hotel-footprinting-tool/
2024,India,IND,2,CHSB 2026,2024,Greenview HFT 2026v1.1,35.1281,kgCO2e/occupied room-night,HFT_PUBLISHED_COEFFICIENT,,False,False,Greenview Hotel Footprinting Tool,https://greenview.sg/resources/hotel-footprinting-tool/
2024,India,IND,3,CHSB 2026,2024,Greenview HFT 2026v1.1,49.5907,kgCO2e/occupied room-night,HFT_PUBLISHED_COEFFICIENT,,False,False,Greenview Hotel Footprinting Tool,https://greenview.sg/resources/hotel-footprinting-tool/
2024,India,IND,4,CHSB 2026,2024,Greenview HFT 2026v1.1,56.4737,kgCO2e/occupied room-night,HFT_PUBLISHED_COEFFICIENT,,False,False,Greenview Hotel Footprinting Tool,https://greenview.sg/resources/hotel-footprinting-tool/
2024,India,IND,5,CHSB 2026,2024,Greenview HFT 2026v1.1,75.4861,kgCO2e/occupied room-night,HFT_PUBLISHED_COEFFICIENT,,False,False,Greenview Hotel Footprinting Tool,https://greenview.sg/resources/hotel-footprinting-tool/
2024,India,IND,unknown,CHSB 2026,2024,Greenview HFT 2026v1.1,53.2528,kgCO2e/occupied room-night,HFT_PUBLISHED_COEFFICIENT,,False,False,Greenview Hotel Footprinting Tool,https://greenview.sg/resources/hotel-footprinting-tool/
2024,Indonesia,IDN,2,CHSB 2026,2024,Greenview HFT 2026v1.1,27.2255,kgCO2e/occupied room-night,HFT_PUBLISHED_COEFFICIENT,,False,False,Greenview Hotel Footprinting Tool,https://greenview.sg/resources/hotel-footprinting-tool/
2024,Indonesia,IDN,3,CHSB 2026,2024,Greenview HFT 2026v1.1,45.0161,kgCO2e/occupied room-night,HFT_PUBLISHED_COEFFICIENT,,False,False,Greenview Hotel Footprinting Tool,https://greenview.sg/resources/hotel-footprinting-tool/
2024,Indonesia,IDN,4,CHSB 2026,2024,Greenview HFT 2026v1.1,68.4565,kgCO2e/occupied room-night,HFT_PUBLISHED_COEFFICIENT,,False,False,Greenview Hotel Footprinting Tool,https://greenview.sg/resources/hotel-footprinting-tool/
2024,Indonesia,IDN,5,CHSB 2026,2024,Greenview HFT 2026v1.1,63.6555,kgCO2e/occupied room-night,HFT_PUBLISHED_COEFFICIENT,,False,False,Greenview Hotel Footprinting Tool,https://greenview.sg/resources/hotel-footprinting-tool/
2024,Indonesia,IDN,unknown,CHSB 2026,2024,Greenview HFT 2026v1.1,57.8839,kgCO2e/occupied room-night,HFT_PUBLISHED_COEFFICIENT,,False,False,Greenview Hotel Footprinting Tool,https://greenview.sg/resources/hotel-footprinting-tool/
2024,Irak,IRQ,2,CHSB 2026,2024,Greenview HFT 2026v1.1,11.6511,kgCO2e/occupied room-night,HFT_PUBLISHED_COEFFICIENT,,False,False,Greenview Hotel Footprinting Tool,https://greenview.sg/resources/hotel-footprinting-tool/
2024,Irak,IRQ,3,CHSB 2026,2024,Greenview HFT 2026v1.1,16.8034,kgCO2e/occupied room-night,HFT_PUBLISHED_COEFFICIENT,,False,False,Greenview Hotel Footprinting Tool,https://greenview.sg/resources/hotel-footprinting-tool/
2024,Irak,IRQ,4,CHSB 2026,2024,Greenview HFT 2026v1.1,27.3303,kgCO2e/occupied room-night,HFT_PUBLISHED_COEFFICIENT,,False,False,Greenview Hotel Footprinting Tool,https://greenview.sg/resources/hotel-footprinting-tool/
2024,Irak,IRQ,5,CHSB 2026,2024,Greenview HFT 2026v1.1,34.8524,kgCO2e/occupied room-night,HFT_PUBLISHED_COEFFICIENT,,False,False,Greenview Hotel Footprinting Tool,https://greenview.sg/resources/hotel-footprinting-tool/
2024,Irak,IRQ,unknown,CHSB 2026,2024,Greenview HFT 2026v1.1,24.1056,kgCO2e/occupied room-night,HFT_PUBLISHED_COEFFICIENT,,False,False,Greenview Hotel Footprinting Tool,https://greenview.sg/resources/hotel-footprinting-tool/
2024,Irlanda,IRL,2,CHSB 2026,2024,Greenview HFT 2026v1.1,5.8569,kgCO2e/occupied room-night,HFT_PUBLISHED_COEFFICIENT,,False,False,Greenview Hotel Footprinting Tool,https://greenview.sg/resources/hotel-footprinting-tool/
2024,Irlanda,IRL,3,CHSB 2026,2024,Greenview HFT 2026v1.1,8.447,kgCO2e/occupied room-night,HFT_PUBLISHED_COEFFICIENT,,False,False,Greenview Hotel Footprinting Tool,https://greenview.sg/resources/hotel-footprinting-tool/
2024,Irlanda,IRL,4,CHSB 2026,2024,Greenview HFT 2026v1.1,13.7388,kgCO2e/occupied room-night,HFT_PUBLISHED_COEFFICIENT,,False,False,Greenview Hotel Footprinting Tool,https://greenview.sg/resources/hotel-footprinting-tool/
2024,Irlanda,IRL,5,CHSB 2026,2024,Greenview HFT 2026v1.1,17.5201,kgCO2e/occupied room-night,HFT_PUBLISHED_COEFFICIENT,,False,False,Greenview Hotel Footprinting Tool,https://greenview.sg/resources/hotel-footprinting-tool/
2024,Irlanda,IRL,unknown,CHSB 2026,2024,Greenview HFT 2026v1.1,13.7388,kgCO2e/occupied room-night,HFT_PUBLISHED_COEFFICIENT,,False,False,Greenview Hotel Footprinting Tool,https://greenview.sg/resources/hotel-footprinting-tool/
2024,Irán,IRN,2,CHSB 2026,2024,Greenview HFT 2026v1.1,10.3978,kgCO2e/occupied room-night,HFT_PUBLISHED_COEFFICIENT,,False,False,Greenview Hotel Footprinting Tool,https://greenview.sg/resources/hotel-footprinting-tool/
2024,Irán,IRN,3,CHSB 2026,2024,Greenview HFT 2026v1.1,14.9958,kgCO2e/occupied room-night,HFT_PUBLISHED_COEFFICIENT,,False,False,Greenview Hotel Footprinting Tool,https://greenview.sg/resources/hotel-footprinting-tool/
2024,Irán,IRN,4,CHSB 2026,2024,Greenview HFT 2026v1.1,24.3903,kgCO2e/occupied room-night,HFT_PUBLISHED_COEFFICIENT,,False,False,Greenview Hotel Footprinting Tool,https://greenview.sg/resources/hotel-footprinting-tool/
2024,Irán,IRN,5,CHSB 2026,2024,Greenview HFT 2026v1.1,31.1033,kgCO2e/occupied room-night,HFT_PUBLISHED_COEFFICIENT,,False,False,Greenview Hotel Footprinting Tool,https://greenview.sg/resources/hotel-footprinting-tool/
2024,Irán,IRN,unknown,CHSB 2026,2024,Greenview HFT 2026v1.1,21.5125,kgCO2e/occupied room-night,HFT_PUBLISHED_COEFFICIENT,,False,False,Greenview Hotel Footprinting Tool,https://greenview.sg/resources/hotel-footprinting-tool/
2024,Isla Bouvet,BVT,2,CHSB 2026,2024,Greenview HFT 2026v1.1,10.5038,kgCO2e/occupied room-night,HFT_PUBLISHED_COEFFICIENT,,False,False,Greenview Hotel Footprinting Tool,https://greenview.sg/resources/hotel-footprinting-tool/
2024,Isla Bouvet,BVT,3,CHSB 2026,2024,Greenview HFT 2026v1.1,15.1488,kgCO2e/occupied room-night,HFT_PUBLISHED_COEFFICIENT,,False,False,Greenview Hotel Footprinting Tool,https://greenview.sg/resources/hotel-footprinting-tool/
2024,Isla Bouvet,BVT,4,CHSB 2026,2024,Greenview HFT 2026v1.1,24.6391,kgCO2e/occupied room-night,HFT_PUBLISHED_COEFFICIENT,,False,False,Greenview Hotel Footprinting Tool,https://greenview.sg/resources/hotel-footprinting-tool/
2024,Isla Bouvet,BVT,5,CHSB 2026,2024,Greenview HFT 2026v1.1,31.4205,kgCO2e/occupied room-night,HFT_PUBLISHED_COEFFICIENT,,False,False,Greenview Hotel Footprinting Tool,https://greenview.sg/resources/hotel-footprinting-tool/
2024,Isla Bouvet,BVT,unknown,CHSB 2026,2024,Greenview HFT 2026v1.1,21.732,kgCO2e/occupied room-night,HFT_PUBLISHED_COEFFICIENT,,False,False,Greenview Hotel Footprinting Tool,https://greenview.sg/resources/hotel-footprinting-tool/
2024,Isla de Navidad,CXR,2,CHSB 2026,2024,Greenview HFT 2026v1.1,7.2341,kgCO2e/occupied room-night,HFT_PUBLISHED_COEFFICIENT,,False,False,Greenview Hotel Footprinting Tool,https://greenview.sg/resources/hotel-footprinting-tool/
2024,Isla de Navidad,CXR,3,CHSB 2026,2024,Greenview HFT 2026v1.1,10.4332,kgCO2e/occupied room-night,HFT_PUBLISHED_COEFFICIENT,,False,False,Greenview Hotel Footprinting Tool,https://greenview.sg/resources/hotel-footprinting-tool/
2024,Isla de Navidad,CXR,4,CHSB 2026,2024,Greenview HFT 2026v1.1,16.9693,kgCO2e/occupied room-night,HFT_PUBLISHED_COEFFICIENT,,False,False,Greenview Hotel Footprinting Tool,https://greenview.sg/resources/hotel-footprinting-tool/
2024,Isla de Navidad,CXR,5,CHSB 2026,2024,Greenview HFT 2026v1.1,21.6398,kgCO2e/occupied room-night,HFT_PUBLISHED_COEFFICIENT,,False,False,Greenview Hotel Footprinting Tool,https://greenview.sg/resources/hotel-footprinting-tool/
2024,Isla de Navidad,CXR,unknown,CHSB 2026,2024,Greenview HFT 2026v1.1,14.9671,kgCO2e/occupied room-night,HFT_PUBLISHED_COEFFICIENT,,False,False,Greenview Hotel Footprinting Tool,https://greenview.sg/resources/hotel-footprinting-tool/
2024,Isla Norfolk,NFK,2,CHSB 2026,2024,Greenview HFT 2026v1.1,10.7803,kgCO2e/occupied room-night,HFT_PUBLISHED_COEFFICIENT,,False,False,Greenview Hotel Footprinting Tool,https://greenview.sg/resources/hotel-footprinting-tool/
2024,Isla Norfolk,NFK,3,CHSB 2026,2024,Greenview HFT 2026v1.1,15.5475,kgCO2e/occupied room-night,HFT_PUBLISHED_COEFFICIENT,,False,False,Greenview Hotel Footprinting Tool,https://greenview.sg/resources/hotel-footprinting-tool/
2024,Isla Norfolk,NFK,4,CHSB 2026,2024,Greenview HFT 2026v1.1,25.2876,kgCO2e/occupied room-night,HFT_PUBLISHED_COEFFICIENT,,False,False,Greenview Hotel Footprinting Tool,https://greenview.sg/resources/hotel-footprinting-tool/
2024,Isla Norfolk,NFK,5,CHSB 2026,2024,Greenview HFT 2026v1.1,32.2475,kgCO2e/occupied room-night,HFT_PUBLISHED_COEFFICIENT,,False,False,Greenview Hotel Footprinting Tool,https://greenview.sg/resources/hotel-footprinting-tool/
2024,Isla Norfolk,NFK,unknown,CHSB 2026,2024,Greenview HFT 2026v1.1,22.304,kgCO2e/occupied room-night,HFT_PUBLISHED_COEFFICIENT,,False,False,Greenview Hotel Footprinting Tool,https://greenview.sg/resources/hotel-footprinting-tool/
2024,Islandia,ISL,2,CHSB 2026,2024,Greenview HFT 2026v1.1,6.0354,kgCO2e/occupied room-night,HFT_PUBLISHED_COEFFICIENT,,False,False,Greenview Hotel Footprinting Tool,https://greenview.sg/resources/hotel-footprinting-tool/
2024,Islandia,ISL,3,CHSB 2026,2024,Greenview HFT 2026v1.1,8.7043,kgCO2e/occupied room-night,HFT_PUBLISHED_COEFFICIENT,,False,False,Greenview Hotel Footprinting Tool,https://greenview.sg/resources/hotel-footprinting-tool/
2024,Islandia,ISL,4,CHSB 2026,2024,Greenview HFT 2026v1.1,14.1574,kgCO2e/occupied room-night,HFT_PUBLISHED_COEFFICIENT,,False,False,Greenview Hotel Footprinting Tool,https://greenview.sg/resources/hotel-footprinting-tool/
2024,Islandia,ISL,5,CHSB 2026,2024,Greenview HFT 2026v1.1,18.0539,kgCO2e/occupied room-night,HFT_PUBLISHED_COEFFICIENT,,False,False,Greenview Hotel Footprinting Tool,https://greenview.sg/resources/hotel-footprinting-tool/
2024,Islandia,ISL,unknown,CHSB 2026,2024,Greenview HFT 2026v1.1,12.487,kgCO2e/occupied room-night,HFT_PUBLISHED_COEFFICIENT,,False,False,Greenview Hotel Footprinting Tool,https://greenview.sg/resources/hotel-footprinting-tool/
2024,Islas Caimán,CYM,2,CHSB 2026,2024,Greenview HFT 2026v1.1,10.8604,kgCO2e/occupied room-night,HFT_PUBLISHED_COEFFICIENT,,False,False,Greenview Hotel Footprinting Tool,https://greenview.sg/resources/hotel-footprinting-tool/
2024,Islas Caimán,CYM,3,CHSB 2026,2024,Greenview HFT 2026v1.1,15.6631,kgCO2e/occupied room-night,HFT_PUBLISHED_COEFFICIENT,,False,False,Greenview Hotel Footprinting Tool,https://greenview.sg/resources/hotel-footprinting-tool/
2024,Islas Caimán,CYM,4,CHSB 2026,2024,Greenview HFT 2026v1.1,25.4756,kgCO2e/occupied room-night,HFT_PUBLISHED_COEFFICIENT,,False,False,Greenview Hotel Footprinting Tool,https://greenview.sg/resources/hotel-footprinting-tool/
2024,Islas Caimán,CYM,5,CHSB 2026,2024,Greenview HFT 2026v1.1,32.4873,kgCO2e/occupied room-night,HFT_PUBLISHED_COEFFICIENT,,False,False,Greenview Hotel Footprinting Tool,https://greenview.sg/resources/hotel-footprinting-tool/
2024,Islas Caimán,CYM,unknown,CHSB 2026,2024,Greenview HFT 2026v1.1,49.4997,kgCO2e/occupied room-night,HFT_PUBLISHED_COEFFICIENT,,False,False,Greenview Hotel Footprinting Tool,https://greenview.sg/resources/hotel-footprinting-tool/
2024,Islas Cocos,CCK,2,CHSB 2026,2024,Greenview HFT 2026v1.1,7.2341,kgCO2e/occupied room-night,HFT_PUBLISHED_COEFFICIENT,,False,False,Greenview Hotel Footprinting Tool,https://greenview.sg/resources/hotel-footprinting-tool/
2024,Islas Cocos,CCK,3,CHSB 2026,2024,Greenview HFT 2026v1.1,10.4332,kgCO2e/occupied room-night,HFT_PUBLISHED_COEFFICIENT,,False,False,Greenview Hotel Footprinting Tool,https://greenview.sg/resources/hotel-footprinting-tool/
2024,Islas Cocos,CCK,4,CHSB 2026,2024,Greenview HFT 2026v1.1,16.9693,kgCO2e/occupied room-night,HFT_PUBLISHED_COEFFICIENT,,False,False,Greenview Hotel Footprinting Tool,https://greenview.sg/resources/hotel-footprinting-tool/
2024,Islas Cocos,CCK,5,CHSB 2026,2024,Greenview HFT 2026v1.1,21.6398,kgCO2e/occupied room-night,HFT_PUBLISHED_COEFFICIENT,,False,False,Greenview Hotel Footprinting Tool,https://greenview.sg/resources/hotel-footprinting-tool/
2024,Islas Cocos,CCK,unknown,CHSB 2026,2024,Greenview HFT 2026v1.1,14.9671,kgCO2e/occupied room-night,HFT_PUBLISHED_COEFFICIENT,,False,False,Greenview Hotel Footprinting Tool,https://greenview.sg/resources/hotel-footprinting-tool/
2024,Islas Cook,COK,2,CHSB 2026,2024,Greenview HFT 2026v1.1,10.7803,kgCO2e/occupied room-night,HFT_PUBLISHED_COEFFICIENT,,False,False,Greenview Hotel Footprinting Tool,https://greenview.sg/resources/hotel-footprinting-tool/
2024,Islas Cook,COK,3,CHSB 2026,2024,Greenview HFT 2026v1.1,15.5475,kgCO2e/occupied room-night,HFT_PUBLISHED_COEFFICIENT,,False,False,Greenview Hotel Footprinting Tool,https://greenview.sg/resources/hotel-footprinting-tool/
2024,Islas Cook,COK,4,CHSB 2026,2024,Greenview HFT 2026v1.1,25.2876,kgCO2e/occupied room-night,HFT_PUBLISHED_COEFFICIENT,,False,False,Greenview Hotel Footprinting Tool,https://greenview.sg/resources/hotel-footprinting-tool/
2024,Islas Cook,COK,5,CHSB 2026,2024,Greenview HFT 2026v1.1,32.2475,kgCO2e/occupied room-night,HFT_PUBLISHED_COEFFICIENT,,False,False,Greenview Hotel Footprinting Tool,https://greenview.sg/resources/hotel-footprinting-tool/
2024,Islas Cook,COK,unknown,CHSB 2026,2024,Greenview HFT 2026v1.1,22.304,kgCO2e/occupied room-night,HFT_PUBLISHED_COEFFICIENT,,False,False,Greenview Hotel Footprinting Tool,https://greenview.sg/resources/hotel-footprinting-tool/
2024,Islas Feroe,FRO,2,CHSB 2026,2024,Greenview HFT 2026v1.1,10.66,kgCO2e/occupied room-night,HFT_PUBLISHED_COEFFICIENT,,False,False,Greenview Hotel Footprinting Tool,https://greenview.sg/resources/hotel-footprinting-tool/
2024,Islas Feroe,FRO,3,CHSB 2026,2024,Greenview HFT 2026v1.1,15.3741,kgCO2e/occupied room-night,HFT_PUBLISHED_COEFFICIENT,,False,False,Greenview Hotel Footprinting Tool,https://greenview.sg/resources/hotel-footprinting-tool/
2024,Islas Feroe,FRO,4,CHSB 2026,2024,Greenview HFT 2026v1.1,25.0056,kgCO2e/occupied room-night,HFT_PUBLISHED_COEFFICIENT,,False,False,Greenview Hotel Footprinting Tool,https://greenview.sg/resources/hotel-footprinting-tool/
2024,Islas Feroe,FRO,5,CHSB 2026,2024,Greenview HFT 2026v1.1,31.8879,kgCO2e/occupied room-night,HFT_PUBLISHED_COEFFICIENT,,False,False,Greenview Hotel Footprinting Tool,https://greenview.sg/resources/hotel-footprinting-tool/
2024,Islas Feroe,FRO,unknown,CHSB 2026,2024,Greenview HFT 2026v1.1,22.0552,kgCO2e/occupied room-night,HFT_PUBLISHED_COEFFICIENT,,False,False,Greenview Hotel Footprinting Tool,https://greenview.sg/resources/hotel-footprinting-tool/
2024,Islas Malvinas,FLK,2,CHSB 2026,2024,Greenview HFT 2026v1.1,10.4321,kgCO2e/occupied room-night,HFT_PUBLISHED_COEFFICIENT,,False,False,Greenview Hotel Footprinting Tool,https://greenview.sg/resources/hotel-footprinting-tool/
2024,Islas Malvinas,FLK,3,CHSB 2026,2024,Greenview HFT 2026v1.1,15.0454,kgCO2e/occupied room-night,HFT_PUBLISHED_COEFFICIENT,,False,False,Greenview Hotel Footprinting Tool,https://greenview.sg/resources/hotel-footprinting-tool/
2024,Islas Malvinas,FLK,4,CHSB 2026,2024,Greenview HFT 2026v1.1,24.4709,kgCO2e/occupied room-night,HFT_PUBLISHED_COEFFICIENT,,False,False,Greenview Hotel Footprinting Tool,https://greenview.sg/resources/hotel-footprinting-tool/
2024,Islas Malvinas,FLK,5,CHSB 2026,2024,Greenview HFT 2026v1.1,31.206,kgCO2e/occupied room-night,HFT_PUBLISHED_COEFFICIENT,,False,False,Greenview Hotel Footprinting Tool,https://greenview.sg/resources/hotel-footprinting-tool/
2024,Islas Malvinas,FLK,unknown,CHSB 2026,2024,Greenview HFT 2026v1.1,21.5836,kgCO2e/occupied room-night,HFT_PUBLISHED_COEFFICIENT,,False,False,Greenview Hotel Footprinting Tool,https://greenview.sg/resources/hotel-footprinting-tool/
2024,Islas Marshall,MHL,2,CHSB 2026,2024,Greenview HFT 2026v1.1,11.3864,kgCO2e/occupied room-night,HFT_PUBLISHED_COEFFICIENT,,False,False,Greenview Hotel Footprinting Tool,https://greenview.sg/resources/hotel-footprinting-tool/
2024,Islas Marshall,MHL,3,CHSB 2026,2024,Greenview HFT 2026v1.1,16.4217,kgCO2e/occupied room-night,HFT_PUBLISHED_COEFFICIENT,,False,False,Greenview Hotel Footprinting Tool,https://greenview.sg/resources/hotel-footprinting-tool/
2024,Islas Marshall,MHL,4,CHSB 2026,2024,Greenview HFT 2026v1.1,26.7094,kgCO2e/occupied room-night,HFT_PUBLISHED_COEFFICIENT,,False,False,Greenview Hotel Footprinting Tool,https://greenview.sg/resources/hotel-footprinting-tool/
2024,Islas Marshall,MHL,5,CHSB 2026,2024,Greenview HFT 2026v1.1,34.0606,kgCO2e/occupied room-night,HFT_PUBLISHED_COEFFICIENT,,False,False,Greenview Hotel Footprinting Tool,https://greenview.sg/resources/hotel-footprinting-tool/
2024,Islas Marshall,MHL,unknown,CHSB 2026,2024,Greenview HFT 2026v1.1,23.558,kgCO2e/occupied room-night,HFT_PUBLISHED_COEFFICIENT,,False,False,Greenview Hotel Footprinting Tool,https://greenview.sg/resources/hotel-footprinting-tool/
2024,Islas Salomón,SLB,2,CHSB 2026,2024,Greenview HFT 2026v1.1,11.3864,kgCO2e/occupied room-night,HFT_PUBLISHED_COEFFICIENT,,False,False,Greenview Hotel Footprinting Tool,https://greenview.sg/resources/hotel-footprinting-tool/
2024,Islas Salomón,SLB,3,CHSB 2026,2024,Greenview HFT 2026v1.1,16.4217,kgCO2e/occupied room-night,HFT_PUBLISHED_COEFFICIENT,,False,False,Greenview Hotel Footprinting Tool,https://greenview.sg/resources/hotel-footprinting-tool/
2024,Islas Salomón,SLB,4,CHSB 2026,2024,Greenview HFT 2026v1.1,26.7094,kgCO2e/occupied room-night,HFT_PUBLISHED_COEFFICIENT,,False,False,Greenview Hotel Footprinting Tool,https://greenview.sg/resources/hotel-footprinting-tool/
2024,Islas Salomón,SLB,5,CHSB 2026,2024,Greenview HFT 2026v1.1,34.0606,kgCO2e/occupied room-night,HFT_PUBLISHED_COEFFICIENT,,False,False,Greenview Hotel Footprinting Tool,https://greenview.sg/resources/hotel-footprinting-tool/
2024,Islas Salomón,SLB,unknown,CHSB 2026,2024,Greenview HFT 2026v1.1,23.558,kgCO2e/occupied room-night,HFT_PUBLISHED_COEFFICIENT,,False,False,Greenview Hotel Footprinting Tool,https://greenview.sg/resources/hotel-footprinting-tool/
2024,Islas Åland,ALA,2,CHSB 2026,2024,Greenview HFT 2026v1.1,9.4076,kgCO2e/occupied room-night,HFT_PUBLISHED_COEFFICIENT,,False,False,Greenview Hotel Footprinting Tool,https://greenview.sg/resources/hotel-footprinting-tool/
2024,Islas Åland,ALA,3,CHSB 2026,2024,Greenview HFT 2026v1.1,11.0935,kgCO2e/occupied room-night,HFT_PUBLISHED_COEFFICIENT,,False,False,Greenview Hotel Footprinting Tool,https://greenview.sg/resources/hotel-footprinting-tool/
2024,Islas Åland,ALA,4,CHSB 2026,2024,Greenview HFT 2026v1.1,18.0432,kgCO2e/occupied room-night,HFT_PUBLISHED_COEFFICIENT,,False,False,Greenview Hotel Footprinting Tool,https://greenview.sg/resources/hotel-footprinting-tool/
2024,Islas Åland,ALA,5,CHSB 2026,2024,Greenview HFT 2026v1.1,23.0092,kgCO2e/occupied room-night,HFT_PUBLISHED_COEFFICIENT,,False,False,Greenview Hotel Footprinting Tool,https://greenview.sg/resources/hotel-footprinting-tool/
2024,Islas Åland,ALA,unknown,CHSB 2026,2024,Greenview HFT 2026v1.1,15.9143,kgCO2e/occupied room-night,HFT_PUBLISHED_COEFFICIENT,,False,False,Greenview Hotel Footprinting Tool,https://greenview.sg/resources/hotel-footprinting-tool/
2024,Israel,ISR,2,CHSB 2026,2024,Greenview HFT 2026v1.1,11.9264,kgCO2e/occupied room-night,HFT_PUBLISHED_COEFFICIENT,,False,False,Greenview Hotel Footprinting Tool,https://greenview.sg/resources/hotel-footprinting-tool/
2024,Israel,ISR,3,CHSB 2026,2024,Greenview HFT 2026v1.1,21.8585,kgCO2e/occupied room-night,HFT_PUBLISHED_COEFFICIENT,,False,False,Greenview Hotel Footprinting Tool,https://greenview.sg/resources/hotel-footprinting-tool/
2024,Israel,ISR,4,CHSB 2026,2024,Greenview HFT 2026v1.1,33.6064,kgCO2e/occupied room-night,HFT_PUBLISHED_COEFFICIENT,,False,False,Greenview Hotel Footprinting Tool,https://greenview.sg/resources/hotel-footprinting-tool/
2024,Israel,ISR,5,CHSB 2026,2024,Greenview HFT 2026v1.1,34.4567,kgCO2e/occupied room-night,HFT_PUBLISHED_COEFFICIENT,,False,False,Greenview Hotel Footprinting Tool,https://greenview.sg/resources/hotel-footprinting-tool/
2024,Israel,ISR,unknown,CHSB 2026,2024,Greenview HFT 2026v1.1,31.1591,kgCO2e/occupied room-night,HFT_PUBLISHED_COEFFICIENT,,False,False,Greenview Hotel Footprinting Tool,https://greenview.sg/resources/hotel-footprinting-tool/
2024,Italia,ITA,2,CHSB 2026,2024,Greenview HFT 2026v1.1,7.8819,kgCO2e/occupied room-night,HFT_PUBLISHED_COEFFICIENT,,False,False,Greenview Hotel Footprinting Tool,https://greenview.sg/resources/hotel-footprinting-tool/
2024,Italia,ITA,3,CHSB 2026,2024,Greenview HFT 2026v1.1,10.4948,kgCO2e/occupied room-night,HFT_PUBLISHED_COEFFICIENT,,False,False,Greenview Hotel Footprinting Tool,https://greenview.sg/resources/hotel-footprinting-tool/
2024,Italia,ITA,4,CHSB 2026,2024,Greenview HFT 2026v1.1,13.0569,kgCO2e/occupied room-night,HFT_PUBLISHED_COEFFICIENT,,False,False,Greenview Hotel Footprinting Tool,https://greenview.sg/resources/hotel-footprinting-tool/
2024,Italia,ITA,5,CHSB 2026,2024,Greenview HFT 2026v1.1,32.3143,kgCO2e/occupied room-night,HFT_PUBLISHED_COEFFICIENT,,False,False,Greenview Hotel Footprinting Tool,https://greenview.sg/resources/hotel-footprinting-tool/
2024,Italia,ITA,unknown,CHSB 2026,2024,Greenview HFT 2026v1.1,16.0819,kgCO2e/occupied room-night,HFT_PUBLISHED_COEFFICIENT,,False,False,Greenview Hotel Footprinting Tool,https://greenview.sg/resources/hotel-footprinting-tool/
2024,Jamaica,JAM,2,CHSB 2026,2024,Greenview HFT 2026v1.1,16.4639,kgCO2e/occupied room-night,HFT_PUBLISHED_COEFFICIENT,,False,False,Greenview Hotel Footprinting Tool,https://greenview.sg/resources/hotel-footprinting-tool/
2024,Jamaica,JAM,3,CHSB 2026,2024,Greenview HFT 2026v1.1,23.7445,kgCO2e/occupied room-night,HFT_PUBLISHED_COEFFICIENT,,False,False,Greenview Hotel Footprinting Tool,https://greenview.sg/resources/hotel-footprinting-tool/
2024,Jamaica,JAM,4,CHSB 2026,2024,Greenview HFT 2026v1.1,38.6197,kgCO2e/occupied room-night,HFT_PUBLISHED_COEFFICIENT,,False,False,Greenview Hotel Footprinting Tool,https://greenview.sg/resources/hotel-footprinting-tool/
2024,Jamaica,JAM,5,CHSB 2026,2024,Greenview HFT 2026v1.1,49.2491,kgCO2e/occupied room-night,HFT_PUBLISHED_COEFFICIENT,,False,False,Greenview Hotel Footprinting Tool,https://greenview.sg/resources/hotel-footprinting-tool/
2024,Jamaica,JAM,unknown,CHSB 2026,2024,Greenview HFT 2026v1.1,48.0529,kgCO2e/occupied room-night,HFT_PUBLISHED_COEFFICIENT,,False,False,Greenview Hotel Footprinting Tool,https://greenview.sg/resources/hotel-footprinting-tool/
2024,Japón,JPN,2,CHSB 2026,2024,Greenview HFT 2026v1.1,13.7755,kgCO2e/occupied room-night,HFT_PUBLISHED_COEFFICIENT,,False,False,Greenview Hotel Footprinting Tool,https://greenview.sg/resources/hotel-footprinting-tool/
2024,Japón,JPN,3,CHSB 2026,2024,Greenview HFT 2026v1.1,17.212,kgCO2e/occupied room-night,HFT_PUBLISHED_COEFFICIENT,,False,False,Greenview Hotel Footprinting Tool,https://greenview.sg/resources/hotel-footprinting-tool/
2024,Japón,JPN,4,CHSB 2026,2024,Greenview HFT 2026v1.1,41.9274,kgCO2e/occupied room-night,HFT_PUBLISHED_COEFFICIENT,,False,False,Greenview Hotel Footprinting Tool,https://greenview.sg/resources/hotel-footprinting-tool/
2024,Japón,JPN,5,CHSB 2026,2024,Greenview HFT 2026v1.1,65.1438,kgCO2e/occupied room-night,HFT_PUBLISHED_COEFFICIENT,,False,False,Greenview Hotel Footprinting Tool,https://greenview.sg/resources/hotel-footprinting-tool/
2024,Japón,JPN,unknown,CHSB 2026,2024,Greenview HFT 2026v1.1,35.6899,kgCO2e/occupied room-night,HFT_PUBLISHED_COEFFICIENT,,False,False,Greenview Hotel Footprinting Tool,https://greenview.sg/resources/hotel-footprinting-tool/
2024,Jordania,JOR,2,CHSB 2026,2024,Greenview HFT 2026v1.1,22.6013,kgCO2e/occupied room-night,HFT_PUBLISHED_COEFFICIENT,,False,False,Greenview Hotel Footprinting Tool,https://greenview.sg/resources/hotel-footprinting-tool/
2024,Jordania,JOR,3,CHSB 2026,2024,Greenview HFT 2026v1.1,32.596,kgCO2e/occupied room-night,HFT_PUBLISHED_COEFFICIENT,,False,False,Greenview Hotel Footprinting Tool,https://greenview.sg/resources/hotel-footprinting-tool/
2024,Jordania,JOR,4,CHSB 2026,2024,Greenview HFT 2026v1.1,50.2572,kgCO2e/occupied room-night,HFT_PUBLISHED_COEFFICIENT,,False,False,Greenview Hotel Footprinting Tool,https://greenview.sg/resources/hotel-footprinting-tool/
2024,Jordania,JOR,5,CHSB 2026,2024,Greenview HFT 2026v1.1,71.1269,kgCO2e/occupied room-night,HFT_PUBLISHED_COEFFICIENT,,False,False,Greenview Hotel Footprinting Tool,https://greenview.sg/resources/hotel-footprinting-tool/
2024,Jordania,JOR,unknown,CHSB 2026,2024,Greenview HFT 2026v1.1,59.6168,kgCO2e/occupied room-night,HFT_PUBLISHED_COEFFICIENT,,False,False,Greenview Hotel Footprinting Tool,https://greenview.sg/resources/hotel-footprinting-tool/
2024,Kazajistán,KAZ,2,CHSB 2026,2024,Greenview HFT 2026v1.1,10.403,kgCO2e/occupied room-night,HFT_PUBLISHED_COEFFICIENT,,False,False,Greenview Hotel Footprinting Tool,https://greenview.sg/resources/hotel-footprinting-tool/
2024,Kazajistán,KAZ,3,CHSB 2026,2024,Greenview HFT 2026v1.1,15.0034,kgCO2e/occupied room-night,HFT_PUBLISHED_COEFFICIENT,,False,False,Greenview Hotel Footprinting Tool,https://greenview.sg/resources/hotel-footprinting-tool/
2024,Kazajistán,KAZ,4,CHSB 2026,2024,Greenview HFT 2026v1.1,24.4027,kgCO2e/occupied room-night,HFT_PUBLISHED_COEFFICIENT,,False,False,Greenview Hotel Footprinting Tool,https://greenview.sg/resources/hotel-footprinting-tool/
2024,Kazajistán,KAZ,5,CHSB 2026,2024,Greenview HFT 2026v1.1,31.119,kgCO2e/occupied room-night,HFT_PUBLISHED_COEFFICIENT,,False,False,Greenview Hotel Footprinting Tool,https://greenview.sg/resources/hotel-footprinting-tool/
2024,Kazajistán,KAZ,unknown,CHSB 2026,2024,Greenview HFT 2026v1.1,52.4539,kgCO2e/occupied room-night,HFT_PUBLISHED_COEFFICIENT,,False,False,Greenview Hotel Footprinting Tool,https://greenview.sg/resources/hotel-footprinting-tool/
2024,Kenia,KEN,2,CHSB 2026,2024,Greenview HFT 2026v1.1,6.2958,kgCO2e/occupied room-night,HFT_PUBLISHED_COEFFICIENT,,False,False,Greenview Hotel Footprinting Tool,https://greenview.sg/resources/hotel-footprinting-tool/
2024,Kenia,KEN,3,CHSB 2026,2024,Greenview HFT 2026v1.1,9.0799,kgCO2e/occupied room-night,HFT_PUBLISHED_COEFFICIENT,,False,False,Greenview Hotel Footprinting Tool,https://greenview.sg/resources/hotel-footprinting-tool/
2024,Kenia,KEN,4,CHSB 2026,2024,Greenview HFT 2026v1.1,11.5218,kgCO2e/occupied room-night,HFT_PUBLISHED_COEFFICIENT,,False,False,Greenview Hotel Footprinting Tool,https://greenview.sg/resources/hotel-footprinting-tool/
2024,Kenia,KEN,5,CHSB 2026,2024,Greenview HFT 2026v1.1,18.8329,kgCO2e/occupied room-night,HFT_PUBLISHED_COEFFICIENT,,False,False,Greenview Hotel Footprinting Tool,https://greenview.sg/resources/hotel-footprinting-tool/
2024,Kenia,KEN,unknown,CHSB 2026,2024,Greenview HFT 2026v1.1,16.5146,kgCO2e/occupied room-night,HFT_PUBLISHED_COEFFICIENT,,False,False,Greenview Hotel Footprinting Tool,https://greenview.sg/resources/hotel-footprinting-tool/
2024,Kirguistán,KGZ,2,CHSB 2026,2024,Greenview HFT 2026v1.1,6.5589,kgCO2e/occupied room-night,HFT_PUBLISHED_COEFFICIENT,,False,False,Greenview Hotel Footprinting Tool,https://greenview.sg/resources/hotel-footprinting-tool/
2024,Kirguistán,KGZ,3,CHSB 2026,2024,Greenview HFT 2026v1.1,9.4594,kgCO2e/occupied room-night,HFT_PUBLISHED_COEFFICIENT,,False,False,Greenview Hotel Footprinting Tool,https://greenview.sg/resources/hotel-footprinting-tool/
2024,Kirguistán,KGZ,4,CHSB 2026,2024,Greenview HFT 2026v1.1,15.3854,kgCO2e/occupied room-night,HFT_PUBLISHED_COEFFICIENT,,False,False,Greenview Hotel Footprinting Tool,https://greenview.sg/resources/hotel-footprinting-tool/
2024,Kirguistán,KGZ,5,CHSB 2026,2024,Greenview HFT 2026v1.1,19.6199,kgCO2e/occupied room-night,HFT_PUBLISHED_COEFFICIENT,,False,False,Greenview Hotel Footprinting Tool,https://greenview.sg/resources/hotel-footprinting-tool/
2024,Kirguistán,KGZ,unknown,CHSB 2026,2024,Greenview HFT 2026v1.1,13.5701,kgCO2e/occupied room-night,HFT_PUBLISHED_COEFFICIENT,,False,False,Greenview Hotel Footprinting Tool,https://greenview.sg/resources/hotel-footprinting-tool/
2024,Kiribati,KIR,2,CHSB 2026,2024,Greenview HFT 2026v1.1,11.3864,kgCO2e/occupied room-night,HFT_PUBLISHED_COEFFICIENT,,False,False,Greenview Hotel Footprinting Tool,https://greenview.sg/resources/hotel-footprinting-tool/
2024,Kiribati,KIR,3,CHSB 2026,2024,Greenview HFT 2026v1.1,16.4217,kgCO2e/occupied room-night,HFT_PUBLISHED_COEFFICIENT,,False,False,Greenview Hotel Footprinting Tool,https://greenview.sg/resources/hotel-footprinting-tool/
2024,Kiribati,KIR,4,CHSB 2026,2024,Greenview HFT 2026v1.1,26.7094,kgCO2e/occupied room-night,HFT_PUBLISHED_COEFFICIENT,,False,False,Greenview Hotel Footprinting Tool,https://greenview.sg/resources/hotel-footprinting-tool/
2024,Kiribati,KIR,5,CHSB 2026,2024,Greenview HFT 2026v1.1,34.0606,kgCO2e/occupied room-night,HFT_PUBLISHED_COEFFICIENT,,False,False,Greenview Hotel Footprinting Tool,https://greenview.sg/resources/hotel-footprinting-tool/
2024,Kiribati,KIR,unknown,CHSB 2026,2024,Greenview HFT 2026v1.1,23.558,kgCO2e/occupied room-night,HFT_PUBLISHED_COEFFICIENT,,False,False,Greenview Hotel Footprinting Tool,https://greenview.sg/resources/hotel-footprinting-tool/
2024,Kosovo,XKX,2,CHSB 2026,2024,Greenview HFT 2026v1.1,11.225,kgCO2e/occupied room-night,HFT_PUBLISHED_COEFFICIENT,,False,False,Greenview Hotel Footprinting Tool,https://greenview.sg/resources/hotel-footprinting-tool/
2024,Kosovo,XKX,3,CHSB 2026,2024,Greenview HFT 2026v1.1,19.4149,kgCO2e/occupied room-night,HFT_PUBLISHED_COEFFICIENT,,False,False,Greenview Hotel Footprinting Tool,https://greenview.sg/resources/hotel-footprinting-tool/
2024,Kosovo,XKX,4,CHSB 2026,2024,Greenview HFT 2026v1.1,31.5778,kgCO2e/occupied room-night,HFT_PUBLISHED_COEFFICIENT,,False,False,Greenview Hotel Footprinting Tool,https://greenview.sg/resources/hotel-footprinting-tool/
2024,Kosovo,XKX,5,CHSB 2026,2024,Greenview HFT 2026v1.1,40.269,kgCO2e/occupied room-night,HFT_PUBLISHED_COEFFICIENT,,False,False,Greenview Hotel Footprinting Tool,https://greenview.sg/resources/hotel-footprinting-tool/
2024,Kosovo,XKX,unknown,CHSB 2026,2024,Greenview HFT 2026v1.1,27.852,kgCO2e/occupied room-night,HFT_PUBLISHED_COEFFICIENT,,False,False,Greenview Hotel Footprinting Tool,https://greenview.sg/resources/hotel-footprinting-tool/
2024,Kuwait,KWT,2,CHSB 2026,2024,Greenview HFT 2026v1.1,13.6659,kgCO2e/occupied room-night,HFT_PUBLISHED_COEFFICIENT,,False,False,Greenview Hotel Footprinting Tool,https://greenview.sg/resources/hotel-footprinting-tool/
2024,Kuwait,KWT,3,CHSB 2026,2024,Greenview HFT 2026v1.1,25.0466,kgCO2e/occupied room-night,HFT_PUBLISHED_COEFFICIENT,,False,False,Greenview Hotel Footprinting Tool,https://greenview.sg/resources/hotel-footprinting-tool/
2024,Kuwait,KWT,4,CHSB 2026,2024,Greenview HFT 2026v1.1,38.5079,kgCO2e/occupied room-night,HFT_PUBLISHED_COEFFICIENT,,False,False,Greenview Hotel Footprinting Tool,https://greenview.sg/resources/hotel-footprinting-tool/
2024,Kuwait,KWT,5,CHSB 2026,2024,Greenview HFT 2026v1.1,39.4822,kgCO2e/occupied room-night,HFT_PUBLISHED_COEFFICIENT,,False,False,Greenview Hotel Footprinting Tool,https://greenview.sg/resources/hotel-footprinting-tool/
2024,Kuwait,KWT,unknown,CHSB 2026,2024,Greenview HFT 2026v1.1,35.7037,kgCO2e/occupied room-night,HFT_PUBLISHED_COEFFICIENT,,False,False,Greenview Hotel Footprinting Tool,https://greenview.sg/resources/hotel-footprinting-tool/
2024,Laos,LAO,2,CHSB 2026,2024,Greenview HFT 2026v1.1,5.7896,kgCO2e/occupied room-night,HFT_PUBLISHED_COEFFICIENT,,False,False,Greenview Hotel Footprinting Tool,https://greenview.sg/resources/hotel-footprinting-tool/
2024,Laos,LAO,3,CHSB 2026,2024,Greenview HFT 2026v1.1,8.3499,kgCO2e/occupied room-night,HFT_PUBLISHED_COEFFICIENT,,False,False,Greenview Hotel Footprinting Tool,https://greenview.sg/resources/hotel-footprinting-tool/
2024,Laos,LAO,4,CHSB 2026,2024,Greenview HFT 2026v1.1,13.5809,kgCO2e/occupied room-night,HFT_PUBLISHED_COEFFICIENT,,False,False,Greenview Hotel Footprinting Tool,https://greenview.sg/resources/hotel-footprinting-tool/
2024,Laos,LAO,5,CHSB 2026,2024,Greenview HFT 2026v1.1,17.3187,kgCO2e/occupied room-night,HFT_PUBLISHED_COEFFICIENT,,False,False,Greenview Hotel Footprinting Tool,https://greenview.sg/resources/hotel-footprinting-tool/
2024,Laos,LAO,unknown,CHSB 2026,2024,Greenview HFT 2026v1.1,11.9785,kgCO2e/occupied room-night,HFT_PUBLISHED_COEFFICIENT,,False,False,Greenview Hotel Footprinting Tool,https://greenview.sg/resources/hotel-footprinting-tool/
2024,Lesoto,LSO,2,CHSB 2026,2024,Greenview HFT 2026v1.1,6.6066,kgCO2e/occupied room-night,HFT_PUBLISHED_COEFFICIENT,,False,False,Greenview Hotel Footprinting Tool,https://greenview.sg/resources/hotel-footprinting-tool/
2024,Lesoto,LSO,3,CHSB 2026,2024,Greenview HFT 2026v1.1,12.5333,kgCO2e/occupied room-night,HFT_PUBLISHED_COEFFICIENT,,False,False,Greenview Hotel Footprinting Tool,https://greenview.sg/resources/hotel-footprinting-tool/
2024,Lesoto,LSO,4,CHSB 2026,2024,Greenview HFT 2026v1.1,16.0173,kgCO2e/occupied room-night,HFT_PUBLISHED_COEFFICIENT,,False,False,Greenview Hotel Footprinting Tool,https://greenview.sg/resources/hotel-footprinting-tool/
2024,Lesoto,LSO,5,CHSB 2026,2024,Greenview HFT 2026v1.1,19.7627,kgCO2e/occupied room-night,HFT_PUBLISHED_COEFFICIENT,,False,False,Greenview Hotel Footprinting Tool,https://greenview.sg/resources/hotel-footprinting-tool/
2024,Lesoto,LSO,unknown,CHSB 2026,2024,Greenview HFT 2026v1.1,13.6688,kgCO2e/occupied room-night,HFT_PUBLISHED_COEFFICIENT,,False,False,Greenview Hotel Footprinting Tool,https://greenview.sg/resources/hotel-footprinting-tool/
2024,Letonia,LVA,2,CHSB 2026,2024,Greenview HFT 2026v1.1,6.5977,kgCO2e/occupied room-night,HFT_PUBLISHED_COEFFICIENT,,False,False,Greenview Hotel Footprinting Tool,https://greenview.sg/resources/hotel-footprinting-tool/
2024,Letonia,LVA,3,CHSB 2026,2024,Greenview HFT 2026v1.1,9.5153,kgCO2e/occupied room-night,HFT_PUBLISHED_COEFFICIENT,,False,False,Greenview Hotel Footprinting Tool,https://greenview.sg/resources/hotel-footprinting-tool/
2024,Letonia,LVA,4,CHSB 2026,2024,Greenview HFT 2026v1.1,15.4764,kgCO2e/occupied room-night,HFT_PUBLISHED_COEFFICIENT,,False,False,Greenview Hotel Footprinting Tool,https://greenview.sg/resources/hotel-footprinting-tool/
2024,Letonia,LVA,5,CHSB 2026,2024,Greenview HFT 2026v1.1,19.736,kgCO2e/occupied room-night,HFT_PUBLISHED_COEFFICIENT,,False,False,Greenview Hotel Footprinting Tool,https://greenview.sg/resources/hotel-footprinting-tool/
2024,Letonia,LVA,unknown,CHSB 2026,2024,Greenview HFT 2026v1.1,13.6503,kgCO2e/occupied room-night,HFT_PUBLISHED_COEFFICIENT,,False,False,Greenview Hotel Footprinting Tool,https://greenview.sg/resources/hotel-footprinting-tool/
2024,Liberia,LBR,2,CHSB 2026,2024,Greenview HFT 2026v1.1,9.0796,kgCO2e/occupied room-night,HFT_PUBLISHED_COEFFICIENT,,False,False,Greenview Hotel Footprinting Tool,https://greenview.sg/resources/hotel-footprinting-tool/
2024,Liberia,LBR,3,CHSB 2026,2024,Greenview HFT 2026v1.1,13.0947,kgCO2e/occupied room-night,HFT_PUBLISHED_COEFFICIENT,,False,False,Greenview Hotel Footprinting Tool,https://greenview.sg/resources/hotel-footprinting-tool/
2024,Liberia,LBR,4,CHSB 2026,2024,Greenview HFT 2026v1.1,21.2982,kgCO2e/occupied room-night,HFT_PUBLISHED_COEFFICIENT,,False,False,Greenview Hotel Footprinting Tool,https://greenview.sg/resources/hotel-footprinting-tool/
2024,Liberia,LBR,5,CHSB 2026,2024,Greenview HFT 2026v1.1,27.1601,kgCO2e/occupied room-night,HFT_PUBLISHED_COEFFICIENT,,False,False,Greenview Hotel Footprinting Tool,https://greenview.sg/resources/hotel-footprinting-tool/
2024,Liberia,LBR,unknown,CHSB 2026,2024,Greenview HFT 2026v1.1,18.7853,kgCO2e/occupied room-night,HFT_PUBLISHED_COEFFICIENT,,False,False,Greenview Hotel Footprinting Tool,https://greenview.sg/resources/hotel-footprinting-tool/
2024,Libia,LBY,2,CHSB 2026,2024,Greenview HFT 2026v1.1,14.9314,kgCO2e/occupied room-night,HFT_PUBLISHED_COEFFICIENT,,False,False,Greenview Hotel Footprinting Tool,https://greenview.sg/resources/hotel-footprinting-tool/
2024,Libia,LBY,3,CHSB 2026,2024,Greenview HFT 2026v1.1,27.3659,kgCO2e/occupied room-night,HFT_PUBLISHED_COEFFICIENT,,False,False,Greenview Hotel Footprinting Tool,https://greenview.sg/resources/hotel-footprinting-tool/
2024,Libia,LBY,4,CHSB 2026,2024,Greenview HFT 2026v1.1,42.0738,kgCO2e/occupied room-night,HFT_PUBLISHED_COEFFICIENT,,False,False,Greenview Hotel Footprinting Tool,https://greenview.sg/resources/hotel-footprinting-tool/
2024,Libia,LBY,5,CHSB 2026,2024,Greenview HFT 2026v1.1,43.1383,kgCO2e/occupied room-night,HFT_PUBLISHED_COEFFICIENT,,False,False,Greenview Hotel Footprinting Tool,https://greenview.sg/resources/hotel-footprinting-tool/
2024,Libia,LBY,unknown,CHSB 2026,2024,Greenview HFT 2026v1.1,39.0099,kgCO2e/occupied room-night,HFT_PUBLISHED_COEFFICIENT,,False,False,Greenview Hotel Footprinting Tool,https://greenview.sg/resources/hotel-footprinting-tool/
2024,Liechtenstein,LIE,2,CHSB 2026,2024,Greenview HFT 2026v1.1,2.8867,kgCO2e/occupied room-night,HFT_PUBLISHED_COEFFICIENT,,False,False,Greenview Hotel Footprinting Tool,https://greenview.sg/resources/hotel-footprinting-tool/
2024,Liechtenstein,LIE,3,CHSB 2026,2024,Greenview HFT 2026v1.1,4.5977,kgCO2e/occupied room-night,HFT_PUBLISHED_COEFFICIENT,,False,False,Greenview Hotel Footprinting Tool,https://greenview.sg/resources/hotel-footprinting-tool/
2024,Liechtenstein,LIE,4,CHSB 2026,2024,Greenview HFT 2026v1.1,6.0464,kgCO2e/occupied room-night,HFT_PUBLISHED_COEFFICIENT,,False,False,Greenview Hotel Footprinting Tool,https://greenview.sg/resources/hotel-footprinting-tool/
2024,Liechtenstein,LIE,5,CHSB 2026,2024,Greenview HFT 2026v1.1,9.0869,kgCO2e/occupied room-night,HFT_PUBLISHED_COEFFICIENT,,False,False,Greenview Hotel Footprinting Tool,https://greenview.sg/resources/hotel-footprinting-tool/
2024,Liechtenstein,LIE,unknown,CHSB 2026,2024,Greenview HFT 2026v1.1,5.6307,kgCO2e/occupied room-night,HFT_PUBLISHED_COEFFICIENT,,False,False,Greenview Hotel Footprinting Tool,https://greenview.sg/resources/hotel-footprinting-tool/
2024,Lituania,LTU,2,CHSB 2026,2024,Greenview HFT 2026v1.1,7.0775,kgCO2e/occupied room-night,HFT_PUBLISHED_COEFFICIENT,,False,False,Greenview Hotel Footprinting Tool,https://greenview.sg/resources/hotel-footprinting-tool/
2024,Lituania,LTU,3,CHSB 2026,2024,Greenview HFT 2026v1.1,10.2073,kgCO2e/occupied room-night,HFT_PUBLISHED_COEFFICIENT,,False,False,Greenview Hotel Footprinting Tool,https://greenview.sg/resources/hotel-footprinting-tool/
2024,Lituania,LTU,4,CHSB 2026,2024,Greenview HFT 2026v1.1,16.6019,kgCO2e/occupied room-night,HFT_PUBLISHED_COEFFICIENT,,False,False,Greenview Hotel Footprinting Tool,https://greenview.sg/resources/hotel-footprinting-tool/
2024,Lituania,LTU,5,CHSB 2026,2024,Greenview HFT 2026v1.1,21.1712,kgCO2e/occupied room-night,HFT_PUBLISHED_COEFFICIENT,,False,False,Greenview Hotel Footprinting Tool,https://greenview.sg/resources/hotel-footprinting-tool/
2024,Lituania,LTU,unknown,CHSB 2026,2024,Greenview HFT 2026v1.1,14.643,kgCO2e/occupied room-night,HFT_PUBLISHED_COEFFICIENT,,False,False,Greenview Hotel Footprinting Tool,https://greenview.sg/resources/hotel-footprinting-tool/
2024,Luxemburgo,LUX,2,CHSB 2026,2024,Greenview HFT 2026v1.1,2.3281,kgCO2e/occupied room-night,HFT_PUBLISHED_COEFFICIENT,,False,False,Greenview Hotel Footprinting Tool,https://greenview.sg/resources/hotel-footprinting-tool/
2024,Luxemburgo,LUX,3,CHSB 2026,2024,Greenview HFT 2026v1.1,3.708,kgCO2e/occupied room-night,HFT_PUBLISHED_COEFFICIENT,,False,False,Greenview Hotel Footprinting Tool,https://greenview.sg/resources/hotel-footprinting-tool/
2024,Luxemburgo,LUX,4,CHSB 2026,2024,Greenview HFT 2026v1.1,4.8765,kgCO2e/occupied room-night,HFT_PUBLISHED_COEFFICIENT,,False,False,Greenview Hotel Footprinting Tool,https://greenview.sg/resources/hotel-footprinting-tool/
2024,Luxemburgo,LUX,5,CHSB 2026,2024,Greenview HFT 2026v1.1,7.3287,kgCO2e/occupied room-night,HFT_PUBLISHED_COEFFICIENT,,False,False,Greenview Hotel Footprinting Tool,https://greenview.sg/resources/hotel-footprinting-tool/
2024,Luxemburgo,LUX,unknown,CHSB 2026,2024,Greenview HFT 2026v1.1,4.5412,kgCO2e/occupied room-night,HFT_PUBLISHED_COEFFICIENT,,False,False,Greenview Hotel Footprinting Tool,https://greenview.sg/resources/hotel-footprinting-tool/
2024,Líbano,LBN,2,CHSB 2026,2024,Greenview HFT 2026v1.1,9.6598,kgCO2e/occupied room-night,HFT_PUBLISHED_COEFFICIENT,,False,False,Greenview Hotel Footprinting Tool,https://greenview.sg/resources/hotel-footprinting-tool/
2024,Líbano,LBN,3,CHSB 2026,2024,Greenview HFT 2026v1.1,13.9315,kgCO2e/occupied room-night,HFT_PUBLISHED_COEFFICIENT,,False,False,Greenview Hotel Footprinting Tool,https://greenview.sg/resources/hotel-footprinting-tool/
2024,Líbano,LBN,4,CHSB 2026,2024,Greenview HFT 2026v1.1,22.6592,kgCO2e/occupied room-night,HFT_PUBLISHED_COEFFICIENT,,False,False,Greenview Hotel Footprinting Tool,https://greenview.sg/resources/hotel-footprinting-tool/
2024,Líbano,LBN,5,CHSB 2026,2024,Greenview HFT 2026v1.1,28.8958,kgCO2e/occupied room-night,HFT_PUBLISHED_COEFFICIENT,,False,False,Greenview Hotel Footprinting Tool,https://greenview.sg/resources/hotel-footprinting-tool/
2024,Líbano,LBN,unknown,CHSB 2026,2024,Greenview HFT 2026v1.1,19.9857,kgCO2e/occupied room-night,HFT_PUBLISHED_COEFFICIENT,,False,False,Greenview Hotel Footprinting Tool,https://greenview.sg/resources/hotel-footprinting-tool/
2024,Macedonia del Norte,MKD,2,CHSB 2026,2024,Greenview HFT 2026v1.1,11.7924,kgCO2e/occupied room-night,HFT_PUBLISHED_COEFFICIENT,,False,False,Greenview Hotel Footprinting Tool,https://greenview.sg/resources/hotel-footprinting-tool/
2024,Macedonia del Norte,MKD,3,CHSB 2026,2024,Greenview HFT 2026v1.1,17.0072,kgCO2e/occupied room-night,HFT_PUBLISHED_COEFFICIENT,,False,False,Greenview Hotel Footprinting Tool,https://greenview.sg/resources/hotel-footprinting-tool/
2024,Macedonia del Norte,MKD,4,CHSB 2026,2024,Greenview HFT 2026v1.1,27.6617,kgCO2e/occupied room-night,HFT_PUBLISHED_COEFFICIENT,,False,False,Greenview Hotel Footprinting Tool,https://greenview.sg/resources/hotel-footprinting-tool/
2024,Macedonia del Norte,MKD,5,CHSB 2026,2024,Greenview HFT 2026v1.1,35.275,kgCO2e/occupied room-night,HFT_PUBLISHED_COEFFICIENT,,False,False,Greenview Hotel Footprinting Tool,https://greenview.sg/resources/hotel-footprinting-tool/
2024,Macedonia del Norte,MKD,unknown,CHSB 2026,2024,Greenview HFT 2026v1.1,24.3979,kgCO2e/occupied room-night,HFT_PUBLISHED_COEFFICIENT,,False,False,Greenview Hotel Footprinting Tool,https://greenview.sg/resources/hotel-footprinting-tool/
2024,Madagascar,MDG,2,CHSB 2026,2024,Greenview HFT 2026v1.1,11.3214,kgCO2e/occupied room-night,HFT_PUBLISHED_COEFFICIENT,,False,False,Greenview Hotel Footprinting Tool,https://greenview.sg/resources/hotel-footprinting-tool/
2024,Madagascar,MDG,3,CHSB 2026,2024,Greenview HFT 2026v1.1,16.3279,kgCO2e/occupied room-night,HFT_PUBLISHED_COEFFICIENT,,False,False,Greenview Hotel Footprinting Tool,https://greenview.sg/resources/hotel-footprinting-tool/
2024,Madagascar,MDG,4,CHSB 2026,2024,Greenview HFT 2026v1.1,20.7189,kgCO2e/occupied room-night,HFT_PUBLISHED_COEFFICIENT,,False,False,Greenview Hotel Footprinting Tool,https://greenview.sg/resources/hotel-footprinting-tool/
2024,Madagascar,MDG,5,CHSB 2026,2024,Greenview HFT 2026v1.1,33.8661,kgCO2e/occupied room-night,HFT_PUBLISHED_COEFFICIENT,,False,False,Greenview Hotel Footprinting Tool,https://greenview.sg/resources/hotel-footprinting-tool/
2024,Madagascar,MDG,unknown,CHSB 2026,2024,Greenview HFT 2026v1.1,23.4234,kgCO2e/occupied room-night,HFT_PUBLISHED_COEFFICIENT,,False,False,Greenview Hotel Footprinting Tool,https://greenview.sg/resources/hotel-footprinting-tool/
2024,Malasia,MYS,2,CHSB 2026,2024,Greenview HFT 2026v1.1,27.1803,kgCO2e/occupied room-night,HFT_PUBLISHED_COEFFICIENT,,False,False,Greenview Hotel Footprinting Tool,https://greenview.sg/resources/hotel-footprinting-tool/
2024,Malasia,MYS,3,CHSB 2026,2024,Greenview HFT 2026v1.1,45.0277,kgCO2e/occupied room-night,HFT_PUBLISHED_COEFFICIENT,,False,False,Greenview Hotel Footprinting Tool,https://greenview.sg/resources/hotel-footprinting-tool/
2024,Malasia,MYS,4,CHSB 2026,2024,Greenview HFT 2026v1.1,60.1009,kgCO2e/occupied room-night,HFT_PUBLISHED_COEFFICIENT,,False,False,Greenview Hotel Footprinting Tool,https://greenview.sg/resources/hotel-footprinting-tool/
2024,Malasia,MYS,5,CHSB 2026,2024,Greenview HFT 2026v1.1,73.8808,kgCO2e/occupied room-night,HFT_PUBLISHED_COEFFICIENT,,False,False,Greenview Hotel Footprinting Tool,https://greenview.sg/resources/hotel-footprinting-tool/
2024,Malasia,MYS,unknown,CHSB 2026,2024,Greenview HFT 2026v1.1,53.5949,kgCO2e/occupied room-night,HFT_PUBLISHED_COEFFICIENT,,False,False,Greenview Hotel Footprinting Tool,https://greenview.sg/resources/hotel-footprinting-tool/
2024,Malaui,MWI,2,CHSB 2026,2024,Greenview HFT 2026v1.1,6.6066,kgCO2e/occupied room-night,HFT_PUBLISHED_COEFFICIENT,,False,False,Greenview Hotel Footprinting Tool,https://greenview.sg/resources/hotel-footprinting-tool/
2024,Malaui,MWI,3,CHSB 2026,2024,Greenview HFT 2026v1.1,12.5333,kgCO2e/occupied room-night,HFT_PUBLISHED_COEFFICIENT,,False,False,Greenview Hotel Footprinting Tool,https://greenview.sg/resources/hotel-footprinting-tool/
2024,Malaui,MWI,4,CHSB 2026,2024,Greenview HFT 2026v1.1,16.0173,kgCO2e/occupied room-night,HFT_PUBLISHED_COEFFICIENT,,False,False,Greenview Hotel Footprinting Tool,https://greenview.sg/resources/hotel-footprinting-tool/
2024,Malaui,MWI,5,CHSB 2026,2024,Greenview HFT 2026v1.1,19.7627,kgCO2e/occupied room-night,HFT_PUBLISHED_COEFFICIENT,,False,False,Greenview Hotel Footprinting Tool,https://greenview.sg/resources/hotel-footprinting-tool/
2024,Malaui,MWI,unknown,CHSB 2026,2024,Greenview HFT 2026v1.1,13.6688,kgCO2e/occupied room-night,HFT_PUBLISHED_COEFFICIENT,,False,False,Greenview Hotel Footprinting Tool,https://greenview.sg/resources/hotel-footprinting-tool/
2024,Maldivas,MDV,2,CHSB 2026,2024,Greenview HFT 2026v1.1,20.4811,kgCO2e/occupied room-night,HFT_PUBLISHED_COEFFICIENT,,False,False,Greenview Hotel Footprinting Tool,https://greenview.sg/resources/hotel-footprinting-tool/
2024,Maldivas,MDV,3,CHSB 2026,2024,Greenview HFT 2026v1.1,28.9135,kgCO2e/occupied room-night,HFT_PUBLISHED_COEFFICIENT,,False,False,Greenview Hotel Footprinting Tool,https://greenview.sg/resources/hotel-footprinting-tool/
2024,Maldivas,MDV,4,CHSB 2026,2024,Greenview HFT 2026v1.1,32.9265,kgCO2e/occupied room-night,HFT_PUBLISHED_COEFFICIENT,,False,False,Greenview Hotel Footprinting Tool,https://greenview.sg/resources/hotel-footprinting-tool/
2024,Maldivas,MDV,5,CHSB 2026,2024,Greenview HFT 2026v1.1,44.0116,kgCO2e/occupied room-night,HFT_PUBLISHED_COEFFICIENT,,False,False,Greenview Hotel Footprinting Tool,https://greenview.sg/resources/hotel-footprinting-tool/
2024,Maldivas,MDV,unknown,CHSB 2026,2024,Greenview HFT 2026v1.1,24.0681,kgCO2e/occupied room-night,HFT_PUBLISHED_COEFFICIENT,,False,False,Greenview Hotel Footprinting Tool,https://greenview.sg/resources/hotel-footprinting-tool/
2024,Malta,MLT,2,CHSB 2026,2024,Greenview HFT 2026v1.1,8.3594,kgCO2e/occupied room-night,HFT_PUBLISHED_COEFFICIENT,,False,False,Greenview Hotel Footprinting Tool,https://greenview.sg/resources/hotel-footprinting-tool/
2024,Malta,MLT,3,CHSB 2026,2024,Greenview HFT 2026v1.1,12.0561,kgCO2e/occupied room-night,HFT_PUBLISHED_COEFFICIENT,,False,False,Greenview Hotel Footprinting Tool,https://greenview.sg/resources/hotel-footprinting-tool/
2024,Malta,MLT,4,CHSB 2026,2024,Greenview HFT 2026v1.1,19.6089,kgCO2e/occupied room-night,HFT_PUBLISHED_COEFFICIENT,,False,False,Greenview Hotel Footprinting Tool,https://greenview.sg/resources/hotel-footprinting-tool/
2024,Malta,MLT,5,CHSB 2026,2024,Greenview HFT 2026v1.1,25.0059,kgCO2e/occupied room-night,HFT_PUBLISHED_COEFFICIENT,,False,False,Greenview Hotel Footprinting Tool,https://greenview.sg/resources/hotel-footprinting-tool/
2024,Malta,MLT,unknown,CHSB 2026,2024,Greenview HFT 2026v1.1,26.1772,kgCO2e/occupied room-night,HFT_PUBLISHED_COEFFICIENT,,False,False,Greenview Hotel Footprinting Tool,https://greenview.sg/resources/hotel-footprinting-tool/
2024,Malí,MLI,2,CHSB 2026,2024,Greenview HFT 2026v1.1,9.5204,kgCO2e/occupied room-night,HFT_PUBLISHED_COEFFICIENT,,False,False,Greenview Hotel Footprinting Tool,https://greenview.sg/resources/hotel-footprinting-tool/
2024,Malí,MLI,3,CHSB 2026,2024,Greenview HFT 2026v1.1,13.7305,kgCO2e/occupied room-night,HFT_PUBLISHED_COEFFICIENT,,False,False,Greenview Hotel Footprinting Tool,https://greenview.sg/resources/hotel-footprinting-tool/
2024,Malí,MLI,4,CHSB 2026,2024,Greenview HFT 2026v1.1,22.3323,kgCO2e/occupied room-night,HFT_PUBLISHED_COEFFICIENT,,False,False,Greenview Hotel Footprinting Tool,https://greenview.sg/resources/hotel-footprinting-tool/
2024,Malí,MLI,5,CHSB 2026,2024,Greenview HFT 2026v1.1,28.4789,kgCO2e/occupied room-night,HFT_PUBLISHED_COEFFICIENT,,False,False,Greenview Hotel Footprinting Tool,https://greenview.sg/resources/hotel-footprinting-tool/
2024,Malí,MLI,unknown,CHSB 2026,2024,Greenview HFT 2026v1.1,19.6974,kgCO2e/occupied room-night,HFT_PUBLISHED_COEFFICIENT,,False,False,Greenview Hotel Footprinting Tool,https://greenview.sg/resources/hotel-footprinting-tool/
2024,Marruecos,MAR,2,CHSB 2026,2024,Greenview HFT 2026v1.1,21.6146,kgCO2e/occupied room-night,HFT_PUBLISHED_COEFFICIENT,,False,False,Greenview Hotel Footprinting Tool,https://greenview.sg/resources/hotel-footprinting-tool/
2024,Marruecos,MAR,3,CHSB 2026,2024,Greenview HFT 2026v1.1,31.173,kgCO2e/occupied room-night,HFT_PUBLISHED_COEFFICIENT,,False,False,Greenview Hotel Footprinting Tool,https://greenview.sg/resources/hotel-footprinting-tool/
2024,Marruecos,MAR,4,CHSB 2026,2024,Greenview HFT 2026v1.1,50.702,kgCO2e/occupied room-night,HFT_PUBLISHED_COEFFICIENT,,False,False,Greenview Hotel Footprinting Tool,https://greenview.sg/resources/hotel-footprinting-tool/
2024,Marruecos,MAR,5,CHSB 2026,2024,Greenview HFT 2026v1.1,64.6568,kgCO2e/occupied room-night,HFT_PUBLISHED_COEFFICIENT,,False,False,Greenview Hotel Footprinting Tool,https://greenview.sg/resources/hotel-footprinting-tool/
2024,Marruecos,MAR,unknown,CHSB 2026,2024,Greenview HFT 2026v1.1,43.2696,kgCO2e/occupied room-night,HFT_PUBLISHED_COEFFICIENT,,False,False,Greenview Hotel Footprinting Tool,https://greenview.sg/resources/hotel-footprinting-tool/
2024,Mauricio,MUS,2,CHSB 2026,2024,Greenview HFT 2026v1.1,12.1219,kgCO2e/occupied room-night,HFT_PUBLISHED_COEFFICIENT,,False,False,Greenview Hotel Footprinting Tool,https://greenview.sg/resources/hotel-footprinting-tool/
2024,Mauricio,MUS,3,CHSB 2026,2024,Greenview HFT 2026v1.1,17.4824,kgCO2e/occupied room-night,HFT_PUBLISHED_COEFFICIENT,,False,False,Greenview Hotel Footprinting Tool,https://greenview.sg/resources/hotel-footprinting-tool/
2024,Mauricio,MUS,4,CHSB 2026,2024,Greenview HFT 2026v1.1,22.1838,kgCO2e/occupied room-night,HFT_PUBLISHED_COEFFICIENT,,False,False,Greenview Hotel Footprinting Tool,https://greenview.sg/resources/hotel-footprinting-tool/
2024,Mauricio,MUS,5,CHSB 2026,2024,Greenview HFT 2026v1.1,36.2606,kgCO2e/occupied room-night,HFT_PUBLISHED_COEFFICIENT,,False,False,Greenview Hotel Footprinting Tool,https://greenview.sg/resources/hotel-footprinting-tool/
2024,Mauricio,MUS,unknown,CHSB 2026,2024,Greenview HFT 2026v1.1,13.1701,kgCO2e/occupied room-night,HFT_PUBLISHED_COEFFICIENT,,False,False,Greenview Hotel Footprinting Tool,https://greenview.sg/resources/hotel-footprinting-tool/
2024,Mauritania,MRT,2,CHSB 2026,2024,Greenview HFT 2026v1.1,20.4973,kgCO2e/occupied room-night,HFT_PUBLISHED_COEFFICIENT,,False,False,Greenview Hotel Footprinting Tool,https://greenview.sg/resources/hotel-footprinting-tool/
2024,Mauritania,MRT,3,CHSB 2026,2024,Greenview HFT 2026v1.1,37.5671,kgCO2e/occupied room-night,HFT_PUBLISHED_COEFFICIENT,,False,False,Greenview Hotel Footprinting Tool,https://greenview.sg/resources/hotel-footprinting-tool/
2024,Mauritania,MRT,4,CHSB 2026,2024,Greenview HFT 2026v1.1,57.7575,kgCO2e/occupied room-night,HFT_PUBLISHED_COEFFICIENT,,False,False,Greenview Hotel Footprinting Tool,https://greenview.sg/resources/hotel-footprinting-tool/
2024,Mauritania,MRT,5,CHSB 2026,2024,Greenview HFT 2026v1.1,59.2189,kgCO2e/occupied room-night,HFT_PUBLISHED_COEFFICIENT,,False,False,Greenview Hotel Footprinting Tool,https://greenview.sg/resources/hotel-footprinting-tool/
2024,Mauritania,MRT,unknown,CHSB 2026,2024,Greenview HFT 2026v1.1,53.5516,kgCO2e/occupied room-night,HFT_PUBLISHED_COEFFICIENT,,False,False,Greenview Hotel Footprinting Tool,https://greenview.sg/resources/hotel-footprinting-tool/
2024,Mayotte,MYT,2,CHSB 2026,2024,Greenview HFT 2026v1.1,8.0173,kgCO2e/occupied room-night,HFT_PUBLISHED_COEFFICIENT,,False,False,Greenview Hotel Footprinting Tool,https://greenview.sg/resources/hotel-footprinting-tool/
2024,Mayotte,MYT,3,CHSB 2026,2024,Greenview HFT 2026v1.1,11.5626,kgCO2e/occupied room-night,HFT_PUBLISHED_COEFFICIENT,,False,False,Greenview Hotel Footprinting Tool,https://greenview.sg/resources/hotel-footprinting-tool/
2024,Mayotte,MYT,4,CHSB 2026,2024,Greenview HFT 2026v1.1,18.8063,kgCO2e/occupied room-night,HFT_PUBLISHED_COEFFICIENT,,False,False,Greenview Hotel Footprinting Tool,https://greenview.sg/resources/hotel-footprinting-tool/
2024,Mayotte,MYT,5,CHSB 2026,2024,Greenview HFT 2026v1.1,23.9824,kgCO2e/occupied room-night,HFT_PUBLISHED_COEFFICIENT,,False,False,Greenview Hotel Footprinting Tool,https://greenview.sg/resources/hotel-footprinting-tool/
2024,Mayotte,MYT,unknown,CHSB 2026,2024,Greenview HFT 2026v1.1,16.5874,kgCO2e/occupied room-night,HFT_PUBLISHED_COEFFICIENT,,False,False,Greenview Hotel Footprinting Tool,https://greenview.sg/resources/hotel-footprinting-tool/
2024,Micronesia,FSM,2,CHSB 2026,2024,Greenview HFT 2026v1.1,11.3864,kgCO2e/occupied room-night,HFT_PUBLISHED_COEFFICIENT,,False,False,Greenview Hotel Footprinting Tool,https://greenview.sg/resources/hotel-footprinting-tool/
2024,Micronesia,FSM,3,CHSB 2026,2024,Greenview HFT 2026v1.1,16.4217,kgCO2e/occupied room-night,HFT_PUBLISHED_COEFFICIENT,,False,False,Greenview Hotel Footprinting Tool,https://greenview.sg/resources/hotel-footprinting-tool/
2024,Micronesia,FSM,4,CHSB 2026,2024,Greenview HFT 2026v1.1,26.7094,kgCO2e/occupied room-night,HFT_PUBLISHED_COEFFICIENT,,False,False,Greenview Hotel Footprinting Tool,https://greenview.sg/resources/hotel-footprinting-tool/
2024,Micronesia,FSM,5,CHSB 2026,2024,Greenview HFT 2026v1.1,34.0606,kgCO2e/occupied room-night,HFT_PUBLISHED_COEFFICIENT,,False,False,Greenview Hotel Footprinting Tool,https://greenview.sg/resources/hotel-footprinting-tool/
2024,Micronesia,FSM,unknown,CHSB 2026,2024,Greenview HFT 2026v1.1,23.558,kgCO2e/occupied room-night,HFT_PUBLISHED_COEFFICIENT,,False,False,Greenview Hotel Footprinting Tool,https://greenview.sg/resources/hotel-footprinting-tool/
2024,Moldavia,MDA,2,CHSB 2026,2024,Greenview HFT 2026v1.1,13.0945,kgCO2e/occupied room-night,HFT_PUBLISHED_COEFFICIENT,,False,False,Greenview Hotel Footprinting Tool,https://greenview.sg/resources/hotel-footprinting-tool/
2024,Moldavia,MDA,3,CHSB 2026,2024,Greenview HFT 2026v1.1,15.441,kgCO2e/occupied room-night,HFT_PUBLISHED_COEFFICIENT,,False,False,Greenview Hotel Footprinting Tool,https://greenview.sg/resources/hotel-footprinting-tool/
2024,Moldavia,MDA,4,CHSB 2026,2024,Greenview HFT 2026v1.1,25.1144,kgCO2e/occupied room-night,HFT_PUBLISHED_COEFFICIENT,,False,False,Greenview Hotel Footprinting Tool,https://greenview.sg/resources/hotel-footprinting-tool/
2024,Moldavia,MDA,5,CHSB 2026,2024,Greenview HFT 2026v1.1,32.0267,kgCO2e/occupied room-night,HFT_PUBLISHED_COEFFICIENT,,False,False,Greenview Hotel Footprinting Tool,https://greenview.sg/resources/hotel-footprinting-tool/
2024,Moldavia,MDA,unknown,CHSB 2026,2024,Greenview HFT 2026v1.1,22.1512,kgCO2e/occupied room-night,HFT_PUBLISHED_COEFFICIENT,,False,False,Greenview Hotel Footprinting Tool,https://greenview.sg/resources/hotel-footprinting-tool/
2024,Mongolia,MNG,2,CHSB 2026,2024,Greenview HFT 2026v1.1,17.8493,kgCO2e/occupied room-night,HFT_PUBLISHED_COEFFICIENT,,False,False,Greenview Hotel Footprinting Tool,https://greenview.sg/resources/hotel-footprinting-tool/
2024,Mongolia,MNG,3,CHSB 2026,2024,Greenview HFT 2026v1.1,28.0499,kgCO2e/occupied room-night,HFT_PUBLISHED_COEFFICIENT,,False,False,Greenview Hotel Footprinting Tool,https://greenview.sg/resources/hotel-footprinting-tool/
2024,Mongolia,MNG,4,CHSB 2026,2024,Greenview HFT 2026v1.1,48.5743,kgCO2e/occupied room-night,HFT_PUBLISHED_COEFFICIENT,,False,False,Greenview Hotel Footprinting Tool,https://greenview.sg/resources/hotel-footprinting-tool/
2024,Mongolia,MNG,5,CHSB 2026,2024,Greenview HFT 2026v1.1,69.7593,kgCO2e/occupied room-night,HFT_PUBLISHED_COEFFICIENT,,False,False,Greenview Hotel Footprinting Tool,https://greenview.sg/resources/hotel-footprinting-tool/
2024,Mongolia,MNG,unknown,CHSB 2026,2024,Greenview HFT 2026v1.1,46.7195,kgCO2e/occupied room-night,HFT_PUBLISHED_COEFFICIENT,,False,False,Greenview Hotel Footprinting Tool,https://greenview.sg/resources/hotel-footprinting-tool/
2024,Montenegro,MNE,2,CHSB 2026,2024,Greenview HFT 2026v1.1,9.3519,kgCO2e/occupied room-night,HFT_PUBLISHED_COEFFICIENT,,False,False,Greenview Hotel Footprinting Tool,https://greenview.sg/resources/hotel-footprinting-tool/
2024,Montenegro,MNE,3,CHSB 2026,2024,Greenview HFT 2026v1.1,13.4875,kgCO2e/occupied room-night,HFT_PUBLISHED_COEFFICIENT,,False,False,Greenview Hotel Footprinting Tool,https://greenview.sg/resources/hotel-footprinting-tool/
2024,Montenegro,MNE,4,CHSB 2026,2024,Greenview HFT 2026v1.1,21.937,kgCO2e/occupied room-night,HFT_PUBLISHED_COEFFICIENT,,False,False,Greenview Hotel Footprinting Tool,https://greenview.sg/resources/hotel-footprinting-tool/
2024,Montenegro,MNE,5,CHSB 2026,2024,Greenview HFT 2026v1.1,27.9747,kgCO2e/occupied room-night,HFT_PUBLISHED_COEFFICIENT,,False,False,Greenview Hotel Footprinting Tool,https://greenview.sg/resources/hotel-footprinting-tool/
2024,Montenegro,MNE,unknown,CHSB 2026,2024,Greenview HFT 2026v1.1,19.3487,kgCO2e/occupied room-night,HFT_PUBLISHED_COEFFICIENT,,False,False,Greenview Hotel Footprinting Tool,https://greenview.sg/resources/hotel-footprinting-tool/
2024,Montserrat,MSR,2,CHSB 2026,2024,Greenview HFT 2026v1.1,10.8604,kgCO2e/occupied room-night,HFT_PUBLISHED_COEFFICIENT,,False,False,Greenview Hotel Footprinting Tool,https://greenview.sg/resources/hotel-footprinting-tool/
2024,Montserrat,MSR,3,CHSB 2026,2024,Greenview HFT 2026v1.1,15.6631,kgCO2e/occupied room-night,HFT_PUBLISHED_COEFFICIENT,,False,False,Greenview Hotel Footprinting Tool,https://greenview.sg/resources/hotel-footprinting-tool/
2024,Montserrat,MSR,4,CHSB 2026,2024,Greenview HFT 2026v1.1,25.4756,kgCO2e/occupied room-night,HFT_PUBLISHED_COEFFICIENT,,False,False,Greenview Hotel Footprinting Tool,https://greenview.sg/resources/hotel-footprinting-tool/
2024,Montserrat,MSR,5,CHSB 2026,2024,Greenview HFT 2026v1.1,32.4873,kgCO2e/occupied room-night,HFT_PUBLISHED_COEFFICIENT,,False,False,Greenview Hotel Footprinting Tool,https://greenview.sg/resources/hotel-footprinting-tool/
2024,Montserrat,MSR,unknown,CHSB 2026,2024,Greenview HFT 2026v1.1,22.4698,kgCO2e/occupied room-night,HFT_PUBLISHED_COEFFICIENT,,False,False,Greenview Hotel Footprinting Tool,https://greenview.sg/resources/hotel-footprinting-tool/
2024,Mozambique,MOZ,2,CHSB 2026,2024,Greenview HFT 2026v1.1,2.7591,kgCO2e/occupied room-night,HFT_PUBLISHED_COEFFICIENT,,False,False,Greenview Hotel Footprinting Tool,https://greenview.sg/resources/hotel-footprinting-tool/
2024,Mozambique,MOZ,3,CHSB 2026,2024,Greenview HFT 2026v1.1,5.2343,kgCO2e/occupied room-night,HFT_PUBLISHED_COEFFICIENT,,False,False,Greenview Hotel Footprinting Tool,https://greenview.sg/resources/hotel-footprinting-tool/
2024,Mozambique,MOZ,4,CHSB 2026,2024,Greenview HFT 2026v1.1,6.6893,kgCO2e/occupied room-night,HFT_PUBLISHED_COEFFICIENT,,False,False,Greenview Hotel Footprinting Tool,https://greenview.sg/resources/hotel-footprinting-tool/
2024,Mozambique,MOZ,5,CHSB 2026,2024,Greenview HFT 2026v1.1,8.2535,kgCO2e/occupied room-night,HFT_PUBLISHED_COEFFICIENT,,False,False,Greenview Hotel Footprinting Tool,https://greenview.sg/resources/hotel-footprinting-tool/
2024,Mozambique,MOZ,unknown,CHSB 2026,2024,Greenview HFT 2026v1.1,5.7085,kgCO2e/occupied room-night,HFT_PUBLISHED_COEFFICIENT,,False,False,Greenview Hotel Footprinting Tool,https://greenview.sg/resources/hotel-footprinting-tool/
2024,Myanmar,MMR,2,CHSB 2026,2024,Greenview HFT 2026v1.1,6.3157,kgCO2e/occupied room-night,HFT_PUBLISHED_COEFFICIENT,,False,False,Greenview Hotel Footprinting Tool,https://greenview.sg/resources/hotel-footprinting-tool/
2024,Myanmar,MMR,3,CHSB 2026,2024,Greenview HFT 2026v1.1,7.5411,kgCO2e/occupied room-night,HFT_PUBLISHED_COEFFICIENT,,False,False,Greenview Hotel Footprinting Tool,https://greenview.sg/resources/hotel-footprinting-tool/
2024,Myanmar,MMR,4,CHSB 2026,2024,Greenview HFT 2026v1.1,22.1808,kgCO2e/occupied room-night,HFT_PUBLISHED_COEFFICIENT,,False,False,Greenview Hotel Footprinting Tool,https://greenview.sg/resources/hotel-footprinting-tool/
2024,Myanmar,MMR,5,CHSB 2026,2024,Greenview HFT 2026v1.1,20.7363,kgCO2e/occupied room-night,HFT_PUBLISHED_COEFFICIENT,,False,False,Greenview Hotel Footprinting Tool,https://greenview.sg/resources/hotel-footprinting-tool/
2024,Myanmar,MMR,unknown,CHSB 2026,2024,Greenview HFT 2026v1.1,19.094,kgCO2e/occupied room-night,HFT_PUBLISHED_COEFFICIENT,,False,False,Greenview Hotel Footprinting Tool,https://greenview.sg/resources/hotel-footprinting-tool/
2024,México,MEX,2,CHSB 2026,2024,Greenview HFT 2026v1.1,10.2748,kgCO2e/occupied room-night,HFT_PUBLISHED_COEFFICIENT,,False,False,Greenview Hotel Footprinting Tool,https://greenview.sg/resources/hotel-footprinting-tool/
2024,México,MEX,3,CHSB 2026,2024,Greenview HFT 2026v1.1,15.9379,kgCO2e/occupied room-night,HFT_PUBLISHED_COEFFICIENT,,False,False,Greenview Hotel Footprinting Tool,https://greenview.sg/resources/hotel-footprinting-tool/
2024,México,MEX,4,CHSB 2026,2024,Greenview HFT 2026v1.1,36.8259,kgCO2e/occupied room-night,HFT_PUBLISHED_COEFFICIENT,,False,False,Greenview Hotel Footprinting Tool,https://greenview.sg/resources/hotel-footprinting-tool/
2024,México,MEX,5,CHSB 2026,2024,Greenview HFT 2026v1.1,59.9072,kgCO2e/occupied room-night,HFT_PUBLISHED_COEFFICIENT,,False,False,Greenview Hotel Footprinting Tool,https://greenview.sg/resources/hotel-footprinting-tool/
2024,México,MEX,unknown,CHSB 2026,2024,Greenview HFT 2026v1.1,15.4139,kgCO2e/occupied room-night,HFT_PUBLISHED_COEFFICIENT,,False,False,Greenview Hotel Footprinting Tool,https://greenview.sg/resources/hotel-footprinting-tool/
2024,Mónaco,MCO,2,CHSB 2026,2024,Greenview HFT 2026v1.1,2.8867,kgCO2e/occupied room-night,HFT_PUBLISHED_COEFFICIENT,,False,False,Greenview Hotel Footprinting Tool,https://greenview.sg/resources/hotel-footprinting-tool/
2024,Mónaco,MCO,3,CHSB 2026,2024,Greenview HFT 2026v1.1,4.5977,kgCO2e/occupied room-night,HFT_PUBLISHED_COEFFICIENT,,False,False,Greenview Hotel Footprinting Tool,https://greenview.sg/resources/hotel-footprinting-tool/
2024,Mónaco,MCO,4,CHSB 2026,2024,Greenview HFT 2026v1.1,6.0464,kgCO2e/occupied room-night,HFT_PUBLISHED_COEFFICIENT,,False,False,Greenview Hotel Footprinting Tool,https://greenview.sg/resources/hotel-footprinting-tool/
2024,Mónaco,MCO,5,CHSB 2026,2024,Greenview HFT 2026v1.1,9.0869,kgCO2e/occupied room-night,HFT_PUBLISHED_COEFFICIENT,,False,False,Greenview Hotel Footprinting Tool,https://greenview.sg/resources/hotel-footprinting-tool/
2024,Mónaco,MCO,unknown,CHSB 2026,2024,Greenview HFT 2026v1.1,5.6307,kgCO2e/occupied room-night,HFT_PUBLISHED_COEFFICIENT,,False,False,Greenview Hotel Footprinting Tool,https://greenview.sg/resources/hotel-footprinting-tool/
2024,Namibia,NAM,2,CHSB 2026,2024,Greenview HFT 2026v1.1,1.9694,kgCO2e/occupied room-night,HFT_PUBLISHED_COEFFICIENT,,False,False,Greenview Hotel Footprinting Tool,https://greenview.sg/resources/hotel-footprinting-tool/
2024,Namibia,NAM,3,CHSB 2026,2024,Greenview HFT 2026v1.1,3.7361,kgCO2e/occupied room-night,HFT_PUBLISHED_COEFFICIENT,,False,False,Greenview Hotel Footprinting Tool,https://greenview.sg/resources/hotel-footprinting-tool/
2024,Namibia,NAM,4,CHSB 2026,2024,Greenview HFT 2026v1.1,4.7747,kgCO2e/occupied room-night,HFT_PUBLISHED_COEFFICIENT,,False,False,Greenview Hotel Footprinting Tool,https://greenview.sg/resources/hotel-footprinting-tool/
2024,Namibia,NAM,5,CHSB 2026,2024,Greenview HFT 2026v1.1,5.8912,kgCO2e/occupied room-night,HFT_PUBLISHED_COEFFICIENT,,False,False,Greenview Hotel Footprinting Tool,https://greenview.sg/resources/hotel-footprinting-tool/
2024,Namibia,NAM,unknown,CHSB 2026,2024,Greenview HFT 2026v1.1,4.0746,kgCO2e/occupied room-night,HFT_PUBLISHED_COEFFICIENT,,False,False,Greenview Hotel Footprinting Tool,https://greenview.sg/resources/hotel-footprinting-tool/
2024,Nauru,NRU,2,CHSB 2026,2024,Greenview HFT 2026v1.1,10.7803,kgCO2e/occupied room-night,HFT_PUBLISHED_COEFFICIENT,,False,False,Greenview Hotel Footprinting Tool,https://greenview.sg/resources/hotel-footprinting-tool/
2024,Nauru,NRU,3,CHSB 2026,2024,Greenview HFT 2026v1.1,15.5475,kgCO2e/occupied room-night,HFT_PUBLISHED_COEFFICIENT,,False,False,Greenview Hotel Footprinting Tool,https://greenview.sg/resources/hotel-footprinting-tool/
2024,Nauru,NRU,4,CHSB 2026,2024,Greenview HFT 2026v1.1,25.2876,kgCO2e/occupied room-night,HFT_PUBLISHED_COEFFICIENT,,False,False,Greenview Hotel Footprinting Tool,https://greenview.sg/resources/hotel-footprinting-tool/
2024,Nauru,NRU,5,CHSB 2026,2024,Greenview HFT 2026v1.1,32.2475,kgCO2e/occupied room-night,HFT_PUBLISHED_COEFFICIENT,,False,False,Greenview Hotel Footprinting Tool,https://greenview.sg/resources/hotel-footprinting-tool/
2024,Nauru,NRU,unknown,CHSB 2026,2024,Greenview HFT 2026v1.1,22.304,kgCO2e/occupied room-night,HFT_PUBLISHED_COEFFICIENT,,False,False,Greenview Hotel Footprinting Tool,https://greenview.sg/resources/hotel-footprinting-tool/
2024,Nepal,NPL,2,CHSB 2026,2024,Greenview HFT 2026v1.1,13.8234,kgCO2e/occupied room-night,HFT_PUBLISHED_COEFFICIENT,,False,False,Greenview Hotel Footprinting Tool,https://greenview.sg/resources/hotel-footprinting-tool/
2024,Nepal,NPL,3,CHSB 2026,2024,Greenview HFT 2026v1.1,19.5147,kgCO2e/occupied room-night,HFT_PUBLISHED_COEFFICIENT,,False,False,Greenview Hotel Footprinting Tool,https://greenview.sg/resources/hotel-footprinting-tool/
2024,Nepal,NPL,4,CHSB 2026,2024,Greenview HFT 2026v1.1,22.2233,kgCO2e/occupied room-night,HFT_PUBLISHED_COEFFICIENT,,False,False,Greenview Hotel Footprinting Tool,https://greenview.sg/resources/hotel-footprinting-tool/
2024,Nepal,NPL,5,CHSB 2026,2024,Greenview HFT 2026v1.1,29.705,kgCO2e/occupied room-night,HFT_PUBLISHED_COEFFICIENT,,False,False,Greenview Hotel Footprinting Tool,https://greenview.sg/resources/hotel-footprinting-tool/
2024,Nepal,NPL,unknown,CHSB 2026,2024,Greenview HFT 2026v1.1,7.2132,kgCO2e/occupied room-night,HFT_PUBLISHED_COEFFICIENT,,False,False,Greenview Hotel Footprinting Tool,https://greenview.sg/resources/hotel-footprinting-tool/
2024,Nicaragua,NIC,2,CHSB 2026,2024,Greenview HFT 2026v1.1,7.6487,kgCO2e/occupied room-night,HFT_PUBLISHED_COEFFICIENT,,False,False,Greenview Hotel Footprinting Tool,https://greenview.sg/resources/hotel-footprinting-tool/
2024,Nicaragua,NIC,3,CHSB 2026,2024,Greenview HFT 2026v1.1,11.031,kgCO2e/occupied room-night,HFT_PUBLISHED_COEFFICIENT,,False,False,Greenview Hotel Footprinting Tool,https://greenview.sg/resources/hotel-footprinting-tool/
2024,Nicaragua,NIC,4,CHSB 2026,2024,Greenview HFT 2026v1.1,17.9417,kgCO2e/occupied room-night,HFT_PUBLISHED_COEFFICIENT,,False,False,Greenview Hotel Footprinting Tool,https://greenview.sg/resources/hotel-footprinting-tool/
2024,Nicaragua,NIC,5,CHSB 2026,2024,Greenview HFT 2026v1.1,22.8798,kgCO2e/occupied room-night,HFT_PUBLISHED_COEFFICIENT,,False,False,Greenview Hotel Footprinting Tool,https://greenview.sg/resources/hotel-footprinting-tool/
2024,Nicaragua,NIC,unknown,CHSB 2026,2024,Greenview HFT 2026v1.1,15.8248,kgCO2e/occupied room-night,HFT_PUBLISHED_COEFFICIENT,,False,False,Greenview Hotel Footprinting Tool,https://greenview.sg/resources/hotel-footprinting-tool/
2024,Nigeria,NGA,2,CHSB 2026,2024,Greenview HFT 2026v1.1,21.4486,kgCO2e/occupied room-night,HFT_PUBLISHED_COEFFICIENT,,False,False,Greenview Hotel Footprinting Tool,https://greenview.sg/resources/hotel-footprinting-tool/
2024,Nigeria,NGA,3,CHSB 2026,2024,Greenview HFT 2026v1.1,30.9335,kgCO2e/occupied room-night,HFT_PUBLISHED_COEFFICIENT,,False,False,Greenview Hotel Footprinting Tool,https://greenview.sg/resources/hotel-footprinting-tool/
2024,Nigeria,NGA,4,CHSB 2026,2024,Greenview HFT 2026v1.1,50.3126,kgCO2e/occupied room-night,HFT_PUBLISHED_COEFFICIENT,,False,False,Greenview Hotel Footprinting Tool,https://greenview.sg/resources/hotel-footprinting-tool/
2024,Nigeria,NGA,5,CHSB 2026,2024,Greenview HFT 2026v1.1,64.1601,kgCO2e/occupied room-night,HFT_PUBLISHED_COEFFICIENT,,False,False,Greenview Hotel Footprinting Tool,https://greenview.sg/resources/hotel-footprinting-tool/
2024,Nigeria,NGA,unknown,CHSB 2026,2024,Greenview HFT 2026v1.1,50.3126,kgCO2e/occupied room-night,HFT_PUBLISHED_COEFFICIENT,,False,False,Greenview Hotel Footprinting Tool,https://greenview.sg/resources/hotel-footprinting-tool/
2024,Niue,NIU,2,CHSB 2026,2024,Greenview HFT 2026v1.1,10.7803,kgCO2e/occupied room-night,HFT_PUBLISHED_COEFFICIENT,,False,False,Greenview Hotel Footprinting Tool,https://greenview.sg/resources/hotel-footprinting-tool/
2024,Niue,NIU,3,CHSB 2026,2024,Greenview HFT 2026v1.1,15.5475,kgCO2e/occupied room-night,HFT_PUBLISHED_COEFFICIENT,,False,False,Greenview Hotel Footprinting Tool,https://greenview.sg/resources/hotel-footprinting-tool/
2024,Niue,NIU,4,CHSB 2026,2024,Greenview HFT 2026v1.1,25.2876,kgCO2e/occupied room-night,HFT_PUBLISHED_COEFFICIENT,,False,False,Greenview Hotel Footprinting Tool,https://greenview.sg/resources/hotel-footprinting-tool/
2024,Niue,NIU,5,CHSB 2026,2024,Greenview HFT 2026v1.1,32.2475,kgCO2e/occupied room-night,HFT_PUBLISHED_COEFFICIENT,,False,False,Greenview Hotel Footprinting Tool,https://greenview.sg/resources/hotel-footprinting-tool/
2024,Niue,NIU,unknown,CHSB 2026,2024,Greenview HFT 2026v1.1,22.304,kgCO2e/occupied room-night,HFT_PUBLISHED_COEFFICIENT,,False,False,Greenview Hotel Footprinting Tool,https://greenview.sg/resources/hotel-footprinting-tool/
2024,Noruega,NOR,2,CHSB 2026,2024,Greenview HFT 2026v1.1,6.0926,kgCO2e/occupied room-night,HFT_PUBLISHED_COEFFICIENT,,False,False,Greenview Hotel Footprinting Tool,https://greenview.sg/resources/hotel-footprinting-tool/
2024,Noruega,NOR,3,CHSB 2026,2024,Greenview HFT 2026v1.1,8.7869,kgCO2e/occupied room-night,HFT_PUBLISHED_COEFFICIENT,,False,False,Greenview Hotel Footprinting Tool,https://greenview.sg/resources/hotel-footprinting-tool/
2024,Noruega,NOR,4,CHSB 2026,2024,Greenview HFT 2026v1.1,14.2917,kgCO2e/occupied room-night,HFT_PUBLISHED_COEFFICIENT,,False,False,Greenview Hotel Footprinting Tool,https://greenview.sg/resources/hotel-footprinting-tool/
2024,Noruega,NOR,5,CHSB 2026,2024,Greenview HFT 2026v1.1,18.2252,kgCO2e/occupied room-night,HFT_PUBLISHED_COEFFICIENT,,False,False,Greenview Hotel Footprinting Tool,https://greenview.sg/resources/hotel-footprinting-tool/
2024,Noruega,NOR,unknown,CHSB 2026,2024,Greenview HFT 2026v1.1,12.6054,kgCO2e/occupied room-night,HFT_PUBLISHED_COEFFICIENT,,False,False,Greenview Hotel Footprinting Tool,https://greenview.sg/resources/hotel-footprinting-tool/
2024,Nueva Caledonia,NCL,2,CHSB 2026,2024,Greenview HFT 2026v1.1,11.3864,kgCO2e/occupied room-night,HFT_PUBLISHED_COEFFICIENT,,False,False,Greenview Hotel Footprinting Tool,https://greenview.sg/resources/hotel-footprinting-tool/
2024,Nueva Caledonia,NCL,3,CHSB 2026,2024,Greenview HFT 2026v1.1,16.4217,kgCO2e/occupied room-night,HFT_PUBLISHED_COEFFICIENT,,False,False,Greenview Hotel Footprinting Tool,https://greenview.sg/resources/hotel-footprinting-tool/
2024,Nueva Caledonia,NCL,4,CHSB 2026,2024,Greenview HFT 2026v1.1,26.7094,kgCO2e/occupied room-night,HFT_PUBLISHED_COEFFICIENT,,False,False,Greenview Hotel Footprinting Tool,https://greenview.sg/resources/hotel-footprinting-tool/
2024,Nueva Caledonia,NCL,5,CHSB 2026,2024,Greenview HFT 2026v1.1,34.0606,kgCO2e/occupied room-night,HFT_PUBLISHED_COEFFICIENT,,False,False,Greenview Hotel Footprinting Tool,https://greenview.sg/resources/hotel-footprinting-tool/
2024,Nueva Caledonia,NCL,unknown,CHSB 2026,2024,Greenview HFT 2026v1.1,23.558,kgCO2e/occupied room-night,HFT_PUBLISHED_COEFFICIENT,,False,False,Greenview Hotel Footprinting Tool,https://greenview.sg/resources/hotel-footprinting-tool/
2024,Nueva Zelanda,NZL,2,CHSB 2026,2024,Greenview HFT 2026v1.1,4.7857,kgCO2e/occupied room-night,HFT_PUBLISHED_COEFFICIENT,,False,False,Greenview Hotel Footprinting Tool,https://greenview.sg/resources/hotel-footprinting-tool/
2024,Nueva Zelanda,NZL,3,CHSB 2026,2024,Greenview HFT 2026v1.1,6.902,kgCO2e/occupied room-night,HFT_PUBLISHED_COEFFICIENT,,False,False,Greenview Hotel Footprinting Tool,https://greenview.sg/resources/hotel-footprinting-tool/
2024,Nueva Zelanda,NZL,4,CHSB 2026,2024,Greenview HFT 2026v1.1,11.2259,kgCO2e/occupied room-night,HFT_PUBLISHED_COEFFICIENT,,False,False,Greenview Hotel Footprinting Tool,https://greenview.sg/resources/hotel-footprinting-tool/
2024,Nueva Zelanda,NZL,5,CHSB 2026,2024,Greenview HFT 2026v1.1,14.3156,kgCO2e/occupied room-night,HFT_PUBLISHED_COEFFICIENT,,False,False,Greenview Hotel Footprinting Tool,https://greenview.sg/resources/hotel-footprinting-tool/
2024,Nueva Zelanda,NZL,unknown,CHSB 2026,2024,Greenview HFT 2026v1.1,8.2744,kgCO2e/occupied room-night,HFT_PUBLISHED_COEFFICIENT,,False,False,Greenview Hotel Footprinting Tool,https://greenview.sg/resources/hotel-footprinting-tool/
2024,Níger,NER,2,CHSB 2026,2024,Greenview HFT 2026v1.1,13.9456,kgCO2e/occupied room-night,HFT_PUBLISHED_COEFFICIENT,,False,False,Greenview Hotel Footprinting Tool,https://greenview.sg/resources/hotel-footprinting-tool/
2024,Níger,NER,3,CHSB 2026,2024,Greenview HFT 2026v1.1,20.1126,kgCO2e/occupied room-night,HFT_PUBLISHED_COEFFICIENT,,False,False,Greenview Hotel Footprinting Tool,https://greenview.sg/resources/hotel-footprinting-tool/
2024,Níger,NER,4,CHSB 2026,2024,Greenview HFT 2026v1.1,48.5519,kgCO2e/occupied room-night,HFT_PUBLISHED_COEFFICIENT,,False,False,Greenview Hotel Footprinting Tool,https://greenview.sg/resources/hotel-footprinting-tool/
2024,Níger,NER,5,CHSB 2026,2024,Greenview HFT 2026v1.1,41.7162,kgCO2e/occupied room-night,HFT_PUBLISHED_COEFFICIENT,,False,False,Greenview Hotel Footprinting Tool,https://greenview.sg/resources/hotel-footprinting-tool/
2024,Níger,NER,unknown,CHSB 2026,2024,Greenview HFT 2026v1.1,48.5519,kgCO2e/occupied room-night,HFT_PUBLISHED_COEFFICIENT,,False,False,Greenview Hotel Footprinting Tool,https://greenview.sg/resources/hotel-footprinting-tool/
2024,Omán,OMN,2,CHSB 2026,2024,Greenview HFT 2026v1.1,35.1481,kgCO2e/occupied room-night,HFT_PUBLISHED_COEFFICIENT,,False,False,Greenview Hotel Footprinting Tool,https://greenview.sg/resources/hotel-footprinting-tool/
2024,Omán,OMN,3,CHSB 2026,2024,Greenview HFT 2026v1.1,50.6912,kgCO2e/occupied room-night,HFT_PUBLISHED_COEFFICIENT,,False,False,Greenview Hotel Footprinting Tool,https://greenview.sg/resources/hotel-footprinting-tool/
2024,Omán,OMN,4,CHSB 2026,2024,Greenview HFT 2026v1.1,82.4479,kgCO2e/occupied room-night,HFT_PUBLISHED_COEFFICIENT,,False,False,Greenview Hotel Footprinting Tool,https://greenview.sg/resources/hotel-footprinting-tool/
2024,Omán,OMN,5,CHSB 2026,2024,Greenview HFT 2026v1.1,105.14,kgCO2e/occupied room-night,HFT_PUBLISHED_COEFFICIENT,,False,False,Greenview Hotel Footprinting Tool,https://greenview.sg/resources/hotel-footprinting-tool/
2024,Omán,OMN,unknown,CHSB 2026,2024,Greenview HFT 2026v1.1,44.5381,kgCO2e/occupied room-night,HFT_PUBLISHED_COEFFICIENT,,False,False,Greenview Hotel Footprinting Tool,https://greenview.sg/resources/hotel-footprinting-tool/
2024,Pakistán,PAK,2,CHSB 2026,2024,Greenview HFT 2026v1.1,22.2537,kgCO2e/occupied room-night,HFT_PUBLISHED_COEFFICIENT,,False,False,Greenview Hotel Footprinting Tool,https://greenview.sg/resources/hotel-footprinting-tool/
2024,Pakistán,PAK,3,CHSB 2026,2024,Greenview HFT 2026v1.1,31.4158,kgCO2e/occupied room-night,HFT_PUBLISHED_COEFFICIENT,,False,False,Greenview Hotel Footprinting Tool,https://greenview.sg/resources/hotel-footprinting-tool/
2024,Pakistán,PAK,4,CHSB 2026,2024,Greenview HFT 2026v1.1,35.7761,kgCO2e/occupied room-night,HFT_PUBLISHED_COEFFICIENT,,False,False,Greenview Hotel Footprinting Tool,https://greenview.sg/resources/hotel-footprinting-tool/
2024,Pakistán,PAK,5,CHSB 2026,2024,Greenview HFT 2026v1.1,47.8206,kgCO2e/occupied room-night,HFT_PUBLISHED_COEFFICIENT,,False,False,Greenview Hotel Footprinting Tool,https://greenview.sg/resources/hotel-footprinting-tool/
2024,Pakistán,PAK,unknown,CHSB 2026,2024,Greenview HFT 2026v1.1,26.151,kgCO2e/occupied room-night,HFT_PUBLISHED_COEFFICIENT,,False,False,Greenview Hotel Footprinting Tool,https://greenview.sg/resources/hotel-footprinting-tool/
2024,Palaos,PLW,2,CHSB 2026,2024,Greenview HFT 2026v1.1,10.7803,kgCO2e/occupied room-night,HFT_PUBLISHED_COEFFICIENT,,False,False,Greenview Hotel Footprinting Tool,https://greenview.sg/resources/hotel-footprinting-tool/
2024,Palaos,PLW,3,CHSB 2026,2024,Greenview HFT 2026v1.1,15.5475,kgCO2e/occupied room-night,HFT_PUBLISHED_COEFFICIENT,,False,False,Greenview Hotel Footprinting Tool,https://greenview.sg/resources/hotel-footprinting-tool/
2024,Palaos,PLW,4,CHSB 2026,2024,Greenview HFT 2026v1.1,25.2876,kgCO2e/occupied room-night,HFT_PUBLISHED_COEFFICIENT,,False,False,Greenview Hotel Footprinting Tool,https://greenview.sg/resources/hotel-footprinting-tool/
2024,Palaos,PLW,5,CHSB 2026,2024,Greenview HFT 2026v1.1,32.2475,kgCO2e/occupied room-night,HFT_PUBLISHED_COEFFICIENT,,False,False,Greenview Hotel Footprinting Tool,https://greenview.sg/resources/hotel-footprinting-tool/
2024,Palaos,PLW,unknown,CHSB 2026,2024,Greenview HFT 2026v1.1,22.304,kgCO2e/occupied room-night,HFT_PUBLISHED_COEFFICIENT,,False,False,Greenview Hotel Footprinting Tool,https://greenview.sg/resources/hotel-footprinting-tool/
2024,Palestina,PSE,2,CHSB 2026,2024,Greenview HFT 2026v1.1,12.0734,kgCO2e/occupied room-night,HFT_PUBLISHED_COEFFICIENT,,False,False,Greenview Hotel Footprinting Tool,https://greenview.sg/resources/hotel-footprinting-tool/
2024,Palestina,PSE,3,CHSB 2026,2024,Greenview HFT 2026v1.1,22.1278,kgCO2e/occupied room-night,HFT_PUBLISHED_COEFFICIENT,,False,False,Greenview Hotel Footprinting Tool,https://greenview.sg/resources/hotel-footprinting-tool/
2024,Palestina,PSE,4,CHSB 2026,2024,Greenview HFT 2026v1.1,34.0204,kgCO2e/occupied room-night,HFT_PUBLISHED_COEFFICIENT,,False,False,Greenview Hotel Footprinting Tool,https://greenview.sg/resources/hotel-footprinting-tool/
2024,Palestina,PSE,5,CHSB 2026,2024,Greenview HFT 2026v1.1,34.8812,kgCO2e/occupied room-night,HFT_PUBLISHED_COEFFICIENT,,False,False,Greenview Hotel Footprinting Tool,https://greenview.sg/resources/hotel-footprinting-tool/
2024,Palestina,PSE,unknown,CHSB 2026,2024,Greenview HFT 2026v1.1,31.543,kgCO2e/occupied room-night,HFT_PUBLISHED_COEFFICIENT,,False,False,Greenview Hotel Footprinting Tool,https://greenview.sg/resources/hotel-footprinting-tool/
2024,Panamá,PAN,2,CHSB 2026,2024,Greenview HFT 2026v1.1,9.2924,kgCO2e/occupied room-night,HFT_PUBLISHED_COEFFICIENT,,False,False,Greenview Hotel Footprinting Tool,https://greenview.sg/resources/hotel-footprinting-tool/
2024,Panamá,PAN,3,CHSB 2026,2024,Greenview HFT 2026v1.1,13.4016,kgCO2e/occupied room-night,HFT_PUBLISHED_COEFFICIENT,,False,False,Greenview Hotel Footprinting Tool,https://greenview.sg/resources/hotel-footprinting-tool/
2024,Panamá,PAN,4,CHSB 2026,2024,Greenview HFT 2026v1.1,21.7974,kgCO2e/occupied room-night,HFT_PUBLISHED_COEFFICIENT,,False,False,Greenview Hotel Footprinting Tool,https://greenview.sg/resources/hotel-footprinting-tool/
2024,Panamá,PAN,5,CHSB 2026,2024,Greenview HFT 2026v1.1,27.7966,kgCO2e/occupied room-night,HFT_PUBLISHED_COEFFICIENT,,False,False,Greenview Hotel Footprinting Tool,https://greenview.sg/resources/hotel-footprinting-tool/
2024,Panamá,PAN,unknown,CHSB 2026,2024,Greenview HFT 2026v1.1,21.7974,kgCO2e/occupied room-night,HFT_PUBLISHED_COEFFICIENT,,False,False,Greenview Hotel Footprinting Tool,https://greenview.sg/resources/hotel-footprinting-tool/
2024,Papúa Nueva Guinea,PNG,2,CHSB 2026,2024,Greenview HFT 2026v1.1,11.3864,kgCO2e/occupied room-night,HFT_PUBLISHED_COEFFICIENT,,False,False,Greenview Hotel Footprinting Tool,https://greenview.sg/resources/hotel-footprinting-tool/
2024,Papúa Nueva Guinea,PNG,3,CHSB 2026,2024,Greenview HFT 2026v1.1,16.4217,kgCO2e/occupied room-night,HFT_PUBLISHED_COEFFICIENT,,False,False,Greenview Hotel Footprinting Tool,https://greenview.sg/resources/hotel-footprinting-tool/
2024,Papúa Nueva Guinea,PNG,4,CHSB 2026,2024,Greenview HFT 2026v1.1,26.7094,kgCO2e/occupied room-night,HFT_PUBLISHED_COEFFICIENT,,False,False,Greenview Hotel Footprinting Tool,https://greenview.sg/resources/hotel-footprinting-tool/
2024,Papúa Nueva Guinea,PNG,5,CHSB 2026,2024,Greenview HFT 2026v1.1,34.0606,kgCO2e/occupied room-night,HFT_PUBLISHED_COEFFICIENT,,False,False,Greenview Hotel Footprinting Tool,https://greenview.sg/resources/hotel-footprinting-tool/
2024,Papúa Nueva Guinea,PNG,unknown,CHSB 2026,2024,Greenview HFT 2026v1.1,23.558,kgCO2e/occupied room-night,HFT_PUBLISHED_COEFFICIENT,,False,False,Greenview Hotel Footprinting Tool,https://greenview.sg/resources/hotel-footprinting-tool/
2024,Paraguay,PRY,2,CHSB 2026,2024,Greenview HFT 2026v1.1,5.5276,kgCO2e/occupied room-night,HFT_PUBLISHED_COEFFICIENT,,False,False,Greenview Hotel Footprinting Tool,https://greenview.sg/resources/hotel-footprinting-tool/
2024,Paraguay,PRY,3,CHSB 2026,2024,Greenview HFT 2026v1.1,7.972,kgCO2e/occupied room-night,HFT_PUBLISHED_COEFFICIENT,,False,False,Greenview Hotel Footprinting Tool,https://greenview.sg/resources/hotel-footprinting-tool/
2024,Paraguay,PRY,4,CHSB 2026,2024,Greenview HFT 2026v1.1,12.9663,kgCO2e/occupied room-night,HFT_PUBLISHED_COEFFICIENT,,False,False,Greenview Hotel Footprinting Tool,https://greenview.sg/resources/hotel-footprinting-tool/
2024,Paraguay,PRY,5,CHSB 2026,2024,Greenview HFT 2026v1.1,16.535,kgCO2e/occupied room-night,HFT_PUBLISHED_COEFFICIENT,,False,False,Greenview Hotel Footprinting Tool,https://greenview.sg/resources/hotel-footprinting-tool/
2024,Paraguay,PRY,unknown,CHSB 2026,2024,Greenview HFT 2026v1.1,11.4364,kgCO2e/occupied room-night,HFT_PUBLISHED_COEFFICIENT,,False,False,Greenview Hotel Footprinting Tool,https://greenview.sg/resources/hotel-footprinting-tool/
2024,Países Bajos,NLD,2,CHSB 2026,2024,Greenview HFT 2026v1.1,6.0351,kgCO2e/occupied room-night,HFT_PUBLISHED_COEFFICIENT,,False,False,Greenview Hotel Footprinting Tool,https://greenview.sg/resources/hotel-footprinting-tool/
2024,Países Bajos,NLD,3,CHSB 2026,2024,Greenview HFT 2026v1.1,9.2433,kgCO2e/occupied room-night,HFT_PUBLISHED_COEFFICIENT,,False,False,Greenview Hotel Footprinting Tool,https://greenview.sg/resources/hotel-footprinting-tool/
2024,Países Bajos,NLD,4,CHSB 2026,2024,Greenview HFT 2026v1.1,11.4156,kgCO2e/occupied room-night,HFT_PUBLISHED_COEFFICIENT,,False,False,Greenview Hotel Footprinting Tool,https://greenview.sg/resources/hotel-footprinting-tool/
2024,Países Bajos,NLD,5,CHSB 2026,2024,Greenview HFT 2026v1.1,20.4297,kgCO2e/occupied room-night,HFT_PUBLISHED_COEFFICIENT,,False,False,Greenview Hotel Footprinting Tool,https://greenview.sg/resources/hotel-footprinting-tool/
2024,Países Bajos,NLD,unknown,CHSB 2026,2024,Greenview HFT 2026v1.1,12.0492,kgCO2e/occupied room-night,HFT_PUBLISHED_COEFFICIENT,,False,False,Greenview Hotel Footprinting Tool,https://greenview.sg/resources/hotel-footprinting-tool/
2024,Perú,PER,2,CHSB 2026,2024,Greenview HFT 2026v1.1,9.6681,kgCO2e/occupied room-night,HFT_PUBLISHED_COEFFICIENT,,False,False,Greenview Hotel Footprinting Tool,https://greenview.sg/resources/hotel-footprinting-tool/
2024,Perú,PER,3,CHSB 2026,2024,Greenview HFT 2026v1.1,13.9435,kgCO2e/occupied room-night,HFT_PUBLISHED_COEFFICIENT,,False,False,Greenview Hotel Footprinting Tool,https://greenview.sg/resources/hotel-footprinting-tool/
2024,Perú,PER,4,CHSB 2026,2024,Greenview HFT 2026v1.1,22.6788,kgCO2e/occupied room-night,HFT_PUBLISHED_COEFFICIENT,,False,False,Greenview Hotel Footprinting Tool,https://greenview.sg/resources/hotel-footprinting-tool/
2024,Perú,PER,5,CHSB 2026,2024,Greenview HFT 2026v1.1,28.9207,kgCO2e/occupied room-night,HFT_PUBLISHED_COEFFICIENT,,False,False,Greenview Hotel Footprinting Tool,https://greenview.sg/resources/hotel-footprinting-tool/
2024,Perú,PER,unknown,CHSB 2026,2024,Greenview HFT 2026v1.1,16.4271,kgCO2e/occupied room-night,HFT_PUBLISHED_COEFFICIENT,,False,False,Greenview Hotel Footprinting Tool,https://greenview.sg/resources/hotel-footprinting-tool/
2024,Polonia,POL,2,CHSB 2026,2024,Greenview HFT 2026v1.1,17.6747,kgCO2e/occupied room-night,HFT_PUBLISHED_COEFFICIENT,,False,False,Greenview Hotel Footprinting Tool,https://greenview.sg/resources/hotel-footprinting-tool/
2024,Polonia,POL,3,CHSB 2026,2024,Greenview HFT 2026v1.1,19.2584,kgCO2e/occupied room-night,HFT_PUBLISHED_COEFFICIENT,,False,False,Greenview Hotel Footprinting Tool,https://greenview.sg/resources/hotel-footprinting-tool/
2024,Polonia,POL,4,CHSB 2026,2024,Greenview HFT 2026v1.1,32.2556,kgCO2e/occupied room-night,HFT_PUBLISHED_COEFFICIENT,,False,False,Greenview Hotel Footprinting Tool,https://greenview.sg/resources/hotel-footprinting-tool/
2024,Polonia,POL,5,CHSB 2026,2024,Greenview HFT 2026v1.1,31.032,kgCO2e/occupied room-night,HFT_PUBLISHED_COEFFICIENT,,False,False,Greenview Hotel Footprinting Tool,https://greenview.sg/resources/hotel-footprinting-tool/
2024,Polonia,POL,unknown,CHSB 2026,2024,Greenview HFT 2026v1.1,22.3479,kgCO2e/occupied room-night,HFT_PUBLISHED_COEFFICIENT,,False,False,Greenview Hotel Footprinting Tool,https://greenview.sg/resources/hotel-footprinting-tool/
2024,Portugal,PRT,2,CHSB 2026,2024,Greenview HFT 2026v1.1,6.9961,kgCO2e/occupied room-night,HFT_PUBLISHED_COEFFICIENT,,False,False,Greenview Hotel Footprinting Tool,https://greenview.sg/resources/hotel-footprinting-tool/
2024,Portugal,PRT,3,CHSB 2026,2024,Greenview HFT 2026v1.1,10.0899,kgCO2e/occupied room-night,HFT_PUBLISHED_COEFFICIENT,,False,False,Greenview Hotel Footprinting Tool,https://greenview.sg/resources/hotel-footprinting-tool/
2024,Portugal,PRT,4,CHSB 2026,2024,Greenview HFT 2026v1.1,10.7195,kgCO2e/occupied room-night,HFT_PUBLISHED_COEFFICIENT,,False,False,Greenview Hotel Footprinting Tool,https://greenview.sg/resources/hotel-footprinting-tool/
2024,Portugal,PRT,5,CHSB 2026,2024,Greenview HFT 2026v1.1,28.1856,kgCO2e/occupied room-night,HFT_PUBLISHED_COEFFICIENT,,False,False,Greenview Hotel Footprinting Tool,https://greenview.sg/resources/hotel-footprinting-tool/
2024,Portugal,PRT,unknown,CHSB 2026,2024,Greenview HFT 2026v1.1,15.08,kgCO2e/occupied room-night,HFT_PUBLISHED_COEFFICIENT,,False,False,Greenview Hotel Footprinting Tool,https://greenview.sg/resources/hotel-footprinting-tool/
2024,Puerto Rico,PRI,2,CHSB 2026,2024,Greenview HFT 2026v1.1,25.4467,kgCO2e/occupied room-night,HFT_PUBLISHED_COEFFICIENT,,False,False,Greenview Hotel Footprinting Tool,https://greenview.sg/resources/hotel-footprinting-tool/
2024,Puerto Rico,PRI,3,CHSB 2026,2024,Greenview HFT 2026v1.1,39.3104,kgCO2e/occupied room-night,HFT_PUBLISHED_COEFFICIENT,,False,False,Greenview Hotel Footprinting Tool,https://greenview.sg/resources/hotel-footprinting-tool/
2024,Puerto Rico,PRI,4,CHSB 2026,2024,Greenview HFT 2026v1.1,55.4449,kgCO2e/occupied room-night,HFT_PUBLISHED_COEFFICIENT,,False,False,Greenview Hotel Footprinting Tool,https://greenview.sg/resources/hotel-footprinting-tool/
2024,Puerto Rico,PRI,5,CHSB 2026,2024,Greenview HFT 2026v1.1,76.1199,kgCO2e/occupied room-night,HFT_PUBLISHED_COEFFICIENT,,False,False,Greenview Hotel Footprinting Tool,https://greenview.sg/resources/hotel-footprinting-tool/
2024,Puerto Rico,PRI,unknown,CHSB 2026,2024,Greenview HFT 2026v1.1,42.18,kgCO2e/occupied room-night,HFT_PUBLISHED_COEFFICIENT,,False,False,Greenview Hotel Footprinting Tool,https://greenview.sg/resources/hotel-footprinting-tool/
2024,Reino Unido,GBR,2,CHSB 2026,2024,Greenview HFT 2026v1.1,4.8208,kgCO2e/occupied room-night,HFT_PUBLISHED_COEFFICIENT,,False,False,Greenview Hotel Footprinting Tool,https://greenview.sg/resources/hotel-footprinting-tool/
2024,Reino Unido,GBR,3,CHSB 2026,2024,Greenview HFT 2026v1.1,8.3901,kgCO2e/occupied room-night,HFT_PUBLISHED_COEFFICIENT,,False,False,Greenview Hotel Footprinting Tool,https://greenview.sg/resources/hotel-footprinting-tool/
2024,Reino Unido,GBR,4,CHSB 2026,2024,Greenview HFT 2026v1.1,12.4742,kgCO2e/occupied room-night,HFT_PUBLISHED_COEFFICIENT,,False,False,Greenview Hotel Footprinting Tool,https://greenview.sg/resources/hotel-footprinting-tool/
2024,Reino Unido,GBR,5,CHSB 2026,2024,Greenview HFT 2026v1.1,20.3733,kgCO2e/occupied room-night,HFT_PUBLISHED_COEFFICIENT,,False,False,Greenview Hotel Footprinting Tool,https://greenview.sg/resources/hotel-footprinting-tool/
2024,Reino Unido,GBR,unknown,CHSB 2026,2024,Greenview HFT 2026v1.1,10.4088,kgCO2e/occupied room-night,HFT_PUBLISHED_COEFFICIENT,,False,False,Greenview Hotel Footprinting Tool,https://greenview.sg/resources/hotel-footprinting-tool/
2024,República Centroafricana,CAF,2,CHSB 2026,2024,Greenview HFT 2026v1.1,8.8524,kgCO2e/occupied room-night,HFT_PUBLISHED_COEFFICIENT,,False,False,Greenview Hotel Footprinting Tool,https://greenview.sg/resources/hotel-footprinting-tool/
2024,República Centroafricana,CAF,3,CHSB 2026,2024,Greenview HFT 2026v1.1,12.7671,kgCO2e/occupied room-night,HFT_PUBLISHED_COEFFICIENT,,False,False,Greenview Hotel Footprinting Tool,https://greenview.sg/resources/hotel-footprinting-tool/
2024,República Centroafricana,CAF,4,CHSB 2026,2024,Greenview HFT 2026v1.1,20.7654,kgCO2e/occupied room-night,HFT_PUBLISHED_COEFFICIENT,,False,False,Greenview Hotel Footprinting Tool,https://greenview.sg/resources/hotel-footprinting-tool/
2024,República Centroafricana,CAF,5,CHSB 2026,2024,Greenview HFT 2026v1.1,26.4806,kgCO2e/occupied room-night,HFT_PUBLISHED_COEFFICIENT,,False,False,Greenview Hotel Footprinting Tool,https://greenview.sg/resources/hotel-footprinting-tool/
2024,República Centroafricana,CAF,unknown,CHSB 2026,2024,Greenview HFT 2026v1.1,18.3153,kgCO2e/occupied room-night,HFT_PUBLISHED_COEFFICIENT,,False,False,Greenview Hotel Footprinting Tool,https://greenview.sg/resources/hotel-footprinting-tool/
2024,República Democrática del Congo,COD,2,CHSB 2026,2024,Greenview HFT 2026v1.1,5.3244,kgCO2e/occupied room-night,HFT_PUBLISHED_COEFFICIENT,,False,False,Greenview Hotel Footprinting Tool,https://greenview.sg/resources/hotel-footprinting-tool/
2024,República Democrática del Congo,COD,3,CHSB 2026,2024,Greenview HFT 2026v1.1,7.679,kgCO2e/occupied room-night,HFT_PUBLISHED_COEFFICIENT,,False,False,Greenview Hotel Footprinting Tool,https://greenview.sg/resources/hotel-footprinting-tool/
2024,República Democrática del Congo,COD,4,CHSB 2026,2024,Greenview HFT 2026v1.1,12.4897,kgCO2e/occupied room-night,HFT_PUBLISHED_COEFFICIENT,,False,False,Greenview Hotel Footprinting Tool,https://greenview.sg/resources/hotel-footprinting-tool/
2024,República Democrática del Congo,COD,5,CHSB 2026,2024,Greenview HFT 2026v1.1,15.9272,kgCO2e/occupied room-night,HFT_PUBLISHED_COEFFICIENT,,False,False,Greenview Hotel Footprinting Tool,https://greenview.sg/resources/hotel-footprinting-tool/
2024,República Democrática del Congo,COD,unknown,CHSB 2026,2024,Greenview HFT 2026v1.1,11.016,kgCO2e/occupied room-night,HFT_PUBLISHED_COEFFICIENT,,False,False,Greenview Hotel Footprinting Tool,https://greenview.sg/resources/hotel-footprinting-tool/
2024,República Dominicana,DOM,2,CHSB 2026,2024,Greenview HFT 2026v1.1,21.482,kgCO2e/occupied room-night,HFT_PUBLISHED_COEFFICIENT,,False,False,Greenview Hotel Footprinting Tool,https://greenview.sg/resources/hotel-footprinting-tool/
2024,República Dominicana,DOM,3,CHSB 2026,2024,Greenview HFT 2026v1.1,36.1114,kgCO2e/occupied room-night,HFT_PUBLISHED_COEFFICIENT,,False,False,Greenview Hotel Footprinting Tool,https://greenview.sg/resources/hotel-footprinting-tool/
2024,República Dominicana,DOM,4,CHSB 2026,2024,Greenview HFT 2026v1.1,45.6072,kgCO2e/occupied room-night,HFT_PUBLISHED_COEFFICIENT,,False,False,Greenview Hotel Footprinting Tool,https://greenview.sg/resources/hotel-footprinting-tool/
2024,República Dominicana,DOM,5,CHSB 2026,2024,Greenview HFT 2026v1.1,59.7211,kgCO2e/occupied room-night,HFT_PUBLISHED_COEFFICIENT,,False,False,Greenview Hotel Footprinting Tool,https://greenview.sg/resources/hotel-footprinting-tool/
2024,República Dominicana,DOM,unknown,CHSB 2026,2024,Greenview HFT 2026v1.1,47.7439,kgCO2e/occupied room-night,HFT_PUBLISHED_COEFFICIENT,,False,False,Greenview Hotel Footprinting Tool,https://greenview.sg/resources/hotel-footprinting-tool/
2024,Ruanda,RWA,2,CHSB 2026,2024,Greenview HFT 2026v1.1,9.0833,kgCO2e/occupied room-night,HFT_PUBLISHED_COEFFICIENT,,False,False,Greenview Hotel Footprinting Tool,https://greenview.sg/resources/hotel-footprinting-tool/
2024,Ruanda,RWA,3,CHSB 2026,2024,Greenview HFT 2026v1.1,13.1,kgCO2e/occupied room-night,HFT_PUBLISHED_COEFFICIENT,,False,False,Greenview Hotel Footprinting Tool,https://greenview.sg/resources/hotel-footprinting-tool/
2024,Ruanda,RWA,4,CHSB 2026,2024,Greenview HFT 2026v1.1,16.623,kgCO2e/occupied room-night,HFT_PUBLISHED_COEFFICIENT,,False,False,Greenview Hotel Footprinting Tool,https://greenview.sg/resources/hotel-footprinting-tool/
2024,Ruanda,RWA,5,CHSB 2026,2024,Greenview HFT 2026v1.1,27.1712,kgCO2e/occupied room-night,HFT_PUBLISHED_COEFFICIENT,,False,False,Greenview Hotel Footprinting Tool,https://greenview.sg/resources/hotel-footprinting-tool/
2024,Ruanda,RWA,unknown,CHSB 2026,2024,Greenview HFT 2026v1.1,18.7929,kgCO2e/occupied room-night,HFT_PUBLISHED_COEFFICIENT,,False,False,Greenview Hotel Footprinting Tool,https://greenview.sg/resources/hotel-footprinting-tool/
2024,Rumania,ROU,2,CHSB 2026,2024,Greenview HFT 2026v1.1,7.7081,kgCO2e/occupied room-night,HFT_PUBLISHED_COEFFICIENT,,False,False,Greenview Hotel Footprinting Tool,https://greenview.sg/resources/hotel-footprinting-tool/
2024,Rumania,ROU,3,CHSB 2026,2024,Greenview HFT 2026v1.1,11.1167,kgCO2e/occupied room-night,HFT_PUBLISHED_COEFFICIENT,,False,False,Greenview Hotel Footprinting Tool,https://greenview.sg/resources/hotel-footprinting-tool/
2024,Rumania,ROU,4,CHSB 2026,2024,Greenview HFT 2026v1.1,20.8407,kgCO2e/occupied room-night,HFT_PUBLISHED_COEFFICIENT,,False,False,Greenview Hotel Footprinting Tool,https://greenview.sg/resources/hotel-footprinting-tool/
2024,Rumania,ROU,5,CHSB 2026,2024,Greenview HFT 2026v1.1,26.5767,kgCO2e/occupied room-night,HFT_PUBLISHED_COEFFICIENT,,False,False,Greenview Hotel Footprinting Tool,https://greenview.sg/resources/hotel-footprinting-tool/
2024,Rumania,ROU,unknown,CHSB 2026,2024,Greenview HFT 2026v1.1,16.3703,kgCO2e/occupied room-night,HFT_PUBLISHED_COEFFICIENT,,False,False,Greenview Hotel Footprinting Tool,https://greenview.sg/resources/hotel-footprinting-tool/
2024,Rusia,RUS,2,CHSB 2026,2024,Greenview HFT 2026v1.1,9.9862,kgCO2e/occupied room-night,HFT_PUBLISHED_COEFFICIENT,,False,False,Greenview Hotel Footprinting Tool,https://greenview.sg/resources/hotel-footprinting-tool/
2024,Rusia,RUS,3,CHSB 2026,2024,Greenview HFT 2026v1.1,14.2262,kgCO2e/occupied room-night,HFT_PUBLISHED_COEFFICIENT,,False,False,Greenview Hotel Footprinting Tool,https://greenview.sg/resources/hotel-footprinting-tool/
2024,Rusia,RUS,4,CHSB 2026,2024,Greenview HFT 2026v1.1,23.7112,kgCO2e/occupied room-night,HFT_PUBLISHED_COEFFICIENT,,False,False,Greenview Hotel Footprinting Tool,https://greenview.sg/resources/hotel-footprinting-tool/
2024,Rusia,RUS,5,CHSB 2026,2024,Greenview HFT 2026v1.1,29.1071,kgCO2e/occupied room-night,HFT_PUBLISHED_COEFFICIENT,,False,False,Greenview Hotel Footprinting Tool,https://greenview.sg/resources/hotel-footprinting-tool/
2024,Rusia,RUS,unknown,CHSB 2026,2024,Greenview HFT 2026v1.1,15.6472,kgCO2e/occupied room-night,HFT_PUBLISHED_COEFFICIENT,,False,False,Greenview Hotel Footprinting Tool,https://greenview.sg/resources/hotel-footprinting-tool/
2024,Samoa,WSM,2,CHSB 2026,2024,Greenview HFT 2026v1.1,11.3864,kgCO2e/occupied room-night,HFT_PUBLISHED_COEFFICIENT,,False,False,Greenview Hotel Footprinting Tool,https://greenview.sg/resources/hotel-footprinting-tool/
2024,Samoa,WSM,3,CHSB 2026,2024,Greenview HFT 2026v1.1,16.4217,kgCO2e/occupied room-night,HFT_PUBLISHED_COEFFICIENT,,False,False,Greenview Hotel Footprinting Tool,https://greenview.sg/resources/hotel-footprinting-tool/
2024,Samoa,WSM,4,CHSB 2026,2024,Greenview HFT 2026v1.1,26.7094,kgCO2e/occupied room-night,HFT_PUBLISHED_COEFFICIENT,,False,False,Greenview Hotel Footprinting Tool,https://greenview.sg/resources/hotel-footprinting-tool/
2024,Samoa,WSM,5,CHSB 2026,2024,Greenview HFT 2026v1.1,34.0606,kgCO2e/occupied room-night,HFT_PUBLISHED_COEFFICIENT,,False,False,Greenview Hotel Footprinting Tool,https://greenview.sg/resources/hotel-footprinting-tool/
2024,Samoa,WSM,unknown,CHSB 2026,2024,Greenview HFT 2026v1.1,23.558,kgCO2e/occupied room-night,HFT_PUBLISHED_COEFFICIENT,,False,False,Greenview Hotel Footprinting Tool,https://greenview.sg/resources/hotel-footprinting-tool/
2024,San Cristóbal y Nieves,KNA,2,CHSB 2026,2024,Greenview HFT 2026v1.1,10.8604,kgCO2e/occupied room-night,HFT_PUBLISHED_COEFFICIENT,,False,False,Greenview Hotel Footprinting Tool,https://greenview.sg/resources/hotel-footprinting-tool/
2024,San Cristóbal y Nieves,KNA,3,CHSB 2026,2024,Greenview HFT 2026v1.1,15.6631,kgCO2e/occupied room-night,HFT_PUBLISHED_COEFFICIENT,,False,False,Greenview Hotel Footprinting Tool,https://greenview.sg/resources/hotel-footprinting-tool/
2024,San Cristóbal y Nieves,KNA,4,CHSB 2026,2024,Greenview HFT 2026v1.1,25.4756,kgCO2e/occupied room-night,HFT_PUBLISHED_COEFFICIENT,,False,False,Greenview Hotel Footprinting Tool,https://greenview.sg/resources/hotel-footprinting-tool/
2024,San Cristóbal y Nieves,KNA,5,CHSB 2026,2024,Greenview HFT 2026v1.1,32.4873,kgCO2e/occupied room-night,HFT_PUBLISHED_COEFFICIENT,,False,False,Greenview Hotel Footprinting Tool,https://greenview.sg/resources/hotel-footprinting-tool/
2024,San Cristóbal y Nieves,KNA,unknown,CHSB 2026,2024,Greenview HFT 2026v1.1,22.4698,kgCO2e/occupied room-night,HFT_PUBLISHED_COEFFICIENT,,False,False,Greenview Hotel Footprinting Tool,https://greenview.sg/resources/hotel-footprinting-tool/
2024,San Marino,SMR,2,CHSB 2026,2024,Greenview HFT 2026v1.1,7.5021,kgCO2e/occupied room-night,HFT_PUBLISHED_COEFFICIENT,,False,False,Greenview Hotel Footprinting Tool,https://greenview.sg/resources/hotel-footprinting-tool/
2024,San Marino,SMR,3,CHSB 2026,2024,Greenview HFT 2026v1.1,10.8196,kgCO2e/occupied room-night,HFT_PUBLISHED_COEFFICIENT,,False,False,Greenview Hotel Footprinting Tool,https://greenview.sg/resources/hotel-footprinting-tool/
2024,San Marino,SMR,4,CHSB 2026,2024,Greenview HFT 2026v1.1,17.5979,kgCO2e/occupied room-night,HFT_PUBLISHED_COEFFICIENT,,False,False,Greenview Hotel Footprinting Tool,https://greenview.sg/resources/hotel-footprinting-tool/
2024,San Marino,SMR,5,CHSB 2026,2024,Greenview HFT 2026v1.1,22.4413,kgCO2e/occupied room-night,HFT_PUBLISHED_COEFFICIENT,,False,False,Greenview Hotel Footprinting Tool,https://greenview.sg/resources/hotel-footprinting-tool/
2024,San Marino,SMR,unknown,CHSB 2026,2024,Greenview HFT 2026v1.1,15.5215,kgCO2e/occupied room-night,HFT_PUBLISHED_COEFFICIENT,,False,False,Greenview Hotel Footprinting Tool,https://greenview.sg/resources/hotel-footprinting-tool/
2024,San Vicente y las Granadinas,VCT,2,CHSB 2026,2024,Greenview HFT 2026v1.1,10.8604,kgCO2e/occupied room-night,HFT_PUBLISHED_COEFFICIENT,,False,False,Greenview Hotel Footprinting Tool,https://greenview.sg/resources/hotel-footprinting-tool/
2024,San Vicente y las Granadinas,VCT,3,CHSB 2026,2024,Greenview HFT 2026v1.1,15.6631,kgCO2e/occupied room-night,HFT_PUBLISHED_COEFFICIENT,,False,False,Greenview Hotel Footprinting Tool,https://greenview.sg/resources/hotel-footprinting-tool/
2024,San Vicente y las Granadinas,VCT,4,CHSB 2026,2024,Greenview HFT 2026v1.1,25.4756,kgCO2e/occupied room-night,HFT_PUBLISHED_COEFFICIENT,,False,False,Greenview Hotel Footprinting Tool,https://greenview.sg/resources/hotel-footprinting-tool/
2024,San Vicente y las Granadinas,VCT,5,CHSB 2026,2024,Greenview HFT 2026v1.1,32.4873,kgCO2e/occupied room-night,HFT_PUBLISHED_COEFFICIENT,,False,False,Greenview Hotel Footprinting Tool,https://greenview.sg/resources/hotel-footprinting-tool/
2024,San Vicente y las Granadinas,VCT,unknown,CHSB 2026,2024,Greenview HFT 2026v1.1,22.4698,kgCO2e/occupied room-night,HFT_PUBLISHED_COEFFICIENT,,False,False,Greenview Hotel Footprinting Tool,https://greenview.sg/resources/hotel-footprinting-tool/
2024,Santa Lucía,LCA,2,CHSB 2026,2024,Greenview HFT 2026v1.1,10.8604,kgCO2e/occupied room-night,HFT_PUBLISHED_COEFFICIENT,,False,False,Greenview Hotel Footprinting Tool,https://greenview.sg/resources/hotel-footprinting-tool/
2024,Santa Lucía,LCA,3,CHSB 2026,2024,Greenview HFT 2026v1.1,15.6631,kgCO2e/occupied room-night,HFT_PUBLISHED_COEFFICIENT,,False,False,Greenview Hotel Footprinting Tool,https://greenview.sg/resources/hotel-footprinting-tool/
2024,Santa Lucía,LCA,4,CHSB 2026,2024,Greenview HFT 2026v1.1,25.4756,kgCO2e/occupied room-night,HFT_PUBLISHED_COEFFICIENT,,False,False,Greenview Hotel Footprinting Tool,https://greenview.sg/resources/hotel-footprinting-tool/
2024,Santa Lucía,LCA,5,CHSB 2026,2024,Greenview HFT 2026v1.1,32.4873,kgCO2e/occupied room-night,HFT_PUBLISHED_COEFFICIENT,,False,False,Greenview Hotel Footprinting Tool,https://greenview.sg/resources/hotel-footprinting-tool/
2024,Santa Lucía,LCA,unknown,CHSB 2026,2024,Greenview HFT 2026v1.1,22.4698,kgCO2e/occupied room-night,HFT_PUBLISHED_COEFFICIENT,,False,False,Greenview Hotel Footprinting Tool,https://greenview.sg/resources/hotel-footprinting-tool/
2024,Santo Tomé y Príncipe,STP,2,CHSB 2026,2024,Greenview HFT 2026v1.1,7.5945,kgCO2e/occupied room-night,HFT_PUBLISHED_COEFFICIENT,,False,False,Greenview Hotel Footprinting Tool,https://greenview.sg/resources/hotel-footprinting-tool/
2024,Santo Tomé y Príncipe,STP,3,CHSB 2026,2024,Greenview HFT 2026v1.1,10.9529,kgCO2e/occupied room-night,HFT_PUBLISHED_COEFFICIENT,,False,False,Greenview Hotel Footprinting Tool,https://greenview.sg/resources/hotel-footprinting-tool/
2024,Santo Tomé y Príncipe,STP,4,CHSB 2026,2024,Greenview HFT 2026v1.1,17.8147,kgCO2e/occupied room-night,HFT_PUBLISHED_COEFFICIENT,,False,False,Greenview Hotel Footprinting Tool,https://greenview.sg/resources/hotel-footprinting-tool/
2024,Santo Tomé y Príncipe,STP,5,CHSB 2026,2024,Greenview HFT 2026v1.1,22.7178,kgCO2e/occupied room-night,HFT_PUBLISHED_COEFFICIENT,,False,False,Greenview Hotel Footprinting Tool,https://greenview.sg/resources/hotel-footprinting-tool/
2024,Santo Tomé y Príncipe,STP,unknown,CHSB 2026,2024,Greenview HFT 2026v1.1,15.7127,kgCO2e/occupied room-night,HFT_PUBLISHED_COEFFICIENT,,False,False,Greenview Hotel Footprinting Tool,https://greenview.sg/resources/hotel-footprinting-tool/
2024,Senegal,SEN,2,CHSB 2026,2024,Greenview HFT 2026v1.1,10.5213,kgCO2e/occupied room-night,HFT_PUBLISHED_COEFFICIENT,,False,False,Greenview Hotel Footprinting Tool,https://greenview.sg/resources/hotel-footprinting-tool/
2024,Senegal,SEN,3,CHSB 2026,2024,Greenview HFT 2026v1.1,15.1741,kgCO2e/occupied room-night,HFT_PUBLISHED_COEFFICIENT,,False,False,Greenview Hotel Footprinting Tool,https://greenview.sg/resources/hotel-footprinting-tool/
2024,Senegal,SEN,4,CHSB 2026,2024,Greenview HFT 2026v1.1,24.6802,kgCO2e/occupied room-night,HFT_PUBLISHED_COEFFICIENT,,False,False,Greenview Hotel Footprinting Tool,https://greenview.sg/resources/hotel-footprinting-tool/
2024,Senegal,SEN,5,CHSB 2026,2024,Greenview HFT 2026v1.1,31.473,kgCO2e/occupied room-night,HFT_PUBLISHED_COEFFICIENT,,False,False,Greenview Hotel Footprinting Tool,https://greenview.sg/resources/hotel-footprinting-tool/
2024,Senegal,SEN,unknown,CHSB 2026,2024,Greenview HFT 2026v1.1,21.7682,kgCO2e/occupied room-night,HFT_PUBLISHED_COEFFICIENT,,False,False,Greenview Hotel Footprinting Tool,https://greenview.sg/resources/hotel-footprinting-tool/
2024,Serbia,SRB,2,CHSB 2026,2024,Greenview HFT 2026v1.1,24.4182,kgCO2e/occupied room-night,HFT_PUBLISHED_COEFFICIENT,,False,False,Greenview Hotel Footprinting Tool,https://greenview.sg/resources/hotel-footprinting-tool/
2024,Serbia,SRB,3,CHSB 2026,2024,Greenview HFT 2026v1.1,35.2163,kgCO2e/occupied room-night,HFT_PUBLISHED_COEFFICIENT,,False,False,Greenview Hotel Footprinting Tool,https://greenview.sg/resources/hotel-footprinting-tool/
2024,Serbia,SRB,4,CHSB 2026,2024,Greenview HFT 2026v1.1,57.2783,kgCO2e/occupied room-night,HFT_PUBLISHED_COEFFICIENT,,False,False,Greenview Hotel Footprinting Tool,https://greenview.sg/resources/hotel-footprinting-tool/
2024,Serbia,SRB,5,CHSB 2026,2024,Greenview HFT 2026v1.1,73.0431,kgCO2e/occupied room-night,HFT_PUBLISHED_COEFFICIENT,,False,False,Greenview Hotel Footprinting Tool,https://greenview.sg/resources/hotel-footprinting-tool/
2024,Serbia,SRB,unknown,CHSB 2026,2024,Greenview HFT 2026v1.1,57.2783,kgCO2e/occupied room-night,HFT_PUBLISHED_COEFFICIENT,,False,False,Greenview Hotel Footprinting Tool,https://greenview.sg/resources/hotel-footprinting-tool/
2024,Seychelles,SYC,2,CHSB 2026,2024,Greenview HFT 2026v1.1,8.7924,kgCO2e/occupied room-night,HFT_PUBLISHED_COEFFICIENT,,False,False,Greenview Hotel Footprinting Tool,https://greenview.sg/resources/hotel-footprinting-tool/
2024,Seychelles,SYC,3,CHSB 2026,2024,Greenview HFT 2026v1.1,12.6806,kgCO2e/occupied room-night,HFT_PUBLISHED_COEFFICIENT,,False,False,Greenview Hotel Footprinting Tool,https://greenview.sg/resources/hotel-footprinting-tool/
2024,Seychelles,SYC,4,CHSB 2026,2024,Greenview HFT 2026v1.1,16.0907,kgCO2e/occupied room-night,HFT_PUBLISHED_COEFFICIENT,,False,False,Greenview Hotel Footprinting Tool,https://greenview.sg/resources/hotel-footprinting-tool/
2024,Seychelles,SYC,5,CHSB 2026,2024,Greenview HFT 2026v1.1,26.3012,kgCO2e/occupied room-night,HFT_PUBLISHED_COEFFICIENT,,False,False,Greenview Hotel Footprinting Tool,https://greenview.sg/resources/hotel-footprinting-tool/
2024,Seychelles,SYC,unknown,CHSB 2026,2024,Greenview HFT 2026v1.1,18.1912,kgCO2e/occupied room-night,HFT_PUBLISHED_COEFFICIENT,,False,False,Greenview Hotel Footprinting Tool,https://greenview.sg/resources/hotel-footprinting-tool/
2024,Sierra Leona,SLE,2,CHSB 2026,2024,Greenview HFT 2026v1.1,9.0796,kgCO2e/occupied room-night,HFT_PUBLISHED_COEFFICIENT,,False,False,Greenview Hotel Footprinting Tool,https://greenview.sg/resources/hotel-footprinting-tool/
2024,Sierra Leona,SLE,3,CHSB 2026,2024,Greenview HFT 2026v1.1,13.0947,kgCO2e/occupied room-night,HFT_PUBLISHED_COEFFICIENT,,False,False,Greenview Hotel Footprinting Tool,https://greenview.sg/resources/hotel-footprinting-tool/
2024,Sierra Leona,SLE,4,CHSB 2026,2024,Greenview HFT 2026v1.1,21.2982,kgCO2e/occupied room-night,HFT_PUBLISHED_COEFFICIENT,,False,False,Greenview Hotel Footprinting Tool,https://greenview.sg/resources/hotel-footprinting-tool/
2024,Sierra Leona,SLE,5,CHSB 2026,2024,Greenview HFT 2026v1.1,27.1601,kgCO2e/occupied room-night,HFT_PUBLISHED_COEFFICIENT,,False,False,Greenview Hotel Footprinting Tool,https://greenview.sg/resources/hotel-footprinting-tool/
2024,Sierra Leona,SLE,unknown,CHSB 2026,2024,Greenview HFT 2026v1.1,18.7853,kgCO2e/occupied room-night,HFT_PUBLISHED_COEFFICIENT,,False,False,Greenview Hotel Footprinting Tool,https://greenview.sg/resources/hotel-footprinting-tool/
2024,Singapur,SGP,2,CHSB 2026,2024,Greenview HFT 2026v1.1,11.0236,kgCO2e/occupied room-night,HFT_PUBLISHED_COEFFICIENT,,False,False,Greenview Hotel Footprinting Tool,https://greenview.sg/resources/hotel-footprinting-tool/
2024,Singapur,SGP,3,CHSB 2026,2024,Greenview HFT 2026v1.1,15.8985,kgCO2e/occupied room-night,HFT_PUBLISHED_COEFFICIENT,,False,False,Greenview Hotel Footprinting Tool,https://greenview.sg/resources/hotel-footprinting-tool/
2024,Singapur,SGP,4,CHSB 2026,2024,Greenview HFT 2026v1.1,21.0615,kgCO2e/occupied room-night,HFT_PUBLISHED_COEFFICIENT,,False,False,Greenview Hotel Footprinting Tool,https://greenview.sg/resources/hotel-footprinting-tool/
2024,Singapur,SGP,5,CHSB 2026,2024,Greenview HFT 2026v1.1,39.0928,kgCO2e/occupied room-night,HFT_PUBLISHED_COEFFICIENT,,False,False,Greenview Hotel Footprinting Tool,https://greenview.sg/resources/hotel-footprinting-tool/
2024,Singapur,SGP,unknown,CHSB 2026,2024,Greenview HFT 2026v1.1,26.0197,kgCO2e/occupied room-night,HFT_PUBLISHED_COEFFICIENT,,False,False,Greenview Hotel Footprinting Tool,https://greenview.sg/resources/hotel-footprinting-tool/
2024,Siria,SYR,2,CHSB 2026,2024,Greenview HFT 2026v1.1,12.9798,kgCO2e/occupied room-night,HFT_PUBLISHED_COEFFICIENT,,False,False,Greenview Hotel Footprinting Tool,https://greenview.sg/resources/hotel-footprinting-tool/
2024,Siria,SYR,3,CHSB 2026,2024,Greenview HFT 2026v1.1,18.7197,kgCO2e/occupied room-night,HFT_PUBLISHED_COEFFICIENT,,False,False,Greenview Hotel Footprinting Tool,https://greenview.sg/resources/hotel-footprinting-tool/
2024,Siria,SYR,4,CHSB 2026,2024,Greenview HFT 2026v1.1,30.4471,kgCO2e/occupied room-night,HFT_PUBLISHED_COEFFICIENT,,False,False,Greenview Hotel Footprinting Tool,https://greenview.sg/resources/hotel-footprinting-tool/
2024,Siria,SYR,5,CHSB 2026,2024,Greenview HFT 2026v1.1,38.827,kgCO2e/occupied room-night,HFT_PUBLISHED_COEFFICIENT,,False,False,Greenview Hotel Footprinting Tool,https://greenview.sg/resources/hotel-footprinting-tool/
2024,Siria,SYR,unknown,CHSB 2026,2024,Greenview HFT 2026v1.1,26.8546,kgCO2e/occupied room-night,HFT_PUBLISHED_COEFFICIENT,,False,False,Greenview Hotel Footprinting Tool,https://greenview.sg/resources/hotel-footprinting-tool/
2024,Somalia,SOM,2,CHSB 2026,2024,Greenview HFT 2026v1.1,8.7924,kgCO2e/occupied room-night,HFT_PUBLISHED_COEFFICIENT,,False,False,Greenview Hotel Footprinting Tool,https://greenview.sg/resources/hotel-footprinting-tool/
2024,Somalia,SOM,3,CHSB 2026,2024,Greenview HFT 2026v1.1,12.6806,kgCO2e/occupied room-night,HFT_PUBLISHED_COEFFICIENT,,False,False,Greenview Hotel Footprinting Tool,https://greenview.sg/resources/hotel-footprinting-tool/
2024,Somalia,SOM,4,CHSB 2026,2024,Greenview HFT 2026v1.1,16.0907,kgCO2e/occupied room-night,HFT_PUBLISHED_COEFFICIENT,,False,False,Greenview Hotel Footprinting Tool,https://greenview.sg/resources/hotel-footprinting-tool/
2024,Somalia,SOM,5,CHSB 2026,2024,Greenview HFT 2026v1.1,26.3012,kgCO2e/occupied room-night,HFT_PUBLISHED_COEFFICIENT,,False,False,Greenview Hotel Footprinting Tool,https://greenview.sg/resources/hotel-footprinting-tool/
2024,Somalia,SOM,unknown,CHSB 2026,2024,Greenview HFT 2026v1.1,18.1912,kgCO2e/occupied room-night,HFT_PUBLISHED_COEFFICIENT,,False,False,Greenview Hotel Footprinting Tool,https://greenview.sg/resources/hotel-footprinting-tool/
2024,Sri Lanka,LKA,2,CHSB 2026,2024,Greenview HFT 2026v1.1,22.9887,kgCO2e/occupied room-night,HFT_PUBLISHED_COEFFICIENT,,False,False,Greenview Hotel Footprinting Tool,https://greenview.sg/resources/hotel-footprinting-tool/
2024,Sri Lanka,LKA,3,CHSB 2026,2024,Greenview HFT 2026v1.1,32.4534,kgCO2e/occupied room-night,HFT_PUBLISHED_COEFFICIENT,,False,False,Greenview Hotel Footprinting Tool,https://greenview.sg/resources/hotel-footprinting-tool/
2024,Sri Lanka,LKA,4,CHSB 2026,2024,Greenview HFT 2026v1.1,36.9578,kgCO2e/occupied room-night,HFT_PUBLISHED_COEFFICIENT,,False,False,Greenview Hotel Footprinting Tool,https://greenview.sg/resources/hotel-footprinting-tool/
2024,Sri Lanka,LKA,5,CHSB 2026,2024,Greenview HFT 2026v1.1,49.4,kgCO2e/occupied room-night,HFT_PUBLISHED_COEFFICIENT,,False,False,Greenview Hotel Footprinting Tool,https://greenview.sg/resources/hotel-footprinting-tool/
2024,Sri Lanka,LKA,unknown,CHSB 2026,2024,Greenview HFT 2026v1.1,63.3745,kgCO2e/occupied room-night,HFT_PUBLISHED_COEFFICIENT,,False,False,Greenview Hotel Footprinting Tool,https://greenview.sg/resources/hotel-footprinting-tool/
2024,Sudáfrica,ZAF,2,CHSB 2026,2024,Greenview HFT 2026v1.1,16.9727,kgCO2e/occupied room-night,HFT_PUBLISHED_COEFFICIENT,,False,False,Greenview Hotel Footprinting Tool,https://greenview.sg/resources/hotel-footprinting-tool/
2024,Sudáfrica,ZAF,3,CHSB 2026,2024,Greenview HFT 2026v1.1,27.4153,kgCO2e/occupied room-night,HFT_PUBLISHED_COEFFICIENT,,False,False,Greenview Hotel Footprinting Tool,https://greenview.sg/resources/hotel-footprinting-tool/
2024,Sudáfrica,ZAF,4,CHSB 2026,2024,Greenview HFT 2026v1.1,35.0362,kgCO2e/occupied room-night,HFT_PUBLISHED_COEFFICIENT,,False,False,Greenview Hotel Footprinting Tool,https://greenview.sg/resources/hotel-footprinting-tool/
2024,Sudáfrica,ZAF,5,CHSB 2026,2024,Greenview HFT 2026v1.1,50.7711,kgCO2e/occupied room-night,HFT_PUBLISHED_COEFFICIENT,,False,False,Greenview Hotel Footprinting Tool,https://greenview.sg/resources/hotel-footprinting-tool/
2024,Sudáfrica,ZAF,unknown,CHSB 2026,2024,Greenview HFT 2026v1.1,34.2206,kgCO2e/occupied room-night,HFT_PUBLISHED_COEFFICIENT,,False,False,Greenview Hotel Footprinting Tool,https://greenview.sg/resources/hotel-footprinting-tool/
2024,Sudán,SDN,2,CHSB 2026,2024,Greenview HFT 2026v1.1,8.2927,kgCO2e/occupied room-night,HFT_PUBLISHED_COEFFICIENT,,False,False,Greenview Hotel Footprinting Tool,https://greenview.sg/resources/hotel-footprinting-tool/
2024,Sudán,SDN,3,CHSB 2026,2024,Greenview HFT 2026v1.1,15.1987,kgCO2e/occupied room-night,HFT_PUBLISHED_COEFFICIENT,,False,False,Greenview Hotel Footprinting Tool,https://greenview.sg/resources/hotel-footprinting-tool/
2024,Sudán,SDN,4,CHSB 2026,2024,Greenview HFT 2026v1.1,23.3672,kgCO2e/occupied room-night,HFT_PUBLISHED_COEFFICIENT,,False,False,Greenview Hotel Footprinting Tool,https://greenview.sg/resources/hotel-footprinting-tool/
2024,Sudán,SDN,5,CHSB 2026,2024,Greenview HFT 2026v1.1,23.9584,kgCO2e/occupied room-night,HFT_PUBLISHED_COEFFICIENT,,False,False,Greenview Hotel Footprinting Tool,https://greenview.sg/resources/hotel-footprinting-tool/
2024,Sudán,SDN,unknown,CHSB 2026,2024,Greenview HFT 2026v1.1,21.6656,kgCO2e/occupied room-night,HFT_PUBLISHED_COEFFICIENT,,False,False,Greenview Hotel Footprinting Tool,https://greenview.sg/resources/hotel-footprinting-tool/
2024,Sudán del Sur,SSD,2,CHSB 2026,2024,Greenview HFT 2026v1.1,12.6463,kgCO2e/occupied room-night,HFT_PUBLISHED_COEFFICIENT,,False,False,Greenview Hotel Footprinting Tool,https://greenview.sg/resources/hotel-footprinting-tool/
2024,Sudán del Sur,SSD,3,CHSB 2026,2024,Greenview HFT 2026v1.1,18.2387,kgCO2e/occupied room-night,HFT_PUBLISHED_COEFFICIENT,,False,False,Greenview Hotel Footprinting Tool,https://greenview.sg/resources/hotel-footprinting-tool/
2024,Sudán del Sur,SSD,4,CHSB 2026,2024,Greenview HFT 2026v1.1,23.1436,kgCO2e/occupied room-night,HFT_PUBLISHED_COEFFICIENT,,False,False,Greenview Hotel Footprinting Tool,https://greenview.sg/resources/hotel-footprinting-tool/
2024,Sudán del Sur,SSD,5,CHSB 2026,2024,Greenview HFT 2026v1.1,37.8294,kgCO2e/occupied room-night,HFT_PUBLISHED_COEFFICIENT,,False,False,Greenview Hotel Footprinting Tool,https://greenview.sg/resources/hotel-footprinting-tool/
2024,Sudán del Sur,SSD,unknown,CHSB 2026,2024,Greenview HFT 2026v1.1,26.1647,kgCO2e/occupied room-night,HFT_PUBLISHED_COEFFICIENT,,False,False,Greenview Hotel Footprinting Tool,https://greenview.sg/resources/hotel-footprinting-tool/
2024,Suecia,SWE,2,CHSB 2026,2024,Greenview HFT 2026v1.1,6.101,kgCO2e/occupied room-night,HFT_PUBLISHED_COEFFICIENT,,False,False,Greenview Hotel Footprinting Tool,https://greenview.sg/resources/hotel-footprinting-tool/
2024,Suecia,SWE,3,CHSB 2026,2024,Greenview HFT 2026v1.1,8.799,kgCO2e/occupied room-night,HFT_PUBLISHED_COEFFICIENT,,False,False,Greenview Hotel Footprinting Tool,https://greenview.sg/resources/hotel-footprinting-tool/
2024,Suecia,SWE,4,CHSB 2026,2024,Greenview HFT 2026v1.1,14.3114,kgCO2e/occupied room-night,HFT_PUBLISHED_COEFFICIENT,,False,False,Greenview Hotel Footprinting Tool,https://greenview.sg/resources/hotel-footprinting-tool/
2024,Suecia,SWE,5,CHSB 2026,2024,Greenview HFT 2026v1.1,18.2503,kgCO2e/occupied room-night,HFT_PUBLISHED_COEFFICIENT,,False,False,Greenview Hotel Footprinting Tool,https://greenview.sg/resources/hotel-footprinting-tool/
2024,Suecia,SWE,unknown,CHSB 2026,2024,Greenview HFT 2026v1.1,6.9144,kgCO2e/occupied room-night,HFT_PUBLISHED_COEFFICIENT,,False,False,Greenview Hotel Footprinting Tool,https://greenview.sg/resources/hotel-footprinting-tool/
2024,Suiza,CHE,2,CHSB 2026,2024,Greenview HFT 2026v1.1,2.2858,kgCO2e/occupied room-night,HFT_PUBLISHED_COEFFICIENT,,False,False,Greenview Hotel Footprinting Tool,https://greenview.sg/resources/hotel-footprinting-tool/
2024,Suiza,CHE,3,CHSB 2026,2024,Greenview HFT 2026v1.1,3.2966,kgCO2e/occupied room-night,HFT_PUBLISHED_COEFFICIENT,,False,False,Greenview Hotel Footprinting Tool,https://greenview.sg/resources/hotel-footprinting-tool/
2024,Suiza,CHE,4,CHSB 2026,2024,Greenview HFT 2026v1.1,5.5463,kgCO2e/occupied room-night,HFT_PUBLISHED_COEFFICIENT,,False,False,Greenview Hotel Footprinting Tool,https://greenview.sg/resources/hotel-footprinting-tool/
2024,Suiza,CHE,5,CHSB 2026,2024,Greenview HFT 2026v1.1,6.6025,kgCO2e/occupied room-night,HFT_PUBLISHED_COEFFICIENT,,False,False,Greenview Hotel Footprinting Tool,https://greenview.sg/resources/hotel-footprinting-tool/
2024,Suiza,CHE,unknown,CHSB 2026,2024,Greenview HFT 2026v1.1,5.5575,kgCO2e/occupied room-night,HFT_PUBLISHED_COEFFICIENT,,False,False,Greenview Hotel Footprinting Tool,https://greenview.sg/resources/hotel-footprinting-tool/
2024,Surinam,SUR,2,CHSB 2026,2024,Greenview HFT 2026v1.1,10.5419,kgCO2e/occupied room-night,HFT_PUBLISHED_COEFFICIENT,,False,False,Greenview Hotel Footprinting Tool,https://greenview.sg/resources/hotel-footprinting-tool/
2024,Surinam,SUR,3,CHSB 2026,2024,Greenview HFT 2026v1.1,15.2037,kgCO2e/occupied room-night,HFT_PUBLISHED_COEFFICIENT,,False,False,Greenview Hotel Footprinting Tool,https://greenview.sg/resources/hotel-footprinting-tool/
2024,Surinam,SUR,4,CHSB 2026,2024,Greenview HFT 2026v1.1,24.7283,kgCO2e/occupied room-night,HFT_PUBLISHED_COEFFICIENT,,False,False,Greenview Hotel Footprinting Tool,https://greenview.sg/resources/hotel-footprinting-tool/
2024,Surinam,SUR,5,CHSB 2026,2024,Greenview HFT 2026v1.1,31.5343,kgCO2e/occupied room-night,HFT_PUBLISHED_COEFFICIENT,,False,False,Greenview Hotel Footprinting Tool,https://greenview.sg/resources/hotel-footprinting-tool/
2024,Surinam,SUR,unknown,CHSB 2026,2024,Greenview HFT 2026v1.1,21.8107,kgCO2e/occupied room-night,HFT_PUBLISHED_COEFFICIENT,,False,False,Greenview Hotel Footprinting Tool,https://greenview.sg/resources/hotel-footprinting-tool/
2024,Tailandia,THA,2,CHSB 2026,2024,Greenview HFT 2026v1.1,13.0685,kgCO2e/occupied room-night,HFT_PUBLISHED_COEFFICIENT,,False,False,Greenview Hotel Footprinting Tool,https://greenview.sg/resources/hotel-footprinting-tool/
2024,Tailandia,THA,3,CHSB 2026,2024,Greenview HFT 2026v1.1,17.2552,kgCO2e/occupied room-night,HFT_PUBLISHED_COEFFICIENT,,False,False,Greenview Hotel Footprinting Tool,https://greenview.sg/resources/hotel-footprinting-tool/
2024,Tailandia,THA,4,CHSB 2026,2024,Greenview HFT 2026v1.1,30.8336,kgCO2e/occupied room-night,HFT_PUBLISHED_COEFFICIENT,,False,False,Greenview Hotel Footprinting Tool,https://greenview.sg/resources/hotel-footprinting-tool/
2024,Tailandia,THA,5,CHSB 2026,2024,Greenview HFT 2026v1.1,42.1674,kgCO2e/occupied room-night,HFT_PUBLISHED_COEFFICIENT,,False,False,Greenview Hotel Footprinting Tool,https://greenview.sg/resources/hotel-footprinting-tool/
2024,Tailandia,THA,unknown,CHSB 2026,2024,Greenview HFT 2026v1.1,33.3088,kgCO2e/occupied room-night,HFT_PUBLISHED_COEFFICIENT,,False,False,Greenview Hotel Footprinting Tool,https://greenview.sg/resources/hotel-footprinting-tool/
2024,Taiwán (República de China),TWN,2,CHSB 2026,2024,Greenview HFT 2026v1.1,18.1592,kgCO2e/occupied room-night,HFT_PUBLISHED_COEFFICIENT,,False,False,Greenview Hotel Footprinting Tool,https://greenview.sg/resources/hotel-footprinting-tool/
2024,Taiwán (República de China),TWN,3,CHSB 2026,2024,Greenview HFT 2026v1.1,26.1896,kgCO2e/occupied room-night,HFT_PUBLISHED_COEFFICIENT,,False,False,Greenview Hotel Footprinting Tool,https://greenview.sg/resources/hotel-footprinting-tool/
2024,Taiwán (República de China),TWN,4,CHSB 2026,2024,Greenview HFT 2026v1.1,42.5966,kgCO2e/occupied room-night,HFT_PUBLISHED_COEFFICIENT,,False,False,Greenview Hotel Footprinting Tool,https://greenview.sg/resources/hotel-footprinting-tool/
2024,Taiwán (República de China),TWN,5,CHSB 2026,2024,Greenview HFT 2026v1.1,54.3205,kgCO2e/occupied room-night,HFT_PUBLISHED_COEFFICIENT,,False,False,Greenview Hotel Footprinting Tool,https://greenview.sg/resources/hotel-footprinting-tool/
2024,Taiwán (República de China),TWN,unknown,CHSB 2026,2024,Greenview HFT 2026v1.1,40.4223,kgCO2e/occupied room-night,HFT_PUBLISHED_COEFFICIENT,,False,False,Greenview Hotel Footprinting Tool,https://greenview.sg/resources/hotel-footprinting-tool/
2024,Tanzania,TZA,2,CHSB 2026,2024,Greenview HFT 2026v1.1,11.2745,kgCO2e/occupied room-night,HFT_PUBLISHED_COEFFICIENT,,False,False,Greenview Hotel Footprinting Tool,https://greenview.sg/resources/hotel-footprinting-tool/
2024,Tanzania,TZA,3,CHSB 2026,2024,Greenview HFT 2026v1.1,16.2603,kgCO2e/occupied room-night,HFT_PUBLISHED_COEFFICIENT,,False,False,Greenview Hotel Footprinting Tool,https://greenview.sg/resources/hotel-footprinting-tool/
2024,Tanzania,TZA,4,CHSB 2026,2024,Greenview HFT 2026v1.1,26.447,kgCO2e/occupied room-night,HFT_PUBLISHED_COEFFICIENT,,False,False,Greenview Hotel Footprinting Tool,https://greenview.sg/resources/hotel-footprinting-tool/
2024,Tanzania,TZA,5,CHSB 2026,2024,Greenview HFT 2026v1.1,33.726,kgCO2e/occupied room-night,HFT_PUBLISHED_COEFFICIENT,,False,False,Greenview Hotel Footprinting Tool,https://greenview.sg/resources/hotel-footprinting-tool/
2024,Tanzania,TZA,unknown,CHSB 2026,2024,Greenview HFT 2026v1.1,26.4477,kgCO2e/occupied room-night,HFT_PUBLISHED_COEFFICIENT,,False,False,Greenview Hotel Footprinting Tool,https://greenview.sg/resources/hotel-footprinting-tool/
2024,Tayikistán,TJK,2,CHSB 2026,2024,Greenview HFT 2026v1.1,6.218,kgCO2e/occupied room-night,HFT_PUBLISHED_COEFFICIENT,,False,False,Greenview Hotel Footprinting Tool,https://greenview.sg/resources/hotel-footprinting-tool/
2024,Tayikistán,TJK,3,CHSB 2026,2024,Greenview HFT 2026v1.1,8.9677,kgCO2e/occupied room-night,HFT_PUBLISHED_COEFFICIENT,,False,False,Greenview Hotel Footprinting Tool,https://greenview.sg/resources/hotel-footprinting-tool/
2024,Tayikistán,TJK,4,CHSB 2026,2024,Greenview HFT 2026v1.1,14.5856,kgCO2e/occupied room-night,HFT_PUBLISHED_COEFFICIENT,,False,False,Greenview Hotel Footprinting Tool,https://greenview.sg/resources/hotel-footprinting-tool/
2024,Tayikistán,TJK,5,CHSB 2026,2024,Greenview HFT 2026v1.1,18.6001,kgCO2e/occupied room-night,HFT_PUBLISHED_COEFFICIENT,,False,False,Greenview Hotel Footprinting Tool,https://greenview.sg/resources/hotel-footprinting-tool/
2024,Tayikistán,TJK,unknown,CHSB 2026,2024,Greenview HFT 2026v1.1,12.8647,kgCO2e/occupied room-night,HFT_PUBLISHED_COEFFICIENT,,False,False,Greenview Hotel Footprinting Tool,https://greenview.sg/resources/hotel-footprinting-tool/
2024,Timor Oriental,TLS,2,CHSB 2026,2024,Greenview HFT 2026v1.1,6.0594,kgCO2e/occupied room-night,HFT_PUBLISHED_COEFFICIENT,,False,False,Greenview Hotel Footprinting Tool,https://greenview.sg/resources/hotel-footprinting-tool/
2024,Timor Oriental,TLS,3,CHSB 2026,2024,Greenview HFT 2026v1.1,8.7389,kgCO2e/occupied room-night,HFT_PUBLISHED_COEFFICIENT,,False,False,Greenview Hotel Footprinting Tool,https://greenview.sg/resources/hotel-footprinting-tool/
2024,Timor Oriental,TLS,4,CHSB 2026,2024,Greenview HFT 2026v1.1,14.2137,kgCO2e/occupied room-night,HFT_PUBLISHED_COEFFICIENT,,False,False,Greenview Hotel Footprinting Tool,https://greenview.sg/resources/hotel-footprinting-tool/
2024,Timor Oriental,TLS,5,CHSB 2026,2024,Greenview HFT 2026v1.1,18.1257,kgCO2e/occupied room-night,HFT_PUBLISHED_COEFFICIENT,,False,False,Greenview Hotel Footprinting Tool,https://greenview.sg/resources/hotel-footprinting-tool/
2024,Timor Oriental,TLS,unknown,CHSB 2026,2024,Greenview HFT 2026v1.1,12.5366,kgCO2e/occupied room-night,HFT_PUBLISHED_COEFFICIENT,,False,False,Greenview Hotel Footprinting Tool,https://greenview.sg/resources/hotel-footprinting-tool/
2024,Togo,TGO,2,CHSB 2026,2024,Greenview HFT 2026v1.1,9.3925,kgCO2e/occupied room-night,HFT_PUBLISHED_COEFFICIENT,,False,False,Greenview Hotel Footprinting Tool,https://greenview.sg/resources/hotel-footprinting-tool/
2024,Togo,TGO,3,CHSB 2026,2024,Greenview HFT 2026v1.1,13.546,kgCO2e/occupied room-night,HFT_PUBLISHED_COEFFICIENT,,False,False,Greenview Hotel Footprinting Tool,https://greenview.sg/resources/hotel-footprinting-tool/
2024,Togo,TGO,4,CHSB 2026,2024,Greenview HFT 2026v1.1,22.0322,kgCO2e/occupied room-night,HFT_PUBLISHED_COEFFICIENT,,False,False,Greenview Hotel Footprinting Tool,https://greenview.sg/resources/hotel-footprinting-tool/
2024,Togo,TGO,5,CHSB 2026,2024,Greenview HFT 2026v1.1,28.0961,kgCO2e/occupied room-night,HFT_PUBLISHED_COEFFICIENT,,False,False,Greenview Hotel Footprinting Tool,https://greenview.sg/resources/hotel-footprinting-tool/
2024,Togo,TGO,unknown,CHSB 2026,2024,Greenview HFT 2026v1.1,19.4326,kgCO2e/occupied room-night,HFT_PUBLISHED_COEFFICIENT,,False,False,Greenview Hotel Footprinting Tool,https://greenview.sg/resources/hotel-footprinting-tool/
2024,Tonga,TON,2,CHSB 2026,2024,Greenview HFT 2026v1.1,11.3864,kgCO2e/occupied room-night,HFT_PUBLISHED_COEFFICIENT,,False,False,Greenview Hotel Footprinting Tool,https://greenview.sg/resources/hotel-footprinting-tool/
2024,Tonga,TON,3,CHSB 2026,2024,Greenview HFT 2026v1.1,16.4217,kgCO2e/occupied room-night,HFT_PUBLISHED_COEFFICIENT,,False,False,Greenview Hotel Footprinting Tool,https://greenview.sg/resources/hotel-footprinting-tool/
2024,Tonga,TON,4,CHSB 2026,2024,Greenview HFT 2026v1.1,26.7094,kgCO2e/occupied room-night,HFT_PUBLISHED_COEFFICIENT,,False,False,Greenview Hotel Footprinting Tool,https://greenview.sg/resources/hotel-footprinting-tool/
2024,Tonga,TON,5,CHSB 2026,2024,Greenview HFT 2026v1.1,34.0606,kgCO2e/occupied room-night,HFT_PUBLISHED_COEFFICIENT,,False,False,Greenview Hotel Footprinting Tool,https://greenview.sg/resources/hotel-footprinting-tool/
2024,Tonga,TON,unknown,CHSB 2026,2024,Greenview HFT 2026v1.1,23.558,kgCO2e/occupied room-night,HFT_PUBLISHED_COEFFICIENT,,False,False,Greenview Hotel Footprinting Tool,https://greenview.sg/resources/hotel-footprinting-tool/
2024,Trinidad y Tobago,TTO,2,CHSB 2026,2024,Greenview HFT 2026v1.1,9.8733,kgCO2e/occupied room-night,HFT_PUBLISHED_COEFFICIENT,,False,False,Greenview Hotel Footprinting Tool,https://greenview.sg/resources/hotel-footprinting-tool/
2024,Trinidad y Tobago,TTO,3,CHSB 2026,2024,Greenview HFT 2026v1.1,14.2394,kgCO2e/occupied room-night,HFT_PUBLISHED_COEFFICIENT,,False,False,Greenview Hotel Footprinting Tool,https://greenview.sg/resources/hotel-footprinting-tool/
2024,Trinidad y Tobago,TTO,4,CHSB 2026,2024,Greenview HFT 2026v1.1,23.16,kgCO2e/occupied room-night,HFT_PUBLISHED_COEFFICIENT,,False,False,Greenview Hotel Footprinting Tool,https://greenview.sg/resources/hotel-footprinting-tool/
2024,Trinidad y Tobago,TTO,5,CHSB 2026,2024,Greenview HFT 2026v1.1,29.5344,kgCO2e/occupied room-night,HFT_PUBLISHED_COEFFICIENT,,False,False,Greenview Hotel Footprinting Tool,https://greenview.sg/resources/hotel-footprinting-tool/
2024,Trinidad y Tobago,TTO,unknown,CHSB 2026,2024,Greenview HFT 2026v1.1,54.2771,kgCO2e/occupied room-night,HFT_PUBLISHED_COEFFICIENT,,False,False,Greenview Hotel Footprinting Tool,https://greenview.sg/resources/hotel-footprinting-tool/
2024,Turkmenistán,TKM,2,CHSB 2026,2024,Greenview HFT 2026v1.1,12.3549,kgCO2e/occupied room-night,HFT_PUBLISHED_COEFFICIENT,,False,False,Greenview Hotel Footprinting Tool,https://greenview.sg/resources/hotel-footprinting-tool/
2024,Turkmenistán,TKM,3,CHSB 2026,2024,Greenview HFT 2026v1.1,17.8184,kgCO2e/occupied room-night,HFT_PUBLISHED_COEFFICIENT,,False,False,Greenview Hotel Footprinting Tool,https://greenview.sg/resources/hotel-footprinting-tool/
2024,Turkmenistán,TKM,4,CHSB 2026,2024,Greenview HFT 2026v1.1,28.9812,kgCO2e/occupied room-night,HFT_PUBLISHED_COEFFICIENT,,False,False,Greenview Hotel Footprinting Tool,https://greenview.sg/resources/hotel-footprinting-tool/
2024,Turkmenistán,TKM,5,CHSB 2026,2024,Greenview HFT 2026v1.1,36.9577,kgCO2e/occupied room-night,HFT_PUBLISHED_COEFFICIENT,,False,False,Greenview Hotel Footprinting Tool,https://greenview.sg/resources/hotel-footprinting-tool/
2024,Turkmenistán,TKM,unknown,CHSB 2026,2024,Greenview HFT 2026v1.1,25.5617,kgCO2e/occupied room-night,HFT_PUBLISHED_COEFFICIENT,,False,False,Greenview Hotel Footprinting Tool,https://greenview.sg/resources/hotel-footprinting-tool/
2024,Turquía,TUR,2,CHSB 2026,2024,Greenview HFT 2026v1.1,12.0501,kgCO2e/occupied room-night,HFT_PUBLISHED_COEFFICIENT,,False,False,Greenview Hotel Footprinting Tool,https://greenview.sg/resources/hotel-footprinting-tool/
2024,Turquía,TUR,3,CHSB 2026,2024,Greenview HFT 2026v1.1,24.7099,kgCO2e/occupied room-night,HFT_PUBLISHED_COEFFICIENT,,False,False,Greenview Hotel Footprinting Tool,https://greenview.sg/resources/hotel-footprinting-tool/
2024,Turquía,TUR,4,CHSB 2026,2024,Greenview HFT 2026v1.1,35.0088,kgCO2e/occupied room-night,HFT_PUBLISHED_COEFFICIENT,,False,False,Greenview Hotel Footprinting Tool,https://greenview.sg/resources/hotel-footprinting-tool/
2024,Turquía,TUR,5,CHSB 2026,2024,Greenview HFT 2026v1.1,43.4426,kgCO2e/occupied room-night,HFT_PUBLISHED_COEFFICIENT,,False,False,Greenview Hotel Footprinting Tool,https://greenview.sg/resources/hotel-footprinting-tool/
2024,Turquía,TUR,unknown,CHSB 2026,2024,Greenview HFT 2026v1.1,29.6382,kgCO2e/occupied room-night,HFT_PUBLISHED_COEFFICIENT,,False,False,Greenview Hotel Footprinting Tool,https://greenview.sg/resources/hotel-footprinting-tool/
2024,Tuvalu,TUV,2,CHSB 2026,2024,Greenview HFT 2026v1.1,10.7803,kgCO2e/occupied room-night,HFT_PUBLISHED_COEFFICIENT,,False,False,Greenview Hotel Footprinting Tool,https://greenview.sg/resources/hotel-footprinting-tool/
2024,Tuvalu,TUV,3,CHSB 2026,2024,Greenview HFT 2026v1.1,15.5475,kgCO2e/occupied room-night,HFT_PUBLISHED_COEFFICIENT,,False,False,Greenview Hotel Footprinting Tool,https://greenview.sg/resources/hotel-footprinting-tool/
2024,Tuvalu,TUV,4,CHSB 2026,2024,Greenview HFT 2026v1.1,25.2876,kgCO2e/occupied room-night,HFT_PUBLISHED_COEFFICIENT,,False,False,Greenview Hotel Footprinting Tool,https://greenview.sg/resources/hotel-footprinting-tool/
2024,Tuvalu,TUV,5,CHSB 2026,2024,Greenview HFT 2026v1.1,32.2475,kgCO2e/occupied room-night,HFT_PUBLISHED_COEFFICIENT,,False,False,Greenview Hotel Footprinting Tool,https://greenview.sg/resources/hotel-footprinting-tool/
2024,Tuvalu,TUV,unknown,CHSB 2026,2024,Greenview HFT 2026v1.1,22.304,kgCO2e/occupied room-night,HFT_PUBLISHED_COEFFICIENT,,False,False,Greenview Hotel Footprinting Tool,https://greenview.sg/resources/hotel-footprinting-tool/
2024,Túnez,TUN,2,CHSB 2026,2024,Greenview HFT 2026v1.1,11.3514,kgCO2e/occupied room-night,HFT_PUBLISHED_COEFFICIENT,,False,False,Greenview Hotel Footprinting Tool,https://greenview.sg/resources/hotel-footprinting-tool/
2024,Túnez,TUN,3,CHSB 2026,2024,Greenview HFT 2026v1.1,20.8045,kgCO2e/occupied room-night,HFT_PUBLISHED_COEFFICIENT,,False,False,Greenview Hotel Footprinting Tool,https://greenview.sg/resources/hotel-footprinting-tool/
2024,Túnez,TUN,4,CHSB 2026,2024,Greenview HFT 2026v1.1,31.9859,kgCO2e/occupied room-night,HFT_PUBLISHED_COEFFICIENT,,False,False,Greenview Hotel Footprinting Tool,https://greenview.sg/resources/hotel-footprinting-tool/
2024,Túnez,TUN,5,CHSB 2026,2024,Greenview HFT 2026v1.1,32.7952,kgCO2e/occupied room-night,HFT_PUBLISHED_COEFFICIENT,,False,False,Greenview Hotel Footprinting Tool,https://greenview.sg/resources/hotel-footprinting-tool/
2024,Túnez,TUN,unknown,CHSB 2026,2024,Greenview HFT 2026v1.1,29.6567,kgCO2e/occupied room-night,HFT_PUBLISHED_COEFFICIENT,,False,False,Greenview Hotel Footprinting Tool,https://greenview.sg/resources/hotel-footprinting-tool/
2024,Ucrania,UKR,2,CHSB 2026,2024,Greenview HFT 2026v1.1,11.1702,kgCO2e/occupied room-night,HFT_PUBLISHED_COEFFICIENT,,False,False,Greenview Hotel Footprinting Tool,https://greenview.sg/resources/hotel-footprinting-tool/
2024,Ucrania,UKR,3,CHSB 2026,2024,Greenview HFT 2026v1.1,13.1719,kgCO2e/occupied room-night,HFT_PUBLISHED_COEFFICIENT,,False,False,Greenview Hotel Footprinting Tool,https://greenview.sg/resources/hotel-footprinting-tool/
2024,Ucrania,UKR,4,CHSB 2026,2024,Greenview HFT 2026v1.1,21.4237,kgCO2e/occupied room-night,HFT_PUBLISHED_COEFFICIENT,,False,False,Greenview Hotel Footprinting Tool,https://greenview.sg/resources/hotel-footprinting-tool/
2024,Ucrania,UKR,5,CHSB 2026,2024,Greenview HFT 2026v1.1,27.3201,kgCO2e/occupied room-night,HFT_PUBLISHED_COEFFICIENT,,False,False,Greenview Hotel Footprinting Tool,https://greenview.sg/resources/hotel-footprinting-tool/
2024,Ucrania,UKR,unknown,CHSB 2026,2024,Greenview HFT 2026v1.1,18.8959,kgCO2e/occupied room-night,HFT_PUBLISHED_COEFFICIENT,,False,False,Greenview Hotel Footprinting Tool,https://greenview.sg/resources/hotel-footprinting-tool/
2024,Uganda,UGA,2,CHSB 2026,2024,Greenview HFT 2026v1.1,5.415,kgCO2e/occupied room-night,HFT_PUBLISHED_COEFFICIENT,,False,False,Greenview Hotel Footprinting Tool,https://greenview.sg/resources/hotel-footprinting-tool/
2024,Uganda,UGA,3,CHSB 2026,2024,Greenview HFT 2026v1.1,7.8096,kgCO2e/occupied room-night,HFT_PUBLISHED_COEFFICIENT,,False,False,Greenview Hotel Footprinting Tool,https://greenview.sg/resources/hotel-footprinting-tool/
2024,Uganda,UGA,4,CHSB 2026,2024,Greenview HFT 2026v1.1,9.9098,kgCO2e/occupied room-night,HFT_PUBLISHED_COEFFICIENT,,False,False,Greenview Hotel Footprinting Tool,https://greenview.sg/resources/hotel-footprinting-tool/
2024,Uganda,UGA,5,CHSB 2026,2024,Greenview HFT 2026v1.1,16.1981,kgCO2e/occupied room-night,HFT_PUBLISHED_COEFFICIENT,,False,False,Greenview Hotel Footprinting Tool,https://greenview.sg/resources/hotel-footprinting-tool/
2024,Uganda,UGA,unknown,CHSB 2026,2024,Greenview HFT 2026v1.1,4.141,kgCO2e/occupied room-night,HFT_PUBLISHED_COEFFICIENT,,False,False,Greenview Hotel Footprinting Tool,https://greenview.sg/resources/hotel-footprinting-tool/
2024,Uruguay,URY,2,CHSB 2026,2024,Greenview HFT 2026v1.1,6.014,kgCO2e/occupied room-night,HFT_PUBLISHED_COEFFICIENT,,False,False,Greenview Hotel Footprinting Tool,https://greenview.sg/resources/hotel-footprinting-tool/
2024,Uruguay,URY,3,CHSB 2026,2024,Greenview HFT 2026v1.1,8.6734,kgCO2e/occupied room-night,HFT_PUBLISHED_COEFFICIENT,,False,False,Greenview Hotel Footprinting Tool,https://greenview.sg/resources/hotel-footprinting-tool/
2024,Uruguay,URY,4,CHSB 2026,2024,Greenview HFT 2026v1.1,14.1071,kgCO2e/occupied room-night,HFT_PUBLISHED_COEFFICIENT,,False,False,Greenview Hotel Footprinting Tool,https://greenview.sg/resources/hotel-footprinting-tool/
2024,Uruguay,URY,5,CHSB 2026,2024,Greenview HFT 2026v1.1,17.9898,kgCO2e/occupied room-night,HFT_PUBLISHED_COEFFICIENT,,False,False,Greenview Hotel Footprinting Tool,https://greenview.sg/resources/hotel-footprinting-tool/
2024,Uruguay,URY,unknown,CHSB 2026,2024,Greenview HFT 2026v1.1,6.2019,kgCO2e/occupied room-night,HFT_PUBLISHED_COEFFICIENT,,False,False,Greenview Hotel Footprinting Tool,https://greenview.sg/resources/hotel-footprinting-tool/
2024,Uzbekistán,UZB,2,CHSB 2026,2024,Greenview HFT 2026v1.1,9.9227,kgCO2e/occupied room-night,HFT_PUBLISHED_COEFFICIENT,,False,False,Greenview Hotel Footprinting Tool,https://greenview.sg/resources/hotel-footprinting-tool/
2024,Uzbekistán,UZB,3,CHSB 2026,2024,Greenview HFT 2026v1.1,14.3107,kgCO2e/occupied room-night,HFT_PUBLISHED_COEFFICIENT,,False,False,Greenview Hotel Footprinting Tool,https://greenview.sg/resources/hotel-footprinting-tool/
2024,Uzbekistán,UZB,4,CHSB 2026,2024,Greenview HFT 2026v1.1,23.276,kgCO2e/occupied room-night,HFT_PUBLISHED_COEFFICIENT,,False,False,Greenview Hotel Footprinting Tool,https://greenview.sg/resources/hotel-footprinting-tool/
2024,Uzbekistán,UZB,5,CHSB 2026,2024,Greenview HFT 2026v1.1,29.6823,kgCO2e/occupied room-night,HFT_PUBLISHED_COEFFICIENT,,False,False,Greenview Hotel Footprinting Tool,https://greenview.sg/resources/hotel-footprinting-tool/
2024,Uzbekistán,UZB,unknown,CHSB 2026,2024,Greenview HFT 2026v1.1,50.5857,kgCO2e/occupied room-night,HFT_PUBLISHED_COEFFICIENT,,False,False,Greenview Hotel Footprinting Tool,https://greenview.sg/resources/hotel-footprinting-tool/
2024,Vanuatu,VUT,2,CHSB 2026,2024,Greenview HFT 2026v1.1,11.3864,kgCO2e/occupied room-night,HFT_PUBLISHED_COEFFICIENT,,False,False,Greenview Hotel Footprinting Tool,https://greenview.sg/resources/hotel-footprinting-tool/
2024,Vanuatu,VUT,3,CHSB 2026,2024,Greenview HFT 2026v1.1,16.4217,kgCO2e/occupied room-night,HFT_PUBLISHED_COEFFICIENT,,False,False,Greenview Hotel Footprinting Tool,https://greenview.sg/resources/hotel-footprinting-tool/
2024,Vanuatu,VUT,4,CHSB 2026,2024,Greenview HFT 2026v1.1,26.7094,kgCO2e/occupied room-night,HFT_PUBLISHED_COEFFICIENT,,False,False,Greenview Hotel Footprinting Tool,https://greenview.sg/resources/hotel-footprinting-tool/
2024,Vanuatu,VUT,5,CHSB 2026,2024,Greenview HFT 2026v1.1,34.0606,kgCO2e/occupied room-night,HFT_PUBLISHED_COEFFICIENT,,False,False,Greenview Hotel Footprinting Tool,https://greenview.sg/resources/hotel-footprinting-tool/
2024,Vanuatu,VUT,unknown,CHSB 2026,2024,Greenview HFT 2026v1.1,23.558,kgCO2e/occupied room-night,HFT_PUBLISHED_COEFFICIENT,,False,False,Greenview Hotel Footprinting Tool,https://greenview.sg/resources/hotel-footprinting-tool/
2024,Venezuela,VEN,2,CHSB 2026,2024,Greenview HFT 2026v1.1,6.9331,kgCO2e/occupied room-night,HFT_PUBLISHED_COEFFICIENT,,False,False,Greenview Hotel Footprinting Tool,https://greenview.sg/resources/hotel-footprinting-tool/
2024,Venezuela,VEN,3,CHSB 2026,2024,Greenview HFT 2026v1.1,9.999,kgCO2e/occupied room-night,HFT_PUBLISHED_COEFFICIENT,,False,False,Greenview Hotel Footprinting Tool,https://greenview.sg/resources/hotel-footprinting-tool/
2024,Venezuela,VEN,4,CHSB 2026,2024,Greenview HFT 2026v1.1,16.2632,kgCO2e/occupied room-night,HFT_PUBLISHED_COEFFICIENT,,False,False,Greenview Hotel Footprinting Tool,https://greenview.sg/resources/hotel-footprinting-tool/
2024,Venezuela,VEN,5,CHSB 2026,2024,Greenview HFT 2026v1.1,20.7393,kgCO2e/occupied room-night,HFT_PUBLISHED_COEFFICIENT,,False,False,Greenview Hotel Footprinting Tool,https://greenview.sg/resources/hotel-footprinting-tool/
2024,Venezuela,VEN,unknown,CHSB 2026,2024,Greenview HFT 2026v1.1,14.3443,kgCO2e/occupied room-night,HFT_PUBLISHED_COEFFICIENT,,False,False,Greenview Hotel Footprinting Tool,https://greenview.sg/resources/hotel-footprinting-tool/
2024,Vietnam,VNM,2,CHSB 2026,2024,Greenview HFT 2026v1.1,23.8777,kgCO2e/occupied room-night,HFT_PUBLISHED_COEFFICIENT,,False,False,Greenview Hotel Footprinting Tool,https://greenview.sg/resources/hotel-footprinting-tool/
2024,Vietnam,VNM,3,CHSB 2026,2024,Greenview HFT 2026v1.1,34.4368,kgCO2e/occupied room-night,HFT_PUBLISHED_COEFFICIENT,,False,False,Greenview Hotel Footprinting Tool,https://greenview.sg/resources/hotel-footprinting-tool/
2024,Vietnam,VNM,4,CHSB 2026,2024,Greenview HFT 2026v1.1,70.6729,kgCO2e/occupied room-night,HFT_PUBLISHED_COEFFICIENT,,False,False,Greenview Hotel Footprinting Tool,https://greenview.sg/resources/hotel-footprinting-tool/
2024,Vietnam,VNM,5,CHSB 2026,2024,Greenview HFT 2026v1.1,52.7285,kgCO2e/occupied room-night,HFT_PUBLISHED_COEFFICIENT,,False,False,Greenview Hotel Footprinting Tool,https://greenview.sg/resources/hotel-footprinting-tool/
2024,Vietnam,VNM,unknown,CHSB 2026,2024,Greenview HFT 2026v1.1,54.0714,kgCO2e/occupied room-night,HFT_PUBLISHED_COEFFICIENT,,False,False,Greenview Hotel Footprinting Tool,https://greenview.sg/resources/hotel-footprinting-tool/
2024,Yemen,YEM,2,CHSB 2026,2024,Greenview HFT 2026v1.1,15.1779,kgCO2e/occupied room-night,HFT_PUBLISHED_COEFFICIENT,,False,False,Greenview Hotel Footprinting Tool,https://greenview.sg/resources/hotel-footprinting-tool/
2024,Yemen,YEM,3,CHSB 2026,2024,Greenview HFT 2026v1.1,27.8176,kgCO2e/occupied room-night,HFT_PUBLISHED_COEFFICIENT,,False,False,Greenview Hotel Footprinting Tool,https://greenview.sg/resources/hotel-footprinting-tool/
2024,Yemen,YEM,4,CHSB 2026,2024,Greenview HFT 2026v1.1,42.7683,kgCO2e/occupied room-night,HFT_PUBLISHED_COEFFICIENT,,False,False,Greenview Hotel Footprinting Tool,https://greenview.sg/resources/hotel-footprinting-tool/
2024,Yemen,YEM,5,CHSB 2026,2024,Greenview HFT 2026v1.1,43.8503,kgCO2e/occupied room-night,HFT_PUBLISHED_COEFFICIENT,,False,False,Greenview Hotel Footprinting Tool,https://greenview.sg/resources/hotel-footprinting-tool/
2024,Yemen,YEM,unknown,CHSB 2026,2024,Greenview HFT 2026v1.1,39.6538,kgCO2e/occupied room-night,HFT_PUBLISHED_COEFFICIENT,,False,False,Greenview Hotel Footprinting Tool,https://greenview.sg/resources/hotel-footprinting-tool/
2024,Yibuti,DJI,2,CHSB 2026,2024,Greenview HFT 2026v1.1,8.7924,kgCO2e/occupied room-night,HFT_PUBLISHED_COEFFICIENT,,False,False,Greenview Hotel Footprinting Tool,https://greenview.sg/resources/hotel-footprinting-tool/
2024,Yibuti,DJI,3,CHSB 2026,2024,Greenview HFT 2026v1.1,12.6806,kgCO2e/occupied room-night,HFT_PUBLISHED_COEFFICIENT,,False,False,Greenview Hotel Footprinting Tool,https://greenview.sg/resources/hotel-footprinting-tool/
2024,Yibuti,DJI,4,CHSB 2026,2024,Greenview HFT 2026v1.1,16.0907,kgCO2e/occupied room-night,HFT_PUBLISHED_COEFFICIENT,,False,False,Greenview Hotel Footprinting Tool,https://greenview.sg/resources/hotel-footprinting-tool/
2024,Yibuti,DJI,5,CHSB 2026,2024,Greenview HFT 2026v1.1,26.3012,kgCO2e/occupied room-night,HFT_PUBLISHED_COEFFICIENT,,False,False,Greenview Hotel Footprinting Tool,https://greenview.sg/resources/hotel-footprinting-tool/
2024,Yibuti,DJI,unknown,CHSB 2026,2024,Greenview HFT 2026v1.1,18.1912,kgCO2e/occupied room-night,HFT_PUBLISHED_COEFFICIENT,,False,False,Greenview Hotel Footprinting Tool,https://greenview.sg/resources/hotel-footprinting-tool/
2024,Zambia,ZMB,2,CHSB 2026,2024,Greenview HFT 2026v1.1,3.7204,kgCO2e/occupied room-night,HFT_PUBLISHED_COEFFICIENT,,False,False,Greenview Hotel Footprinting Tool,https://greenview.sg/resources/hotel-footprinting-tool/
2024,Zambia,ZMB,3,CHSB 2026,2024,Greenview HFT 2026v1.1,7.0578,kgCO2e/occupied room-night,HFT_PUBLISHED_COEFFICIENT,,False,False,Greenview Hotel Footprinting Tool,https://greenview.sg/resources/hotel-footprinting-tool/
2024,Zambia,ZMB,4,CHSB 2026,2024,Greenview HFT 2026v1.1,9.0197,kgCO2e/occupied room-night,HFT_PUBLISHED_COEFFICIENT,,False,False,Greenview Hotel Footprinting Tool,https://greenview.sg/resources/hotel-footprinting-tool/
2024,Zambia,ZMB,5,CHSB 2026,2024,Greenview HFT 2026v1.1,11.1289,kgCO2e/occupied room-night,HFT_PUBLISHED_COEFFICIENT,,False,False,Greenview Hotel Footprinting Tool,https://greenview.sg/resources/hotel-footprinting-tool/
2024,Zambia,ZMB,unknown,CHSB 2026,2024,Greenview HFT 2026v1.1,10.1333,kgCO2e/occupied room-night,HFT_PUBLISHED_COEFFICIENT,,False,False,Greenview Hotel Footprinting Tool,https://greenview.sg/resources/hotel-footprinting-tool/
2024,Zimbabue,ZWE,2,CHSB 2026,2024,Greenview HFT 2026v1.1,7.7611,kgCO2e/occupied room-night,HFT_PUBLISHED_COEFFICIENT,,False,False,Greenview Hotel Footprinting Tool,https://greenview.sg/resources/hotel-footprinting-tool/
2024,Zimbabue,ZWE,3,CHSB 2026,2024,Greenview HFT 2026v1.1,14.7234,kgCO2e/occupied room-night,HFT_PUBLISHED_COEFFICIENT,,False,False,Greenview Hotel Footprinting Tool,https://greenview.sg/resources/hotel-footprinting-tool/
2024,Zimbabue,ZWE,4,CHSB 2026,2024,Greenview HFT 2026v1.1,18.8163,kgCO2e/occupied room-night,HFT_PUBLISHED_COEFFICIENT,,False,False,Greenview Hotel Footprinting Tool,https://greenview.sg/resources/hotel-footprinting-tool/
2024,Zimbabue,ZWE,5,CHSB 2026,2024,Greenview HFT 2026v1.1,23.2162,kgCO2e/occupied room-night,HFT_PUBLISHED_COEFFICIENT,,False,False,Greenview Hotel Footprinting Tool,https://greenview.sg/resources/hotel-footprinting-tool/
2024,Zimbabue,ZWE,unknown,CHSB 2026,2024,Greenview HFT 2026v1.1,16.0574,kgCO2e/occupied room-night,HFT_PUBLISHED_COEFFICIENT,,False,False,Greenview Hotel Footprinting Tool,https://greenview.sg/resources/hotel-footprinting-tool/
