factor_id,geography,iso3,subcategory,activity,variant,technology_fuel_material,destination_origin_supplier,input_unit,activity_year,activity_year_scope,factor_year,factor_value,factor_unit,temporal_type,factor_version,source,source_detail,source_url,is_temporal_fallback,is_geographic_proxy,quality_status,notes,source_workbook,source_sheet
ENE_A8B067CF0B2598,ESPAÑA,,COMBUSTIÓN ESTACIONARIA,Gas natural,,,,kWhPCS,2022,,2022,0.182,kgCO2e/kWhPCS,ANNUAL,,MITECO,"MITECO - ""2. Instalaciones Fijas""",,0,0,ALCANCE 1,fallback_reason=None; proxy_geography=None,Energia_Base_Maestra_y_Contrato_FINAL.xlsx,Factores
ENE_C26AB83349F09E,ESPAÑA,,COMBUSTIÓN ESTACIONARIA,Gas natural,,,,kWhPCS,2023,,2023,0.182,kgCO2e/kWhPCS,ANNUAL,,MITECO,"MITECO - ""2. Instalaciones Fijas""",,0,0,ALCANCE 1,fallback_reason=None; proxy_geography=None,Energia_Base_Maestra_y_Contrato_FINAL.xlsx,Factores
ENE_1FC815E53F9F0E,ESPAÑA,,COMBUSTIÓN ESTACIONARIA,Gas natural,,,,kWhPCS,2024,,2024,0.182,kgCO2e/kWhPCS,ANNUAL,,MITECO,"MITECO - ""2. Instalaciones Fijas""",,0,0,ALCANCE 1,fallback_reason=None; proxy_geography=None,Energia_Base_Maestra_y_Contrato_FINAL.xlsx,Factores
ENE_E14FCA106C5F0C,ESPAÑA,,COMBUSTIÓN ESTACIONARIA,Gas natural,,,,kWhPCS,2025,,2025,0.182,kgCO2e/kWhPCS,ANNUAL,,MITECO,"MITECO - ""2. Instalaciones Fijas""",,0,0,ALCANCE 1,fallback_reason=None; proxy_geography=None,Energia_Base_Maestra_y_Contrato_FINAL.xlsx,Factores
ENE_B221703844E333,ESPAÑA,,COMBUSTIÓN ESTACIONARIA,Gas natural,,,,kWhPCS,2026,,2025,0.182,kgCO2e/kWhPCS,ANNUAL,,MITECO,"MITECO - ""2. Instalaciones Fijas""",,1,0,ALCANCE 1,fallback_reason=Último factor anterior disponible en la base MITECO/DEFRA aportada; proxy_geography=None,Energia_Base_Maestra_y_Contrato_FINAL.xlsx,Factores
ENE_C8DF4A5C11CFAC,ESPAÑA,,COMBUSTIÓN ESTACIONARIA,Gas natural,,,,m3,2022,,2022,2.01574,kgCO2e/m3,ANNUAL,,DEFRA,"DEFRA - ""Fuels - Gaseous Fuels - Natural gas""",,0,0,ALCANCE 1,fallback_reason=None; proxy_geography=None,Energia_Base_Maestra_y_Contrato_FINAL.xlsx,Factores
ENE_393C35B1BB5685,ESPAÑA,,COMBUSTIÓN ESTACIONARIA,Gas natural,,,,m3,2023,,2023,2.03839031006711,kgCO2e/m3,ANNUAL,,DEFRA,"DEFRA - ""Fuels - Gaseous Fuels - Natural gas""",,0,0,ALCANCE 1,fallback_reason=None; proxy_geography=None,Energia_Base_Maestra_y_Contrato_FINAL.xlsx,Factores
ENE_30114A85EF9876,ESPAÑA,,COMBUSTIÓN ESTACIONARIA,Gas natural,,,,m3,2024,,2024,2.04542,kgCO2e/m3,ANNUAL,,DEFRA,"DEFRA - ""Fuels - Gaseous Fuels - Natural gas""",,0,0,ALCANCE 1,fallback_reason=None; proxy_geography=None,Energia_Base_Maestra_y_Contrato_FINAL.xlsx,Factores
ENE_DA3346DDD7ABA3,ESPAÑA,,COMBUSTIÓN ESTACIONARIA,Gas natural,,,,m3,2025,,2025,2.06672,kgCO2e/m3,ANNUAL,,DEFRA,"DEFRA - ""Fuels - Gaseous Fuels - Natural gas""",,0,0,ALCANCE 1,fallback_reason=None; proxy_geography=None,Energia_Base_Maestra_y_Contrato_FINAL.xlsx,Factores
ENE_ECD0B8D4F67F5B,ESPAÑA,,COMBUSTIÓN ESTACIONARIA,Gas natural,,,,m3,2026,,2025,2.06672,kgCO2e/m3,ANNUAL,,DEFRA,"DEFRA - ""Fuels - Gaseous Fuels - Natural gas""",,1,0,ALCANCE 1,fallback_reason=Último factor anterior disponible en la base MITECO/DEFRA aportada; proxy_geography=None,Energia_Base_Maestra_y_Contrato_FINAL.xlsx,Factores
ENE_10333392F11BB8,ESPAÑA,,COMBUSTIÓN ESTACIONARIA,Gasóleo B,,,,litros,2022,,2022,2.737,kgCO2e/litros,ANNUAL,,MITECO,"MITECO - ""2. Instalaciones Fijas""",,0,0,ALCANCE 1,fallback_reason=None; proxy_geography=None,Energia_Base_Maestra_y_Contrato_FINAL.xlsx,Factores
ENE_625B87F0F43D2E,ESPAÑA,,COMBUSTIÓN ESTACIONARIA,Gasóleo B,,,,litros,2023,,2023,2.737,kgCO2e/litros,ANNUAL,,MITECO,"MITECO - ""2. Instalaciones Fijas""",,0,0,ALCANCE 1,fallback_reason=None; proxy_geography=None,Energia_Base_Maestra_y_Contrato_FINAL.xlsx,Factores
ENE_C3B4D70F6BAA3E,ESPAÑA,,COMBUSTIÓN ESTACIONARIA,Gasóleo B,,,,litros,2024,,2024,2.737,kgCO2e/litros,ANNUAL,,MITECO,"MITECO - ""2. Instalaciones Fijas""",,0,0,ALCANCE 1,fallback_reason=None; proxy_geography=None,Energia_Base_Maestra_y_Contrato_FINAL.xlsx,Factores
ENE_0DCDB89A658F8D,ESPAÑA,,COMBUSTIÓN ESTACIONARIA,Gasóleo B,,,,litros,2025,,2025,2.737,kgCO2e/litros,ANNUAL,,MITECO,"MITECO - ""2. Instalaciones Fijas""",,0,0,ALCANCE 1,fallback_reason=None; proxy_geography=None,Energia_Base_Maestra_y_Contrato_FINAL.xlsx,Factores
ENE_B7FC34021EC415,ESPAÑA,,COMBUSTIÓN ESTACIONARIA,Gasóleo B,,,,litros,2026,,2025,2.737,kgCO2e/litros,ANNUAL,,MITECO,"MITECO - ""2. Instalaciones Fijas""",,1,0,ALCANCE 1,fallback_reason=Último factor anterior disponible en la base MITECO/DEFRA aportada; proxy_geography=None,Energia_Base_Maestra_y_Contrato_FINAL.xlsx,Factores
ENE_40079E75EC90E0,ESPAÑA,,COMBUSTIÓN ESTACIONARIA,Gas propano,,,,kg,2022,,2022,2.966,kgCO2e/kg,ANNUAL,,MITECO,"MITECO - ""2. Instalaciones Fijas""",,0,0,ALCANCE 1,fallback_reason=None; proxy_geography=None,Energia_Base_Maestra_y_Contrato_FINAL.xlsx,Factores
ENE_E99568F5ECC631,ESPAÑA,,COMBUSTIÓN ESTACIONARIA,Gas propano,,,,kg,2023,,2023,2.966,kgCO2e/kg,ANNUAL,,MITECO,"MITECO - ""2. Instalaciones Fijas""",,0,0,ALCANCE 1,fallback_reason=None; proxy_geography=None,Energia_Base_Maestra_y_Contrato_FINAL.xlsx,Factores
ENE_097226792255B7,ESPAÑA,,COMBUSTIÓN ESTACIONARIA,Gas propano,,,,kg,2024,,2024,2.966,kgCO2e/kg,ANNUAL,,MITECO,"MITECO - ""2. Instalaciones Fijas""",,0,0,ALCANCE 1,fallback_reason=None; proxy_geography=None,Energia_Base_Maestra_y_Contrato_FINAL.xlsx,Factores
ENE_BC4818A70D699F,ESPAÑA,,COMBUSTIÓN ESTACIONARIA,Gas propano,,,,kg,2025,,2025,2.966,kgCO2e/kg,ANNUAL,,MITECO,"MITECO - ""2. Instalaciones Fijas""",,0,0,ALCANCE 1,fallback_reason=None; proxy_geography=None,Energia_Base_Maestra_y_Contrato_FINAL.xlsx,Factores
ENE_C8ACD3FEC1ABAF,ESPAÑA,,COMBUSTIÓN ESTACIONARIA,Gas propano,,,,kg,2026,,2025,2.966,kgCO2e/kg,ANNUAL,,MITECO,"MITECO - ""2. Instalaciones Fijas""",,1,0,ALCANCE 1,fallback_reason=Último factor anterior disponible en la base MITECO/DEFRA aportada; proxy_geography=None,Energia_Base_Maestra_y_Contrato_FINAL.xlsx,Factores
ENE_BDB75A2750F2FC,ESPAÑA,,COMBUSTIÓN ESTACIONARIA,Gas butano,,,,kg,2022,,2022,2.996,kgCO2e/kg,ANNUAL,,MITECO,"MITECO - ""2. Instalaciones Fijas""",,0,0,ALCANCE 1,fallback_reason=None; proxy_geography=None,Energia_Base_Maestra_y_Contrato_FINAL.xlsx,Factores
ENE_E0CD2BC1B5DCF0,ESPAÑA,,COMBUSTIÓN ESTACIONARIA,Gas butano,,,,kg,2023,,2023,2.996,kgCO2e/kg,ANNUAL,,MITECO,"MITECO - ""2. Instalaciones Fijas""",,0,0,ALCANCE 1,fallback_reason=None; proxy_geography=None,Energia_Base_Maestra_y_Contrato_FINAL.xlsx,Factores
ENE_0561AE57B3B551,ESPAÑA,,COMBUSTIÓN ESTACIONARIA,Gas butano,,,,kg,2024,,2024,2.996,kgCO2e/kg,ANNUAL,,MITECO,"MITECO - ""2. Instalaciones Fijas""",,0,0,ALCANCE 1,fallback_reason=None; proxy_geography=None,Energia_Base_Maestra_y_Contrato_FINAL.xlsx,Factores
ENE_86245EB31755D5,ESPAÑA,,COMBUSTIÓN ESTACIONARIA,Gas butano,,,,kg,2025,,2025,2.996,kgCO2e/kg,ANNUAL,,MITECO,"MITECO - ""2. Instalaciones Fijas""",,0,0,ALCANCE 1,fallback_reason=None; proxy_geography=None,Energia_Base_Maestra_y_Contrato_FINAL.xlsx,Factores
ENE_F1FE1ACB4A869D,ESPAÑA,,COMBUSTIÓN ESTACIONARIA,Gas butano,,,,kg,2026,,2025,2.996,kgCO2e/kg,ANNUAL,,MITECO,"MITECO - ""2. Instalaciones Fijas""",,1,0,ALCANCE 1,fallback_reason=Último factor anterior disponible en la base MITECO/DEFRA aportada; proxy_geography=None,Energia_Base_Maestra_y_Contrato_FINAL.xlsx,Factores
ENE_E2795D30F8A80C,ESPAÑA,,COMBUSTIÓN ESTACIONARIA,Diésel,,,,litros,2022,,2022,2.516,kgCO2e/litros,ANNUAL,,MITECO,"MITECO - ""2. Instalaciones Fijas""",,0,0,ALCANCE 1,fallback_reason=None; proxy_geography=None,Energia_Base_Maestra_y_Contrato_FINAL.xlsx,Factores
ENE_73C9DE1E799BEF,ESPAÑA,,COMBUSTIÓN ESTACIONARIA,Diésel,,,,litros,2023,,2023,2.517,kgCO2e/litros,ANNUAL,,MITECO,"MITECO - ""2. Instalaciones Fijas""",,0,0,ALCANCE 1,fallback_reason=None; proxy_geography=None,Energia_Base_Maestra_y_Contrato_FINAL.xlsx,Factores
ENE_96276619531A96,ESPAÑA,,COMBUSTIÓN ESTACIONARIA,Diésel,,,,litros,2024,,2024,2.517,kgCO2e/litros,ANNUAL,,MITECO,"MITECO - ""2. Instalaciones Fijas""",,0,0,ALCANCE 1,fallback_reason=None; proxy_geography=None,Energia_Base_Maestra_y_Contrato_FINAL.xlsx,Factores
ENE_A39BD2B32D0D41,ESPAÑA,,COMBUSTIÓN ESTACIONARIA,Diésel,,,,litros,2025,,2025,2.517,kgCO2e/litros,ANNUAL,,MITECO,"MITECO - ""2. Instalaciones Fijas""",,0,0,ALCANCE 1,fallback_reason=None; proxy_geography=None,Energia_Base_Maestra_y_Contrato_FINAL.xlsx,Factores
ENE_500B60F7CAF44C,ESPAÑA,,COMBUSTIÓN ESTACIONARIA,Diésel,,,,litros,2026,,2025,2.517,kgCO2e/litros,ANNUAL,,MITECO,"MITECO - ""2. Instalaciones Fijas""",,1,0,ALCANCE 1,fallback_reason=Último factor anterior disponible en la base MITECO/DEFRA aportada; proxy_geography=None,Energia_Base_Maestra_y_Contrato_FINAL.xlsx,Factores
ENE_91D3B7AC0CCC89,ESPAÑA,,COMBUSTIÓN ESTACIONARIA,Biodiésel 100% (B100),,,,litros,2022,,2022,0.133,kgCO2e/litros,ANNUAL,,MITECO,"MITECO - ""2. Instalaciones Fijas""",,0,0,ALCANCE 1,fallback_reason=None; proxy_geography=None,Energia_Base_Maestra_y_Contrato_FINAL.xlsx,Factores
ENE_9E3B1BB01EDD1E,ESPAÑA,,COMBUSTIÓN ESTACIONARIA,Biodiésel 100% (B100),,,,litros,2023,,2023,0.152,kgCO2e/litros,ANNUAL,,MITECO,"MITECO - ""2. Instalaciones Fijas""",,0,0,ALCANCE 1,fallback_reason=None; proxy_geography=None,Energia_Base_Maestra_y_Contrato_FINAL.xlsx,Factores
ENE_F272B7C25A612D,ESPAÑA,,COMBUSTIÓN ESTACIONARIA,Biodiésel 100% (B100),,,,litros,2024,,2024,0.152,kgCO2e/litros,ANNUAL,,MITECO,"MITECO - ""2. Instalaciones Fijas""",,0,0,ALCANCE 1,fallback_reason=None; proxy_geography=None,Energia_Base_Maestra_y_Contrato_FINAL.xlsx,Factores
ENE_A5E57C4A4481B1,ESPAÑA,,COMBUSTIÓN ESTACIONARIA,Biodiésel 100% (B100),,,,litros,2025,,2025,0.152,kgCO2e/litros,ANNUAL,,MITECO,"MITECO - ""2. Instalaciones Fijas""",,0,0,ALCANCE 1,fallback_reason=None; proxy_geography=None,Energia_Base_Maestra_y_Contrato_FINAL.xlsx,Factores
ENE_39EBFF1E19CD66,ESPAÑA,,COMBUSTIÓN ESTACIONARIA,Biodiésel 100% (B100),,,,litros,2026,,2025,0.152,kgCO2e/litros,ANNUAL,,MITECO,"MITECO - ""2. Instalaciones Fijas""",,1,0,ALCANCE 1,fallback_reason=Último factor anterior disponible en la base MITECO/DEFRA aportada; proxy_geography=None,Energia_Base_Maestra_y_Contrato_FINAL.xlsx,Factores
ENE_CF873FF82A305E,ESPAÑA,,COMBUSTIÓN ESTACIONARIA,Gasolina,,,,litros,2022,,2022,2.079,kgCO2e/litros,ANNUAL,,MITECO,"MITECO - ""2. Instalaciones Fijas""",,0,0,ALCANCE 1,fallback_reason=None; proxy_geography=None,Energia_Base_Maestra_y_Contrato_FINAL.xlsx,Factores
ENE_E544C0033EB7EA,ESPAÑA,,COMBUSTIÓN ESTACIONARIA,Gasolina,,,,litros,2023,,2023,2.079,kgCO2e/litros,ANNUAL,,MITECO,"MITECO - ""2. Instalaciones Fijas""",,0,0,ALCANCE 1,fallback_reason=None; proxy_geography=None,Energia_Base_Maestra_y_Contrato_FINAL.xlsx,Factores
ENE_650447808919B7,ESPAÑA,,COMBUSTIÓN ESTACIONARIA,Gasolina,,,,litros,2024,,2024,2.079,kgCO2e/litros,ANNUAL,,MITECO,"MITECO - ""2. Instalaciones Fijas""",,0,0,ALCANCE 1,fallback_reason=None; proxy_geography=None,Energia_Base_Maestra_y_Contrato_FINAL.xlsx,Factores
ENE_D3696A0FA8C2A7,ESPAÑA,,COMBUSTIÓN ESTACIONARIA,Gasolina,,,,litros,2025,,2025,2.079,kgCO2e/litros,ANNUAL,,MITECO,"MITECO - ""2. Instalaciones Fijas""",,0,0,ALCANCE 1,fallback_reason=None; proxy_geography=None,Energia_Base_Maestra_y_Contrato_FINAL.xlsx,Factores
ENE_4E43A1AEBC9D8A,ESPAÑA,,COMBUSTIÓN ESTACIONARIA,Gasolina,,,,litros,2026,,2025,2.079,kgCO2e/litros,ANNUAL,,MITECO,"MITECO - ""2. Instalaciones Fijas""",,1,0,ALCANCE 1,fallback_reason=Último factor anterior disponible en la base MITECO/DEFRA aportada; proxy_geography=None,Energia_Base_Maestra_y_Contrato_FINAL.xlsx,Factores
ENE_6E11405577144E,ESPAÑA,,COMBUSTIÓN ESTACIONARIA,Bioetanol 100%  (E100),,,,litros,2022,,2022,0.014,kgCO2e/litros,ANNUAL,,MITECO,"MITECO - ""2. Instalaciones Fijas""",,0,0,ALCANCE 1,fallback_reason=None; proxy_geography=None,Energia_Base_Maestra_y_Contrato_FINAL.xlsx,Factores
ENE_4D6DDC685E1D5D,ESPAÑA,,COMBUSTIÓN ESTACIONARIA,Bioetanol 100%  (E100),,,,litros,2023,,2023,0.014,kgCO2e/litros,ANNUAL,,MITECO,"MITECO - ""2. Instalaciones Fijas""",,0,0,ALCANCE 1,fallback_reason=None; proxy_geography=None,Energia_Base_Maestra_y_Contrato_FINAL.xlsx,Factores
ENE_932220348613A7,ESPAÑA,,COMBUSTIÓN ESTACIONARIA,Bioetanol 100%  (E100),,,,litros,2024,,2024,0.014,kgCO2e/litros,ANNUAL,,MITECO,"MITECO - ""2. Instalaciones Fijas""",,0,0,ALCANCE 1,fallback_reason=None; proxy_geography=None,Energia_Base_Maestra_y_Contrato_FINAL.xlsx,Factores
ENE_7A42FCE8E6C281,ESPAÑA,,COMBUSTIÓN ESTACIONARIA,Bioetanol 100%  (E100),,,,litros,2025,,2025,0.014,kgCO2e/litros,ANNUAL,,MITECO,"MITECO - ""2. Instalaciones Fijas""",,0,0,ALCANCE 1,fallback_reason=None; proxy_geography=None,Energia_Base_Maestra_y_Contrato_FINAL.xlsx,Factores
ENE_239FAEE6FCACFD,ESPAÑA,,COMBUSTIÓN ESTACIONARIA,Bioetanol 100%  (E100),,,,litros,2026,,2025,0.014,kgCO2e/litros,ANNUAL,,MITECO,"MITECO - ""2. Instalaciones Fijas""",,1,0,ALCANCE 1,fallback_reason=Último factor anterior disponible en la base MITECO/DEFRA aportada; proxy_geography=None,Energia_Base_Maestra_y_Contrato_FINAL.xlsx,Factores
ENE_D5957D3D24CF03,ESPAÑA,,COMBUSTIÓN ESTACIONARIA,Queroseno,,,,litros,2022,,2022,2.5,kgCO2e/litros,ANNUAL,,MITECO,"MITECO - ""2. Instalaciones Fijas""",,0,0,ALCANCE 1,fallback_reason=None; proxy_geography=None,Energia_Base_Maestra_y_Contrato_FINAL.xlsx,Factores
ENE_69F2A7797D14FC,ESPAÑA,,COMBUSTIÓN ESTACIONARIA,Queroseno,,,,litros,2023,,2023,2.5,kgCO2e/litros,ANNUAL,,MITECO,"MITECO - ""2. Instalaciones Fijas""",,0,0,ALCANCE 1,fallback_reason=None; proxy_geography=None,Energia_Base_Maestra_y_Contrato_FINAL.xlsx,Factores
ENE_0BF19F0B33CF9C,ESPAÑA,,COMBUSTIÓN ESTACIONARIA,Queroseno,,,,litros,2024,,2024,2.5,kgCO2e/litros,ANNUAL,,MITECO,"MITECO - ""2. Instalaciones Fijas""",,0,0,ALCANCE 1,fallback_reason=None; proxy_geography=None,Energia_Base_Maestra_y_Contrato_FINAL.xlsx,Factores
ENE_F32C8DDD390236,ESPAÑA,,COMBUSTIÓN ESTACIONARIA,Queroseno,,,,litros,2025,,2025,2.5,kgCO2e/litros,ANNUAL,,MITECO,"MITECO - ""2. Instalaciones Fijas""",,0,0,ALCANCE 1,fallback_reason=None; proxy_geography=None,Energia_Base_Maestra_y_Contrato_FINAL.xlsx,Factores
ENE_58121234D117EA,ESPAÑA,,COMBUSTIÓN ESTACIONARIA,Queroseno,,,,litros,2026,,2025,2.5,kgCO2e/litros,ANNUAL,,MITECO,"MITECO - ""2. Instalaciones Fijas""",,1,0,ALCANCE 1,fallback_reason=Último factor anterior disponible en la base MITECO/DEFRA aportada; proxy_geography=None,Energia_Base_Maestra_y_Contrato_FINAL.xlsx,Factores
ENE_3DAAED169A6D27,ESPAÑA,,COMBUSTIÓN ESTACIONARIA,LPG,,,,litros,2022,,2022,1.545,kgCO2e/litros,ANNUAL,,MITECO,"MITECO - ""2. Instalaciones Fijas""",,0,0,ALCANCE 1,fallback_reason=None; proxy_geography=None,Energia_Base_Maestra_y_Contrato_FINAL.xlsx,Factores
ENE_EB748F58B8D0D2,ESPAÑA,,COMBUSTIÓN ESTACIONARIA,LPG,,,,litros,2023,,2023,1.545,kgCO2e/litros,ANNUAL,,MITECO,"MITECO - ""2. Instalaciones Fijas""",,0,0,ALCANCE 1,fallback_reason=None; proxy_geography=None,Energia_Base_Maestra_y_Contrato_FINAL.xlsx,Factores
ENE_A7122C6843465B,ESPAÑA,,COMBUSTIÓN ESTACIONARIA,LPG,,,,litros,2024,,2024,1.545,kgCO2e/litros,ANNUAL,,MITECO,"MITECO - ""2. Instalaciones Fijas""",,0,0,ALCANCE 1,fallback_reason=None; proxy_geography=None,Energia_Base_Maestra_y_Contrato_FINAL.xlsx,Factores
ENE_61102D3DC9861B,ESPAÑA,,COMBUSTIÓN ESTACIONARIA,LPG,,,,litros,2025,,2025,1.545,kgCO2e/litros,ANNUAL,,MITECO,"MITECO - ""2. Instalaciones Fijas""",,0,0,ALCANCE 1,fallback_reason=None; proxy_geography=None,Energia_Base_Maestra_y_Contrato_FINAL.xlsx,Factores
ENE_D746EC6F88B4A5,ESPAÑA,,COMBUSTIÓN ESTACIONARIA,LPG,,,,litros,2026,,2025,1.545,kgCO2e/litros,ANNUAL,,MITECO,"MITECO - ""2. Instalaciones Fijas""",,1,0,ALCANCE 1,fallback_reason=Último factor anterior disponible en la base MITECO/DEFRA aportada; proxy_geography=None,Energia_Base_Maestra_y_Contrato_FINAL.xlsx,Factores
ENE_CB718F15D68004,ESPAÑA,,COMBUSTIÓN ESTACIONARIA,XTL (Biodiésel HVO),,,,litros,2022,,2022,0.03558,kgCO2e/litros,ANNUAL,,DEFRA,"DEFRA - ""BioFuel - Bioenergy - Biodiesel HVO""",,0,0,ALCANCE 1,fallback_reason=None; proxy_geography=None,Energia_Base_Maestra_y_Contrato_FINAL.xlsx,Factores
ENE_1D02D42445E292,ESPAÑA,,COMBUSTIÓN ESTACIONARIA,XTL (Biodiésel HVO),,,,litros,2023,,2023,0.03558,kgCO2e/litros,ANNUAL,,DEFRA,"DEFRA - ""BioFuel - Bioenergy - Biodiesel HVO""",,0,0,ALCANCE 1,fallback_reason=None; proxy_geography=None,Energia_Base_Maestra_y_Contrato_FINAL.xlsx,Factores
ENE_DB4D2497A38306,ESPAÑA,,COMBUSTIÓN ESTACIONARIA,XTL (Biodiésel HVO),,,,litros,2024,,2024,0.03558,kgCO2e/litros,ANNUAL,,DEFRA,"DEFRA - ""BioFuel - Bioenergy - Biodiesel HVO""",,0,0,ALCANCE 1,fallback_reason=None; proxy_geography=None,Energia_Base_Maestra_y_Contrato_FINAL.xlsx,Factores
ENE_6CEDED115540E8,ESPAÑA,,COMBUSTIÓN ESTACIONARIA,XTL (Biodiésel HVO),,,,litros,2025,,2025,0.03558,kgCO2e/litros,ANNUAL,,DEFRA,"DEFRA - ""BioFuel - Bioenergy - Biodiesel HVO""",,0,0,ALCANCE 1,fallback_reason=None; proxy_geography=None,Energia_Base_Maestra_y_Contrato_FINAL.xlsx,Factores
ENE_944B6596D73735,ESPAÑA,,COMBUSTIÓN ESTACIONARIA,XTL (Biodiésel HVO),,,,litros,2026,,2025,0.03558,kgCO2e/litros,ANNUAL,,DEFRA,"DEFRA - ""BioFuel - Bioenergy - Biodiesel HVO""",,1,0,ALCANCE 1,fallback_reason=Último factor anterior disponible en la base MITECO/DEFRA aportada; proxy_geography=None,Energia_Base_Maestra_y_Contrato_FINAL.xlsx,Factores
ENE_40F42C3F436A3A,FUERA DE ESPAÑA,,COMBUSTIÓN ESTACIONARIA,LNG,,,,kg,2022,,2022,2.55917,kgCO2e/kg,ANNUAL,,DEFRA,"DEFRA - ""Fuels - Gaseous Fuels - LNG""",,0,0,ALCANCE 1,fallback_reason=None; proxy_geography=None,Energia_Base_Maestra_y_Contrato_FINAL.xlsx,Factores
ENE_AC6E4755BFFED2,FUERA DE ESPAÑA,,COMBUSTIÓN ESTACIONARIA,LNG,,,,kg,2023,,2023,2.58198441073826,kgCO2e/kg,ANNUAL,,DEFRA,"DEFRA - ""Fuels - Gaseous Fuels - LNG""",,0,0,ALCANCE 1,fallback_reason=None; proxy_geography=None,Energia_Base_Maestra_y_Contrato_FINAL.xlsx,Factores
ENE_65EE815DBBF4E8,FUERA DE ESPAÑA,,COMBUSTIÓN ESTACIONARIA,LNG,,,,kg,2024,,2024,2.59046441,kgCO2e/kg,ANNUAL,,DEFRA,"DEFRA - ""Fuels - Gaseous Fuels - LNG""",,0,0,ALCANCE 1,fallback_reason=None; proxy_geography=None,Energia_Base_Maestra_y_Contrato_FINAL.xlsx,Factores
ENE_6BE634F70718F3,FUERA DE ESPAÑA,,COMBUSTIÓN ESTACIONARIA,LNG,,,,kg,2025,,2025,2.60330441,kgCO2e/kg,ANNUAL,,DEFRA,"DEFRA - ""Fuels - Gaseous Fuels - LNG""",,0,0,ALCANCE 1,fallback_reason=None; proxy_geography=None,Energia_Base_Maestra_y_Contrato_FINAL.xlsx,Factores
ENE_59E39E91ABE435,FUERA DE ESPAÑA,,COMBUSTIÓN ESTACIONARIA,LNG,,,,kg,2026,,2025,2.60330441,kgCO2e/kg,ANNUAL,,DEFRA,"DEFRA - ""Fuels - Gaseous Fuels - LNG""",,1,0,ALCANCE 1,fallback_reason=Último factor anterior disponible en la base MITECO/DEFRA aportada; proxy_geography=None,Energia_Base_Maestra_y_Contrato_FINAL.xlsx,Factores
ENE_988C73517540EB,FUERA DE ESPAÑA,,COMBUSTIÓN ESTACIONARIA,LNG,,,,litros,2022,,2022,1.158,kgCO2e/litros,ANNUAL,,DEFRA,"DEFRA - ""Fuels - Gaseous Fuels - LNG""",,0,0,ALCANCE 1,fallback_reason=None; proxy_geography=None,Energia_Base_Maestra_y_Contrato_FINAL.xlsx,Factores
ENE_1184248489CEA5,FUERA DE ESPAÑA,,COMBUSTIÓN ESTACIONARIA,LNG,,,,litros,2023,,2023,1.16832964966443,kgCO2e/litros,ANNUAL,,DEFRA,"DEFRA - ""Fuels - Gaseous Fuels - LNG""",,0,0,ALCANCE 1,fallback_reason=None; proxy_geography=None,Energia_Base_Maestra_y_Contrato_FINAL.xlsx,Factores
ENE_98B59C275560C9,FUERA DE ESPAÑA,,COMBUSTIÓN ESTACIONARIA,LNG,,,,litros,2024,,2024,1.17216,kgCO2e/litros,ANNUAL,,DEFRA,"DEFRA - ""Fuels - Gaseous Fuels - LNG""",,0,0,ALCANCE 1,fallback_reason=None; proxy_geography=None,Energia_Base_Maestra_y_Contrato_FINAL.xlsx,Factores
ENE_504681DF89B6A5,FUERA DE ESPAÑA,,COMBUSTIÓN ESTACIONARIA,LNG,,,,litros,2025,,2025,1.17797,kgCO2e/litros,ANNUAL,,DEFRA,"DEFRA - ""Fuels - Gaseous Fuels - LNG""",,0,0,ALCANCE 1,fallback_reason=None; proxy_geography=None,Energia_Base_Maestra_y_Contrato_FINAL.xlsx,Factores
ENE_33B20C7E37A514,FUERA DE ESPAÑA,,COMBUSTIÓN ESTACIONARIA,LNG,,,,litros,2026,,2025,1.17797,kgCO2e/litros,ANNUAL,,DEFRA,"DEFRA - ""Fuels - Gaseous Fuels - LNG""",,1,0,ALCANCE 1,fallback_reason=Último factor anterior disponible en la base MITECO/DEFRA aportada; proxy_geography=None,Energia_Base_Maestra_y_Contrato_FINAL.xlsx,Factores
ENE_A815CCE70C9BE4,FUERA DE ESPAÑA,,COMBUSTIÓN ESTACIONARIA,Gas natural,,,,kWh (neto),2023,,2023,0.202671418791946,kgCO2e/kWh (neto),ANNUAL,,DEFRA,"DEFRA - ""Fuels - Gaseous Fuels -Natural gas""",,0,1,ALCANCE 1,fallback_reason=None; proxy_geography=Reino Unido / DEFRA,Energia_Base_Maestra_y_Contrato_FINAL.xlsx,Factores
ENE_3AF6FB8145839C,FUERA DE ESPAÑA,,COMBUSTIÓN ESTACIONARIA,Gas natural,,,,kWh (neto),2024,,2024,0.20264,kgCO2e/kWh (neto),ANNUAL,,DEFRA,"DEFRA - ""Fuels - Gaseous Fuels -Natural gas""",,0,1,ALCANCE 1,fallback_reason=None; proxy_geography=Reino Unido / DEFRA,Energia_Base_Maestra_y_Contrato_FINAL.xlsx,Factores
ENE_70A32E080E7D0D,FUERA DE ESPAÑA,,COMBUSTIÓN ESTACIONARIA,Gas natural,,,,kWh (neto),2025,,2025,0.2027,kgCO2e/kWh (neto),ANNUAL,,DEFRA,"DEFRA - ""Fuels - Gaseous Fuels -Natural gas""",,0,1,ALCANCE 1,fallback_reason=None; proxy_geography=Reino Unido / DEFRA,Energia_Base_Maestra_y_Contrato_FINAL.xlsx,Factores
ENE_1B87EF9D9E3B94,FUERA DE ESPAÑA,,COMBUSTIÓN ESTACIONARIA,Gas natural,,,,kWh (neto),2026,,2026,0.20199,kgCO2e/kWh (neto),ANNUAL,,DEFRA,"DEFRA - ""Fuels - Gaseous Fuels -Natural gas""",,0,1,ALCANCE 1,fallback_reason=None; proxy_geography=Reino Unido / DEFRA,Energia_Base_Maestra_y_Contrato_FINAL.xlsx,Factores
ENE_A3CB34C0C443A6,FUERA DE ESPAÑA,,COMBUSTIÓN ESTACIONARIA,Gas natural,,,,m3,2023,,2023,2.038390310067114,kgCO2e/m3,ANNUAL,,DEFRA,"DEFRA - ""Fuels - Gaseous Fuels -Natural gas""",,0,1,ALCANCE 1,fallback_reason=None; proxy_geography=Reino Unido / DEFRA,Energia_Base_Maestra_y_Contrato_FINAL.xlsx,Factores
ENE_94781E44374BA0,FUERA DE ESPAÑA,,COMBUSTIÓN ESTACIONARIA,Gas natural,,,,m3,2024,,2024,2.04542,kgCO2e/m3,ANNUAL,,DEFRA,"DEFRA - ""Fuels - Gaseous Fuels -Natural gas""",,0,1,ALCANCE 1,fallback_reason=None; proxy_geography=Reino Unido / DEFRA,Energia_Base_Maestra_y_Contrato_FINAL.xlsx,Factores
ENE_57DE9C144FFA4D,FUERA DE ESPAÑA,,COMBUSTIÓN ESTACIONARIA,Gas natural,,,,m3,2025,,2025,2.06672,kgCO2e/m3,ANNUAL,,DEFRA,"DEFRA - ""Fuels - Gaseous Fuels -Natural gas""",,0,1,ALCANCE 1,fallback_reason=None; proxy_geography=Reino Unido / DEFRA,Energia_Base_Maestra_y_Contrato_FINAL.xlsx,Factores
ENE_03912F1B5B5F6F,FUERA DE ESPAÑA,,COMBUSTIÓN ESTACIONARIA,Gas natural,,,,m3,2026,,2026,2.02633,kgCO2e/m3,ANNUAL,,DEFRA,"DEFRA - ""Fuels - Gaseous Fuels -Natural gas""",,0,1,ALCANCE 1,fallback_reason=None; proxy_geography=Reino Unido / DEFRA,Energia_Base_Maestra_y_Contrato_FINAL.xlsx,Factores
ENE_F54D23DD968C04,FUERA DE ESPAÑA,,COMBUSTIÓN ESTACIONARIA,Fuelóleo (Aceite combustible),,,,litros,2023,,2023,3.17492498255034,kgCO2e/litros,ANNUAL,,DEFRA,"DEFRA - ""Fuels - Liquid Fuels - Fuel oil""",,0,1,ALCANCE 1,fallback_reason=None; proxy_geography=Reino Unido / DEFRA,Energia_Base_Maestra_y_Contrato_FINAL.xlsx,Factores
ENE_574BDD4A0E938E,FUERA DE ESPAÑA,,COMBUSTIÓN ESTACIONARIA,Fuelóleo (Aceite combustible),,,,litros,2024,,2024,3.17493,kgCO2e/litros,ANNUAL,,DEFRA,"DEFRA - ""Fuels - Liquid Fuels - Fuel oil""",,0,1,ALCANCE 1,fallback_reason=None; proxy_geography=Reino Unido / DEFRA,Energia_Base_Maestra_y_Contrato_FINAL.xlsx,Factores
ENE_12F4B67FB58D27,FUERA DE ESPAÑA,,COMBUSTIÓN ESTACIONARIA,Fuelóleo (Aceite combustible),,,,litros,2025,,2025,3.17492,kgCO2e/litros,ANNUAL,,DEFRA,"DEFRA - ""Fuels - Liquid Fuels - Fuel oil""",,0,1,ALCANCE 1,fallback_reason=None; proxy_geography=Reino Unido / DEFRA,Energia_Base_Maestra_y_Contrato_FINAL.xlsx,Factores
ENE_F58729DB37D1D4,FUERA DE ESPAÑA,,COMBUSTIÓN ESTACIONARIA,Fuelóleo (Aceite combustible),,,,litros,2026,,2026,3.17492,kgCO2e/litros,ANNUAL,,DEFRA,"DEFRA - ""Fuels - Liquid Fuels - Fuel oil""",,0,1,ALCANCE 1,fallback_reason=None; proxy_geography=Reino Unido / DEFRA,Energia_Base_Maestra_y_Contrato_FINAL.xlsx,Factores
ENE_AF126D6A1348D4,FUERA DE ESPAÑA,,COMBUSTIÓN ESTACIONARIA,Aceite quemado / Queroseno,,,,litros,2023,,2023,2.54015585637584,kgCO2e/litros,ANNUAL,,DEFRA,"DEFRA - ""Fuels - Liquid Fuels - Burning oil""",,0,1,ALCANCE 1,fallback_reason=None; proxy_geography=Reino Unido / DEFRA,Energia_Base_Maestra_y_Contrato_FINAL.xlsx,Factores
ENE_2CF88C4867E28B,FUERA DE ESPAÑA,,COMBUSTIÓN ESTACIONARIA,Aceite quemado / Queroseno,,,,litros,2024,,2024,2.54015,kgCO2e/litros,ANNUAL,,DEFRA,"DEFRA - ""Fuels - Liquid Fuels - Burning oil""",,0,1,ALCANCE 1,fallback_reason=None; proxy_geography=Reino Unido / DEFRA,Energia_Base_Maestra_y_Contrato_FINAL.xlsx,Factores
ENE_F9226FEA282274,FUERA DE ESPAÑA,,COMBUSTIÓN ESTACIONARIA,Aceite quemado / Queroseno,,,,litros,2025,,2025,2.54016,kgCO2e/litros,ANNUAL,,DEFRA,"DEFRA - ""Fuels - Liquid Fuels - Burning oil""",,0,1,ALCANCE 1,fallback_reason=None; proxy_geography=Reino Unido / DEFRA,Energia_Base_Maestra_y_Contrato_FINAL.xlsx,Factores
ENE_A7B48A38043A5B,FUERA DE ESPAÑA,,COMBUSTIÓN ESTACIONARIA,Aceite quemado / Queroseno,,,,litros,2026,,2026,2.54016,kgCO2e/litros,ANNUAL,,DEFRA,"DEFRA - ""Fuels - Liquid Fuels - Burning oil""",,0,1,ALCANCE 1,fallback_reason=None; proxy_geography=Reino Unido / DEFRA,Energia_Base_Maestra_y_Contrato_FINAL.xlsx,Factores
ENE_CF0E8E41886E1B,FUERA DE ESPAÑA,,COMBUSTIÓN ESTACIONARIA,LPG,,,,litros,2023,,2023,1.55712778389262,kgCO2e/litros,ANNUAL,,DEFRA,"DEFRA - ""Fuels - Gaseous Fuels - LPG""",,0,1,ALCANCE 1,fallback_reason=None; proxy_geography=Reino Unido / DEFRA,Energia_Base_Maestra_y_Contrato_FINAL.xlsx,Factores
ENE_55680FEB20F6F0,FUERA DE ESPAÑA,,COMBUSTIÓN ESTACIONARIA,LPG,,,,litros,2024,,2024,1.55713,kgCO2e/litros,ANNUAL,,DEFRA,"DEFRA - ""Fuels - Gaseous Fuels - LPG""",,0,1,ALCANCE 1,fallback_reason=None; proxy_geography=Reino Unido / DEFRA,Energia_Base_Maestra_y_Contrato_FINAL.xlsx,Factores
ENE_395ECB816AF70A,FUERA DE ESPAÑA,,COMBUSTIÓN ESTACIONARIA,LPG,,,,litros,2025,,2025,1.55713,kgCO2e/litros,ANNUAL,,DEFRA,"DEFRA - ""Fuels - Gaseous Fuels - LPG""",,0,1,ALCANCE 1,fallback_reason=None; proxy_geography=Reino Unido / DEFRA,Energia_Base_Maestra_y_Contrato_FINAL.xlsx,Factores
ENE_0DEE51754762A8,FUERA DE ESPAÑA,,COMBUSTIÓN ESTACIONARIA,LPG,,,,litros,2026,,2026,1.55713,kgCO2e/litros,ANNUAL,,DEFRA,"DEFRA - ""Fuels - Gaseous Fuels - LPG""",,0,1,ALCANCE 1,fallback_reason=None; proxy_geography=Reino Unido / DEFRA,Energia_Base_Maestra_y_Contrato_FINAL.xlsx,Factores
ENE_B5A8BBCBB338B1,FUERA DE ESPAÑA,,COMBUSTIÓN ESTACIONARIA,Gas propano,,,,kg,2023,,2023,2.99763233422819,kgCO2e/kg,ANNUAL,,DEFRA,"DEFRA - ""Fuels - Gaseous fuels - Propane""",,0,1,ALCANCE 1,fallback_reason=None; proxy_geography=Reino Unido / DEFRA,Energia_Base_Maestra_y_Contrato_FINAL.xlsx,Factores
ENE_8E6176FFBC0689,FUERA DE ESPAÑA,,COMBUSTIÓN ESTACIONARIA,Gas propano,,,,kg,2024,,2024,2.99763233,kgCO2e/kg,ANNUAL,,DEFRA,"DEFRA - ""Fuels - Gaseous fuels - Propane""",,0,1,ALCANCE 1,fallback_reason=None; proxy_geography=Reino Unido / DEFRA,Energia_Base_Maestra_y_Contrato_FINAL.xlsx,Factores
ENE_981B171093EB2C,FUERA DE ESPAÑA,,COMBUSTIÓN ESTACIONARIA,Gas propano,,,,kg,2025,,2025,2.99763233,kgCO2e/kg,ANNUAL,,DEFRA,"DEFRA - ""Fuels - Gaseous fuels - Propane""",,0,1,ALCANCE 1,fallback_reason=None; proxy_geography=Reino Unido / DEFRA,Energia_Base_Maestra_y_Contrato_FINAL.xlsx,Factores
ENE_3C4D2C8EFD7F35,FUERA DE ESPAÑA,,COMBUSTIÓN ESTACIONARIA,Gas propano,,,,kg,2026,,2026,2.99763233,kgCO2e/kg,ANNUAL,,DEFRA,"DEFRA - ""Fuels - Gaseous fuels - Propane""",,0,1,ALCANCE 1,fallback_reason=None; proxy_geography=Reino Unido / DEFRA,Energia_Base_Maestra_y_Contrato_FINAL.xlsx,Factores
ENE_6D02E186AC7C65,FUERA DE ESPAÑA,,COMBUSTIÓN ESTACIONARIA,Gas butano,,,,kg,2023,,2023,3.03338067114094,kgCO2e/kg,ANNUAL,,DEFRA,"DEFRA - ""Fuels - Gaseous fuels - Butane""",,0,1,ALCANCE 1,fallback_reason=None; proxy_geography=Reino Unido / DEFRA,Energia_Base_Maestra_y_Contrato_FINAL.xlsx,Factores
ENE_4E887CE7E8016D,FUERA DE ESPAÑA,,COMBUSTIÓN ESTACIONARIA,Gas butano,,,,kg,2024,,2024,3.03338067,kgCO2e/kg,ANNUAL,,DEFRA,"DEFRA - ""Fuels - Gaseous fuels - Butane""",,0,1,ALCANCE 1,fallback_reason=None; proxy_geography=Reino Unido / DEFRA,Energia_Base_Maestra_y_Contrato_FINAL.xlsx,Factores
ENE_CA7238198BAB11,FUERA DE ESPAÑA,,COMBUSTIÓN ESTACIONARIA,Gas butano,,,,kg,2025,,2025,3.03338067,kgCO2e/kg,ANNUAL,,DEFRA,"DEFRA - ""Fuels - Gaseous fuels - Butane""",,0,1,ALCANCE 1,fallback_reason=None; proxy_geography=Reino Unido / DEFRA,Energia_Base_Maestra_y_Contrato_FINAL.xlsx,Factores
ENE_17C96FE7B5326F,FUERA DE ESPAÑA,,COMBUSTIÓN ESTACIONARIA,Gas butano,,,,kg,2026,,2026,3.03338067,kgCO2e/kg,ANNUAL,,DEFRA,"DEFRA - ""Fuels - Gaseous fuels - Butane""",,0,1,ALCANCE 1,fallback_reason=None; proxy_geography=Reino Unido / DEFRA,Energia_Base_Maestra_y_Contrato_FINAL.xlsx,Factores
ENE_7CBCC3151FC269,FUERA DE ESPAÑA,,COMBUSTIÓN ESTACIONARIA,Gasóleo,,,,litros,2023,,2023,2.75540897852349,kgCO2e/litros,ANNUAL,,DEFRA,"DEFRA - ""Fuels - Liquid Fuels - Gas oil""",,0,1,ALCANCE 1,fallback_reason=None; proxy_geography=Reino Unido / DEFRA,Energia_Base_Maestra_y_Contrato_FINAL.xlsx,Factores
ENE_125F0E629C8E3C,FUERA DE ESPAÑA,,COMBUSTIÓN ESTACIONARIA,Gasóleo,,,,litros,2024,,2024,2.75541,kgCO2e/litros,ANNUAL,,DEFRA,"DEFRA - ""Fuels - Liquid Fuels - Gas oil""",,0,1,ALCANCE 1,fallback_reason=None; proxy_geography=Reino Unido / DEFRA,Energia_Base_Maestra_y_Contrato_FINAL.xlsx,Factores
ENE_995BD4EF2B4378,FUERA DE ESPAÑA,,COMBUSTIÓN ESTACIONARIA,Gasóleo,,,,litros,2025,,2025,2.75541,kgCO2e/litros,ANNUAL,,DEFRA,"DEFRA - ""Fuels - Liquid Fuels - Gas oil""",,0,1,ALCANCE 1,fallback_reason=None; proxy_geography=Reino Unido / DEFRA,Energia_Base_Maestra_y_Contrato_FINAL.xlsx,Factores
ENE_833136A60561E3,FUERA DE ESPAÑA,,COMBUSTIÓN ESTACIONARIA,Gasóleo,,,,litros,2026,,2026,2.75541,kgCO2e/litros,ANNUAL,,DEFRA,"DEFRA - ""Fuels - Liquid Fuels - Gas oil""",,0,1,ALCANCE 1,fallback_reason=None; proxy_geography=Reino Unido / DEFRA,Energia_Base_Maestra_y_Contrato_FINAL.xlsx,Factores
ENE_A6CCC32484F030,FUERA DE ESPAÑA,,COMBUSTIÓN ESTACIONARIA,Diésel (100% mineral),,,,litros,2023,,2023,2.65937173691275,kgCO2e/litros,ANNUAL,,DEFRA,"DEFRA - ""Fuels - Liquid Fuels - Diesel (100% mineral diesel)""",,0,1,ALCANCE 1,fallback_reason=None; proxy_geography=Reino Unido / DEFRA,Energia_Base_Maestra_y_Contrato_FINAL.xlsx,Factores
ENE_F54B40E1E1D1D9,FUERA DE ESPAÑA,,COMBUSTIÓN ESTACIONARIA,Diésel (100% mineral),,,,litros,2024,,2024,2.66155,kgCO2e/litros,ANNUAL,,DEFRA,"DEFRA - ""Fuels - Liquid Fuels - Diesel (100% mineral diesel)""",,0,1,ALCANCE 1,fallback_reason=None; proxy_geography=Reino Unido / DEFRA,Energia_Base_Maestra_y_Contrato_FINAL.xlsx,Factores
ENE_4274D2D6D1511E,FUERA DE ESPAÑA,,COMBUSTIÓN ESTACIONARIA,Diésel (100% mineral),,,,litros,2025,,2025,2.66155,kgCO2e/litros,ANNUAL,,DEFRA,"DEFRA - ""Fuels - Liquid Fuels - Diesel (100% mineral diesel)""",,0,1,ALCANCE 1,fallback_reason=None; proxy_geography=Reino Unido / DEFRA,Energia_Base_Maestra_y_Contrato_FINAL.xlsx,Factores
ENE_9AA645A2186F7D,FUERA DE ESPAÑA,,COMBUSTIÓN ESTACIONARIA,Diésel (100% mineral),,,,litros,2026,,2026,2.66155,kgCO2e/litros,ANNUAL,,DEFRA,"DEFRA - ""Fuels - Liquid Fuels - Diesel (100% mineral diesel)""",,0,1,ALCANCE 1,fallback_reason=None; proxy_geography=Reino Unido / DEFRA,Energia_Base_Maestra_y_Contrato_FINAL.xlsx,Factores
ENE_F1C45AF1D355B6,FUERA DE ESPAÑA,,COMBUSTIÓN ESTACIONARIA,Diésel,,,,litros,2023,,2023,2.51206388456376,kgCO2e/litros,ANNUAL,,DEFRA,"DEFRA - ""Fuels - Liquid Fuels -Diesel (average biofuel blend)""",,0,1,ALCANCE 1,fallback_reason=None; proxy_geography=Reino Unido / DEFRA,Energia_Base_Maestra_y_Contrato_FINAL.xlsx,Factores
ENE_DFF30DA3E79B82,FUERA DE ESPAÑA,,COMBUSTIÓN ESTACIONARIA,Diésel,,,,litros,2024,,2024,2.51279,kgCO2e/litros,ANNUAL,,DEFRA,"DEFRA - ""Fuels - Liquid Fuels -Diesel (average biofuel blend)""",,0,1,ALCANCE 1,fallback_reason=None; proxy_geography=Reino Unido / DEFRA,Energia_Base_Maestra_y_Contrato_FINAL.xlsx,Factores
ENE_5462EACCD2A8E9,FUERA DE ESPAÑA,,COMBUSTIÓN ESTACIONARIA,Diésel,,,,litros,2025,,2025,2.57082,kgCO2e/litros,ANNUAL,,DEFRA,"DEFRA - ""Fuels - Liquid Fuels -Diesel (average biofuel blend)""",,0,1,ALCANCE 1,fallback_reason=None; proxy_geography=Reino Unido / DEFRA,Energia_Base_Maestra_y_Contrato_FINAL.xlsx,Factores
ENE_FD35EE2867847B,FUERA DE ESPAÑA,,COMBUSTIÓN ESTACIONARIA,Diésel,,,,litros,2026,,2026,2.58354,kgCO2e/litros,ANNUAL,,DEFRA,"DEFRA - ""Fuels - Liquid Fuels -Diesel (average biofuel blend)""",,0,1,ALCANCE 1,fallback_reason=None; proxy_geography=Reino Unido / DEFRA,Energia_Base_Maestra_y_Contrato_FINAL.xlsx,Factores
ENE_84BEA876033A18,FUERA DE ESPAÑA,,COMBUSTIÓN ESTACIONARIA,Biodiésel ME (100% puro),,,,litros,2023,,2023,0.16751,kgCO2e/litros,ANNUAL,,DEFRA,"DEFRA - ""BioFuel - Bioenergy - Biodiesel ME""",,0,1,ALCANCE 1,fallback_reason=None; proxy_geography=Reino Unido / DEFRA,Energia_Base_Maestra_y_Contrato_FINAL.xlsx,Factores
ENE_0331CF8B385620,FUERA DE ESPAÑA,,COMBUSTIÓN ESTACIONARIA,Biodiésel ME (100% puro),,,,litros,2024,,2024,0.16751,kgCO2e/litros,ANNUAL,,DEFRA,"DEFRA - ""BioFuel - Bioenergy - Biodiesel ME""",,0,1,ALCANCE 1,fallback_reason=None; proxy_geography=Reino Unido / DEFRA,Energia_Base_Maestra_y_Contrato_FINAL.xlsx,Factores
ENE_3F90FE160C164D,FUERA DE ESPAÑA,,COMBUSTIÓN ESTACIONARIA,Biodiésel ME (100% puro),,,,litros,2025,,2025,0.16751,kgCO2e/litros,ANNUAL,,DEFRA,"DEFRA - ""BioFuel - Bioenergy - Biodiesel ME""",,0,1,ALCANCE 1,fallback_reason=None; proxy_geography=Reino Unido / DEFRA,Energia_Base_Maestra_y_Contrato_FINAL.xlsx,Factores
ENE_3D5C42F2535B0A,FUERA DE ESPAÑA,,COMBUSTIÓN ESTACIONARIA,Biodiésel ME (100% puro),,,,litros,2026,,2026,0.16751,kgCO2e/litros,ANNUAL,,DEFRA,"DEFRA - ""BioFuel - Bioenergy - Biodiesel ME""",,0,1,ALCANCE 1,fallback_reason=None; proxy_geography=Reino Unido / DEFRA,Energia_Base_Maestra_y_Contrato_FINAL.xlsx,Factores
ENE_68B18CE4DC9E6E,FUERA DE ESPAÑA,,COMBUSTIÓN ESTACIONARIA,Gasolina (100% mineral),,,,litros,2023,,2023,2.34502534630872,kgCO2e/litros,ANNUAL,,DEFRA,"DEFRA - ""Fuels - Liquid Fuels - Petrol (100% mineral petrol)""",,0,1,ALCANCE 1,fallback_reason=None; proxy_geography=Reino Unido / DEFRA,Energia_Base_Maestra_y_Contrato_FINAL.xlsx,Factores
ENE_965E4A3475932A,FUERA DE ESPAÑA,,COMBUSTIÓN ESTACIONARIA,Gasolina (100% mineral),,,,litros,2024,,2024,2.35372,kgCO2e/litros,ANNUAL,,DEFRA,"DEFRA - ""Fuels - Liquid Fuels - Petrol (100% mineral petrol)""",,0,1,ALCANCE 1,fallback_reason=None; proxy_geography=Reino Unido / DEFRA,Energia_Base_Maestra_y_Contrato_FINAL.xlsx,Factores
ENE_D9A5BF6EADD7FF,FUERA DE ESPAÑA,,COMBUSTIÓN ESTACIONARIA,Gasolina (100% mineral),,,,litros,2025,,2025,2.33984,kgCO2e/litros,ANNUAL,,DEFRA,"DEFRA - ""Fuels - Liquid Fuels - Petrol (100% mineral petrol)""",,0,1,ALCANCE 1,fallback_reason=None; proxy_geography=Reino Unido / DEFRA,Energia_Base_Maestra_y_Contrato_FINAL.xlsx,Factores
ENE_6F53BC44A2B0E5,FUERA DE ESPAÑA,,COMBUSTIÓN ESTACIONARIA,Gasolina (100% mineral),,,,litros,2026,,2026,2.35372,kgCO2e/litros,ANNUAL,,DEFRA,"DEFRA - ""Fuels - Liquid Fuels - Petrol (100% mineral petrol)""",,0,1,ALCANCE 1,fallback_reason=None; proxy_geography=Reino Unido / DEFRA,Energia_Base_Maestra_y_Contrato_FINAL.xlsx,Factores
ENE_F6482131CBAC32,FUERA DE ESPAÑA,,COMBUSTIÓN ESTACIONARIA,Gasolina,,,,litros,2023,,2023,2.09747312751678,kgCO2e/litros,ANNUAL,,DEFRA,"DEFRA - ""Fuels - Liquid Fuels - Petrol (average biofuel blend)""",,0,1,ALCANCE 1,fallback_reason=None; proxy_geography=Reino Unido / DEFRA,Energia_Base_Maestra_y_Contrato_FINAL.xlsx,Factores
ENE_DBC5668CBEF8E0,FUERA DE ESPAÑA,,COMBUSTIÓN ESTACIONARIA,Gasolina,,,,litros,2024,,2024,2.0844,kgCO2e/litros,ANNUAL,,DEFRA,"DEFRA - ""Fuels - Liquid Fuels - Petrol (average biofuel blend)""",,0,1,ALCANCE 1,fallback_reason=None; proxy_geography=Reino Unido / DEFRA,Energia_Base_Maestra_y_Contrato_FINAL.xlsx,Factores
ENE_233C6D2A0CD3BB,FUERA DE ESPAÑA,,COMBUSTIÓN ESTACIONARIA,Gasolina,,,,litros,2025,,2025,2.06916,kgCO2e/litros,ANNUAL,,DEFRA,"DEFRA - ""Fuels - Liquid Fuels - Petrol (average biofuel blend)""",,0,1,ALCANCE 1,fallback_reason=None; proxy_geography=Reino Unido / DEFRA,Energia_Base_Maestra_y_Contrato_FINAL.xlsx,Factores
ENE_D9EB39151944C0,FUERA DE ESPAÑA,,COMBUSTIÓN ESTACIONARIA,Gasolina,,,,litros,2026,,2026,2.075,kgCO2e/litros,ANNUAL,,DEFRA,"DEFRA - ""Fuels - Liquid Fuels - Petrol (average biofuel blend)""",,0,1,ALCANCE 1,fallback_reason=None; proxy_geography=Reino Unido / DEFRA,Energia_Base_Maestra_y_Contrato_FINAL.xlsx,Factores
ENE_C2C9910D1FED6E,FUERA DE ESPAÑA,,COMBUSTIÓN ESTACIONARIA,Bioetanol,,,,litros,2023,,2023,0.009010000000000001,kgCO2e/litros,ANNUAL,,DEFRA,"DEFRA - ""BioFuel - Bioenergy - Bioethanol""",,0,1,ALCANCE 1,fallback_reason=None; proxy_geography=Reino Unido / DEFRA,Energia_Base_Maestra_y_Contrato_FINAL.xlsx,Factores
ENE_48A39B15BAE75D,FUERA DE ESPAÑA,,COMBUSTIÓN ESTACIONARIA,Bioetanol,,,,litros,2024,,2024,0.009010000000000001,kgCO2e/litros,ANNUAL,,DEFRA,"DEFRA - ""BioFuel - Bioenergy - Bioethanol""",,0,1,ALCANCE 1,fallback_reason=None; proxy_geography=Reino Unido / DEFRA,Energia_Base_Maestra_y_Contrato_FINAL.xlsx,Factores
ENE_866F14BF07547C,FUERA DE ESPAÑA,,COMBUSTIÓN ESTACIONARIA,Bioetanol,,,,litros,2025,,2025,0.009010000000000001,kgCO2e/litros,ANNUAL,,DEFRA,"DEFRA - ""BioFuel - Bioenergy - Bioethanol""",,0,1,ALCANCE 1,fallback_reason=None; proxy_geography=Reino Unido / DEFRA,Energia_Base_Maestra_y_Contrato_FINAL.xlsx,Factores
ENE_B072C25DCEE9AA,FUERA DE ESPAÑA,,COMBUSTIÓN ESTACIONARIA,Bioetanol,,,,litros,2026,,2026,0.009010000000000001,kgCO2e/litros,ANNUAL,,DEFRA,"DEFRA - ""BioFuel - Bioenergy - Bioethanol""",,0,1,ALCANCE 1,fallback_reason=None; proxy_geography=Reino Unido / DEFRA,Energia_Base_Maestra_y_Contrato_FINAL.xlsx,Factores
ENE_52A961FC805FA6,FUERA DE ESPAÑA,,COMBUSTIÓN ESTACIONARIA,XTL (Biodiésel HVO),,,,litros,2023,,2023,0.03558,kgCO2e/litros,ANNUAL,,DEFRA,"DEFRA - ""BioFuel - Bioenergy - Biodiesel HVO""",,0,1,ALCANCE 1,fallback_reason=None; proxy_geography=Reino Unido / DEFRA,Energia_Base_Maestra_y_Contrato_FINAL.xlsx,Factores
ENE_1E0BAF28DBFA94,FUERA DE ESPAÑA,,COMBUSTIÓN ESTACIONARIA,XTL (Biodiésel HVO),,,,litros,2024,,2024,0.03558,kgCO2e/litros,ANNUAL,,DEFRA,"DEFRA - ""BioFuel - Bioenergy - Biodiesel HVO""",,0,1,ALCANCE 1,fallback_reason=None; proxy_geography=Reino Unido / DEFRA,Energia_Base_Maestra_y_Contrato_FINAL.xlsx,Factores
ENE_FC72E45C9EE870,FUERA DE ESPAÑA,,COMBUSTIÓN ESTACIONARIA,XTL (Biodiésel HVO),,,,litros,2025,,2025,0.03558,kgCO2e/litros,ANNUAL,,DEFRA,"DEFRA - ""BioFuel - Bioenergy - Biodiesel HVO""",,0,1,ALCANCE 1,fallback_reason=None; proxy_geography=Reino Unido / DEFRA,Energia_Base_Maestra_y_Contrato_FINAL.xlsx,Factores
ENE_D2713942DD3553,FUERA DE ESPAÑA,,COMBUSTIÓN ESTACIONARIA,XTL (Biodiésel HVO),,,,litros,2026,,2026,0.03558,kgCO2e/litros,ANNUAL,,DEFRA,"DEFRA - ""BioFuel - Bioenergy - Biodiesel HVO""",,0,1,ALCANCE 1,fallback_reason=None; proxy_geography=Reino Unido / DEFRA,Energia_Base_Maestra_y_Contrato_FINAL.xlsx,Factores
ENE_AC6E4755BFFED2_R06772,FUERA DE ESPAÑA,,COMBUSTIÓN ESTACIONARIA,LNG,,,,kg,2023,,2023,2.58198441073826,kgCO2e/kg,ANNUAL,,DEFRA,"DEFRA - ""Fuels - Gaseous Fuels - LNG""",,0,1,ALCANCE 1,fallback_reason=None; proxy_geography=Reino Unido / DEFRA,Energia_Base_Maestra_y_Contrato_FINAL.xlsx,Factores
ENE_65EE815DBBF4E8_R06773,FUERA DE ESPAÑA,,COMBUSTIÓN ESTACIONARIA,LNG,,,,kg,2024,,2024,2.59046441,kgCO2e/kg,ANNUAL,,DEFRA,"DEFRA - ""Fuels - Gaseous Fuels - LNG""",,0,1,ALCANCE 1,fallback_reason=None; proxy_geography=Reino Unido / DEFRA,Energia_Base_Maestra_y_Contrato_FINAL.xlsx,Factores
ENE_6BE634F70718F3_R06774,FUERA DE ESPAÑA,,COMBUSTIÓN ESTACIONARIA,LNG,,,,kg,2025,,2025,2.60330441,kgCO2e/kg,ANNUAL,,DEFRA,"DEFRA - ""Fuels - Gaseous Fuels - LNG""",,0,1,ALCANCE 1,fallback_reason=None; proxy_geography=Reino Unido / DEFRA,Energia_Base_Maestra_y_Contrato_FINAL.xlsx,Factores
ENE_36A4EB0F48D846,FUERA DE ESPAÑA,,COMBUSTIÓN ESTACIONARIA,LNG,,,,kg,2026,,2026,2.53685441,kgCO2e/kg,ANNUAL,,DEFRA,"DEFRA - ""Fuels - Gaseous Fuels - LNG""",,0,1,ALCANCE 1,fallback_reason=None; proxy_geography=Reino Unido / DEFRA,Energia_Base_Maestra_y_Contrato_FINAL.xlsx,Factores
ENE_DD5AFA5BFADF2F,ESPAÑA,,ELECTRICIDAD,PROMEDIO NACIONAL,SIN GDO,,,kWh,2022,,2022,0.273,kgCO2e/kWh,ANNUAL,,MITECO,"MITECO - ""5. Factores Mix Eléctricos"" ""Mix Sin GdO""",,0,0,ALCANCE 2,fallback_reason=None; proxy_geography=None,Energia_Base_Maestra_y_Contrato_FINAL.xlsx,Factores
ENE_C51F9CC8A074A4,ESPAÑA,,ELECTRICIDAD,PROMEDIO NACIONAL,SIN GDO,,,kWh,2023,,2023,0.26,kgCO2e/kWh,ANNUAL,,MITECO,"MITECO - ""5. Factores Mix Eléctricos"" ""Mix Sin GdO""",,0,0,ALCANCE 2,fallback_reason=None; proxy_geography=None,Energia_Base_Maestra_y_Contrato_FINAL.xlsx,Factores
ENE_2A0D47CFF9F1C0,ESPAÑA,,ELECTRICIDAD,PROMEDIO NACIONAL,SIN GDO,,,kWh,2024,,2024,0.283,kgCO2e/kWh,ANNUAL,,MITECO,"MITECO - ""5. Factores Mix Eléctricos"" ""Mix Sin GdO""",,0,0,ALCANCE 2,fallback_reason=None; proxy_geography=None,Energia_Base_Maestra_y_Contrato_FINAL.xlsx,Factores
ENE_BA8C47D9EFC36F,ESPAÑA,,ELECTRICIDAD,PROMEDIO NACIONAL,SIN GDO,,,kWh,2025,,2025,0.258,kgCO2e/kWh,ANNUAL,,MITECO,"MITECO - ""5. Factores Mix Eléctricos"" ""Mix Sin GdO""",,0,0,ALCANCE 2,fallback_reason=None; proxy_geography=None,Energia_Base_Maestra_y_Contrato_FINAL.xlsx,Factores
ENE_BEA7F2F5AED385,ESPAÑA,,ELECTRICIDAD,PROMEDIO NACIONAL,SIN GDO,,,kWh,2026,,2025,0.258,kgCO2e/kWh,ANNUAL,,MITECO,"MITECO - ""5. Factores Mix Eléctricos"" ""Mix Sin GdO""",,1,0,ALCANCE 2,fallback_reason=Último factor MITECO anterior disponible; proxy_geography=None,Energia_Base_Maestra_y_Contrato_FINAL.xlsx,Factores
ENE_DD5AFA5BFADF2F_R06781,ESPAÑA,,ELECTRICIDAD,PROMEDIO NACIONAL,GDO RENOVABLE,,,kWh,2022,,2022,0,kgCO2e/kWh,ANNUAL,,MITECO,"MITECO - ""5. Factores Mix Eléctricos"" ""Factor GdO renovable""",,0,0,ALCANCE 2,fallback_reason=None; proxy_geography=None,Energia_Base_Maestra_y_Contrato_FINAL.xlsx,Factores
ENE_C51F9CC8A074A4_R06782,ESPAÑA,,ELECTRICIDAD,PROMEDIO NACIONAL,GDO RENOVABLE,,,kWh,2023,,2023,0,kgCO2e/kWh,ANNUAL,,MITECO,"MITECO - ""5. Factores Mix Eléctricos"" ""Factor GdO renovable""",,0,0,ALCANCE 2,fallback_reason=None; proxy_geography=None,Energia_Base_Maestra_y_Contrato_FINAL.xlsx,Factores
ENE_2A0D47CFF9F1C0_R06783,ESPAÑA,,ELECTRICIDAD,PROMEDIO NACIONAL,GDO RENOVABLE,,,kWh,2024,,2024,0,kgCO2e/kWh,ANNUAL,,MITECO,"MITECO - ""5. Factores Mix Eléctricos"" ""Factor GdO renovable""",,0,0,ALCANCE 2,fallback_reason=None; proxy_geography=None,Energia_Base_Maestra_y_Contrato_FINAL.xlsx,Factores
ENE_BA8C47D9EFC36F_R06784,ESPAÑA,,ELECTRICIDAD,PROMEDIO NACIONAL,GDO RENOVABLE,,,kWh,2025,,2025,0,kgCO2e/kWh,ANNUAL,,MITECO,"MITECO - ""5. Factores Mix Eléctricos"" ""Factor GdO renovable""",,0,0,ALCANCE 2,fallback_reason=None; proxy_geography=None,Energia_Base_Maestra_y_Contrato_FINAL.xlsx,Factores
ENE_BEA7F2F5AED385_R06785,ESPAÑA,,ELECTRICIDAD,PROMEDIO NACIONAL,GDO RENOVABLE,,,kWh,2026,,2025,0,kgCO2e/kWh,ANNUAL,,MITECO,"MITECO - ""5. Factores Mix Eléctricos"" ""Factor GdO renovable""",,1,0,ALCANCE 2,fallback_reason=Último factor MITECO anterior disponible; proxy_geography=None,Energia_Base_Maestra_y_Contrato_FINAL.xlsx,Factores
ENE_DD5AFA5BFADF2F_R06786,ESPAÑA,,ELECTRICIDAD,PROMEDIO NACIONAL,GDO COGENERACIÓN ALTA EFICIENCIA,,,kWh,2022,,2022,0.302,kgCO2e/kWh,ANNUAL,,MITECO,"MITECO - ""5. Factores Mix Eléctricos"" ""Factor GdO cog, alta eficiencia""",,0,0,ALCANCE 2,fallback_reason=None; proxy_geography=None,Energia_Base_Maestra_y_Contrato_FINAL.xlsx,Factores
ENE_C51F9CC8A074A4_R06787,ESPAÑA,,ELECTRICIDAD,PROMEDIO NACIONAL,GDO COGENERACIÓN ALTA EFICIENCIA,,,kWh,2023,,2023,0.302,kgCO2e/kWh,ANNUAL,,MITECO,"MITECO - ""5. Factores Mix Eléctricos"" ""Factor GdO cog, alta eficiencia""",,0,0,ALCANCE 2,fallback_reason=None; proxy_geography=None,Energia_Base_Maestra_y_Contrato_FINAL.xlsx,Factores
ENE_2A0D47CFF9F1C0_R06788,ESPAÑA,,ELECTRICIDAD,PROMEDIO NACIONAL,GDO COGENERACIÓN ALTA EFICIENCIA,,,kWh,2024,,2024,0.302,kgCO2e/kWh,ANNUAL,,MITECO,"MITECO - ""5. Factores Mix Eléctricos"" ""Factor GdO cog, alta eficiencia""",,0,0,ALCANCE 2,fallback_reason=None; proxy_geography=None,Energia_Base_Maestra_y_Contrato_FINAL.xlsx,Factores
ENE_BA8C47D9EFC36F_R06789,ESPAÑA,,ELECTRICIDAD,PROMEDIO NACIONAL,GDO COGENERACIÓN ALTA EFICIENCIA,,,kWh,2025,,2025,0.302,kgCO2e/kWh,ANNUAL,,MITECO,"MITECO - ""5. Factores Mix Eléctricos"" ""Factor GdO cog, alta eficiencia""",,0,0,ALCANCE 2,fallback_reason=None; proxy_geography=None,Energia_Base_Maestra_y_Contrato_FINAL.xlsx,Factores
ENE_BEA7F2F5AED385_R06790,ESPAÑA,,ELECTRICIDAD,PROMEDIO NACIONAL,GDO COGENERACIÓN ALTA EFICIENCIA,,,kWh,2026,,2025,0.302,kgCO2e/kWh,ANNUAL,,MITECO,"MITECO - ""5. Factores Mix Eléctricos"" ""Factor GdO cog, alta eficiencia""",,1,0,ALCANCE 2,fallback_reason=Último factor MITECO anterior disponible; proxy_geography=None,Energia_Base_Maestra_y_Contrato_FINAL.xlsx,Factores
ENE_4951141DA659AC,ESPAÑA,,ELECTRICIDAD,SUMINISTRO COMERCIALIZADORA,GDO RENOVABLE,,PROMEDIO NACIONAL,kWh,2022,,2022,0,kgCO2e/kWh,ANNUAL,,MITECO,"MITECO - ""5. Factores Mix Eléctricos"" ""Factor GdO renovable""",,0,0,ALCANCE 2,fallback_reason=None; proxy_geography=None,Energia_Base_Maestra_y_Contrato_FINAL.xlsx,Factores
ENE_E1448A997F8D57,ESPAÑA,,ELECTRICIDAD,SUMINISTRO COMERCIALIZADORA,GDO RENOVABLE,,PROMEDIO NACIONAL,kWh,2023,,2023,0,kgCO2e/kWh,ANNUAL,,MITECO,"MITECO - ""5. Factores Mix Eléctricos"" ""Factor GdO renovable""",,0,0,ALCANCE 2,fallback_reason=None; proxy_geography=None,Energia_Base_Maestra_y_Contrato_FINAL.xlsx,Factores
ENE_59A3CDC4911D01,ESPAÑA,,ELECTRICIDAD,SUMINISTRO COMERCIALIZADORA,GDO RENOVABLE,,PROMEDIO NACIONAL,kWh,2024,,2024,0,kgCO2e/kWh,ANNUAL,,MITECO,"MITECO - ""5. Factores Mix Eléctricos"" ""Factor GdO renovable""",,0,0,ALCANCE 2,fallback_reason=None; proxy_geography=None,Energia_Base_Maestra_y_Contrato_FINAL.xlsx,Factores
ENE_AD54040D861E61,ESPAÑA,,ELECTRICIDAD,SUMINISTRO COMERCIALIZADORA,GDO RENOVABLE,,PROMEDIO NACIONAL,kWh,2025,,2025,0,kgCO2e/kWh,ANNUAL,,MITECO,"MITECO - ""5. Factores Mix Eléctricos"" ""Factor GdO renovable""",,0,0,ALCANCE 2,fallback_reason=None; proxy_geography=None,Energia_Base_Maestra_y_Contrato_FINAL.xlsx,Factores
ENE_F24656110F57B9,ESPAÑA,,ELECTRICIDAD,SUMINISTRO COMERCIALIZADORA,GDO RENOVABLE,,PROMEDIO NACIONAL,kWh,2026,,2025,0,kgCO2e/kWh,ANNUAL,,MITECO,"MITECO - ""5. Factores Mix Eléctricos"" ""Factor GdO renovable""",,1,0,ALCANCE 2,fallback_reason=Último factor disponible para esta comercializadora y etiquetado; proxy_geography=None,Energia_Base_Maestra_y_Contrato_FINAL.xlsx,Factores
ENE_3E704C95F287DD,ESPAÑA,,ELECTRICIDAD,SUMINISTRO COMERCIALIZADORA,CON GDO,,"AB ENERGÍA 1903, S.L.",kWh,2022,,2022,0.273,kgCO2e/kWh,ANNUAL,,MITECO,"MITECO - ""5. Factores Mix Eléctricos"" ""Etiquetado restante de Comercializadoras que han efectuado GdO""",,0,0,ALCANCE 2,fallback_reason=None; proxy_geography=None,Energia_Base_Maestra_y_Contrato_FINAL.xlsx,Factores
ENE_420637745A3B5B,ESPAÑA,,ELECTRICIDAD,SUMINISTRO COMERCIALIZADORA,CON GDO,,"AB ENERGÍA 1903, S.L.",kWh,2023,,2023,0.259,kgCO2e/kWh,ANNUAL,,MITECO,"MITECO - ""5. Factores Mix Eléctricos"" ""Etiquetado restante de Comercializadoras que han efectuado GdO""",,0,0,ALCANCE 2,fallback_reason=None; proxy_geography=None,Energia_Base_Maestra_y_Contrato_FINAL.xlsx,Factores
ENE_7B8E9995A7821E,ESPAÑA,,ELECTRICIDAD,SUMINISTRO COMERCIALIZADORA,CON GDO,,"AB ENERGÍA 1903, S.L.",kWh,2024,,2024,0.283,kgCO2e/kWh,ANNUAL,,MITECO,"MITECO - ""5. Factores Mix Eléctricos"" ""Etiquetado restante de Comercializadoras que han efectuado GdO""",,0,0,ALCANCE 2,fallback_reason=None; proxy_geography=None,Energia_Base_Maestra_y_Contrato_FINAL.xlsx,Factores
ENE_3F5A0A58296C14,ESPAÑA,,ELECTRICIDAD,SUMINISTRO COMERCIALIZADORA,CON GDO,,"AB ENERGÍA 1903, S.L.",kWh,2025,,2025,0.258,kgCO2e/kWh,ANNUAL,,MITECO,"MITECO - ""5. Factores Mix Eléctricos"" ""Etiquetado restante de Comercializadoras que han efectuado GdO""",,0,0,ALCANCE 2,fallback_reason=None; proxy_geography=None,Energia_Base_Maestra_y_Contrato_FINAL.xlsx,Factores
ENE_28EABB653F76AE,ESPAÑA,,ELECTRICIDAD,SUMINISTRO COMERCIALIZADORA,CON GDO,,"AB ENERGÍA 1903, S.L.",kWh,2026,,2025,0.258,kgCO2e/kWh,ANNUAL,,MITECO,"MITECO - ""5. Factores Mix Eléctricos"" ""Etiquetado restante de Comercializadoras que han efectuado GdO""",,1,0,ALCANCE 2,fallback_reason=Último factor disponible para esta comercializadora y etiquetado; proxy_geography=None,Energia_Base_Maestra_y_Contrato_FINAL.xlsx,Factores
ENE_260A0298B6E84A,ESPAÑA,,ELECTRICIDAD,SUMINISTRO COMERCIALIZADORA,SIN GDO,,"ACCIONA COMERCIALIZADORA B2C, S.L.",kWh,2024,,2024,0,kgCO2e/kWh,ANNUAL,,MITECO,"MITECO - ""5. Factores Mix Eléctricos"" ""Etiquetado restante de Comercializadoras que no han efectuado GdO""",,0,0,ALCANCE 2,fallback_reason=None; proxy_geography=None,Energia_Base_Maestra_y_Contrato_FINAL.xlsx,Factores
ENE_6D8C3F1836511D,ESPAÑA,,ELECTRICIDAD,SUMINISTRO COMERCIALIZADORA,SIN GDO,,"ACCIONA COMERCIALIZADORA B2C, S.L.",kWh,2025,,2025,0,kgCO2e/kWh,ANNUAL,,MITECO,"MITECO - ""5. Factores Mix Eléctricos"" ""Etiquetado restante de Comercializadoras que no han efectuado GdO""",,0,0,ALCANCE 2,fallback_reason=None; proxy_geography=None,Energia_Base_Maestra_y_Contrato_FINAL.xlsx,Factores
ENE_A880F84AA4ED3D,ESPAÑA,,ELECTRICIDAD,SUMINISTRO COMERCIALIZADORA,SIN GDO,,"ACCIONA COMERCIALIZADORA B2C, S.L.",kWh,2026,,2025,0,kgCO2e/kWh,ANNUAL,,MITECO,"MITECO - ""5. Factores Mix Eléctricos"" ""Etiquetado restante de Comercializadoras que no han efectuado GdO""",,1,0,ALCANCE 2,fallback_reason=Último factor disponible para esta comercializadora y etiquetado; proxy_geography=None,Energia_Base_Maestra_y_Contrato_FINAL.xlsx,Factores
ENE_B8C0580A4A9FCC,ESPAÑA,,ELECTRICIDAD,SUMINISTRO COMERCIALIZADORA,CON GDO,,ACCIONA GREEN ENERGY DEVELOPMENTS SL,kWh,2022,,2022,0,kgCO2e/kWh,ANNUAL,,MITECO,"MITECO - ""5. Factores Mix Eléctricos"" ""Etiquetado restante de Comercializadoras que han efectuado GdO""",,0,0,ALCANCE 2,fallback_reason=None; proxy_geography=None,Energia_Base_Maestra_y_Contrato_FINAL.xlsx,Factores
ENE_E44E04EE988F65,ESPAÑA,,ELECTRICIDAD,SUMINISTRO COMERCIALIZADORA,CON GDO,,ACCIONA GREEN ENERGY DEVELOPMENTS SL,kWh,2023,,2023,0,kgCO2e/kWh,ANNUAL,,MITECO,"MITECO - ""5. Factores Mix Eléctricos"" ""Etiquetado restante de Comercializadoras que han efectuado GdO""",,0,0,ALCANCE 2,fallback_reason=None; proxy_geography=None,Energia_Base_Maestra_y_Contrato_FINAL.xlsx,Factores
ENE_18C6B357C62C1C,ESPAÑA,,ELECTRICIDAD,SUMINISTRO COMERCIALIZADORA,CON GDO,,ACCIONA GREEN ENERGY DEVELOPMENTS SL,kWh,2024,,2024,0,kgCO2e/kWh,ANNUAL,,MITECO,"MITECO - ""5. Factores Mix Eléctricos"" ""Etiquetado restante de Comercializadoras que han efectuado GdO""",,0,0,ALCANCE 2,fallback_reason=None; proxy_geography=None,Energia_Base_Maestra_y_Contrato_FINAL.xlsx,Factores
ENE_09F6F554B17BCD,ESPAÑA,,ELECTRICIDAD,SUMINISTRO COMERCIALIZADORA,CON GDO,,ACCIONA GREEN ENERGY DEVELOPMENTS SL,kWh,2025,,2025,0,kgCO2e/kWh,ANNUAL,,MITECO,"MITECO - ""5. Factores Mix Eléctricos"" ""Etiquetado restante de Comercializadoras que han efectuado GdO""",,0,0,ALCANCE 2,fallback_reason=None; proxy_geography=None,Energia_Base_Maestra_y_Contrato_FINAL.xlsx,Factores
ENE_ED160970B589E3,ESPAÑA,,ELECTRICIDAD,SUMINISTRO COMERCIALIZADORA,CON GDO,,ACCIONA GREEN ENERGY DEVELOPMENTS SL,kWh,2026,,2025,0,kgCO2e/kWh,ANNUAL,,MITECO,"MITECO - ""5. Factores Mix Eléctricos"" ""Etiquetado restante de Comercializadoras que han efectuado GdO""",,1,0,ALCANCE 2,fallback_reason=Último factor disponible para esta comercializadora y etiquetado; proxy_geography=None,Energia_Base_Maestra_y_Contrato_FINAL.xlsx,Factores
ENE_077A4B15F6D00D,ESPAÑA,,ELECTRICIDAD,SUMINISTRO COMERCIALIZADORA,SIN GDO,,"ACENHOL ENERGIA CANARIAS, S.L",kWh,2024,,2024,0,kgCO2e/kWh,ANNUAL,,MITECO,"MITECO - ""5. Factores Mix Eléctricos"" ""Etiquetado restante de Comercializadoras que no han efectuado GdO""",,0,0,ALCANCE 2,fallback_reason=None; proxy_geography=None,Energia_Base_Maestra_y_Contrato_FINAL.xlsx,Factores
ENE_4E59ADC270837C,ESPAÑA,,ELECTRICIDAD,SUMINISTRO COMERCIALIZADORA,SIN GDO,,"ACENHOL ENERGIA CANARIAS, S.L",kWh,2025,,2025,0,kgCO2e/kWh,ANNUAL,,MITECO,"MITECO - ""5. Factores Mix Eléctricos"" ""Etiquetado restante de Comercializadoras que no han efectuado GdO""",,0,0,ALCANCE 2,fallback_reason=None; proxy_geography=None,Energia_Base_Maestra_y_Contrato_FINAL.xlsx,Factores
ENE_8A0C3C62C6D528,ESPAÑA,,ELECTRICIDAD,SUMINISTRO COMERCIALIZADORA,SIN GDO,,"ACENHOL ENERGIA CANARIAS, S.L",kWh,2026,,2025,0,kgCO2e/kWh,ANNUAL,,MITECO,"MITECO - ""5. Factores Mix Eléctricos"" ""Etiquetado restante de Comercializadoras que no han efectuado GdO""",,1,0,ALCANCE 2,fallback_reason=Último factor disponible para esta comercializadora y etiquetado; proxy_geography=None,Energia_Base_Maestra_y_Contrato_FINAL.xlsx,Factores
ENE_03DD916C1E9C71,ESPAÑA,,ELECTRICIDAD,SUMINISTRO COMERCIALIZADORA,SIN GDO,,"ACENHOL ENERGIA, S.L.",kWh,2023,,2023,0,kgCO2e/kWh,ANNUAL,,MITECO,"MITECO - ""5. Factores Mix Eléctricos"" ""Etiquetado restante de Comercializadoras que no han efectuado GdO""",,0,0,ALCANCE 2,fallback_reason=None; proxy_geography=None,Energia_Base_Maestra_y_Contrato_FINAL.xlsx,Factores
ENE_B2AAE9031F27C0,ESPAÑA,,ELECTRICIDAD,SUMINISTRO COMERCIALIZADORA,SIN GDO,,"ACENHOL ENERGIA, S.L.",kWh,2024,,2024,0,kgCO2e/kWh,ANNUAL,,MITECO,"MITECO - ""5. Factores Mix Eléctricos"" ""Etiquetado restante de Comercializadoras que no han efectuado GdO""",,0,0,ALCANCE 2,fallback_reason=None; proxy_geography=None,Energia_Base_Maestra_y_Contrato_FINAL.xlsx,Factores
ENE_5AA3ADEA134218,ESPAÑA,,ELECTRICIDAD,SUMINISTRO COMERCIALIZADORA,SIN GDO,,"ACENHOL ENERGIA, S.L.",kWh,2025,,2025,0,kgCO2e/kWh,ANNUAL,,MITECO,"MITECO - ""5. Factores Mix Eléctricos"" ""Etiquetado restante de Comercializadoras que no han efectuado GdO""",,0,0,ALCANCE 2,fallback_reason=None; proxy_geography=None,Energia_Base_Maestra_y_Contrato_FINAL.xlsx,Factores
ENE_0A3F165FEB3502,ESPAÑA,,ELECTRICIDAD,SUMINISTRO COMERCIALIZADORA,SIN GDO,,"ACENHOL ENERGIA, S.L.",kWh,2026,,2025,0,kgCO2e/kWh,ANNUAL,,MITECO,"MITECO - ""5. Factores Mix Eléctricos"" ""Etiquetado restante de Comercializadoras que no han efectuado GdO""",,1,0,ALCANCE 2,fallback_reason=Último factor disponible para esta comercializadora y etiquetado; proxy_geography=None,Energia_Base_Maestra_y_Contrato_FINAL.xlsx,Factores
ENE_DB79AA990C2105,ESPAÑA,,ELECTRICIDAD,SUMINISTRO COMERCIALIZADORA,CON GDO,,"ACSOL ENERGÍA GLOBAL, S.A.",kWh,2022,,2022,0.272,kgCO2e/kWh,ANNUAL,,MITECO,"MITECO - ""5. Factores Mix Eléctricos"" ""Etiquetado restante de Comercializadoras que han efectuado GdO""",,0,0,ALCANCE 2,fallback_reason=None; proxy_geography=None,Energia_Base_Maestra_y_Contrato_FINAL.xlsx,Factores
ENE_03D0844185737C,ESPAÑA,,ELECTRICIDAD,SUMINISTRO COMERCIALIZADORA,CON GDO,,"ACSOL ENERGÍA GLOBAL, S.A.",kWh,2023,,2023,0.26,kgCO2e/kWh,ANNUAL,,MITECO,"MITECO - ""5. Factores Mix Eléctricos"" ""Etiquetado restante de Comercializadoras que han efectuado GdO""",,0,0,ALCANCE 2,fallback_reason=None; proxy_geography=None,Energia_Base_Maestra_y_Contrato_FINAL.xlsx,Factores
ENE_7D7C9FE470077B,ESPAÑA,,ELECTRICIDAD,SUMINISTRO COMERCIALIZADORA,CON GDO,,"ACSOL ENERGÍA GLOBAL, S.A.",kWh,2024,,2024,0.283,kgCO2e/kWh,ANNUAL,,MITECO,"MITECO - ""5. Factores Mix Eléctricos"" ""Etiquetado restante de Comercializadoras que han efectuado GdO""",,0,0,ALCANCE 2,fallback_reason=None; proxy_geography=None,Energia_Base_Maestra_y_Contrato_FINAL.xlsx,Factores
ENE_AB57FA8DF60626,ESPAÑA,,ELECTRICIDAD,SUMINISTRO COMERCIALIZADORA,CON GDO,,"ACSOL ENERGÍA GLOBAL, S.A.",kWh,2025,,2025,0,kgCO2e/kWh,ANNUAL,,MITECO,"MITECO - ""5. Factores Mix Eléctricos"" ""Etiquetado restante de Comercializadoras que han efectuado GdO""",,0,0,ALCANCE 2,fallback_reason=None; proxy_geography=None,Energia_Base_Maestra_y_Contrato_FINAL.xlsx,Factores
ENE_539E30BADBFFD2,ESPAÑA,,ELECTRICIDAD,SUMINISTRO COMERCIALIZADORA,CON GDO,,"ACSOL ENERGÍA GLOBAL, S.A.",kWh,2026,,2025,0,kgCO2e/kWh,ANNUAL,,MITECO,"MITECO - ""5. Factores Mix Eléctricos"" ""Etiquetado restante de Comercializadoras que han efectuado GdO""",,1,0,ALCANCE 2,fallback_reason=Último factor disponible para esta comercializadora y etiquetado; proxy_geography=None,Energia_Base_Maestra_y_Contrato_FINAL.xlsx,Factores
ENE_84AAE168AA03E1,ESPAÑA,,ELECTRICIDAD,SUMINISTRO COMERCIALIZADORA,CON GDO,,ADEINNOVA ENERGIA S.L,kWh,2022,,2022,0.273,kgCO2e/kWh,ANNUAL,,MITECO,"MITECO - ""5. Factores Mix Eléctricos"" ""Etiquetado restante de Comercializadoras que han efectuado GdO""",,0,0,ALCANCE 2,fallback_reason=None; proxy_geography=None,Energia_Base_Maestra_y_Contrato_FINAL.xlsx,Factores
ENE_A9EADEB35F85DA,ESPAÑA,,ELECTRICIDAD,SUMINISTRO COMERCIALIZADORA,CON GDO,,ADEINNOVA ENERGIA S.L,kWh,2023,,2023,0.26,kgCO2e/kWh,ANNUAL,,MITECO,"MITECO - ""5. Factores Mix Eléctricos"" ""Etiquetado restante de Comercializadoras que han efectuado GdO""",,0,0,ALCANCE 2,fallback_reason=None; proxy_geography=None,Energia_Base_Maestra_y_Contrato_FINAL.xlsx,Factores
ENE_5D893518B02DA7,ESPAÑA,,ELECTRICIDAD,SUMINISTRO COMERCIALIZADORA,CON GDO,,ADEINNOVA ENERGIA S.L,kWh,2024,,2024,0.266,kgCO2e/kWh,ANNUAL,,MITECO,"MITECO - ""5. Factores Mix Eléctricos"" ""Etiquetado restante de Comercializadoras que han efectuado GdO""",,0,0,ALCANCE 2,fallback_reason=None; proxy_geography=None,Energia_Base_Maestra_y_Contrato_FINAL.xlsx,Factores
ENE_8113F245DB847E,ESPAÑA,,ELECTRICIDAD,SUMINISTRO COMERCIALIZADORA,CON GDO,,ADEINNOVA ENERGIA S.L,kWh,2025,,2025,0.253,kgCO2e/kWh,ANNUAL,,MITECO,"MITECO - ""5. Factores Mix Eléctricos"" ""Etiquetado restante de Comercializadoras que han efectuado GdO""",,0,0,ALCANCE 2,fallback_reason=None; proxy_geography=None,Energia_Base_Maestra_y_Contrato_FINAL.xlsx,Factores
ENE_FABD03F66AE59D,ESPAÑA,,ELECTRICIDAD,SUMINISTRO COMERCIALIZADORA,CON GDO,,ADEINNOVA ENERGIA S.L,kWh,2026,,2025,0.253,kgCO2e/kWh,ANNUAL,,MITECO,"MITECO - ""5. Factores Mix Eléctricos"" ""Etiquetado restante de Comercializadoras que han efectuado GdO""",,1,0,ALCANCE 2,fallback_reason=Último factor disponible para esta comercializadora y etiquetado; proxy_geography=None,Energia_Base_Maestra_y_Contrato_FINAL.xlsx,Factores
ENE_E61350F09A3ED8,ESPAÑA,,ELECTRICIDAD,SUMINISTRO COMERCIALIZADORA,CON GDO,,ADELFAS ENERGIA SL,kWh,2022,,2022,0,kgCO2e/kWh,ANNUAL,,MITECO,"MITECO - ""5. Factores Mix Eléctricos"" ""Etiquetado restante de Comercializadoras que han efectuado GdO""",,0,0,ALCANCE 2,fallback_reason=None; proxy_geography=None,Energia_Base_Maestra_y_Contrato_FINAL.xlsx,Factores
ENE_A5F6AACCD944D7,ESPAÑA,,ELECTRICIDAD,SUMINISTRO COMERCIALIZADORA,CON GDO,,ADELFAS ENERGIA SL,kWh,2026,,2022,0,kgCO2e/kWh,ANNUAL,,MITECO,"MITECO - ""5. Factores Mix Eléctricos"" ""Etiquetado restante de Comercializadoras que han efectuado GdO""",,1,0,ALCANCE 2,fallback_reason=Último factor disponible para esta comercializadora y etiquetado; proxy_geography=None,Energia_Base_Maestra_y_Contrato_FINAL.xlsx,Factores
ENE_B584DB4CC1904C,ESPAÑA,,ELECTRICIDAD,SUMINISTRO COMERCIALIZADORA,SIN GDO,,ADELFAS ENERGIA SL,kWh,2023,,2023,0,kgCO2e/kWh,ANNUAL,,MITECO,"MITECO - ""5. Factores Mix Eléctricos"" ""Etiquetado restante de Comercializadoras que no han efectuado GdO""",,0,0,ALCANCE 2,fallback_reason=None; proxy_geography=None,Energia_Base_Maestra_y_Contrato_FINAL.xlsx,Factores
ENE_708EA7F4DD108C,ESPAÑA,,ELECTRICIDAD,SUMINISTRO COMERCIALIZADORA,SIN GDO,,ADELFAS ENERGIA SL,kWh,2024,,2024,0,kgCO2e/kWh,ANNUAL,,MITECO,"MITECO - ""5. Factores Mix Eléctricos"" ""Etiquetado restante de Comercializadoras que no han efectuado GdO""",,0,0,ALCANCE 2,fallback_reason=None; proxy_geography=None,Energia_Base_Maestra_y_Contrato_FINAL.xlsx,Factores
ENE_86C34BBC364B38,ESPAÑA,,ELECTRICIDAD,SUMINISTRO COMERCIALIZADORA,SIN GDO,,ADELFAS ENERGIA SL,kWh,2025,,2025,0,kgCO2e/kWh,ANNUAL,,MITECO,"MITECO - ""5. Factores Mix Eléctricos"" ""Etiquetado restante de Comercializadoras que no han efectuado GdO""",,0,0,ALCANCE 2,fallback_reason=None; proxy_geography=None,Energia_Base_Maestra_y_Contrato_FINAL.xlsx,Factores
ENE_BFB32AA5DF74BC,ESPAÑA,,ELECTRICIDAD,SUMINISTRO COMERCIALIZADORA,SIN GDO,,ADELFAS ENERGIA SL,kWh,2026,,2025,0,kgCO2e/kWh,ANNUAL,,MITECO,"MITECO - ""5. Factores Mix Eléctricos"" ""Etiquetado restante de Comercializadoras que no han efectuado GdO""",,1,0,ALCANCE 2,fallback_reason=Último factor disponible para esta comercializadora y etiquetado; proxy_geography=None,Energia_Base_Maestra_y_Contrato_FINAL.xlsx,Factores
ENE_376C66E8E2353C,ESPAÑA,,ELECTRICIDAD,SUMINISTRO COMERCIALIZADORA,SIN GDO,,ADS ENERGY 8.0 SL,kWh,2022,,2022,0.001,kgCO2e/kWh,ANNUAL,,MITECO,"MITECO - ""5. Factores Mix Eléctricos"" ""Etiquetado restante de Comercializadoras que no han efectuado GdO""",,0,0,ALCANCE 2,fallback_reason=None; proxy_geography=None,Energia_Base_Maestra_y_Contrato_FINAL.xlsx,Factores
ENE_B5D4B88858D1FA,ESPAÑA,,ELECTRICIDAD,SUMINISTRO COMERCIALIZADORA,SIN GDO,,ADS ENERGY 8.0 SL,kWh,2025,,2025,0,kgCO2e/kWh,ANNUAL,,MITECO,"MITECO - ""5. Factores Mix Eléctricos"" ""Etiquetado restante de Comercializadoras que no han efectuado GdO""",,0,0,ALCANCE 2,fallback_reason=None; proxy_geography=None,Energia_Base_Maestra_y_Contrato_FINAL.xlsx,Factores
ENE_3B7D80D7A3F72F,ESPAÑA,,ELECTRICIDAD,SUMINISTRO COMERCIALIZADORA,SIN GDO,,ADS ENERGY 8.0 SL,kWh,2026,,2025,0,kgCO2e/kWh,ANNUAL,,MITECO,"MITECO - ""5. Factores Mix Eléctricos"" ""Etiquetado restante de Comercializadoras que no han efectuado GdO""",,1,0,ALCANCE 2,fallback_reason=Último factor disponible para esta comercializadora y etiquetado; proxy_geography=None,Energia_Base_Maestra_y_Contrato_FINAL.xlsx,Factores
ENE_93657564609F9A,ESPAÑA,,ELECTRICIDAD,SUMINISTRO COMERCIALIZADORA,CON GDO,,"ADX RENOVABLES, S.L.",kWh,2023,,2023,0,kgCO2e/kWh,ANNUAL,,MITECO,"MITECO - ""5. Factores Mix Eléctricos"" ""Etiquetado restante de Comercializadoras que han efectuado GdO""",,0,0,ALCANCE 2,fallback_reason=None; proxy_geography=None,Energia_Base_Maestra_y_Contrato_FINAL.xlsx,Factores
ENE_C7BB9655F2AF16,ESPAÑA,,ELECTRICIDAD,SUMINISTRO COMERCIALIZADORA,CON GDO,,"ADX RENOVABLES, S.L.",kWh,2024,,2024,0.283,kgCO2e/kWh,ANNUAL,,MITECO,"MITECO - ""5. Factores Mix Eléctricos"" ""Etiquetado restante de Comercializadoras que han efectuado GdO""",,0,0,ALCANCE 2,fallback_reason=None; proxy_geography=None,Energia_Base_Maestra_y_Contrato_FINAL.xlsx,Factores
ENE_23E7BE75FB6E34,ESPAÑA,,ELECTRICIDAD,SUMINISTRO COMERCIALIZADORA,CON GDO,,"ADX RENOVABLES, S.L.",kWh,2025,,2025,0.258,kgCO2e/kWh,ANNUAL,,MITECO,"MITECO - ""5. Factores Mix Eléctricos"" ""Etiquetado restante de Comercializadoras que han efectuado GdO""",,0,0,ALCANCE 2,fallback_reason=None; proxy_geography=None,Energia_Base_Maestra_y_Contrato_FINAL.xlsx,Factores
ENE_46C3D7EF24A0B9,ESPAÑA,,ELECTRICIDAD,SUMINISTRO COMERCIALIZADORA,CON GDO,,"ADX RENOVABLES, S.L.",kWh,2026,,2025,0.258,kgCO2e/kWh,ANNUAL,,MITECO,"MITECO - ""5. Factores Mix Eléctricos"" ""Etiquetado restante de Comercializadoras que han efectuado GdO""",,1,0,ALCANCE 2,fallback_reason=Último factor disponible para esta comercializadora y etiquetado; proxy_geography=None,Energia_Base_Maestra_y_Contrato_FINAL.xlsx,Factores
ENE_6EFA53FBFBFA7D,ESPAÑA,,ELECTRICIDAD,SUMINISTRO COMERCIALIZADORA,SIN GDO,,"AED ENERGIA ELECTRICA, S.L.",kWh,2022,,2022,0,kgCO2e/kWh,ANNUAL,,MITECO,"MITECO - ""5. Factores Mix Eléctricos"" ""Etiquetado restante de Comercializadoras que no han efectuado GdO""",,0,0,ALCANCE 2,fallback_reason=None; proxy_geography=None,Energia_Base_Maestra_y_Contrato_FINAL.xlsx,Factores
ENE_85F9F6951B4ED3,ESPAÑA,,ELECTRICIDAD,SUMINISTRO COMERCIALIZADORA,SIN GDO,,"AED ENERGIA ELECTRICA, S.L.",kWh,2023,,2023,0,kgCO2e/kWh,ANNUAL,,MITECO,"MITECO - ""5. Factores Mix Eléctricos"" ""Etiquetado restante de Comercializadoras que no han efectuado GdO""",,0,0,ALCANCE 2,fallback_reason=None; proxy_geography=None,Energia_Base_Maestra_y_Contrato_FINAL.xlsx,Factores
ENE_3C3AFC43576BF6,ESPAÑA,,ELECTRICIDAD,SUMINISTRO COMERCIALIZADORA,SIN GDO,,"AED ENERGIA ELECTRICA, S.L.",kWh,2024,,2024,0,kgCO2e/kWh,ANNUAL,,MITECO,"MITECO - ""5. Factores Mix Eléctricos"" ""Etiquetado restante de Comercializadoras que no han efectuado GdO""",,0,0,ALCANCE 2,fallback_reason=None; proxy_geography=None,Energia_Base_Maestra_y_Contrato_FINAL.xlsx,Factores
ENE_7DD3ADFE2BFB42,ESPAÑA,,ELECTRICIDAD,SUMINISTRO COMERCIALIZADORA,SIN GDO,,"AED ENERGIA ELECTRICA, S.L.",kWh,2025,,2025,0,kgCO2e/kWh,ANNUAL,,MITECO,"MITECO - ""5. Factores Mix Eléctricos"" ""Etiquetado restante de Comercializadoras que no han efectuado GdO""",,0,0,ALCANCE 2,fallback_reason=None; proxy_geography=None,Energia_Base_Maestra_y_Contrato_FINAL.xlsx,Factores
ENE_F6634C2A38A149,ESPAÑA,,ELECTRICIDAD,SUMINISTRO COMERCIALIZADORA,SIN GDO,,"AED ENERGIA ELECTRICA, S.L.",kWh,2026,,2025,0,kgCO2e/kWh,ANNUAL,,MITECO,"MITECO - ""5. Factores Mix Eléctricos"" ""Etiquetado restante de Comercializadoras que no han efectuado GdO""",,1,0,ALCANCE 2,fallback_reason=Último factor disponible para esta comercializadora y etiquetado; proxy_geography=None,Energia_Base_Maestra_y_Contrato_FINAL.xlsx,Factores
ENE_996C54256BC463,ESPAÑA,,ELECTRICIDAD,SUMINISTRO COMERCIALIZADORA,CON GDO,,"AGRI-ENERGIA, S.A.",kWh,2022,,2022,0.215,kgCO2e/kWh,ANNUAL,,MITECO,"MITECO - ""5. Factores Mix Eléctricos"" ""Etiquetado restante de Comercializadoras que han efectuado GdO""",,0,0,ALCANCE 2,fallback_reason=None; proxy_geography=None,Energia_Base_Maestra_y_Contrato_FINAL.xlsx,Factores
ENE_E7CC09AC500DAD,ESPAÑA,,ELECTRICIDAD,SUMINISTRO COMERCIALIZADORA,CON GDO,,"AGRI-ENERGIA, S.A.",kWh,2023,,2023,0.24,kgCO2e/kWh,ANNUAL,,MITECO,"MITECO - ""5. Factores Mix Eléctricos"" ""Etiquetado restante de Comercializadoras que han efectuado GdO""",,0,0,ALCANCE 2,fallback_reason=None; proxy_geography=None,Energia_Base_Maestra_y_Contrato_FINAL.xlsx,Factores
ENE_5B32F5E00972AF,ESPAÑA,,ELECTRICIDAD,SUMINISTRO COMERCIALIZADORA,CON GDO,,"AGRI-ENERGIA, S.A.",kWh,2024,,2024,0,kgCO2e/kWh,ANNUAL,,MITECO,"MITECO - ""5. Factores Mix Eléctricos"" ""Etiquetado restante de Comercializadoras que han efectuado GdO""",,0,0,ALCANCE 2,fallback_reason=None; proxy_geography=None,Energia_Base_Maestra_y_Contrato_FINAL.xlsx,Factores
ENE_39EB51FFB19C42,ESPAÑA,,ELECTRICIDAD,SUMINISTRO COMERCIALIZADORA,CON GDO,,"AGRI-ENERGIA, S.A.",kWh,2025,,2025,0,kgCO2e/kWh,ANNUAL,,MITECO,"MITECO - ""5. Factores Mix Eléctricos"" ""Etiquetado restante de Comercializadoras que han efectuado GdO""",,0,0,ALCANCE 2,fallback_reason=None; proxy_geography=None,Energia_Base_Maestra_y_Contrato_FINAL.xlsx,Factores
ENE_FDF4A43311F072,ESPAÑA,,ELECTRICIDAD,SUMINISTRO COMERCIALIZADORA,CON GDO,,"AGRI-ENERGIA, S.A.",kWh,2026,,2025,0,kgCO2e/kWh,ANNUAL,,MITECO,"MITECO - ""5. Factores Mix Eléctricos"" ""Etiquetado restante de Comercializadoras que han efectuado GdO""",,1,0,ALCANCE 2,fallback_reason=Último factor disponible para esta comercializadora y etiquetado; proxy_geography=None,Energia_Base_Maestra_y_Contrato_FINAL.xlsx,Factores
ENE_90BAA0B282FF22,ESPAÑA,,ELECTRICIDAD,SUMINISTRO COMERCIALIZADORA,CON GDO,,"AHORA LUZ ENERGIA, S.L.",kWh,2024,,2024,0,kgCO2e/kWh,ANNUAL,,MITECO,"MITECO - ""5. Factores Mix Eléctricos"" ""Etiquetado restante de Comercializadoras que han efectuado GdO""",,0,0,ALCANCE 2,fallback_reason=None; proxy_geography=None,Energia_Base_Maestra_y_Contrato_FINAL.xlsx,Factores
ENE_B8B4B11C829DB9,ESPAÑA,,ELECTRICIDAD,SUMINISTRO COMERCIALIZADORA,CON GDO,,"AHORA LUZ ENERGIA, S.L.",kWh,2026,,2024,0,kgCO2e/kWh,ANNUAL,,MITECO,"MITECO - ""5. Factores Mix Eléctricos"" ""Etiquetado restante de Comercializadoras que han efectuado GdO""",,1,0,ALCANCE 2,fallback_reason=Último factor disponible para esta comercializadora y etiquetado; proxy_geography=None,Energia_Base_Maestra_y_Contrato_FINAL.xlsx,Factores
ENE_D3945C116D53B6,ESPAÑA,,ELECTRICIDAD,SUMINISTRO COMERCIALIZADORA,SIN GDO,,"AHORA LUZ ENERGIA, S.L.",kWh,2025,,2025,0,kgCO2e/kWh,ANNUAL,,MITECO,"MITECO - ""5. Factores Mix Eléctricos"" ""Etiquetado restante de Comercializadoras que no han efectuado GdO""",,0,0,ALCANCE 2,fallback_reason=None; proxy_geography=None,Energia_Base_Maestra_y_Contrato_FINAL.xlsx,Factores
ENE_0DEA19F3FD9A09,ESPAÑA,,ELECTRICIDAD,SUMINISTRO COMERCIALIZADORA,SIN GDO,,"AHORA LUZ ENERGIA, S.L.",kWh,2026,,2025,0,kgCO2e/kWh,ANNUAL,,MITECO,"MITECO - ""5. Factores Mix Eléctricos"" ""Etiquetado restante de Comercializadoras que no han efectuado GdO""",,1,0,ALCANCE 2,fallback_reason=Último factor disponible para esta comercializadora y etiquetado; proxy_geography=None,Energia_Base_Maestra_y_Contrato_FINAL.xlsx,Factores
ENE_FBA69BAA3CCDDB,ESPAÑA,,ELECTRICIDAD,SUMINISTRO COMERCIALIZADORA,CON GDO,,AHORRELUZ SERVICIOS ONLINE S.L,kWh,2022,,2022,0.252,kgCO2e/kWh,ANNUAL,,MITECO,"MITECO - ""5. Factores Mix Eléctricos"" ""Etiquetado restante de Comercializadoras que han efectuado GdO""",,0,0,ALCANCE 2,fallback_reason=None; proxy_geography=None,Energia_Base_Maestra_y_Contrato_FINAL.xlsx,Factores
ENE_23726A27684A44,ESPAÑA,,ELECTRICIDAD,SUMINISTRO COMERCIALIZADORA,CON GDO,,AHORRELUZ SERVICIOS ONLINE S.L,kWh,2023,,2023,0.26,kgCO2e/kWh,ANNUAL,,MITECO,"MITECO - ""5. Factores Mix Eléctricos"" ""Etiquetado restante de Comercializadoras que han efectuado GdO""",,0,0,ALCANCE 2,fallback_reason=None; proxy_geography=None,Energia_Base_Maestra_y_Contrato_FINAL.xlsx,Factores
ENE_1F828A688F5A06,ESPAÑA,,ELECTRICIDAD,SUMINISTRO COMERCIALIZADORA,CON GDO,,AHORRELUZ SERVICIOS ONLINE S.L,kWh,2024,,2024,0.283,kgCO2e/kWh,ANNUAL,,MITECO,"MITECO - ""5. Factores Mix Eléctricos"" ""Etiquetado restante de Comercializadoras que han efectuado GdO""",,0,0,ALCANCE 2,fallback_reason=None; proxy_geography=None,Energia_Base_Maestra_y_Contrato_FINAL.xlsx,Factores
ENE_4E9129603F2C5A,ESPAÑA,,ELECTRICIDAD,SUMINISTRO COMERCIALIZADORA,CON GDO,,AHORRELUZ SERVICIOS ONLINE S.L,kWh,2025,,2025,0.258,kgCO2e/kWh,ANNUAL,,MITECO,"MITECO - ""5. Factores Mix Eléctricos"" ""Etiquetado restante de Comercializadoras que han efectuado GdO""",,0,0,ALCANCE 2,fallback_reason=None; proxy_geography=None,Energia_Base_Maestra_y_Contrato_FINAL.xlsx,Factores
ENE_9BB1FA78E3EF09,ESPAÑA,,ELECTRICIDAD,SUMINISTRO COMERCIALIZADORA,CON GDO,,AHORRELUZ SERVICIOS ONLINE S.L,kWh,2026,,2025,0.258,kgCO2e/kWh,ANNUAL,,MITECO,"MITECO - ""5. Factores Mix Eléctricos"" ""Etiquetado restante de Comercializadoras que han efectuado GdO""",,1,0,ALCANCE 2,fallback_reason=Último factor disponible para esta comercializadora y etiquetado; proxy_geography=None,Energia_Base_Maestra_y_Contrato_FINAL.xlsx,Factores
ENE_D98D82C35C6F40,ESPAÑA,,ELECTRICIDAD,SUMINISTRO COMERCIALIZADORA,CON GDO,,AIRE LIMPIO SL,kWh,2023,,2023,0.236,kgCO2e/kWh,ANNUAL,,MITECO,"MITECO - ""5. Factores Mix Eléctricos"" ""Etiquetado restante de Comercializadoras que han efectuado GdO""",,0,0,ALCANCE 2,fallback_reason=None; proxy_geography=None,Energia_Base_Maestra_y_Contrato_FINAL.xlsx,Factores
ENE_1F4F9F1F689FB3,ESPAÑA,,ELECTRICIDAD,SUMINISTRO COMERCIALIZADORA,CON GDO,,AIRE LIMPIO SL,kWh,2024,,2024,0.283,kgCO2e/kWh,ANNUAL,,MITECO,"MITECO - ""5. Factores Mix Eléctricos"" ""Etiquetado restante de Comercializadoras que han efectuado GdO""",,0,0,ALCANCE 2,fallback_reason=None; proxy_geography=None,Energia_Base_Maestra_y_Contrato_FINAL.xlsx,Factores
ENE_19E118D06CF755,ESPAÑA,,ELECTRICIDAD,SUMINISTRO COMERCIALIZADORA,CON GDO,,AIRE LIMPIO SL,kWh,2025,,2025,0.256,kgCO2e/kWh,ANNUAL,,MITECO,"MITECO - ""5. Factores Mix Eléctricos"" ""Etiquetado restante de Comercializadoras que han efectuado GdO""",,0,0,ALCANCE 2,fallback_reason=None; proxy_geography=None,Energia_Base_Maestra_y_Contrato_FINAL.xlsx,Factores
ENE_B124A4B2C51A72,ESPAÑA,,ELECTRICIDAD,SUMINISTRO COMERCIALIZADORA,CON GDO,,AIRE LIMPIO SL,kWh,2026,,2025,0.256,kgCO2e/kWh,ANNUAL,,MITECO,"MITECO - ""5. Factores Mix Eléctricos"" ""Etiquetado restante de Comercializadoras que han efectuado GdO""",,1,0,ALCANCE 2,fallback_reason=Último factor disponible para esta comercializadora y etiquetado; proxy_geography=None,Energia_Base_Maestra_y_Contrato_FINAL.xlsx,Factores
ENE_84F016BADD1369,ESPAÑA,,ELECTRICIDAD,SUMINISTRO COMERCIALIZADORA,SIN GDO,,"AIZEN ENERGIA SOSTENIBLE Y RENOVABLE, S.L.",kWh,2025,,2025,0,kgCO2e/kWh,ANNUAL,,MITECO,"MITECO - ""5. Factores Mix Eléctricos"" ""Etiquetado restante de Comercializadoras que no han efectuado GdO""",,0,0,ALCANCE 2,fallback_reason=None; proxy_geography=None,Energia_Base_Maestra_y_Contrato_FINAL.xlsx,Factores
ENE_48CD046BFDF4DA,ESPAÑA,,ELECTRICIDAD,SUMINISTRO COMERCIALIZADORA,SIN GDO,,"AIZEN ENERGIA SOSTENIBLE Y RENOVABLE, S.L.",kWh,2026,,2025,0,kgCO2e/kWh,ANNUAL,,MITECO,"MITECO - ""5. Factores Mix Eléctricos"" ""Etiquetado restante de Comercializadoras que no han efectuado GdO""",,1,0,ALCANCE 2,fallback_reason=Último factor disponible para esta comercializadora y etiquetado; proxy_geography=None,Energia_Base_Maestra_y_Contrato_FINAL.xlsx,Factores
ENE_19B64119B72F1E,ESPAÑA,,ELECTRICIDAD,SUMINISTRO COMERCIALIZADORA,CON GDO,,"ALCANZIA ENERGIA, S.L.",kWh,2022,,2022,0.272,kgCO2e/kWh,ANNUAL,,MITECO,"MITECO - ""5. Factores Mix Eléctricos"" ""Etiquetado restante de Comercializadoras que han efectuado GdO""",,0,0,ALCANCE 2,fallback_reason=None; proxy_geography=None,Energia_Base_Maestra_y_Contrato_FINAL.xlsx,Factores
ENE_95476BEE4C8361,ESPAÑA,,ELECTRICIDAD,SUMINISTRO COMERCIALIZADORA,CON GDO,,"ALCANZIA ENERGIA, S.L.",kWh,2023,,2023,0.26,kgCO2e/kWh,ANNUAL,,MITECO,"MITECO - ""5. Factores Mix Eléctricos"" ""Etiquetado restante de Comercializadoras que han efectuado GdO""",,0,0,ALCANCE 2,fallback_reason=None; proxy_geography=None,Energia_Base_Maestra_y_Contrato_FINAL.xlsx,Factores
ENE_AF676A2E984A94,ESPAÑA,,ELECTRICIDAD,SUMINISTRO COMERCIALIZADORA,CON GDO,,"ALCANZIA ENERGIA, S.L.",kWh,2024,,2024,0.283,kgCO2e/kWh,ANNUAL,,MITECO,"MITECO - ""5. Factores Mix Eléctricos"" ""Etiquetado restante de Comercializadoras que han efectuado GdO""",,0,0,ALCANCE 2,fallback_reason=None; proxy_geography=None,Energia_Base_Maestra_y_Contrato_FINAL.xlsx,Factores
ENE_0A9CA7766359CF,ESPAÑA,,ELECTRICIDAD,SUMINISTRO COMERCIALIZADORA,CON GDO,,"ALCANZIA ENERGIA, S.L.",kWh,2025,,2025,0.258,kgCO2e/kWh,ANNUAL,,MITECO,"MITECO - ""5. Factores Mix Eléctricos"" ""Etiquetado restante de Comercializadoras que han efectuado GdO""",,0,0,ALCANCE 2,fallback_reason=None; proxy_geography=None,Energia_Base_Maestra_y_Contrato_FINAL.xlsx,Factores
ENE_845DB803891E6D,ESPAÑA,,ELECTRICIDAD,SUMINISTRO COMERCIALIZADORA,CON GDO,,"ALCANZIA ENERGIA, S.L.",kWh,2026,,2025,0.258,kgCO2e/kWh,ANNUAL,,MITECO,"MITECO - ""5. Factores Mix Eléctricos"" ""Etiquetado restante de Comercializadoras que han efectuado GdO""",,1,0,ALCANCE 2,fallback_reason=Último factor disponible para esta comercializadora y etiquetado; proxy_geography=None,Energia_Base_Maestra_y_Contrato_FINAL.xlsx,Factores
ENE_69008B960DB0E4,ESPAÑA,,ELECTRICIDAD,SUMINISTRO COMERCIALIZADORA,SIN GDO,,"ALDEA CLIENTES, S.L.",kWh,2025,,2025,0,kgCO2e/kWh,ANNUAL,,MITECO,"MITECO - ""5. Factores Mix Eléctricos"" ""Etiquetado restante de Comercializadoras que no han efectuado GdO""",,0,0,ALCANCE 2,fallback_reason=None; proxy_geography=None,Energia_Base_Maestra_y_Contrato_FINAL.xlsx,Factores
ENE_FDF1B9C55CCE40,ESPAÑA,,ELECTRICIDAD,SUMINISTRO COMERCIALIZADORA,SIN GDO,,"ALDEA CLIENTES, S.L.",kWh,2026,,2025,0,kgCO2e/kWh,ANNUAL,,MITECO,"MITECO - ""5. Factores Mix Eléctricos"" ""Etiquetado restante de Comercializadoras que no han efectuado GdO""",,1,0,ALCANCE 2,fallback_reason=Último factor disponible para esta comercializadora y etiquetado; proxy_geography=None,Energia_Base_Maestra_y_Contrato_FINAL.xlsx,Factores
ENE_BAA1C800224885,ESPAÑA,,ELECTRICIDAD,SUMINISTRO COMERCIALIZADORA,SIN GDO,,"ALDERAAN ENERGIA, S.L.",kWh,2023,,2023,0,kgCO2e/kWh,ANNUAL,,MITECO,"MITECO - ""5. Factores Mix Eléctricos"" ""Etiquetado restante de Comercializadoras que no han efectuado GdO""",,0,0,ALCANCE 2,fallback_reason=None; proxy_geography=None,Energia_Base_Maestra_y_Contrato_FINAL.xlsx,Factores
ENE_A0D48D3EA8F892,ESPAÑA,,ELECTRICIDAD,SUMINISTRO COMERCIALIZADORA,SIN GDO,,"ALDERAAN ENERGIA, S.L.",kWh,2026,,2023,0,kgCO2e/kWh,ANNUAL,,MITECO,"MITECO - ""5. Factores Mix Eléctricos"" ""Etiquetado restante de Comercializadoras que no han efectuado GdO""",,1,0,ALCANCE 2,fallback_reason=Último factor disponible para esta comercializadora y etiquetado; proxy_geography=None,Energia_Base_Maestra_y_Contrato_FINAL.xlsx,Factores
ENE_BC88B33C76A2BD,ESPAÑA,,ELECTRICIDAD,SUMINISTRO COMERCIALIZADORA,SIN GDO,,ALIO ENERGIA SL,kWh,2025,,2025,0,kgCO2e/kWh,ANNUAL,,MITECO,"MITECO - ""5. Factores Mix Eléctricos"" ""Etiquetado restante de Comercializadoras que no han efectuado GdO""",,0,0,ALCANCE 2,fallback_reason=None; proxy_geography=None,Energia_Base_Maestra_y_Contrato_FINAL.xlsx,Factores
ENE_D9AC76BC5026F2,ESPAÑA,,ELECTRICIDAD,SUMINISTRO COMERCIALIZADORA,SIN GDO,,ALIO ENERGIA SL,kWh,2026,,2025,0,kgCO2e/kWh,ANNUAL,,MITECO,"MITECO - ""5. Factores Mix Eléctricos"" ""Etiquetado restante de Comercializadoras que no han efectuado GdO""",,1,0,ALCANCE 2,fallback_reason=Último factor disponible para esta comercializadora y etiquetado; proxy_geography=None,Energia_Base_Maestra_y_Contrato_FINAL.xlsx,Factores
ENE_44F2C6692E6FED,ESPAÑA,,ELECTRICIDAD,SUMINISTRO COMERCIALIZADORA,CON GDO,,"ALPEX IBERICA DE ENERGIA, S.L.U",kWh,2024,,2024,0.283,kgCO2e/kWh,ANNUAL,,MITECO,"MITECO - ""5. Factores Mix Eléctricos"" ""Etiquetado restante de Comercializadoras que han efectuado GdO""",,0,0,ALCANCE 2,fallback_reason=None; proxy_geography=None,Energia_Base_Maestra_y_Contrato_FINAL.xlsx,Factores
ENE_448BB2A2DA9026,ESPAÑA,,ELECTRICIDAD,SUMINISTRO COMERCIALIZADORA,CON GDO,,"ALPEX IBERICA DE ENERGIA, S.L.U",kWh,2025,,2025,0.258,kgCO2e/kWh,ANNUAL,,MITECO,"MITECO - ""5. Factores Mix Eléctricos"" ""Etiquetado restante de Comercializadoras que han efectuado GdO""",,0,0,ALCANCE 2,fallback_reason=None; proxy_geography=None,Energia_Base_Maestra_y_Contrato_FINAL.xlsx,Factores
ENE_24A68B1B360C50,ESPAÑA,,ELECTRICIDAD,SUMINISTRO COMERCIALIZADORA,CON GDO,,"ALPEX IBERICA DE ENERGIA, S.L.U",kWh,2026,,2025,0.258,kgCO2e/kWh,ANNUAL,,MITECO,"MITECO - ""5. Factores Mix Eléctricos"" ""Etiquetado restante de Comercializadoras que han efectuado GdO""",,1,0,ALCANCE 2,fallback_reason=Último factor disponible para esta comercializadora y etiquetado; proxy_geography=None,Energia_Base_Maestra_y_Contrato_FINAL.xlsx,Factores
ENE_33B31EBD0F63C7,ESPAÑA,,ELECTRICIDAD,SUMINISTRO COMERCIALIZADORA,CON GDO,,ALPIQ ENERGIA ESPAÑA SAU,kWh,2022,,2022,0.272,kgCO2e/kWh,ANNUAL,,MITECO,"MITECO - ""5. Factores Mix Eléctricos"" ""Etiquetado restante de Comercializadoras que han efectuado GdO""",,0,0,ALCANCE 2,fallback_reason=None; proxy_geography=None,Energia_Base_Maestra_y_Contrato_FINAL.xlsx,Factores
ENE_D745C190233D10,ESPAÑA,,ELECTRICIDAD,SUMINISTRO COMERCIALIZADORA,CON GDO,,ALPIQ ENERGIA ESPAÑA SAU,kWh,2023,,2023,0.259,kgCO2e/kWh,ANNUAL,,MITECO,"MITECO - ""5. Factores Mix Eléctricos"" ""Etiquetado restante de Comercializadoras que han efectuado GdO""",,0,0,ALCANCE 2,fallback_reason=None; proxy_geography=None,Energia_Base_Maestra_y_Contrato_FINAL.xlsx,Factores
ENE_81EC2B6C39C6B3,ESPAÑA,,ELECTRICIDAD,SUMINISTRO COMERCIALIZADORA,CON GDO,,ALPIQ ENERGIA ESPAÑA SAU,kWh,2024,,2024,0.262,kgCO2e/kWh,ANNUAL,,MITECO,"MITECO - ""5. Factores Mix Eléctricos"" ""Etiquetado restante de Comercializadoras que han efectuado GdO""",,0,0,ALCANCE 2,fallback_reason=None; proxy_geography=None,Energia_Base_Maestra_y_Contrato_FINAL.xlsx,Factores
ENE_63C0306E5744FC,ESPAÑA,,ELECTRICIDAD,SUMINISTRO COMERCIALIZADORA,CON GDO,,ALPIQ ENERGIA ESPAÑA SAU,kWh,2025,,2025,0.256,kgCO2e/kWh,ANNUAL,,MITECO,"MITECO - ""5. Factores Mix Eléctricos"" ""Etiquetado restante de Comercializadoras que han efectuado GdO""",,0,0,ALCANCE 2,fallback_reason=None; proxy_geography=None,Energia_Base_Maestra_y_Contrato_FINAL.xlsx,Factores
ENE_888CE9C98704A9,ESPAÑA,,ELECTRICIDAD,SUMINISTRO COMERCIALIZADORA,CON GDO,,ALPIQ ENERGIA ESPAÑA SAU,kWh,2026,,2025,0.256,kgCO2e/kWh,ANNUAL,,MITECO,"MITECO - ""5. Factores Mix Eléctricos"" ""Etiquetado restante de Comercializadoras que han efectuado GdO""",,1,0,ALCANCE 2,fallback_reason=Último factor disponible para esta comercializadora y etiquetado; proxy_geography=None,Energia_Base_Maestra_y_Contrato_FINAL.xlsx,Factores
ENE_9B651AB7CBCF4D,ESPAÑA,,ELECTRICIDAD,SUMINISTRO COMERCIALIZADORA,CON GDO,,ALQUILER SEGURO ENERGÍA S.A.,kWh,2024,,2024,0.282,kgCO2e/kWh,ANNUAL,,MITECO,"MITECO - ""5. Factores Mix Eléctricos"" ""Etiquetado restante de Comercializadoras que han efectuado GdO""",,0,0,ALCANCE 2,fallback_reason=None; proxy_geography=None,Energia_Base_Maestra_y_Contrato_FINAL.xlsx,Factores
ENE_096E0705CC0B04,ESPAÑA,,ELECTRICIDAD,SUMINISTRO COMERCIALIZADORA,CON GDO,,ALQUILER SEGURO ENERGÍA S.A.,kWh,2025,,2025,0.257,kgCO2e/kWh,ANNUAL,,MITECO,"MITECO - ""5. Factores Mix Eléctricos"" ""Etiquetado restante de Comercializadoras que han efectuado GdO""",,0,0,ALCANCE 2,fallback_reason=None; proxy_geography=None,Energia_Base_Maestra_y_Contrato_FINAL.xlsx,Factores
ENE_768A9FFFF74B7F,ESPAÑA,,ELECTRICIDAD,SUMINISTRO COMERCIALIZADORA,CON GDO,,ALQUILER SEGURO ENERGÍA S.A.,kWh,2026,,2025,0.257,kgCO2e/kWh,ANNUAL,,MITECO,"MITECO - ""5. Factores Mix Eléctricos"" ""Etiquetado restante de Comercializadoras que han efectuado GdO""",,1,0,ALCANCE 2,fallback_reason=Último factor disponible para esta comercializadora y etiquetado; proxy_geography=None,Energia_Base_Maestra_y_Contrato_FINAL.xlsx,Factores
ENE_79797848566C8D,ESPAÑA,,ELECTRICIDAD,SUMINISTRO COMERCIALIZADORA,SIN GDO,,"ALUMBRA CORPORACIÓN, S.L.",kWh,2022,,2022,0,kgCO2e/kWh,ANNUAL,,MITECO,"MITECO - ""5. Factores Mix Eléctricos"" ""Etiquetado restante de Comercializadoras que no han efectuado GdO""",,0,0,ALCANCE 2,fallback_reason=None; proxy_geography=None,Energia_Base_Maestra_y_Contrato_FINAL.xlsx,Factores
ENE_E0F329D0902F50,ESPAÑA,,ELECTRICIDAD,SUMINISTRO COMERCIALIZADORA,SIN GDO,,"ALUMBRA CORPORACIÓN, S.L.",kWh,2023,,2023,0,kgCO2e/kWh,ANNUAL,,MITECO,"MITECO - ""5. Factores Mix Eléctricos"" ""Etiquetado restante de Comercializadoras que no han efectuado GdO""",,0,0,ALCANCE 2,fallback_reason=None; proxy_geography=None,Energia_Base_Maestra_y_Contrato_FINAL.xlsx,Factores
ENE_80D6848E7A8F4F,ESPAÑA,,ELECTRICIDAD,SUMINISTRO COMERCIALIZADORA,SIN GDO,,"ALUMBRA CORPORACIÓN, S.L.",kWh,2024,,2024,0,kgCO2e/kWh,ANNUAL,,MITECO,"MITECO - ""5. Factores Mix Eléctricos"" ""Etiquetado restante de Comercializadoras que no han efectuado GdO""",,0,0,ALCANCE 2,fallback_reason=None; proxy_geography=None,Energia_Base_Maestra_y_Contrato_FINAL.xlsx,Factores
ENE_97093FF61F80EC,ESPAÑA,,ELECTRICIDAD,SUMINISTRO COMERCIALIZADORA,SIN GDO,,"ALUMBRA CORPORACIÓN, S.L.",kWh,2025,,2025,0,kgCO2e/kWh,ANNUAL,,MITECO,"MITECO - ""5. Factores Mix Eléctricos"" ""Etiquetado restante de Comercializadoras que no han efectuado GdO""",,0,0,ALCANCE 2,fallback_reason=None; proxy_geography=None,Energia_Base_Maestra_y_Contrato_FINAL.xlsx,Factores
ENE_82BCABCFF79C14,ESPAÑA,,ELECTRICIDAD,SUMINISTRO COMERCIALIZADORA,SIN GDO,,"ALUMBRA CORPORACIÓN, S.L.",kWh,2026,,2025,0,kgCO2e/kWh,ANNUAL,,MITECO,"MITECO - ""5. Factores Mix Eléctricos"" ""Etiquetado restante de Comercializadoras que no han efectuado GdO""",,1,0,ALCANCE 2,fallback_reason=Último factor disponible para esta comercializadora y etiquetado; proxy_geography=None,Energia_Base_Maestra_y_Contrato_FINAL.xlsx,Factores
ENE_AAD4455F6A7C44,ESPAÑA,,ELECTRICIDAD,SUMINISTRO COMERCIALIZADORA,SIN GDO,,"AMPERIOS ENERGY TRADE, S.L.",kWh,2022,,2022,0,kgCO2e/kWh,ANNUAL,,MITECO,"MITECO - ""5. Factores Mix Eléctricos"" ""Etiquetado restante de Comercializadoras que no han efectuado GdO""",,0,0,ALCANCE 2,fallback_reason=None; proxy_geography=None,Energia_Base_Maestra_y_Contrato_FINAL.xlsx,Factores
ENE_7D20EADC7CCCA8,ESPAÑA,,ELECTRICIDAD,SUMINISTRO COMERCIALIZADORA,SIN GDO,,"AMPERIOS ENERGY TRADE, S.L.",kWh,2026,,2022,0,kgCO2e/kWh,ANNUAL,,MITECO,"MITECO - ""5. Factores Mix Eléctricos"" ""Etiquetado restante de Comercializadoras que no han efectuado GdO""",,1,0,ALCANCE 2,fallback_reason=Último factor disponible para esta comercializadora y etiquetado; proxy_geography=None,Energia_Base_Maestra_y_Contrato_FINAL.xlsx,Factores
ENE_F80877142C214A,ESPAÑA,,ELECTRICIDAD,SUMINISTRO COMERCIALIZADORA,SIN GDO,,ANTEA ENERGIA COMERCIALIZADORA SL,kWh,2023,,2023,0.215,kgCO2e/kWh,ANNUAL,,MITECO,"MITECO - ""5. Factores Mix Eléctricos"" ""Etiquetado restante de Comercializadoras que no han efectuado GdO""",,0,0,ALCANCE 2,fallback_reason=None; proxy_geography=None,Energia_Base_Maestra_y_Contrato_FINAL.xlsx,Factores
ENE_113DE4EA22731F,ESPAÑA,,ELECTRICIDAD,SUMINISTRO COMERCIALIZADORA,SIN GDO,,ANTEA ENERGIA COMERCIALIZADORA SL,kWh,2026,,2023,0.215,kgCO2e/kWh,ANNUAL,,MITECO,"MITECO - ""5. Factores Mix Eléctricos"" ""Etiquetado restante de Comercializadoras que no han efectuado GdO""",,1,0,ALCANCE 2,fallback_reason=Último factor disponible para esta comercializadora y etiquetado; proxy_geography=None,Energia_Base_Maestra_y_Contrato_FINAL.xlsx,Factores
ENE_FB97FAD9200A78,ESPAÑA,,ELECTRICIDAD,SUMINISTRO COMERCIALIZADORA,CON GDO,,ARACAN ENERGIA S.L.,kWh,2022,,2022,0.269,kgCO2e/kWh,ANNUAL,,MITECO,"MITECO - ""5. Factores Mix Eléctricos"" ""Etiquetado restante de Comercializadoras que han efectuado GdO""",,0,0,ALCANCE 2,fallback_reason=None; proxy_geography=None,Energia_Base_Maestra_y_Contrato_FINAL.xlsx,Factores
ENE_1F2153AA023592,ESPAÑA,,ELECTRICIDAD,SUMINISTRO COMERCIALIZADORA,CON GDO,,ARACAN ENERGIA S.L.,kWh,2023,,2023,0.26,kgCO2e/kWh,ANNUAL,,MITECO,"MITECO - ""5. Factores Mix Eléctricos"" ""Etiquetado restante de Comercializadoras que han efectuado GdO""",,0,0,ALCANCE 2,fallback_reason=None; proxy_geography=None,Energia_Base_Maestra_y_Contrato_FINAL.xlsx,Factores
ENE_EA5BCEAF572454,ESPAÑA,,ELECTRICIDAD,SUMINISTRO COMERCIALIZADORA,CON GDO,,ARACAN ENERGIA S.L.,kWh,2024,,2024,0.283,kgCO2e/kWh,ANNUAL,,MITECO,"MITECO - ""5. Factores Mix Eléctricos"" ""Etiquetado restante de Comercializadoras que han efectuado GdO""",,0,0,ALCANCE 2,fallback_reason=None; proxy_geography=None,Energia_Base_Maestra_y_Contrato_FINAL.xlsx,Factores
ENE_04F70A7D71B4B6,ESPAÑA,,ELECTRICIDAD,SUMINISTRO COMERCIALIZADORA,CON GDO,,ARACAN ENERGIA S.L.,kWh,2025,,2025,0.258,kgCO2e/kWh,ANNUAL,,MITECO,"MITECO - ""5. Factores Mix Eléctricos"" ""Etiquetado restante de Comercializadoras que han efectuado GdO""",,0,0,ALCANCE 2,fallback_reason=None; proxy_geography=None,Energia_Base_Maestra_y_Contrato_FINAL.xlsx,Factores
ENE_50472089B5D331,ESPAÑA,,ELECTRICIDAD,SUMINISTRO COMERCIALIZADORA,CON GDO,,ARACAN ENERGIA S.L.,kWh,2026,,2025,0.258,kgCO2e/kWh,ANNUAL,,MITECO,"MITECO - ""5. Factores Mix Eléctricos"" ""Etiquetado restante de Comercializadoras que han efectuado GdO""",,1,0,ALCANCE 2,fallback_reason=Último factor disponible para esta comercializadora y etiquetado; proxy_geography=None,Energia_Base_Maestra_y_Contrato_FINAL.xlsx,Factores
ENE_B5E9473B82FD4B,ESPAÑA,,ELECTRICIDAD,SUMINISTRO COMERCIALIZADORA,CON GDO,,"ARSUS ENERGIA, S.L",kWh,2022,,2022,0.273,kgCO2e/kWh,ANNUAL,,MITECO,"MITECO - ""5. Factores Mix Eléctricos"" ""Etiquetado restante de Comercializadoras que han efectuado GdO""",,0,0,ALCANCE 2,fallback_reason=None; proxy_geography=None,Energia_Base_Maestra_y_Contrato_FINAL.xlsx,Factores
ENE_18A2E3A7E5B55D,ESPAÑA,,ELECTRICIDAD,SUMINISTRO COMERCIALIZADORA,CON GDO,,"ARSUS ENERGIA, S.L",kWh,2025,,2025,0.257,kgCO2e/kWh,ANNUAL,,MITECO,"MITECO - ""5. Factores Mix Eléctricos"" ""Etiquetado restante de Comercializadoras que han efectuado GdO""",,0,0,ALCANCE 2,fallback_reason=None; proxy_geography=None,Energia_Base_Maestra_y_Contrato_FINAL.xlsx,Factores
ENE_247EB9D636B919,ESPAÑA,,ELECTRICIDAD,SUMINISTRO COMERCIALIZADORA,CON GDO,,"ARSUS ENERGIA, S.L",kWh,2026,,2025,0.257,kgCO2e/kWh,ANNUAL,,MITECO,"MITECO - ""5. Factores Mix Eléctricos"" ""Etiquetado restante de Comercializadoras que han efectuado GdO""",,1,0,ALCANCE 2,fallback_reason=Último factor disponible para esta comercializadora y etiquetado; proxy_geography=None,Energia_Base_Maestra_y_Contrato_FINAL.xlsx,Factores
ENE_0CD5618B393660,ESPAÑA,,ELECTRICIDAD,SUMINISTRO COMERCIALIZADORA,SIN GDO,,"ASSENN ENERGY, S.L.",kWh,2024,,2024,0,kgCO2e/kWh,ANNUAL,,MITECO,"MITECO - ""5. Factores Mix Eléctricos"" ""Etiquetado restante de Comercializadoras que no han efectuado GdO""",,0,0,ALCANCE 2,fallback_reason=None; proxy_geography=None,Energia_Base_Maestra_y_Contrato_FINAL.xlsx,Factores
ENE_D787CC4F14DC31,ESPAÑA,,ELECTRICIDAD,SUMINISTRO COMERCIALIZADORA,SIN GDO,,"ASSENN ENERGY, S.L.",kWh,2026,,2024,0,kgCO2e/kWh,ANNUAL,,MITECO,"MITECO - ""5. Factores Mix Eléctricos"" ""Etiquetado restante de Comercializadoras que no han efectuado GdO""",,1,0,ALCANCE 2,fallback_reason=Último factor disponible para esta comercializadora y etiquetado; proxy_geography=None,Energia_Base_Maestra_y_Contrato_FINAL.xlsx,Factores
ENE_C369F285B03FEE,ESPAÑA,,ELECTRICIDAD,SUMINISTRO COMERCIALIZADORA,SIN GDO,,"ASTRALCAD ENERGIA, S.L.",kWh,2022,,2022,0,kgCO2e/kWh,ANNUAL,,MITECO,"MITECO - ""5. Factores Mix Eléctricos"" ""Etiquetado restante de Comercializadoras que no han efectuado GdO""",,0,0,ALCANCE 2,fallback_reason=None; proxy_geography=None,Energia_Base_Maestra_y_Contrato_FINAL.xlsx,Factores
ENE_ED473941D35796,ESPAÑA,,ELECTRICIDAD,SUMINISTRO COMERCIALIZADORA,SIN GDO,,"ASTRALCAD ENERGIA, S.L.",kWh,2023,,2023,0,kgCO2e/kWh,ANNUAL,,MITECO,"MITECO - ""5. Factores Mix Eléctricos"" ""Etiquetado restante de Comercializadoras que no han efectuado GdO""",,0,0,ALCANCE 2,fallback_reason=None; proxy_geography=None,Energia_Base_Maestra_y_Contrato_FINAL.xlsx,Factores
ENE_EF2E729AC39EC7,ESPAÑA,,ELECTRICIDAD,SUMINISTRO COMERCIALIZADORA,SIN GDO,,"ASTRALCAD ENERGIA, S.L.",kWh,2024,,2024,0,kgCO2e/kWh,ANNUAL,,MITECO,"MITECO - ""5. Factores Mix Eléctricos"" ""Etiquetado restante de Comercializadoras que no han efectuado GdO""",,0,0,ALCANCE 2,fallback_reason=None; proxy_geography=None,Energia_Base_Maestra_y_Contrato_FINAL.xlsx,Factores
ENE_46D320F8274DEC,ESPAÑA,,ELECTRICIDAD,SUMINISTRO COMERCIALIZADORA,SIN GDO,,"ASTRALCAD ENERGIA, S.L.",kWh,2025,,2025,0,kgCO2e/kWh,ANNUAL,,MITECO,"MITECO - ""5. Factores Mix Eléctricos"" ""Etiquetado restante de Comercializadoras que no han efectuado GdO""",,0,0,ALCANCE 2,fallback_reason=None; proxy_geography=None,Energia_Base_Maestra_y_Contrato_FINAL.xlsx,Factores
ENE_042CE3FBD12383,ESPAÑA,,ELECTRICIDAD,SUMINISTRO COMERCIALIZADORA,SIN GDO,,"ASTRALCAD ENERGIA, S.L.",kWh,2026,,2025,0,kgCO2e/kWh,ANNUAL,,MITECO,"MITECO - ""5. Factores Mix Eléctricos"" ""Etiquetado restante de Comercializadoras que no han efectuado GdO""",,1,0,ALCANCE 2,fallback_reason=Último factor disponible para esta comercializadora y etiquetado; proxy_geography=None,Energia_Base_Maestra_y_Contrato_FINAL.xlsx,Factores
ENE_C1F953ED3FF986,ESPAÑA,,ELECTRICIDAD,SUMINISTRO COMERCIALIZADORA,CON GDO,,ATENCO ENERGIA SL,kWh,2023,,2023,0.257,kgCO2e/kWh,ANNUAL,,MITECO,"MITECO - ""5. Factores Mix Eléctricos"" ""Etiquetado restante de Comercializadoras que han efectuado GdO""",,0,0,ALCANCE 2,fallback_reason=None; proxy_geography=None,Energia_Base_Maestra_y_Contrato_FINAL.xlsx,Factores
ENE_ECD3C0E262B3A1,ESPAÑA,,ELECTRICIDAD,SUMINISTRO COMERCIALIZADORA,CON GDO,,ATENCO ENERGIA SL,kWh,2024,,2024,0.281,kgCO2e/kWh,ANNUAL,,MITECO,"MITECO - ""5. Factores Mix Eléctricos"" ""Etiquetado restante de Comercializadoras que han efectuado GdO""",,0,0,ALCANCE 2,fallback_reason=None; proxy_geography=None,Energia_Base_Maestra_y_Contrato_FINAL.xlsx,Factores
ENE_5DDA422F22BFB6,ESPAÑA,,ELECTRICIDAD,SUMINISTRO COMERCIALIZADORA,CON GDO,,ATENCO ENERGIA SL,kWh,2025,,2025,0.247,kgCO2e/kWh,ANNUAL,,MITECO,"MITECO - ""5. Factores Mix Eléctricos"" ""Etiquetado restante de Comercializadoras que han efectuado GdO""",,0,0,ALCANCE 2,fallback_reason=None; proxy_geography=None,Energia_Base_Maestra_y_Contrato_FINAL.xlsx,Factores
ENE_A3C8AAE57C1B85,ESPAÑA,,ELECTRICIDAD,SUMINISTRO COMERCIALIZADORA,CON GDO,,ATENCO ENERGIA SL,kWh,2026,,2025,0.247,kgCO2e/kWh,ANNUAL,,MITECO,"MITECO - ""5. Factores Mix Eléctricos"" ""Etiquetado restante de Comercializadoras que han efectuado GdO""",,1,0,ALCANCE 2,fallback_reason=Último factor disponible para esta comercializadora y etiquetado; proxy_geography=None,Energia_Base_Maestra_y_Contrato_FINAL.xlsx,Factores
ENE_6BB7EF1B3B70C7,ESPAÑA,,ELECTRICIDAD,SUMINISTRO COMERCIALIZADORA,CON GDO,,"ATLAS ENERGIA COMERCIAL, S.L.",kWh,2022,,2022,0.272,kgCO2e/kWh,ANNUAL,,MITECO,"MITECO - ""5. Factores Mix Eléctricos"" ""Etiquetado restante de Comercializadoras que han efectuado GdO""",,0,0,ALCANCE 2,fallback_reason=None; proxy_geography=None,Energia_Base_Maestra_y_Contrato_FINAL.xlsx,Factores
ENE_44BC73FBCB7804,ESPAÑA,,ELECTRICIDAD,SUMINISTRO COMERCIALIZADORA,CON GDO,,"ATLAS ENERGIA COMERCIAL, S.L.",kWh,2023,,2023,0.26,kgCO2e/kWh,ANNUAL,,MITECO,"MITECO - ""5. Factores Mix Eléctricos"" ""Etiquetado restante de Comercializadoras que han efectuado GdO""",,0,0,ALCANCE 2,fallback_reason=None; proxy_geography=None,Energia_Base_Maestra_y_Contrato_FINAL.xlsx,Factores
ENE_96D1B06905A18C,ESPAÑA,,ELECTRICIDAD,SUMINISTRO COMERCIALIZADORA,CON GDO,,"ATLAS ENERGIA COMERCIAL, S.L.",kWh,2024,,2024,0.282,kgCO2e/kWh,ANNUAL,,MITECO,"MITECO - ""5. Factores Mix Eléctricos"" ""Etiquetado restante de Comercializadoras que han efectuado GdO""",,0,0,ALCANCE 2,fallback_reason=None; proxy_geography=None,Energia_Base_Maestra_y_Contrato_FINAL.xlsx,Factores
ENE_A27CAF38F334B3,ESPAÑA,,ELECTRICIDAD,SUMINISTRO COMERCIALIZADORA,CON GDO,,"ATLAS ENERGIA COMERCIAL, S.L.",kWh,2025,,2025,0.257,kgCO2e/kWh,ANNUAL,,MITECO,"MITECO - ""5. Factores Mix Eléctricos"" ""Etiquetado restante de Comercializadoras que han efectuado GdO""",,0,0,ALCANCE 2,fallback_reason=None; proxy_geography=None,Energia_Base_Maestra_y_Contrato_FINAL.xlsx,Factores
ENE_5FDF97CBF28DA2,ESPAÑA,,ELECTRICIDAD,SUMINISTRO COMERCIALIZADORA,CON GDO,,"ATLAS ENERGIA COMERCIAL, S.L.",kWh,2026,,2025,0.257,kgCO2e/kWh,ANNUAL,,MITECO,"MITECO - ""5. Factores Mix Eléctricos"" ""Etiquetado restante de Comercializadoras que han efectuado GdO""",,1,0,ALCANCE 2,fallback_reason=Último factor disponible para esta comercializadora y etiquetado; proxy_geography=None,Energia_Base_Maestra_y_Contrato_FINAL.xlsx,Factores
ENE_7AF900F81CF69F,ESPAÑA,,ELECTRICIDAD,SUMINISTRO COMERCIALIZADORA,CON GDO,,"AUDAX RENOVABLES, S.A",kWh,2022,,2022,0,kgCO2e/kWh,ANNUAL,,MITECO,"MITECO - ""5. Factores Mix Eléctricos"" ""Etiquetado restante de Comercializadoras que han efectuado GdO""",,0,0,ALCANCE 2,fallback_reason=None; proxy_geography=None,Energia_Base_Maestra_y_Contrato_FINAL.xlsx,Factores
ENE_7D232F1655645F,ESPAÑA,,ELECTRICIDAD,SUMINISTRO COMERCIALIZADORA,CON GDO,,"AUDAX RENOVABLES, S.A",kWh,2023,,2023,0,kgCO2e/kWh,ANNUAL,,MITECO,"MITECO - ""5. Factores Mix Eléctricos"" ""Etiquetado restante de Comercializadoras que han efectuado GdO""",,0,0,ALCANCE 2,fallback_reason=None; proxy_geography=None,Energia_Base_Maestra_y_Contrato_FINAL.xlsx,Factores
ENE_4BCDC28CFF4812,ESPAÑA,,ELECTRICIDAD,SUMINISTRO COMERCIALIZADORA,CON GDO,,"AUDAX RENOVABLES, S.A",kWh,2024,,2024,0.264,kgCO2e/kWh,ANNUAL,,MITECO,"MITECO - ""5. Factores Mix Eléctricos"" ""Etiquetado restante de Comercializadoras que han efectuado GdO""",,0,0,ALCANCE 2,fallback_reason=None; proxy_geography=None,Energia_Base_Maestra_y_Contrato_FINAL.xlsx,Factores
ENE_53E559086D8FEA,ESPAÑA,,ELECTRICIDAD,SUMINISTRO COMERCIALIZADORA,CON GDO,,"AUDAX RENOVABLES, S.A",kWh,2025,,2025,0.258,kgCO2e/kWh,ANNUAL,,MITECO,"MITECO - ""5. Factores Mix Eléctricos"" ""Etiquetado restante de Comercializadoras que han efectuado GdO""",,0,0,ALCANCE 2,fallback_reason=None; proxy_geography=None,Energia_Base_Maestra_y_Contrato_FINAL.xlsx,Factores
ENE_07DBE65D4F04C7,ESPAÑA,,ELECTRICIDAD,SUMINISTRO COMERCIALIZADORA,CON GDO,,"AUDAX RENOVABLES, S.A",kWh,2026,,2025,0.258,kgCO2e/kWh,ANNUAL,,MITECO,"MITECO - ""5. Factores Mix Eléctricos"" ""Etiquetado restante de Comercializadoras que han efectuado GdO""",,1,0,ALCANCE 2,fallback_reason=Último factor disponible para esta comercializadora y etiquetado; proxy_geography=None,Energia_Base_Maestra_y_Contrato_FINAL.xlsx,Factores
ENE_E519CDBFB7B7BF,ESPAÑA,,ELECTRICIDAD,SUMINISTRO COMERCIALIZADORA,CON GDO,,"AUSARTA PRIMA, S.L.",kWh,2023,,2023,0.26,kgCO2e/kWh,ANNUAL,,MITECO,"MITECO - ""5. Factores Mix Eléctricos"" ""Etiquetado restante de Comercializadoras que han efectuado GdO""",,0,0,ALCANCE 2,fallback_reason=None; proxy_geography=None,Energia_Base_Maestra_y_Contrato_FINAL.xlsx,Factores
ENE_67875F0E6405C5,ESPAÑA,,ELECTRICIDAD,SUMINISTRO COMERCIALIZADORA,CON GDO,,"AUSARTA PRIMA, S.L.",kWh,2024,,2024,0.283,kgCO2e/kWh,ANNUAL,,MITECO,"MITECO - ""5. Factores Mix Eléctricos"" ""Etiquetado restante de Comercializadoras que han efectuado GdO""",,0,0,ALCANCE 2,fallback_reason=None; proxy_geography=None,Energia_Base_Maestra_y_Contrato_FINAL.xlsx,Factores
ENE_88FA5E7960318F,ESPAÑA,,ELECTRICIDAD,SUMINISTRO COMERCIALIZADORA,CON GDO,,"AUSARTA PRIMA, S.L.",kWh,2025,,2025,0.258,kgCO2e/kWh,ANNUAL,,MITECO,"MITECO - ""5. Factores Mix Eléctricos"" ""Etiquetado restante de Comercializadoras que han efectuado GdO""",,0,0,ALCANCE 2,fallback_reason=None; proxy_geography=None,Energia_Base_Maestra_y_Contrato_FINAL.xlsx,Factores
ENE_F1492F7B6E584D,ESPAÑA,,ELECTRICIDAD,SUMINISTRO COMERCIALIZADORA,CON GDO,,"AUSARTA PRIMA, S.L.",kWh,2026,,2025,0.258,kgCO2e/kWh,ANNUAL,,MITECO,"MITECO - ""5. Factores Mix Eléctricos"" ""Etiquetado restante de Comercializadoras que han efectuado GdO""",,1,0,ALCANCE 2,fallback_reason=Último factor disponible para esta comercializadora y etiquetado; proxy_geography=None,Energia_Base_Maestra_y_Contrato_FINAL.xlsx,Factores
ENE_33DB2DA78AE7D8,ESPAÑA,,ELECTRICIDAD,SUMINISTRO COMERCIALIZADORA,CON GDO,,AVANZALIA ENERGIA COMERCIALIZADORA SA,kWh,2022,,2022,0.204,kgCO2e/kWh,ANNUAL,,MITECO,"MITECO - ""5. Factores Mix Eléctricos"" ""Etiquetado restante de Comercializadoras que han efectuado GdO""",,0,0,ALCANCE 2,fallback_reason=None; proxy_geography=None,Energia_Base_Maestra_y_Contrato_FINAL.xlsx,Factores
ENE_7867FC18E25DAE,ESPAÑA,,ELECTRICIDAD,SUMINISTRO COMERCIALIZADORA,CON GDO,,AVANZALIA ENERGIA COMERCIALIZADORA SA,kWh,2023,,2023,0.14,kgCO2e/kWh,ANNUAL,,MITECO,"MITECO - ""5. Factores Mix Eléctricos"" ""Etiquetado restante de Comercializadoras que han efectuado GdO""",,0,0,ALCANCE 2,fallback_reason=None; proxy_geography=None,Energia_Base_Maestra_y_Contrato_FINAL.xlsx,Factores
ENE_06C6D49D29EB54,ESPAÑA,,ELECTRICIDAD,SUMINISTRO COMERCIALIZADORA,CON GDO,,AVANZALIA ENERGIA COMERCIALIZADORA SA,kWh,2024,,2024,0.16,kgCO2e/kWh,ANNUAL,,MITECO,"MITECO - ""5. Factores Mix Eléctricos"" ""Etiquetado restante de Comercializadoras que han efectuado GdO""",,0,0,ALCANCE 2,fallback_reason=None; proxy_geography=None,Energia_Base_Maestra_y_Contrato_FINAL.xlsx,Factores
ENE_458AC40442340E,ESPAÑA,,ELECTRICIDAD,SUMINISTRO COMERCIALIZADORA,CON GDO,,AVANZALIA ENERGIA COMERCIALIZADORA SA,kWh,2025,,2025,0.127,kgCO2e/kWh,ANNUAL,,MITECO,"MITECO - ""5. Factores Mix Eléctricos"" ""Etiquetado restante de Comercializadoras que han efectuado GdO""",,0,0,ALCANCE 2,fallback_reason=None; proxy_geography=None,Energia_Base_Maestra_y_Contrato_FINAL.xlsx,Factores
ENE_72E14721B91B6C,ESPAÑA,,ELECTRICIDAD,SUMINISTRO COMERCIALIZADORA,CON GDO,,AVANZALIA ENERGIA COMERCIALIZADORA SA,kWh,2026,,2025,0.127,kgCO2e/kWh,ANNUAL,,MITECO,"MITECO - ""5. Factores Mix Eléctricos"" ""Etiquetado restante de Comercializadoras que han efectuado GdO""",,1,0,ALCANCE 2,fallback_reason=Último factor disponible para esta comercializadora y etiquetado; proxy_geography=None,Energia_Base_Maestra_y_Contrato_FINAL.xlsx,Factores
ENE_EB40A537DE81C4,ESPAÑA,,ELECTRICIDAD,SUMINISTRO COMERCIALIZADORA,CON GDO,,AXPO IBERIA S.L.,kWh,2022,,2022,0.264,kgCO2e/kWh,ANNUAL,,MITECO,"MITECO - ""5. Factores Mix Eléctricos"" ""Etiquetado restante de Comercializadoras que han efectuado GdO""",,0,0,ALCANCE 2,fallback_reason=None; proxy_geography=None,Energia_Base_Maestra_y_Contrato_FINAL.xlsx,Factores
ENE_D4F5A0F60BA322,ESPAÑA,,ELECTRICIDAD,SUMINISTRO COMERCIALIZADORA,CON GDO,,AXPO IBERIA S.L.,kWh,2023,,2023,0.257,kgCO2e/kWh,ANNUAL,,MITECO,"MITECO - ""5. Factores Mix Eléctricos"" ""Etiquetado restante de Comercializadoras que han efectuado GdO""",,0,0,ALCANCE 2,fallback_reason=None; proxy_geography=None,Energia_Base_Maestra_y_Contrato_FINAL.xlsx,Factores
ENE_16804C91BBCFD3,ESPAÑA,,ELECTRICIDAD,SUMINISTRO COMERCIALIZADORA,CON GDO,,AXPO IBERIA S.L.,kWh,2024,,2024,0.283,kgCO2e/kWh,ANNUAL,,MITECO,"MITECO - ""5. Factores Mix Eléctricos"" ""Etiquetado restante de Comercializadoras que han efectuado GdO""",,0,0,ALCANCE 2,fallback_reason=None; proxy_geography=None,Energia_Base_Maestra_y_Contrato_FINAL.xlsx,Factores
ENE_DCB265EA191C65,ESPAÑA,,ELECTRICIDAD,SUMINISTRO COMERCIALIZADORA,CON GDO,,AXPO IBERIA S.L.,kWh,2025,,2025,0.256,kgCO2e/kWh,ANNUAL,,MITECO,"MITECO - ""5. Factores Mix Eléctricos"" ""Etiquetado restante de Comercializadoras que han efectuado GdO""",,0,0,ALCANCE 2,fallback_reason=None; proxy_geography=None,Energia_Base_Maestra_y_Contrato_FINAL.xlsx,Factores
ENE_630CE7DA4396B4,ESPAÑA,,ELECTRICIDAD,SUMINISTRO COMERCIALIZADORA,CON GDO,,AXPO IBERIA S.L.,kWh,2026,,2025,0.256,kgCO2e/kWh,ANNUAL,,MITECO,"MITECO - ""5. Factores Mix Eléctricos"" ""Etiquetado restante de Comercializadoras que han efectuado GdO""",,1,0,ALCANCE 2,fallback_reason=Último factor disponible para esta comercializadora y etiquetado; proxy_geography=None,Energia_Base_Maestra_y_Contrato_FINAL.xlsx,Factores
ENE_812731559EFE2C,ESPAÑA,,ELECTRICIDAD,SUMINISTRO COMERCIALIZADORA,SIN GDO,,"BARTER SHARING, S.L.",kWh,2022,,2022,0.036,kgCO2e/kWh,ANNUAL,,MITECO,"MITECO - ""5. Factores Mix Eléctricos"" ""Etiquetado restante de Comercializadoras que no han efectuado GdO""",,0,0,ALCANCE 2,fallback_reason=None; proxy_geography=None,Energia_Base_Maestra_y_Contrato_FINAL.xlsx,Factores
ENE_7E94F1C33225F3,ESPAÑA,,ELECTRICIDAD,SUMINISTRO COMERCIALIZADORA,SIN GDO,,"BARTER SHARING, S.L.",kWh,2023,,2023,0,kgCO2e/kWh,ANNUAL,,MITECO,"MITECO - ""5. Factores Mix Eléctricos"" ""Etiquetado restante de Comercializadoras que no han efectuado GdO""",,0,0,ALCANCE 2,fallback_reason=None; proxy_geography=None,Energia_Base_Maestra_y_Contrato_FINAL.xlsx,Factores
ENE_E91205E14531F4,ESPAÑA,,ELECTRICIDAD,SUMINISTRO COMERCIALIZADORA,SIN GDO,,"BARTER SHARING, S.L.",kWh,2024,,2024,0,kgCO2e/kWh,ANNUAL,,MITECO,"MITECO - ""5. Factores Mix Eléctricos"" ""Etiquetado restante de Comercializadoras que no han efectuado GdO""",,0,0,ALCANCE 2,fallback_reason=None; proxy_geography=None,Energia_Base_Maestra_y_Contrato_FINAL.xlsx,Factores
ENE_2199B9BE2D1126,ESPAÑA,,ELECTRICIDAD,SUMINISTRO COMERCIALIZADORA,SIN GDO,,"BARTER SHARING, S.L.",kWh,2026,,2024,0,kgCO2e/kWh,ANNUAL,,MITECO,"MITECO - ""5. Factores Mix Eléctricos"" ""Etiquetado restante de Comercializadoras que no han efectuado GdO""",,1,0,ALCANCE 2,fallback_reason=Último factor disponible para esta comercializadora y etiquetado; proxy_geography=None,Energia_Base_Maestra_y_Contrato_FINAL.xlsx,Factores
ENE_687C9545EB5065,ESPAÑA,,ELECTRICIDAD,SUMINISTRO COMERCIALIZADORA,SIN GDO,,"BASSOLS ENERGIA COMERCIAL, S.L",kWh,2022,,2022,0,kgCO2e/kWh,ANNUAL,,MITECO,"MITECO - ""5. Factores Mix Eléctricos"" ""Etiquetado restante de Comercializadoras que no han efectuado GdO""",,0,0,ALCANCE 2,fallback_reason=None; proxy_geography=None,Energia_Base_Maestra_y_Contrato_FINAL.xlsx,Factores
ENE_5C059764ACF08B,ESPAÑA,,ELECTRICIDAD,SUMINISTRO COMERCIALIZADORA,SIN GDO,,"BASSOLS ENERGIA COMERCIAL, S.L",kWh,2023,,2023,0,kgCO2e/kWh,ANNUAL,,MITECO,"MITECO - ""5. Factores Mix Eléctricos"" ""Etiquetado restante de Comercializadoras que no han efectuado GdO""",,0,0,ALCANCE 2,fallback_reason=None; proxy_geography=None,Energia_Base_Maestra_y_Contrato_FINAL.xlsx,Factores
ENE_012B3ED5ACC6DD,ESPAÑA,,ELECTRICIDAD,SUMINISTRO COMERCIALIZADORA,SIN GDO,,"BASSOLS ENERGIA COMERCIAL, S.L",kWh,2024,,2024,0,kgCO2e/kWh,ANNUAL,,MITECO,"MITECO - ""5. Factores Mix Eléctricos"" ""Etiquetado restante de Comercializadoras que no han efectuado GdO""",,0,0,ALCANCE 2,fallback_reason=None; proxy_geography=None,Energia_Base_Maestra_y_Contrato_FINAL.xlsx,Factores
ENE_FCE754C9EA7DF0,ESPAÑA,,ELECTRICIDAD,SUMINISTRO COMERCIALIZADORA,SIN GDO,,"BASSOLS ENERGIA COMERCIAL, S.L",kWh,2025,,2025,0,kgCO2e/kWh,ANNUAL,,MITECO,"MITECO - ""5. Factores Mix Eléctricos"" ""Etiquetado restante de Comercializadoras que no han efectuado GdO""",,0,0,ALCANCE 2,fallback_reason=None; proxy_geography=None,Energia_Base_Maestra_y_Contrato_FINAL.xlsx,Factores
ENE_3D5721BB8AC713,ESPAÑA,,ELECTRICIDAD,SUMINISTRO COMERCIALIZADORA,SIN GDO,,"BASSOLS ENERGIA COMERCIAL, S.L",kWh,2026,,2025,0,kgCO2e/kWh,ANNUAL,,MITECO,"MITECO - ""5. Factores Mix Eléctricos"" ""Etiquetado restante de Comercializadoras que no han efectuado GdO""",,1,0,ALCANCE 2,fallback_reason=Último factor disponible para esta comercializadora y etiquetado; proxy_geography=None,Energia_Base_Maestra_y_Contrato_FINAL.xlsx,Factores
ENE_5F5717A7C6A652,ESPAÑA,,ELECTRICIDAD,SUMINISTRO COMERCIALIZADORA,CON GDO,,BIROU GAS S.L.,kWh,2022,,2022,0.27,kgCO2e/kWh,ANNUAL,,MITECO,"MITECO - ""5. Factores Mix Eléctricos"" ""Etiquetado restante de Comercializadoras que han efectuado GdO""",,0,0,ALCANCE 2,fallback_reason=None; proxy_geography=None,Energia_Base_Maestra_y_Contrato_FINAL.xlsx,Factores
ENE_D23B8E0C17EFD7,ESPAÑA,,ELECTRICIDAD,SUMINISTRO COMERCIALIZADORA,CON GDO,,BIROU GAS S.L.,kWh,2023,,2023,0.256,kgCO2e/kWh,ANNUAL,,MITECO,"MITECO - ""5. Factores Mix Eléctricos"" ""Etiquetado restante de Comercializadoras que han efectuado GdO""",,0,0,ALCANCE 2,fallback_reason=None; proxy_geography=None,Energia_Base_Maestra_y_Contrato_FINAL.xlsx,Factores
ENE_605E4B8F6E8818,ESPAÑA,,ELECTRICIDAD,SUMINISTRO COMERCIALIZADORA,CON GDO,,BIROU GAS S.L.,kWh,2024,,2024,0.274,kgCO2e/kWh,ANNUAL,,MITECO,"MITECO - ""5. Factores Mix Eléctricos"" ""Etiquetado restante de Comercializadoras que han efectuado GdO""",,0,0,ALCANCE 2,fallback_reason=None; proxy_geography=None,Energia_Base_Maestra_y_Contrato_FINAL.xlsx,Factores
ENE_8717DE1AA3F16F,ESPAÑA,,ELECTRICIDAD,SUMINISTRO COMERCIALIZADORA,CON GDO,,BIROU GAS S.L.,kWh,2025,,2025,0.252,kgCO2e/kWh,ANNUAL,,MITECO,"MITECO - ""5. Factores Mix Eléctricos"" ""Etiquetado restante de Comercializadoras que han efectuado GdO""",,0,0,ALCANCE 2,fallback_reason=None; proxy_geography=None,Energia_Base_Maestra_y_Contrato_FINAL.xlsx,Factores
ENE_9C186279FB1B3D,ESPAÑA,,ELECTRICIDAD,SUMINISTRO COMERCIALIZADORA,CON GDO,,BIROU GAS S.L.,kWh,2026,,2025,0.252,kgCO2e/kWh,ANNUAL,,MITECO,"MITECO - ""5. Factores Mix Eléctricos"" ""Etiquetado restante de Comercializadoras que han efectuado GdO""",,1,0,ALCANCE 2,fallback_reason=Último factor disponible para esta comercializadora y etiquetado; proxy_geography=None,Energia_Base_Maestra_y_Contrato_FINAL.xlsx,Factores
ENE_C69032A9F58C7B,ESPAÑA,,ELECTRICIDAD,SUMINISTRO COMERCIALIZADORA,CON GDO,,"BLUBAT PULSAR, S.L.",kWh,2023,,2023,0.256,kgCO2e/kWh,ANNUAL,,MITECO,"MITECO - ""5. Factores Mix Eléctricos"" ""Etiquetado restante de Comercializadoras que han efectuado GdO""",,0,0,ALCANCE 2,fallback_reason=None; proxy_geography=None,Energia_Base_Maestra_y_Contrato_FINAL.xlsx,Factores
ENE_E1764176278850,ESPAÑA,,ELECTRICIDAD,SUMINISTRO COMERCIALIZADORA,CON GDO,,"BLUBAT PULSAR, S.L.",kWh,2026,,2023,0.256,kgCO2e/kWh,ANNUAL,,MITECO,"MITECO - ""5. Factores Mix Eléctricos"" ""Etiquetado restante de Comercializadoras que han efectuado GdO""",,1,0,ALCANCE 2,fallback_reason=Último factor disponible para esta comercializadora y etiquetado; proxy_geography=None,Energia_Base_Maestra_y_Contrato_FINAL.xlsx,Factores
ENE_28AFEA8FF88780,ESPAÑA,,ELECTRICIDAD,SUMINISTRO COMERCIALIZADORA,SIN GDO,,"BLUBAT PULSAR, S.L.",kWh,2022,,2022,0.193,kgCO2e/kWh,ANNUAL,,MITECO,"MITECO - ""5. Factores Mix Eléctricos"" ""Etiquetado restante de Comercializadoras que no han efectuado GdO""",,0,0,ALCANCE 2,fallback_reason=None; proxy_geography=None,Energia_Base_Maestra_y_Contrato_FINAL.xlsx,Factores
ENE_6062A6560692DF,ESPAÑA,,ELECTRICIDAD,SUMINISTRO COMERCIALIZADORA,SIN GDO,,"BLUBAT PULSAR, S.L.",kWh,2026,,2022,0.193,kgCO2e/kWh,ANNUAL,,MITECO,"MITECO - ""5. Factores Mix Eléctricos"" ""Etiquetado restante de Comercializadoras que no han efectuado GdO""",,1,0,ALCANCE 2,fallback_reason=Último factor disponible para esta comercializadora y etiquetado; proxy_geography=None,Energia_Base_Maestra_y_Contrato_FINAL.xlsx,Factores
ENE_B4BBDA4FEB6CD4,ESPAÑA,,ELECTRICIDAD,SUMINISTRO COMERCIALIZADORA,CON GDO,,"BON PREU, SAU",kWh,2024,,2024,0,kgCO2e/kWh,ANNUAL,,MITECO,"MITECO - ""5. Factores Mix Eléctricos"" ""Etiquetado restante de Comercializadoras que han efectuado GdO""",,0,0,ALCANCE 2,fallback_reason=None; proxy_geography=None,Energia_Base_Maestra_y_Contrato_FINAL.xlsx,Factores
ENE_35D00E97CC2B7C,ESPAÑA,,ELECTRICIDAD,SUMINISTRO COMERCIALIZADORA,CON GDO,,"BON PREU, SAU",kWh,2025,,2025,0,kgCO2e/kWh,ANNUAL,,MITECO,"MITECO - ""5. Factores Mix Eléctricos"" ""Etiquetado restante de Comercializadoras que han efectuado GdO""",,0,0,ALCANCE 2,fallback_reason=None; proxy_geography=None,Energia_Base_Maestra_y_Contrato_FINAL.xlsx,Factores
ENE_44010472860C3D,ESPAÑA,,ELECTRICIDAD,SUMINISTRO COMERCIALIZADORA,CON GDO,,"BON PREU, SAU",kWh,2026,,2025,0,kgCO2e/kWh,ANNUAL,,MITECO,"MITECO - ""5. Factores Mix Eléctricos"" ""Etiquetado restante de Comercializadoras que han efectuado GdO""",,1,0,ALCANCE 2,fallback_reason=Último factor disponible para esta comercializadora y etiquetado; proxy_geography=None,Energia_Base_Maestra_y_Contrato_FINAL.xlsx,Factores
ENE_C2EA18FA43940C,ESPAÑA,,ELECTRICIDAD,SUMINISTRO COMERCIALIZADORA,SIN GDO,,"BON PREU, SAU",kWh,2022,,2022,0,kgCO2e/kWh,ANNUAL,,MITECO,"MITECO - ""5. Factores Mix Eléctricos"" ""Etiquetado restante de Comercializadoras que no han efectuado GdO""",,0,0,ALCANCE 2,fallback_reason=None; proxy_geography=None,Energia_Base_Maestra_y_Contrato_FINAL.xlsx,Factores
ENE_47DA329E18043E,ESPAÑA,,ELECTRICIDAD,SUMINISTRO COMERCIALIZADORA,SIN GDO,,"BON PREU, SAU",kWh,2023,,2023,0,kgCO2e/kWh,ANNUAL,,MITECO,"MITECO - ""5. Factores Mix Eléctricos"" ""Etiquetado restante de Comercializadoras que no han efectuado GdO""",,0,0,ALCANCE 2,fallback_reason=None; proxy_geography=None,Energia_Base_Maestra_y_Contrato_FINAL.xlsx,Factores
ENE_66A312BE6F4FC4,ESPAÑA,,ELECTRICIDAD,SUMINISTRO COMERCIALIZADORA,SIN GDO,,"BON PREU, SAU",kWh,2026,,2023,0,kgCO2e/kWh,ANNUAL,,MITECO,"MITECO - ""5. Factores Mix Eléctricos"" ""Etiquetado restante de Comercializadoras que no han efectuado GdO""",,1,0,ALCANCE 2,fallback_reason=Último factor disponible para esta comercializadora y etiquetado; proxy_geography=None,Energia_Base_Maestra_y_Contrato_FINAL.xlsx,Factores
ENE_91203AA038D6EE,ESPAÑA,,ELECTRICIDAD,SUMINISTRO COMERCIALIZADORA,CON GDO,,"BP GAS & POWER IBERIA, S.A.U.",kWh,2022,,2022,0,kgCO2e/kWh,ANNUAL,,MITECO,"MITECO - ""5. Factores Mix Eléctricos"" ""Etiquetado restante de Comercializadoras que han efectuado GdO""",,0,0,ALCANCE 2,fallback_reason=None; proxy_geography=None,Energia_Base_Maestra_y_Contrato_FINAL.xlsx,Factores
ENE_ACA601E9B4B02D,ESPAÑA,,ELECTRICIDAD,SUMINISTRO COMERCIALIZADORA,CON GDO,,"BP GAS & POWER IBERIA, S.A.U.",kWh,2023,,2023,0,kgCO2e/kWh,ANNUAL,,MITECO,"MITECO - ""5. Factores Mix Eléctricos"" ""Etiquetado restante de Comercializadoras que han efectuado GdO""",,0,0,ALCANCE 2,fallback_reason=None; proxy_geography=None,Energia_Base_Maestra_y_Contrato_FINAL.xlsx,Factores
ENE_E858F3E6F0127C,ESPAÑA,,ELECTRICIDAD,SUMINISTRO COMERCIALIZADORA,CON GDO,,"BP GAS & POWER IBERIA, S.A.U.",kWh,2024,,2024,0,kgCO2e/kWh,ANNUAL,,MITECO,"MITECO - ""5. Factores Mix Eléctricos"" ""Etiquetado restante de Comercializadoras que han efectuado GdO""",,0,0,ALCANCE 2,fallback_reason=None; proxy_geography=None,Energia_Base_Maestra_y_Contrato_FINAL.xlsx,Factores
ENE_F0B48E16A9575E,ESPAÑA,,ELECTRICIDAD,SUMINISTRO COMERCIALIZADORA,CON GDO,,"BP GAS & POWER IBERIA, S.A.U.",kWh,2026,,2024,0,kgCO2e/kWh,ANNUAL,,MITECO,"MITECO - ""5. Factores Mix Eléctricos"" ""Etiquetado restante de Comercializadoras que han efectuado GdO""",,1,0,ALCANCE 2,fallback_reason=Último factor disponible para esta comercializadora y etiquetado; proxy_geography=None,Energia_Base_Maestra_y_Contrato_FINAL.xlsx,Factores
ENE_B1FC5CE451B480,ESPAÑA,,ELECTRICIDAD,SUMINISTRO COMERCIALIZADORA,SIN GDO,,"BP GAS & POWER IBERIA, S.A.U.",kWh,2025,,2025,0.18,kgCO2e/kWh,ANNUAL,,MITECO,"MITECO - ""5. Factores Mix Eléctricos"" ""Etiquetado restante de Comercializadoras que no han efectuado GdO""",,0,0,ALCANCE 2,fallback_reason=None; proxy_geography=None,Energia_Base_Maestra_y_Contrato_FINAL.xlsx,Factores
ENE_DF549668051EA1,ESPAÑA,,ELECTRICIDAD,SUMINISTRO COMERCIALIZADORA,SIN GDO,,"BP GAS & POWER IBERIA, S.A.U.",kWh,2026,,2025,0.18,kgCO2e/kWh,ANNUAL,,MITECO,"MITECO - ""5. Factores Mix Eléctricos"" ""Etiquetado restante de Comercializadoras que no han efectuado GdO""",,1,0,ALCANCE 2,fallback_reason=Último factor disponible para esta comercializadora y etiquetado; proxy_geography=None,Energia_Base_Maestra_y_Contrato_FINAL.xlsx,Factores
ENE_56A26CF8C5AA44,ESPAÑA,,ELECTRICIDAD,SUMINISTRO COMERCIALIZADORA,SIN GDO,,BSG ENERGIA S.L.,kWh,2023,,2023,0.254,kgCO2e/kWh,ANNUAL,,MITECO,"MITECO - ""5. Factores Mix Eléctricos"" ""Etiquetado restante de Comercializadoras que no han efectuado GdO""",,0,0,ALCANCE 2,fallback_reason=None; proxy_geography=None,Energia_Base_Maestra_y_Contrato_FINAL.xlsx,Factores
ENE_9511D0C444ABB3,ESPAÑA,,ELECTRICIDAD,SUMINISTRO COMERCIALIZADORA,SIN GDO,,BSG ENERGIA S.L.,kWh,2024,,2024,0.283,kgCO2e/kWh,ANNUAL,,MITECO,"MITECO - ""5. Factores Mix Eléctricos"" ""Etiquetado restante de Comercializadoras que no han efectuado GdO""",,0,0,ALCANCE 2,fallback_reason=None; proxy_geography=None,Energia_Base_Maestra_y_Contrato_FINAL.xlsx,Factores
ENE_B1C7656E7C989D,ESPAÑA,,ELECTRICIDAD,SUMINISTRO COMERCIALIZADORA,SIN GDO,,BSG ENERGIA S.L.,kWh,2025,,2025,0.258,kgCO2e/kWh,ANNUAL,,MITECO,"MITECO - ""5. Factores Mix Eléctricos"" ""Etiquetado restante de Comercializadoras que no han efectuado GdO""",,0,0,ALCANCE 2,fallback_reason=None; proxy_geography=None,Energia_Base_Maestra_y_Contrato_FINAL.xlsx,Factores
ENE_5D2B968E550D2A,ESPAÑA,,ELECTRICIDAD,SUMINISTRO COMERCIALIZADORA,SIN GDO,,BSG ENERGIA S.L.,kWh,2026,,2025,0.258,kgCO2e/kWh,ANNUAL,,MITECO,"MITECO - ""5. Factores Mix Eléctricos"" ""Etiquetado restante de Comercializadoras que no han efectuado GdO""",,1,0,ALCANCE 2,fallback_reason=Último factor disponible para esta comercializadora y etiquetado; proxy_geography=None,Energia_Base_Maestra_y_Contrato_FINAL.xlsx,Factores
ENE_8C9ECE831BDC2D,ESPAÑA,,ELECTRICIDAD,SUMINISTRO COMERCIALIZADORA,CON GDO,,"CANARIAS LUZ ENERGIA RENOVABLE, S.L.",kWh,2024,,2024,0.283,kgCO2e/kWh,ANNUAL,,MITECO,"MITECO - ""5. Factores Mix Eléctricos"" ""Etiquetado restante de Comercializadoras que han efectuado GdO""",,0,0,ALCANCE 2,fallback_reason=None; proxy_geography=None,Energia_Base_Maestra_y_Contrato_FINAL.xlsx,Factores
ENE_A8A6FDBAF7BD0C,ESPAÑA,,ELECTRICIDAD,SUMINISTRO COMERCIALIZADORA,CON GDO,,"CANARIAS LUZ ENERGIA RENOVABLE, S.L.",kWh,2026,,2024,0.283,kgCO2e/kWh,ANNUAL,,MITECO,"MITECO - ""5. Factores Mix Eléctricos"" ""Etiquetado restante de Comercializadoras que han efectuado GdO""",,1,0,ALCANCE 2,fallback_reason=Último factor disponible para esta comercializadora y etiquetado; proxy_geography=None,Energia_Base_Maestra_y_Contrato_FINAL.xlsx,Factores
ENE_19A97E11E6F132,ESPAÑA,,ELECTRICIDAD,SUMINISTRO COMERCIALIZADORA,SIN GDO,,"CANARIAS LUZ ENERGIA RENOVABLE, S.L.",kWh,2025,,2025,0.24,kgCO2e/kWh,ANNUAL,,MITECO,"MITECO - ""5. Factores Mix Eléctricos"" ""Etiquetado restante de Comercializadoras que no han efectuado GdO""",,0,0,ALCANCE 2,fallback_reason=None; proxy_geography=None,Energia_Base_Maestra_y_Contrato_FINAL.xlsx,Factores
ENE_FC36E3EBC3F870,ESPAÑA,,ELECTRICIDAD,SUMINISTRO COMERCIALIZADORA,SIN GDO,,"CANARIAS LUZ ENERGIA RENOVABLE, S.L.",kWh,2026,,2025,0.24,kgCO2e/kWh,ANNUAL,,MITECO,"MITECO - ""5. Factores Mix Eléctricos"" ""Etiquetado restante de Comercializadoras que no han efectuado GdO""",,1,0,ALCANCE 2,fallback_reason=Último factor disponible para esta comercializadora y etiquetado; proxy_geography=None,Energia_Base_Maestra_y_Contrato_FINAL.xlsx,Factores
ENE_D46B8A166D56DA,ESPAÑA,,ELECTRICIDAD,SUMINISTRO COMERCIALIZADORA,CON GDO,,"CANDELA  COMERCIALIZADORA, S.L.",kWh,2025,,2025,0.258,kgCO2e/kWh,ANNUAL,,MITECO,"MITECO - ""5. Factores Mix Eléctricos"" ""Etiquetado restante de Comercializadoras que han efectuado GdO""",,0,0,ALCANCE 2,fallback_reason=None; proxy_geography=None,Energia_Base_Maestra_y_Contrato_FINAL.xlsx,Factores
ENE_8B7278D35D94C0,ESPAÑA,,ELECTRICIDAD,SUMINISTRO COMERCIALIZADORA,CON GDO,,"CANDELA  COMERCIALIZADORA, S.L.",kWh,2026,,2025,0.258,kgCO2e/kWh,ANNUAL,,MITECO,"MITECO - ""5. Factores Mix Eléctricos"" ""Etiquetado restante de Comercializadoras que han efectuado GdO""",,1,0,ALCANCE 2,fallback_reason=Último factor disponible para esta comercializadora y etiquetado; proxy_geography=None,Energia_Base_Maestra_y_Contrato_FINAL.xlsx,Factores
ENE_7CA4AD84616A1E,ESPAÑA,,ELECTRICIDAD,SUMINISTRO COMERCIALIZADORA,SIN GDO,,"CANDELA COMERCIALIZADORA, S.L.",kWh,2024,,2024,0.282,kgCO2e/kWh,ANNUAL,,MITECO,"MITECO - ""5. Factores Mix Eléctricos"" ""Etiquetado restante de Comercializadoras que no han efectuado GdO""",,0,0,ALCANCE 2,fallback_reason=None; proxy_geography=None,Energia_Base_Maestra_y_Contrato_FINAL.xlsx,Factores
ENE_A9D3AE8A277BEF,ESPAÑA,,ELECTRICIDAD,SUMINISTRO COMERCIALIZADORA,SIN GDO,,"CANDELA COMERCIALIZADORA, S.L.",kWh,2026,,2024,0.282,kgCO2e/kWh,ANNUAL,,MITECO,"MITECO - ""5. Factores Mix Eléctricos"" ""Etiquetado restante de Comercializadoras que no han efectuado GdO""",,1,0,ALCANCE 2,fallback_reason=Último factor disponible para esta comercializadora y etiquetado; proxy_geography=None,Energia_Base_Maestra_y_Contrato_FINAL.xlsx,Factores
ENE_13796AD5F547E9,ESPAÑA,,ELECTRICIDAD,SUMINISTRO COMERCIALIZADORA,CON GDO,,"CAPITAL ENERGY COMERCIALIZADORA, S.L.U",kWh,2022,,2022,0,kgCO2e/kWh,ANNUAL,,MITECO,"MITECO - ""5. Factores Mix Eléctricos"" ""Etiquetado restante de Comercializadoras que han efectuado GdO""",,0,0,ALCANCE 2,fallback_reason=None; proxy_geography=None,Energia_Base_Maestra_y_Contrato_FINAL.xlsx,Factores
ENE_D32A7A098A6C27,ESPAÑA,,ELECTRICIDAD,SUMINISTRO COMERCIALIZADORA,CON GDO,,"CAPITAL ENERGY COMERCIALIZADORA, S.L.U",kWh,2026,,2022,0,kgCO2e/kWh,ANNUAL,,MITECO,"MITECO - ""5. Factores Mix Eléctricos"" ""Etiquetado restante de Comercializadoras que han efectuado GdO""",,1,0,ALCANCE 2,fallback_reason=Último factor disponible para esta comercializadora y etiquetado; proxy_geography=None,Energia_Base_Maestra_y_Contrato_FINAL.xlsx,Factores
ENE_2DC6A2DA93A6AB,ESPAÑA,,ELECTRICIDAD,SUMINISTRO COMERCIALIZADORA,SIN GDO,,"CAPITAL ENERGY COMERCIALIZADORA, S.L.U",kWh,2023,,2023,0,kgCO2e/kWh,ANNUAL,,MITECO,"MITECO - ""5. Factores Mix Eléctricos"" ""Etiquetado restante de Comercializadoras que no han efectuado GdO""",,0,0,ALCANCE 2,fallback_reason=None; proxy_geography=None,Energia_Base_Maestra_y_Contrato_FINAL.xlsx,Factores
ENE_DF15650A380CD3,ESPAÑA,,ELECTRICIDAD,SUMINISTRO COMERCIALIZADORA,SIN GDO,,"CAPITAL ENERGY COMERCIALIZADORA, S.L.U",kWh,2024,,2024,0,kgCO2e/kWh,ANNUAL,,MITECO,"MITECO - ""5. Factores Mix Eléctricos"" ""Etiquetado restante de Comercializadoras que no han efectuado GdO""",,0,0,ALCANCE 2,fallback_reason=None; proxy_geography=None,Energia_Base_Maestra_y_Contrato_FINAL.xlsx,Factores
ENE_2FB09B06E69EB5,ESPAÑA,,ELECTRICIDAD,SUMINISTRO COMERCIALIZADORA,SIN GDO,,"CAPITAL ENERGY COMERCIALIZADORA, S.L.U",kWh,2026,,2024,0,kgCO2e/kWh,ANNUAL,,MITECO,"MITECO - ""5. Factores Mix Eléctricos"" ""Etiquetado restante de Comercializadoras que no han efectuado GdO""",,1,0,ALCANCE 2,fallback_reason=Último factor disponible para esta comercializadora y etiquetado; proxy_geography=None,Energia_Base_Maestra_y_Contrato_FINAL.xlsx,Factores
ENE_3359D58B512497,ESPAÑA,,ELECTRICIDAD,SUMINISTRO COMERCIALIZADORA,CON GDO,,"CAPWATT COMERCIAL, S.L.U.",kWh,2025,,2025,0.258,kgCO2e/kWh,ANNUAL,,MITECO,"MITECO - ""5. Factores Mix Eléctricos"" ""Etiquetado restante de Comercializadoras que han efectuado GdO""",,0,0,ALCANCE 2,fallback_reason=None; proxy_geography=None,Energia_Base_Maestra_y_Contrato_FINAL.xlsx,Factores
ENE_C28CA78E1F813E,ESPAÑA,,ELECTRICIDAD,SUMINISTRO COMERCIALIZADORA,CON GDO,,"CAPWATT COMERCIAL, S.L.U.",kWh,2026,,2025,0.258,kgCO2e/kWh,ANNUAL,,MITECO,"MITECO - ""5. Factores Mix Eléctricos"" ""Etiquetado restante de Comercializadoras que han efectuado GdO""",,1,0,ALCANCE 2,fallback_reason=Último factor disponible para esta comercializadora y etiquetado; proxy_geography=None,Energia_Base_Maestra_y_Contrato_FINAL.xlsx,Factores
ENE_D2603B84514C2A,ESPAÑA,,ELECTRICIDAD,SUMINISTRO COMERCIALIZADORA,CON GDO,,CARVISA ENERGIA SL,kWh,2024,,2024,0.278,kgCO2e/kWh,ANNUAL,,MITECO,"MITECO - ""5. Factores Mix Eléctricos"" ""Etiquetado restante de Comercializadoras que han efectuado GdO""",,0,0,ALCANCE 2,fallback_reason=None; proxy_geography=None,Energia_Base_Maestra_y_Contrato_FINAL.xlsx,Factores
ENE_2B3D7AEA5E8ABF,ESPAÑA,,ELECTRICIDAD,SUMINISTRO COMERCIALIZADORA,CON GDO,,CARVISA ENERGIA SL,kWh,2026,,2024,0.278,kgCO2e/kWh,ANNUAL,,MITECO,"MITECO - ""5. Factores Mix Eléctricos"" ""Etiquetado restante de Comercializadoras que han efectuado GdO""",,1,0,ALCANCE 2,fallback_reason=Último factor disponible para esta comercializadora y etiquetado; proxy_geography=None,Energia_Base_Maestra_y_Contrato_FINAL.xlsx,Factores
ENE_33391725CB1362,ESPAÑA,,ELECTRICIDAD,SUMINISTRO COMERCIALIZADORA,SIN GDO,,CARVISA ENERGIA SL,kWh,2025,,2025,0.238,kgCO2e/kWh,ANNUAL,,MITECO,"MITECO - ""5. Factores Mix Eléctricos"" ""Etiquetado restante de Comercializadoras que no han efectuado GdO""",,0,0,ALCANCE 2,fallback_reason=None; proxy_geography=None,Energia_Base_Maestra_y_Contrato_FINAL.xlsx,Factores
ENE_4AA11214AC28A5,ESPAÑA,,ELECTRICIDAD,SUMINISTRO COMERCIALIZADORA,SIN GDO,,CARVISA ENERGIA SL,kWh,2026,,2025,0.238,kgCO2e/kWh,ANNUAL,,MITECO,"MITECO - ""5. Factores Mix Eléctricos"" ""Etiquetado restante de Comercializadoras que no han efectuado GdO""",,1,0,ALCANCE 2,fallback_reason=Último factor disponible para esta comercializadora y etiquetado; proxy_geography=None,Energia_Base_Maestra_y_Contrato_FINAL.xlsx,Factores
ENE_3EAAB181C032CE,ESPAÑA,,ELECTRICIDAD,SUMINISTRO COMERCIALIZADORA,SIN GDO,,CATGAS ENERGIA SA,kWh,2023,,2023,0,kgCO2e/kWh,ANNUAL,,MITECO,"MITECO - ""5. Factores Mix Eléctricos"" ""Etiquetado restante de Comercializadoras que no han efectuado GdO""",,0,0,ALCANCE 2,fallback_reason=None; proxy_geography=None,Energia_Base_Maestra_y_Contrato_FINAL.xlsx,Factores
ENE_3A6FA875F0788C,ESPAÑA,,ELECTRICIDAD,SUMINISTRO COMERCIALIZADORA,SIN GDO,,CATGAS ENERGIA SA,kWh,2024,,2024,0,kgCO2e/kWh,ANNUAL,,MITECO,"MITECO - ""5. Factores Mix Eléctricos"" ""Etiquetado restante de Comercializadoras que no han efectuado GdO""",,0,0,ALCANCE 2,fallback_reason=None; proxy_geography=None,Energia_Base_Maestra_y_Contrato_FINAL.xlsx,Factores
ENE_834037FED3708D,ESPAÑA,,ELECTRICIDAD,SUMINISTRO COMERCIALIZADORA,SIN GDO,,CATGAS ENERGIA SA,kWh,2025,,2025,0,kgCO2e/kWh,ANNUAL,,MITECO,"MITECO - ""5. Factores Mix Eléctricos"" ""Etiquetado restante de Comercializadoras que no han efectuado GdO""",,0,0,ALCANCE 2,fallback_reason=None; proxy_geography=None,Energia_Base_Maestra_y_Contrato_FINAL.xlsx,Factores
ENE_556AB15117288A,ESPAÑA,,ELECTRICIDAD,SUMINISTRO COMERCIALIZADORA,SIN GDO,,CATGAS ENERGIA SA,kWh,2026,,2025,0,kgCO2e/kWh,ANNUAL,,MITECO,"MITECO - ""5. Factores Mix Eléctricos"" ""Etiquetado restante de Comercializadoras que no han efectuado GdO""",,1,0,ALCANCE 2,fallback_reason=Último factor disponible para esta comercializadora y etiquetado; proxy_geography=None,Energia_Base_Maestra_y_Contrato_FINAL.xlsx,Factores
ENE_5899EEEA203DB5,ESPAÑA,,ELECTRICIDAD,SUMINISTRO COMERCIALIZADORA,CON GDO,,"CEPSA GAS Y ELECTRICIDAD, S.A.U.",kWh,2022,,2022,0.195,kgCO2e/kWh,ANNUAL,,MITECO,"MITECO - ""5. Factores Mix Eléctricos"" ""Etiquetado restante de Comercializadoras que han efectuado GdO""",,0,0,ALCANCE 2,fallback_reason=None; proxy_geography=None,Energia_Base_Maestra_y_Contrato_FINAL.xlsx,Factores
ENE_09CFEAC9C5B637,ESPAÑA,,ELECTRICIDAD,SUMINISTRO COMERCIALIZADORA,CON GDO,,"CEPSA GAS Y ELECTRICIDAD, S.A.U.",kWh,2023,,2023,0.25,kgCO2e/kWh,ANNUAL,,MITECO,"MITECO - ""5. Factores Mix Eléctricos"" ""Etiquetado restante de Comercializadoras que han efectuado GdO""",,0,0,ALCANCE 2,fallback_reason=None; proxy_geography=None,Energia_Base_Maestra_y_Contrato_FINAL.xlsx,Factores
ENE_7718941281DB17,ESPAÑA,,ELECTRICIDAD,SUMINISTRO COMERCIALIZADORA,CON GDO,,"CEPSA GAS Y ELECTRICIDAD, S.A.U.",kWh,2024,,2024,0.279,kgCO2e/kWh,ANNUAL,,MITECO,"MITECO - ""5. Factores Mix Eléctricos"" ""Etiquetado restante de Comercializadoras que han efectuado GdO""",,0,0,ALCANCE 2,fallback_reason=None; proxy_geography=None,Energia_Base_Maestra_y_Contrato_FINAL.xlsx,Factores
ENE_ACC783BF77AE7D,ESPAÑA,,ELECTRICIDAD,SUMINISTRO COMERCIALIZADORA,CON GDO,,"CEPSA GAS Y ELECTRICIDAD, S.A.U.",kWh,2026,,2024,0.279,kgCO2e/kWh,ANNUAL,,MITECO,"MITECO - ""5. Factores Mix Eléctricos"" ""Etiquetado restante de Comercializadoras que han efectuado GdO""",,1,0,ALCANCE 2,fallback_reason=Último factor disponible para esta comercializadora y etiquetado; proxy_geography=None,Energia_Base_Maestra_y_Contrato_FINAL.xlsx,Factores
ENE_AF6716765698C1,ESPAÑA,,ELECTRICIDAD,SUMINISTRO COMERCIALIZADORA,CON GDO,,CIDE HCENERGÍA S.A.U,kWh,2023,,2023,0.249,kgCO2e/kWh,ANNUAL,,MITECO,"MITECO - ""5. Factores Mix Eléctricos"" ""Etiquetado restante de Comercializadoras que han efectuado GdO""",,0,0,ALCANCE 2,fallback_reason=None; proxy_geography=None,Energia_Base_Maestra_y_Contrato_FINAL.xlsx,Factores
ENE_0AC6F50EAFFF00,ESPAÑA,,ELECTRICIDAD,SUMINISTRO COMERCIALIZADORA,CON GDO,,CIDE HCENERGÍA S.A.U,kWh,2024,,2024,0.283,kgCO2e/kWh,ANNUAL,,MITECO,"MITECO - ""5. Factores Mix Eléctricos"" ""Etiquetado restante de Comercializadoras que han efectuado GdO""",,0,0,ALCANCE 2,fallback_reason=None; proxy_geography=None,Energia_Base_Maestra_y_Contrato_FINAL.xlsx,Factores
ENE_1C30F4C78BA8B4,ESPAÑA,,ELECTRICIDAD,SUMINISTRO COMERCIALIZADORA,CON GDO,,CIDE HCENERGÍA S.A.U,kWh,2025,,2025,0.258,kgCO2e/kWh,ANNUAL,,MITECO,"MITECO - ""5. Factores Mix Eléctricos"" ""Etiquetado restante de Comercializadoras que han efectuado GdO""",,0,0,ALCANCE 2,fallback_reason=None; proxy_geography=None,Energia_Base_Maestra_y_Contrato_FINAL.xlsx,Factores
ENE_24FEEDD3E9D8AF,ESPAÑA,,ELECTRICIDAD,SUMINISTRO COMERCIALIZADORA,CON GDO,,CIDE HCENERGÍA S.A.U,kWh,2026,,2025,0.258,kgCO2e/kWh,ANNUAL,,MITECO,"MITECO - ""5. Factores Mix Eléctricos"" ""Etiquetado restante de Comercializadoras que han efectuado GdO""",,1,0,ALCANCE 2,fallback_reason=Último factor disponible para esta comercializadora y etiquetado; proxy_geography=None,Energia_Base_Maestra_y_Contrato_FINAL.xlsx,Factores
ENE_281C570E05CAF4,ESPAÑA,,ELECTRICIDAD,SUMINISTRO COMERCIALIZADORA,SIN GDO,,CIDE HCENERGÍA S.A.U,kWh,2022,,2022,0.265,kgCO2e/kWh,ANNUAL,,MITECO,"MITECO - ""5. Factores Mix Eléctricos"" ""Etiquetado restante de Comercializadoras que no han efectuado GdO""",,0,0,ALCANCE 2,fallback_reason=None; proxy_geography=None,Energia_Base_Maestra_y_Contrato_FINAL.xlsx,Factores
ENE_9C521DC8B9C9D6,ESPAÑA,,ELECTRICIDAD,SUMINISTRO COMERCIALIZADORA,SIN GDO,,CIDE HCENERGÍA S.A.U,kWh,2026,,2022,0.265,kgCO2e/kWh,ANNUAL,,MITECO,"MITECO - ""5. Factores Mix Eléctricos"" ""Etiquetado restante de Comercializadoras que no han efectuado GdO""",,1,0,ALCANCE 2,fallback_reason=Último factor disponible para esta comercializadora y etiquetado; proxy_geography=None,Energia_Base_Maestra_y_Contrato_FINAL.xlsx,Factores
ENE_28CB6D502FD303,ESPAÑA,,ELECTRICIDAD,SUMINISTRO COMERCIALIZADORA,CON GDO,,CIMA ENERGIA COMERCIALIZADORA SL,kWh,2022,,2022,0.272,kgCO2e/kWh,ANNUAL,,MITECO,"MITECO - ""5. Factores Mix Eléctricos"" ""Etiquetado restante de Comercializadoras que han efectuado GdO""",,0,0,ALCANCE 2,fallback_reason=None; proxy_geography=None,Energia_Base_Maestra_y_Contrato_FINAL.xlsx,Factores
ENE_7FFFB6428CBC38,ESPAÑA,,ELECTRICIDAD,SUMINISTRO COMERCIALIZADORA,CON GDO,,CIMA ENERGIA COMERCIALIZADORA SL,kWh,2023,,2023,0.26,kgCO2e/kWh,ANNUAL,,MITECO,"MITECO - ""5. Factores Mix Eléctricos"" ""Etiquetado restante de Comercializadoras que han efectuado GdO""",,0,0,ALCANCE 2,fallback_reason=None; proxy_geography=None,Energia_Base_Maestra_y_Contrato_FINAL.xlsx,Factores
ENE_4D68794B3B5328,ESPAÑA,,ELECTRICIDAD,SUMINISTRO COMERCIALIZADORA,CON GDO,,CIMA ENERGIA COMERCIALIZADORA SL,kWh,2024,,2024,0.283,kgCO2e/kWh,ANNUAL,,MITECO,"MITECO - ""5. Factores Mix Eléctricos"" ""Etiquetado restante de Comercializadoras que han efectuado GdO""",,0,0,ALCANCE 2,fallback_reason=None; proxy_geography=None,Energia_Base_Maestra_y_Contrato_FINAL.xlsx,Factores
ENE_B0D2B7CB66F41C,ESPAÑA,,ELECTRICIDAD,SUMINISTRO COMERCIALIZADORA,CON GDO,,CIMA ENERGIA COMERCIALIZADORA SL,kWh,2025,,2025,0,kgCO2e/kWh,ANNUAL,,MITECO,"MITECO - ""5. Factores Mix Eléctricos"" ""Etiquetado restante de Comercializadoras que han efectuado GdO""",,0,0,ALCANCE 2,fallback_reason=None; proxy_geography=None,Energia_Base_Maestra_y_Contrato_FINAL.xlsx,Factores
ENE_04B0CBB42CF28B,ESPAÑA,,ELECTRICIDAD,SUMINISTRO COMERCIALIZADORA,CON GDO,,CIMA ENERGIA COMERCIALIZADORA SL,kWh,2026,,2025,0,kgCO2e/kWh,ANNUAL,,MITECO,"MITECO - ""5. Factores Mix Eléctricos"" ""Etiquetado restante de Comercializadoras que han efectuado GdO""",,1,0,ALCANCE 2,fallback_reason=Último factor disponible para esta comercializadora y etiquetado; proxy_geography=None,Energia_Base_Maestra_y_Contrato_FINAL.xlsx,Factores
ENE_CBE51C31FD42E8,ESPAÑA,,ELECTRICIDAD,SUMINISTRO COMERCIALIZADORA,SIN GDO,,CLEARVIEW ENERGY S.L.,kWh,2022,,2022,0,kgCO2e/kWh,ANNUAL,,MITECO,"MITECO - ""5. Factores Mix Eléctricos"" ""Etiquetado restante de Comercializadoras que no han efectuado GdO""",,0,0,ALCANCE 2,fallback_reason=None; proxy_geography=None,Energia_Base_Maestra_y_Contrato_FINAL.xlsx,Factores
ENE_DC1217A105B46D,ESPAÑA,,ELECTRICIDAD,SUMINISTRO COMERCIALIZADORA,SIN GDO,,CLEARVIEW ENERGY S.L.,kWh,2023,,2023,0,kgCO2e/kWh,ANNUAL,,MITECO,"MITECO - ""5. Factores Mix Eléctricos"" ""Etiquetado restante de Comercializadoras que no han efectuado GdO""",,0,0,ALCANCE 2,fallback_reason=None; proxy_geography=None,Energia_Base_Maestra_y_Contrato_FINAL.xlsx,Factores
ENE_C2DC095FDA56C9,ESPAÑA,,ELECTRICIDAD,SUMINISTRO COMERCIALIZADORA,SIN GDO,,CLEARVIEW ENERGY S.L.,kWh,2024,,2024,0,kgCO2e/kWh,ANNUAL,,MITECO,"MITECO - ""5. Factores Mix Eléctricos"" ""Etiquetado restante de Comercializadoras que no han efectuado GdO""",,0,0,ALCANCE 2,fallback_reason=None; proxy_geography=None,Energia_Base_Maestra_y_Contrato_FINAL.xlsx,Factores
ENE_8ED71C93A1E25E,ESPAÑA,,ELECTRICIDAD,SUMINISTRO COMERCIALIZADORA,SIN GDO,,CLEARVIEW ENERGY S.L.,kWh,2026,,2024,0,kgCO2e/kWh,ANNUAL,,MITECO,"MITECO - ""5. Factores Mix Eléctricos"" ""Etiquetado restante de Comercializadoras que no han efectuado GdO""",,1,0,ALCANCE 2,fallback_reason=Último factor disponible para esta comercializadora y etiquetado; proxy_geography=None,Energia_Base_Maestra_y_Contrato_FINAL.xlsx,Factores
ENE_289F4066A136D0,ESPAÑA,,ELECTRICIDAD,SUMINISTRO COMERCIALIZADORA,SIN GDO,,"COMERCAST ENERGIAS, S.L.",kWh,2023,,2023,0.251,kgCO2e/kWh,ANNUAL,,MITECO,"MITECO - ""5. Factores Mix Eléctricos"" ""Etiquetado restante de Comercializadoras que no han efectuado GdO""",,0,0,ALCANCE 2,fallback_reason=None; proxy_geography=None,Energia_Base_Maestra_y_Contrato_FINAL.xlsx,Factores
ENE_87DA2056A09B49,ESPAÑA,,ELECTRICIDAD,SUMINISTRO COMERCIALIZADORA,SIN GDO,,"COMERCAST ENERGIAS, S.L.",kWh,2024,,2024,0.223,kgCO2e/kWh,ANNUAL,,MITECO,"MITECO - ""5. Factores Mix Eléctricos"" ""Etiquetado restante de Comercializadoras que no han efectuado GdO""",,0,0,ALCANCE 2,fallback_reason=None; proxy_geography=None,Energia_Base_Maestra_y_Contrato_FINAL.xlsx,Factores
ENE_F7942602B466F7,ESPAÑA,,ELECTRICIDAD,SUMINISTRO COMERCIALIZADORA,SIN GDO,,"COMERCAST ENERGIAS, S.L.",kWh,2026,,2024,0.223,kgCO2e/kWh,ANNUAL,,MITECO,"MITECO - ""5. Factores Mix Eléctricos"" ""Etiquetado restante de Comercializadoras que no han efectuado GdO""",,1,0,ALCANCE 2,fallback_reason=Último factor disponible para esta comercializadora y etiquetado; proxy_geography=None,Energia_Base_Maestra_y_Contrato_FINAL.xlsx,Factores
ENE_FF842434B736D8,ESPAÑA,,ELECTRICIDAD,SUMINISTRO COMERCIALIZADORA,CON GDO,,"COMERCIALIZADORA ADI ESPAÑA, S.L.",kWh,2022,,2022,0.268,kgCO2e/kWh,ANNUAL,,MITECO,"MITECO - ""5. Factores Mix Eléctricos"" ""Etiquetado restante de Comercializadoras que han efectuado GdO""",,0,0,ALCANCE 2,fallback_reason=None; proxy_geography=None,Energia_Base_Maestra_y_Contrato_FINAL.xlsx,Factores
ENE_35251221CA3527,ESPAÑA,,ELECTRICIDAD,SUMINISTRO COMERCIALIZADORA,CON GDO,,"COMERCIALIZADORA ADI ESPAÑA, S.L.",kWh,2023,,2023,0.26,kgCO2e/kWh,ANNUAL,,MITECO,"MITECO - ""5. Factores Mix Eléctricos"" ""Etiquetado restante de Comercializadoras que han efectuado GdO""",,0,0,ALCANCE 2,fallback_reason=None; proxy_geography=None,Energia_Base_Maestra_y_Contrato_FINAL.xlsx,Factores
ENE_0E4ABEBA511D6A,ESPAÑA,,ELECTRICIDAD,SUMINISTRO COMERCIALIZADORA,CON GDO,,"COMERCIALIZADORA ADI ESPAÑA, S.L.",kWh,2024,,2024,0.283,kgCO2e/kWh,ANNUAL,,MITECO,"MITECO - ""5. Factores Mix Eléctricos"" ""Etiquetado restante de Comercializadoras que han efectuado GdO""",,0,0,ALCANCE 2,fallback_reason=None; proxy_geography=None,Energia_Base_Maestra_y_Contrato_FINAL.xlsx,Factores
ENE_AF9F9E7084E629,ESPAÑA,,ELECTRICIDAD,SUMINISTRO COMERCIALIZADORA,CON GDO,,"COMERCIALIZADORA ADI ESPAÑA, S.L.",kWh,2025,,2025,0.258,kgCO2e/kWh,ANNUAL,,MITECO,"MITECO - ""5. Factores Mix Eléctricos"" ""Etiquetado restante de Comercializadoras que han efectuado GdO""",,0,0,ALCANCE 2,fallback_reason=None; proxy_geography=None,Energia_Base_Maestra_y_Contrato_FINAL.xlsx,Factores
ENE_6710BB0C001BF1,ESPAÑA,,ELECTRICIDAD,SUMINISTRO COMERCIALIZADORA,CON GDO,,"COMERCIALIZADORA ADI ESPAÑA, S.L.",kWh,2026,,2025,0.258,kgCO2e/kWh,ANNUAL,,MITECO,"MITECO - ""5. Factores Mix Eléctricos"" ""Etiquetado restante de Comercializadoras que han efectuado GdO""",,1,0,ALCANCE 2,fallback_reason=Último factor disponible para esta comercializadora y etiquetado; proxy_geography=None,Energia_Base_Maestra_y_Contrato_FINAL.xlsx,Factores
ENE_5CB79086EC5BD3,ESPAÑA,,ELECTRICIDAD,SUMINISTRO COMERCIALIZADORA,SIN GDO,,COMERCIALIZADORA DE ELECTRICIDAD Y GAS DEL MEDITERRÁNEO S.L,kWh,2022,,2022,0,kgCO2e/kWh,ANNUAL,,MITECO,"MITECO - ""5. Factores Mix Eléctricos"" ""Etiquetado restante de Comercializadoras que no han efectuado GdO""",,0,0,ALCANCE 2,fallback_reason=None; proxy_geography=None,Energia_Base_Maestra_y_Contrato_FINAL.xlsx,Factores
ENE_1F13B2CC9FD88E,ESPAÑA,,ELECTRICIDAD,SUMINISTRO COMERCIALIZADORA,SIN GDO,,COMERCIALIZADORA DE ELECTRICIDAD Y GAS DEL MEDITERRÁNEO S.L,kWh,2023,,2023,0,kgCO2e/kWh,ANNUAL,,MITECO,"MITECO - ""5. Factores Mix Eléctricos"" ""Etiquetado restante de Comercializadoras que no han efectuado GdO""",,0,0,ALCANCE 2,fallback_reason=None; proxy_geography=None,Energia_Base_Maestra_y_Contrato_FINAL.xlsx,Factores
ENE_5AFDBA035B63A4,ESPAÑA,,ELECTRICIDAD,SUMINISTRO COMERCIALIZADORA,SIN GDO,,COMERCIALIZADORA DE ELECTRICIDAD Y GAS DEL MEDITERRÁNEO S.L,kWh,2024,,2024,0,kgCO2e/kWh,ANNUAL,,MITECO,"MITECO - ""5. Factores Mix Eléctricos"" ""Etiquetado restante de Comercializadoras que no han efectuado GdO""",,0,0,ALCANCE 2,fallback_reason=None; proxy_geography=None,Energia_Base_Maestra_y_Contrato_FINAL.xlsx,Factores
ENE_42AECBDE9946EA,ESPAÑA,,ELECTRICIDAD,SUMINISTRO COMERCIALIZADORA,SIN GDO,,COMERCIALIZADORA DE ELECTRICIDAD Y GAS DEL MEDITERRÁNEO S.L,kWh,2025,,2025,0,kgCO2e/kWh,ANNUAL,,MITECO,"MITECO - ""5. Factores Mix Eléctricos"" ""Etiquetado restante de Comercializadoras que no han efectuado GdO""",,0,0,ALCANCE 2,fallback_reason=None; proxy_geography=None,Energia_Base_Maestra_y_Contrato_FINAL.xlsx,Factores
ENE_16045B64A569F9,ESPAÑA,,ELECTRICIDAD,SUMINISTRO COMERCIALIZADORA,SIN GDO,,COMERCIALIZADORA DE ELECTRICIDAD Y GAS DEL MEDITERRÁNEO S.L,kWh,2026,,2025,0,kgCO2e/kWh,ANNUAL,,MITECO,"MITECO - ""5. Factores Mix Eléctricos"" ""Etiquetado restante de Comercializadoras que no han efectuado GdO""",,1,0,ALCANCE 2,fallback_reason=Último factor disponible para esta comercializadora y etiquetado; proxy_geography=None,Energia_Base_Maestra_y_Contrato_FINAL.xlsx,Factores
ENE_3A8CFE1CEE4D03,ESPAÑA,,ELECTRICIDAD,SUMINISTRO COMERCIALIZADORA,SIN GDO,,COMERCIALIZADORA DE ENERGIA DIRECTA SL,kWh,2024,,2024,0,kgCO2e/kWh,ANNUAL,,MITECO,"MITECO - ""5. Factores Mix Eléctricos"" ""Etiquetado restante de Comercializadoras que no han efectuado GdO""",,0,0,ALCANCE 2,fallback_reason=None; proxy_geography=None,Energia_Base_Maestra_y_Contrato_FINAL.xlsx,Factores
ENE_380682B3438E44,ESPAÑA,,ELECTRICIDAD,SUMINISTRO COMERCIALIZADORA,SIN GDO,,COMERCIALIZADORA DE ENERGIA DIRECTA SL,kWh,2025,,2025,0.256,kgCO2e/kWh,ANNUAL,,MITECO,"MITECO - ""5. Factores Mix Eléctricos"" ""Etiquetado restante de Comercializadoras que no han efectuado GdO""",,0,0,ALCANCE 2,fallback_reason=None; proxy_geography=None,Energia_Base_Maestra_y_Contrato_FINAL.xlsx,Factores
ENE_37A74C5AA45F19,ESPAÑA,,ELECTRICIDAD,SUMINISTRO COMERCIALIZADORA,SIN GDO,,COMERCIALIZADORA DE ENERGIA DIRECTA SL,kWh,2026,,2025,0.256,kgCO2e/kWh,ANNUAL,,MITECO,"MITECO - ""5. Factores Mix Eléctricos"" ""Etiquetado restante de Comercializadoras que no han efectuado GdO""",,1,0,ALCANCE 2,fallback_reason=Último factor disponible para esta comercializadora y etiquetado; proxy_geography=None,Energia_Base_Maestra_y_Contrato_FINAL.xlsx,Factores
ENE_6465638574822B,ESPAÑA,,ELECTRICIDAD,SUMINISTRO COMERCIALIZADORA,SIN GDO,,"COMERCIALIZADORA ELECTRICA DE CADIZ, S.A.U",kWh,2022,,2022,0,kgCO2e/kWh,ANNUAL,,MITECO,"MITECO - ""5. Factores Mix Eléctricos"" ""Etiquetado restante de Comercializadoras que no han efectuado GdO""",,0,0,ALCANCE 2,fallback_reason=None; proxy_geography=None,Energia_Base_Maestra_y_Contrato_FINAL.xlsx,Factores
ENE_AEFA7F830D9A93,ESPAÑA,,ELECTRICIDAD,SUMINISTRO COMERCIALIZADORA,SIN GDO,,"COMERCIALIZADORA ELECTRICA DE CADIZ, S.A.U",kWh,2023,,2023,0,kgCO2e/kWh,ANNUAL,,MITECO,"MITECO - ""5. Factores Mix Eléctricos"" ""Etiquetado restante de Comercializadoras que no han efectuado GdO""",,0,0,ALCANCE 2,fallback_reason=None; proxy_geography=None,Energia_Base_Maestra_y_Contrato_FINAL.xlsx,Factores
ENE_F1E634EE3ABC40,ESPAÑA,,ELECTRICIDAD,SUMINISTRO COMERCIALIZADORA,SIN GDO,,"COMERCIALIZADORA ELECTRICA DE CADIZ, S.A.U",kWh,2024,,2024,0.052,kgCO2e/kWh,ANNUAL,,MITECO,"MITECO - ""5. Factores Mix Eléctricos"" ""Etiquetado restante de Comercializadoras que no han efectuado GdO""",,0,0,ALCANCE 2,fallback_reason=None; proxy_geography=None,Energia_Base_Maestra_y_Contrato_FINAL.xlsx,Factores
ENE_18E3B059BDC0EE,ESPAÑA,,ELECTRICIDAD,SUMINISTRO COMERCIALIZADORA,SIN GDO,,"COMERCIALIZADORA ELECTRICA DE CADIZ, S.A.U",kWh,2026,,2024,0.052,kgCO2e/kWh,ANNUAL,,MITECO,"MITECO - ""5. Factores Mix Eléctricos"" ""Etiquetado restante de Comercializadoras que no han efectuado GdO""",,1,0,ALCANCE 2,fallback_reason=Último factor disponible para esta comercializadora y etiquetado; proxy_geography=None,Energia_Base_Maestra_y_Contrato_FINAL.xlsx,Factores
ENE_D7C5450BAC270D,ESPAÑA,,ELECTRICIDAD,SUMINISTRO COMERCIALIZADORA,CON GDO,,COMERCIALIZADORA ELECTRICA PENINSULAR S.L.,kWh,2022,,2022,0.273,kgCO2e/kWh,ANNUAL,,MITECO,"MITECO - ""5. Factores Mix Eléctricos"" ""Etiquetado restante de Comercializadoras que han efectuado GdO""",,0,0,ALCANCE 2,fallback_reason=None; proxy_geography=None,Energia_Base_Maestra_y_Contrato_FINAL.xlsx,Factores
ENE_847F7A61337BF6,ESPAÑA,,ELECTRICIDAD,SUMINISTRO COMERCIALIZADORA,CON GDO,,COMERCIALIZADORA ELECTRICA PENINSULAR S.L.,kWh,2026,,2022,0.273,kgCO2e/kWh,ANNUAL,,MITECO,"MITECO - ""5. Factores Mix Eléctricos"" ""Etiquetado restante de Comercializadoras que han efectuado GdO""",,1,0,ALCANCE 2,fallback_reason=Último factor disponible para esta comercializadora y etiquetado; proxy_geography=None,Energia_Base_Maestra_y_Contrato_FINAL.xlsx,Factores
ENE_35E9E4B4011D87,ESPAÑA,,ELECTRICIDAD,SUMINISTRO COMERCIALIZADORA,SIN GDO,,COMERCIALIZADORA ELECTRICA TALAYUELAS S.L,kWh,2024,,2024,0,kgCO2e/kWh,ANNUAL,,MITECO,"MITECO - ""5. Factores Mix Eléctricos"" ""Etiquetado restante de Comercializadoras que no han efectuado GdO""",,0,0,ALCANCE 2,fallback_reason=None; proxy_geography=None,Energia_Base_Maestra_y_Contrato_FINAL.xlsx,Factores
ENE_BBC4EBC2A4273B,ESPAÑA,,ELECTRICIDAD,SUMINISTRO COMERCIALIZADORA,SIN GDO,,COMERCIALIZADORA ELECTRICA TALAYUELAS S.L,kWh,2025,,2025,0,kgCO2e/kWh,ANNUAL,,MITECO,"MITECO - ""5. Factores Mix Eléctricos"" ""Etiquetado restante de Comercializadoras que no han efectuado GdO""",,0,0,ALCANCE 2,fallback_reason=None; proxy_geography=None,Energia_Base_Maestra_y_Contrato_FINAL.xlsx,Factores
ENE_E14603B951B65F,ESPAÑA,,ELECTRICIDAD,SUMINISTRO COMERCIALIZADORA,SIN GDO,,COMERCIALIZADORA ELECTRICA TALAYUELAS S.L,kWh,2026,,2025,0,kgCO2e/kWh,ANNUAL,,MITECO,"MITECO - ""5. Factores Mix Eléctricos"" ""Etiquetado restante de Comercializadoras que no han efectuado GdO""",,1,0,ALCANCE 2,fallback_reason=Último factor disponible para esta comercializadora y etiquetado; proxy_geography=None,Energia_Base_Maestra_y_Contrato_FINAL.xlsx,Factores
ENE_04AA8412437218,ESPAÑA,,ELECTRICIDAD,SUMINISTRO COMERCIALIZADORA,SIN GDO,,"COMERCIALIZADORA ENERGÉTICA SOSTENIBLE, S.A.U.",kWh,2022,,2022,0,kgCO2e/kWh,ANNUAL,,MITECO,"MITECO - ""5. Factores Mix Eléctricos"" ""Etiquetado restante de Comercializadoras que no han efectuado GdO""",,0,0,ALCANCE 2,fallback_reason=None; proxy_geography=None,Energia_Base_Maestra_y_Contrato_FINAL.xlsx,Factores
ENE_2C0A073BBAB9C6,ESPAÑA,,ELECTRICIDAD,SUMINISTRO COMERCIALIZADORA,SIN GDO,,"COMERCIALIZADORA ENERGÉTICA SOSTENIBLE, S.A.U.",kWh,2023,,2023,0.04,kgCO2e/kWh,ANNUAL,,MITECO,"MITECO - ""5. Factores Mix Eléctricos"" ""Etiquetado restante de Comercializadoras que no han efectuado GdO""",,0,0,ALCANCE 2,fallback_reason=None; proxy_geography=None,Energia_Base_Maestra_y_Contrato_FINAL.xlsx,Factores
ENE_8ABF53292E97EC,ESPAÑA,,ELECTRICIDAD,SUMINISTRO COMERCIALIZADORA,SIN GDO,,"COMERCIALIZADORA ENERGÉTICA SOSTENIBLE, S.A.U.",kWh,2024,,2024,0,kgCO2e/kWh,ANNUAL,,MITECO,"MITECO - ""5. Factores Mix Eléctricos"" ""Etiquetado restante de Comercializadoras que no han efectuado GdO""",,0,0,ALCANCE 2,fallback_reason=None; proxy_geography=None,Energia_Base_Maestra_y_Contrato_FINAL.xlsx,Factores
ENE_20C63FC9EBB3ED,ESPAÑA,,ELECTRICIDAD,SUMINISTRO COMERCIALIZADORA,SIN GDO,,"COMERCIALIZADORA ENERGÉTICA SOSTENIBLE, S.A.U.",kWh,2025,,2025,0,kgCO2e/kWh,ANNUAL,,MITECO,"MITECO - ""5. Factores Mix Eléctricos"" ""Etiquetado restante de Comercializadoras que no han efectuado GdO""",,0,0,ALCANCE 2,fallback_reason=None; proxy_geography=None,Energia_Base_Maestra_y_Contrato_FINAL.xlsx,Factores
ENE_916D44033296A6,ESPAÑA,,ELECTRICIDAD,SUMINISTRO COMERCIALIZADORA,SIN GDO,,"COMERCIALIZADORA ENERGÉTICA SOSTENIBLE, S.A.U.",kWh,2026,,2025,0,kgCO2e/kWh,ANNUAL,,MITECO,"MITECO - ""5. Factores Mix Eléctricos"" ""Etiquetado restante de Comercializadoras que no han efectuado GdO""",,1,0,ALCANCE 2,fallback_reason=Último factor disponible para esta comercializadora y etiquetado; proxy_geography=None,Energia_Base_Maestra_y_Contrato_FINAL.xlsx,Factores
ENE_53240FCF790F81,ESPAÑA,,ELECTRICIDAD,SUMINISTRO COMERCIALIZADORA,CON GDO,,"COMERCIALIZADORA LERSA, S.L.",kWh,2023,,2023,0.26,kgCO2e/kWh,ANNUAL,,MITECO,"MITECO - ""5. Factores Mix Eléctricos"" ""Etiquetado restante de Comercializadoras que han efectuado GdO""",,0,0,ALCANCE 2,fallback_reason=None; proxy_geography=None,Energia_Base_Maestra_y_Contrato_FINAL.xlsx,Factores
ENE_DB848EAAA90E2F,ESPAÑA,,ELECTRICIDAD,SUMINISTRO COMERCIALIZADORA,CON GDO,,"COMERCIALIZADORA LERSA, S.L.",kWh,2024,,2024,0.283,kgCO2e/kWh,ANNUAL,,MITECO,"MITECO - ""5. Factores Mix Eléctricos"" ""Etiquetado restante de Comercializadoras que han efectuado GdO""",,0,0,ALCANCE 2,fallback_reason=None; proxy_geography=None,Energia_Base_Maestra_y_Contrato_FINAL.xlsx,Factores
ENE_BABDC161356DAB,ESPAÑA,,ELECTRICIDAD,SUMINISTRO COMERCIALIZADORA,CON GDO,,"COMERCIALIZADORA LERSA, S.L.",kWh,2026,,2024,0.283,kgCO2e/kWh,ANNUAL,,MITECO,"MITECO - ""5. Factores Mix Eléctricos"" ""Etiquetado restante de Comercializadoras que han efectuado GdO""",,1,0,ALCANCE 2,fallback_reason=Último factor disponible para esta comercializadora y etiquetado; proxy_geography=None,Energia_Base_Maestra_y_Contrato_FINAL.xlsx,Factores
ENE_63B797F00B9488,ESPAÑA,,ELECTRICIDAD,SUMINISTRO COMERCIALIZADORA,SIN GDO,,"COMERCIALIZADORA LUZ RURAL, S.L.",kWh,2024,,2024,0,kgCO2e/kWh,ANNUAL,,MITECO,"MITECO - ""5. Factores Mix Eléctricos"" ""Etiquetado restante de Comercializadoras que no han efectuado GdO""",,0,0,ALCANCE 2,fallback_reason=None; proxy_geography=None,Energia_Base_Maestra_y_Contrato_FINAL.xlsx,Factores
ENE_34F4443EA5254D,ESPAÑA,,ELECTRICIDAD,SUMINISTRO COMERCIALIZADORA,SIN GDO,,"COMERCIALIZADORA LUZ RURAL, S.L.",kWh,2025,,2025,0,kgCO2e/kWh,ANNUAL,,MITECO,"MITECO - ""5. Factores Mix Eléctricos"" ""Etiquetado restante de Comercializadoras que no han efectuado GdO""",,0,0,ALCANCE 2,fallback_reason=None; proxy_geography=None,Energia_Base_Maestra_y_Contrato_FINAL.xlsx,Factores
ENE_2DBFC57260302B,ESPAÑA,,ELECTRICIDAD,SUMINISTRO COMERCIALIZADORA,SIN GDO,,"COMERCIALIZADORA LUZ RURAL, S.L.",kWh,2026,,2025,0,kgCO2e/kWh,ANNUAL,,MITECO,"MITECO - ""5. Factores Mix Eléctricos"" ""Etiquetado restante de Comercializadoras que no han efectuado GdO""",,1,0,ALCANCE 2,fallback_reason=Último factor disponible para esta comercializadora y etiquetado; proxy_geography=None,Energia_Base_Maestra_y_Contrato_FINAL.xlsx,Factores
ENE_CBB0E8F951DEBE,ESPAÑA,,ELECTRICIDAD,SUMINISTRO COMERCIALIZADORA,CON GDO,,"CONECTA ENERGIA VERDE, S.L.",kWh,2023,,2023,0.259,kgCO2e/kWh,ANNUAL,,MITECO,"MITECO - ""5. Factores Mix Eléctricos"" ""Etiquetado restante de Comercializadoras que han efectuado GdO""",,0,0,ALCANCE 2,fallback_reason=None; proxy_geography=None,Energia_Base_Maestra_y_Contrato_FINAL.xlsx,Factores
ENE_3CB46EC43C7D11,ESPAÑA,,ELECTRICIDAD,SUMINISTRO COMERCIALIZADORA,CON GDO,,"CONECTA ENERGIA VERDE, S.L.",kWh,2026,,2023,0.259,kgCO2e/kWh,ANNUAL,,MITECO,"MITECO - ""5. Factores Mix Eléctricos"" ""Etiquetado restante de Comercializadoras que han efectuado GdO""",,1,0,ALCANCE 2,fallback_reason=Último factor disponible para esta comercializadora y etiquetado; proxy_geography=None,Energia_Base_Maestra_y_Contrato_FINAL.xlsx,Factores
ENE_2F738F0FFF5076,ESPAÑA,,ELECTRICIDAD,SUMINISTRO COMERCIALIZADORA,SIN GDO,,"CONECTA ENERGIA VERDE, S.L.",kWh,2024,,2024,0.067,kgCO2e/kWh,ANNUAL,,MITECO,"MITECO - ""5. Factores Mix Eléctricos"" ""Etiquetado restante de Comercializadoras que no han efectuado GdO""",,0,0,ALCANCE 2,fallback_reason=None; proxy_geography=None,Energia_Base_Maestra_y_Contrato_FINAL.xlsx,Factores
ENE_0EB2D7ED4C77C7,ESPAÑA,,ELECTRICIDAD,SUMINISTRO COMERCIALIZADORA,SIN GDO,,"CONECTA ENERGIA VERDE, S.L.",kWh,2026,,2024,0.067,kgCO2e/kWh,ANNUAL,,MITECO,"MITECO - ""5. Factores Mix Eléctricos"" ""Etiquetado restante de Comercializadoras que no han efectuado GdO""",,1,0,ALCANCE 2,fallback_reason=Último factor disponible para esta comercializadora y etiquetado; proxy_geography=None,Energia_Base_Maestra_y_Contrato_FINAL.xlsx,Factores
ENE_49EA1CC925FDCE,ESPAÑA,,ELECTRICIDAD,SUMINISTRO COMERCIALIZADORA,CON GDO,,"CONECTA2 ENERGIA, S.L.",kWh,2023,,2023,0.258,kgCO2e/kWh,ANNUAL,,MITECO,"MITECO - ""5. Factores Mix Eléctricos"" ""Etiquetado restante de Comercializadoras que han efectuado GdO""",,0,0,ALCANCE 2,fallback_reason=None; proxy_geography=None,Energia_Base_Maestra_y_Contrato_FINAL.xlsx,Factores
ENE_23A46F4FAAA606,ESPAÑA,,ELECTRICIDAD,SUMINISTRO COMERCIALIZADORA,CON GDO,,"CONECTA2 ENERGIA, S.L.",kWh,2024,,2024,0.276,kgCO2e/kWh,ANNUAL,,MITECO,"MITECO - ""5. Factores Mix Eléctricos"" ""Etiquetado restante de Comercializadoras que han efectuado GdO""",,0,0,ALCANCE 2,fallback_reason=None; proxy_geography=None,Energia_Base_Maestra_y_Contrato_FINAL.xlsx,Factores
ENE_22C184304EB02C,ESPAÑA,,ELECTRICIDAD,SUMINISTRO COMERCIALIZADORA,CON GDO,,"CONECTA2 ENERGIA, S.L.",kWh,2025,,2025,0.248,kgCO2e/kWh,ANNUAL,,MITECO,"MITECO - ""5. Factores Mix Eléctricos"" ""Etiquetado restante de Comercializadoras que han efectuado GdO""",,0,0,ALCANCE 2,fallback_reason=None; proxy_geography=None,Energia_Base_Maestra_y_Contrato_FINAL.xlsx,Factores
ENE_969A8AD7BD7CD5,ESPAÑA,,ELECTRICIDAD,SUMINISTRO COMERCIALIZADORA,CON GDO,,"CONECTA2 ENERGIA, S.L.",kWh,2026,,2025,0.248,kgCO2e/kWh,ANNUAL,,MITECO,"MITECO - ""5. Factores Mix Eléctricos"" ""Etiquetado restante de Comercializadoras que han efectuado GdO""",,1,0,ALCANCE 2,fallback_reason=Último factor disponible para esta comercializadora y etiquetado; proxy_geography=None,Energia_Base_Maestra_y_Contrato_FINAL.xlsx,Factores
ENE_86C11AEC2056F8,ESPAÑA,,ELECTRICIDAD,SUMINISTRO COMERCIALIZADORA,SIN GDO,,"CONECTA2 ENERGIA, S.L.",kWh,2022,,2022,0.215,kgCO2e/kWh,ANNUAL,,MITECO,"MITECO - ""5. Factores Mix Eléctricos"" ""Etiquetado restante de Comercializadoras que no han efectuado GdO""",,0,0,ALCANCE 2,fallback_reason=None; proxy_geography=None,Energia_Base_Maestra_y_Contrato_FINAL.xlsx,Factores
ENE_E86562D6C5B78A,ESPAÑA,,ELECTRICIDAD,SUMINISTRO COMERCIALIZADORA,SIN GDO,,"CONECTA2 ENERGIA, S.L.",kWh,2026,,2022,0.215,kgCO2e/kWh,ANNUAL,,MITECO,"MITECO - ""5. Factores Mix Eléctricos"" ""Etiquetado restante de Comercializadoras que no han efectuado GdO""",,1,0,ALCANCE 2,fallback_reason=Último factor disponible para esta comercializadora y etiquetado; proxy_geography=None,Energia_Base_Maestra_y_Contrato_FINAL.xlsx,Factores
ENE_D16CEAFA7D293B,ESPAÑA,,ELECTRICIDAD,SUMINISTRO COMERCIALIZADORA,SIN GDO,,COOPERATIVA ELÉCTRICA BENEFICA CATRALENSE,kWh,2025,,2025,0.258,kgCO2e/kWh,ANNUAL,,MITECO,"MITECO - ""5. Factores Mix Eléctricos"" ""Etiquetado restante de Comercializadoras que no han efectuado GdO""",,0,0,ALCANCE 2,fallback_reason=None; proxy_geography=None,Energia_Base_Maestra_y_Contrato_FINAL.xlsx,Factores
ENE_B6D932E47D44E6,ESPAÑA,,ELECTRICIDAD,SUMINISTRO COMERCIALIZADORA,SIN GDO,,COOPERATIVA ELÉCTRICA BENEFICA CATRALENSE,kWh,2026,,2025,0.258,kgCO2e/kWh,ANNUAL,,MITECO,"MITECO - ""5. Factores Mix Eléctricos"" ""Etiquetado restante de Comercializadoras que no han efectuado GdO""",,1,0,ALCANCE 2,fallback_reason=Último factor disponible para esta comercializadora y etiquetado; proxy_geography=None,Energia_Base_Maestra_y_Contrato_FINAL.xlsx,Factores
ENE_E4879ACFBDF1F0,ESPAÑA,,ELECTRICIDAD,SUMINISTRO COMERCIALIZADORA,SIN GDO,,"COOPERATIVA ELÉCTRICA BENÉFICA SAN FRANCISCO DE ASÍS, COOP. V.",kWh,2022,,2022,0.238,kgCO2e/kWh,ANNUAL,,MITECO,"MITECO - ""5. Factores Mix Eléctricos"" ""Etiquetado restante de Comercializadoras que no han efectuado GdO""",,0,0,ALCANCE 2,fallback_reason=None; proxy_geography=None,Energia_Base_Maestra_y_Contrato_FINAL.xlsx,Factores
ENE_9ADDEC22EA5CD7,ESPAÑA,,ELECTRICIDAD,SUMINISTRO COMERCIALIZADORA,SIN GDO,,"COOPERATIVA ELÉCTRICA BENÉFICA SAN FRANCISCO DE ASÍS, COOP. V.",kWh,2023,,2023,0,kgCO2e/kWh,ANNUAL,,MITECO,"MITECO - ""5. Factores Mix Eléctricos"" ""Etiquetado restante de Comercializadoras que no han efectuado GdO""",,0,0,ALCANCE 2,fallback_reason=None; proxy_geography=None,Energia_Base_Maestra_y_Contrato_FINAL.xlsx,Factores
ENE_C391306CB8BCD5,ESPAÑA,,ELECTRICIDAD,SUMINISTRO COMERCIALIZADORA,SIN GDO,,"COOPERATIVA ELÉCTRICA BENÉFICA SAN FRANCISCO DE ASÍS, COOP. V.",kWh,2024,,2024,0.036,kgCO2e/kWh,ANNUAL,,MITECO,"MITECO - ""5. Factores Mix Eléctricos"" ""Etiquetado restante de Comercializadoras que no han efectuado GdO""",,0,0,ALCANCE 2,fallback_reason=None; proxy_geography=None,Energia_Base_Maestra_y_Contrato_FINAL.xlsx,Factores
ENE_6818BCB71BBD5F,ESPAÑA,,ELECTRICIDAD,SUMINISTRO COMERCIALIZADORA,SIN GDO,,"COOPERATIVA ELÉCTRICA BENÉFICA SAN FRANCISCO DE ASÍS, COOP. V.",kWh,2025,,2025,0,kgCO2e/kWh,ANNUAL,,MITECO,"MITECO - ""5. Factores Mix Eléctricos"" ""Etiquetado restante de Comercializadoras que no han efectuado GdO""",,0,0,ALCANCE 2,fallback_reason=None; proxy_geography=None,Energia_Base_Maestra_y_Contrato_FINAL.xlsx,Factores
ENE_83CF2E78EF7FB9,ESPAÑA,,ELECTRICIDAD,SUMINISTRO COMERCIALIZADORA,SIN GDO,,"COOPERATIVA ELÉCTRICA BENÉFICA SAN FRANCISCO DE ASÍS, COOP. V.",kWh,2026,,2025,0,kgCO2e/kWh,ANNUAL,,MITECO,"MITECO - ""5. Factores Mix Eléctricos"" ""Etiquetado restante de Comercializadoras que no han efectuado GdO""",,1,0,ALCANCE 2,fallback_reason=Último factor disponible para esta comercializadora y etiquetado; proxy_geography=None,Energia_Base_Maestra_y_Contrato_FINAL.xlsx,Factores
ENE_1EA6A1E8F2D906,ESPAÑA,,ELECTRICIDAD,SUMINISTRO COMERCIALIZADORA,SIN GDO,,"COOPERATIVA ELECTRICA DE CASTELLAR, S.C.V (COMERC)",kWh,2022,,2022,0,kgCO2e/kWh,ANNUAL,,MITECO,"MITECO - ""5. Factores Mix Eléctricos"" ""Etiquetado restante de Comercializadoras que no han efectuado GdO""",,0,0,ALCANCE 2,fallback_reason=None; proxy_geography=None,Energia_Base_Maestra_y_Contrato_FINAL.xlsx,Factores
ENE_F13706CFFC8AC8,ESPAÑA,,ELECTRICIDAD,SUMINISTRO COMERCIALIZADORA,SIN GDO,,"COOPERATIVA ELECTRICA DE CASTELLAR, S.C.V (COMERC)",kWh,2023,,2023,0,kgCO2e/kWh,ANNUAL,,MITECO,"MITECO - ""5. Factores Mix Eléctricos"" ""Etiquetado restante de Comercializadoras que no han efectuado GdO""",,0,0,ALCANCE 2,fallback_reason=None; proxy_geography=None,Energia_Base_Maestra_y_Contrato_FINAL.xlsx,Factores
ENE_60DA2C10822E70,ESPAÑA,,ELECTRICIDAD,SUMINISTRO COMERCIALIZADORA,SIN GDO,,"COOPERATIVA ELECTRICA DE CASTELLAR, S.C.V (COMERC)",kWh,2024,,2024,0,kgCO2e/kWh,ANNUAL,,MITECO,"MITECO - ""5. Factores Mix Eléctricos"" ""Etiquetado restante de Comercializadoras que no han efectuado GdO""",,0,0,ALCANCE 2,fallback_reason=None; proxy_geography=None,Energia_Base_Maestra_y_Contrato_FINAL.xlsx,Factores
ENE_3E212F3A986AEA,ESPAÑA,,ELECTRICIDAD,SUMINISTRO COMERCIALIZADORA,SIN GDO,,"COOPERATIVA ELECTRICA DE CASTELLAR, S.C.V (COMERC)",kWh,2025,,2025,0,kgCO2e/kWh,ANNUAL,,MITECO,"MITECO - ""5. Factores Mix Eléctricos"" ""Etiquetado restante de Comercializadoras que no han efectuado GdO""",,0,0,ALCANCE 2,fallback_reason=None; proxy_geography=None,Energia_Base_Maestra_y_Contrato_FINAL.xlsx,Factores
ENE_D58DBA66094C73,ESPAÑA,,ELECTRICIDAD,SUMINISTRO COMERCIALIZADORA,SIN GDO,,"COOPERATIVA ELECTRICA DE CASTELLAR, S.C.V (COMERC)",kWh,2026,,2025,0,kgCO2e/kWh,ANNUAL,,MITECO,"MITECO - ""5. Factores Mix Eléctricos"" ""Etiquetado restante de Comercializadoras que no han efectuado GdO""",,1,0,ALCANCE 2,fallback_reason=Último factor disponible para esta comercializadora y etiquetado; proxy_geography=None,Energia_Base_Maestra_y_Contrato_FINAL.xlsx,Factores
ENE_F069CD6C4A8843,ESPAÑA,,ELECTRICIDAD,SUMINISTRO COMERCIALIZADORA,CON GDO,,"CORPORACIÓN ALIMENTARIA GUISSONA, S.A.",kWh,2025,,2025,0.259,kgCO2e/kWh,ANNUAL,,MITECO,"MITECO - ""5. Factores Mix Eléctricos"" ""Etiquetado restante de Comercializadoras que han efectuado GdO""",,0,0,ALCANCE 2,fallback_reason=None; proxy_geography=None,Energia_Base_Maestra_y_Contrato_FINAL.xlsx,Factores
ENE_2B102ACEF90905,ESPAÑA,,ELECTRICIDAD,SUMINISTRO COMERCIALIZADORA,CON GDO,,"CORPORACIÓN ALIMENTARIA GUISSONA, S.A.",kWh,2026,,2025,0.259,kgCO2e/kWh,ANNUAL,,MITECO,"MITECO - ""5. Factores Mix Eléctricos"" ""Etiquetado restante de Comercializadoras que han efectuado GdO""",,1,0,ALCANCE 2,fallback_reason=Último factor disponible para esta comercializadora y etiquetado; proxy_geography=None,Energia_Base_Maestra_y_Contrato_FINAL.xlsx,Factores
ENE_65BA235CD7351A,ESPAÑA,,ELECTRICIDAD,SUMINISTRO COMERCIALIZADORA,SIN GDO,,COX ENERGÍA COMERCIALIZADORA ESPAÑA S.L.U.,kWh,2022,,2022,0,kgCO2e/kWh,ANNUAL,,MITECO,"MITECO - ""5. Factores Mix Eléctricos"" ""Etiquetado restante de Comercializadoras que no han efectuado GdO""",,0,0,ALCANCE 2,fallback_reason=None; proxy_geography=None,Energia_Base_Maestra_y_Contrato_FINAL.xlsx,Factores
ENE_C1F943C358DB8B,ESPAÑA,,ELECTRICIDAD,SUMINISTRO COMERCIALIZADORA,SIN GDO,,COX ENERGÍA COMERCIALIZADORA ESPAÑA S.L.U.,kWh,2023,,2023,0,kgCO2e/kWh,ANNUAL,,MITECO,"MITECO - ""5. Factores Mix Eléctricos"" ""Etiquetado restante de Comercializadoras que no han efectuado GdO""",,0,0,ALCANCE 2,fallback_reason=None; proxy_geography=None,Energia_Base_Maestra_y_Contrato_FINAL.xlsx,Factores
ENE_21615C634F7E7E,ESPAÑA,,ELECTRICIDAD,SUMINISTRO COMERCIALIZADORA,SIN GDO,,COX ENERGÍA COMERCIALIZADORA ESPAÑA S.L.U.,kWh,2024,,2024,0,kgCO2e/kWh,ANNUAL,,MITECO,"MITECO - ""5. Factores Mix Eléctricos"" ""Etiquetado restante de Comercializadoras que no han efectuado GdO""",,0,0,ALCANCE 2,fallback_reason=None; proxy_geography=None,Energia_Base_Maestra_y_Contrato_FINAL.xlsx,Factores
ENE_B89D2BB7ADFE79,ESPAÑA,,ELECTRICIDAD,SUMINISTRO COMERCIALIZADORA,SIN GDO,,COX ENERGÍA COMERCIALIZADORA ESPAÑA S.L.U.,kWh,2025,,2025,0,kgCO2e/kWh,ANNUAL,,MITECO,"MITECO - ""5. Factores Mix Eléctricos"" ""Etiquetado restante de Comercializadoras que no han efectuado GdO""",,0,0,ALCANCE 2,fallback_reason=None; proxy_geography=None,Energia_Base_Maestra_y_Contrato_FINAL.xlsx,Factores
ENE_6BE74709DF72FE,ESPAÑA,,ELECTRICIDAD,SUMINISTRO COMERCIALIZADORA,SIN GDO,,COX ENERGÍA COMERCIALIZADORA ESPAÑA S.L.U.,kWh,2026,,2025,0,kgCO2e/kWh,ANNUAL,,MITECO,"MITECO - ""5. Factores Mix Eléctricos"" ""Etiquetado restante de Comercializadoras que no han efectuado GdO""",,1,0,ALCANCE 2,fallback_reason=Último factor disponible para esta comercializadora y etiquetado; proxy_geography=None,Energia_Base_Maestra_y_Contrato_FINAL.xlsx,Factores
ENE_4DB4A3C55DC8BF,ESPAÑA,,ELECTRICIDAD,SUMINISTRO COMERCIALIZADORA,CON GDO,,"CREA ENERGIA ECO, S.L.U.",kWh,2024,,2024,0,kgCO2e/kWh,ANNUAL,,MITECO,"MITECO - ""5. Factores Mix Eléctricos"" ""Etiquetado restante de Comercializadoras que han efectuado GdO""",,0,0,ALCANCE 2,fallback_reason=None; proxy_geography=None,Energia_Base_Maestra_y_Contrato_FINAL.xlsx,Factores
ENE_89D0CD3AADCB2D,ESPAÑA,,ELECTRICIDAD,SUMINISTRO COMERCIALIZADORA,CON GDO,,"CREA ENERGIA ECO, S.L.U.",kWh,2025,,2025,0,kgCO2e/kWh,ANNUAL,,MITECO,"MITECO - ""5. Factores Mix Eléctricos"" ""Etiquetado restante de Comercializadoras que han efectuado GdO""",,0,0,ALCANCE 2,fallback_reason=None; proxy_geography=None,Energia_Base_Maestra_y_Contrato_FINAL.xlsx,Factores
ENE_02F4186B562F75,ESPAÑA,,ELECTRICIDAD,SUMINISTRO COMERCIALIZADORA,CON GDO,,"CREA ENERGIA ECO, S.L.U.",kWh,2026,,2025,0,kgCO2e/kWh,ANNUAL,,MITECO,"MITECO - ""5. Factores Mix Eléctricos"" ""Etiquetado restante de Comercializadoras que han efectuado GdO""",,1,0,ALCANCE 2,fallback_reason=Último factor disponible para esta comercializadora y etiquetado; proxy_geography=None,Energia_Base_Maestra_y_Contrato_FINAL.xlsx,Factores
ENE_F9648985868ADA,ESPAÑA,,ELECTRICIDAD,SUMINISTRO COMERCIALIZADORA,SIN GDO,,"CRECE SOLUCIONES DE ENERGÍA, S.L",kWh,2023,,2023,0.186,kgCO2e/kWh,ANNUAL,,MITECO,"MITECO - ""5. Factores Mix Eléctricos"" ""Etiquetado restante de Comercializadoras que no han efectuado GdO""",,0,0,ALCANCE 2,fallback_reason=None; proxy_geography=None,Energia_Base_Maestra_y_Contrato_FINAL.xlsx,Factores
ENE_B76DB584B832CA,ESPAÑA,,ELECTRICIDAD,SUMINISTRO COMERCIALIZADORA,SIN GDO,,"CRECE SOLUCIONES DE ENERGÍA, S.L",kWh,2026,,2023,0.186,kgCO2e/kWh,ANNUAL,,MITECO,"MITECO - ""5. Factores Mix Eléctricos"" ""Etiquetado restante de Comercializadoras que no han efectuado GdO""",,1,0,ALCANCE 2,fallback_reason=Último factor disponible para esta comercializadora y etiquetado; proxy_geography=None,Energia_Base_Maestra_y_Contrato_FINAL.xlsx,Factores
ENE_DA30E7A177A9BB,ESPAÑA,,ELECTRICIDAD,SUMINISTRO COMERCIALIZADORA,CON GDO,,CYE ENERGIA SL,kWh,2022,,2022,0.272,kgCO2e/kWh,ANNUAL,,MITECO,"MITECO - ""5. Factores Mix Eléctricos"" ""Etiquetado restante de Comercializadoras que han efectuado GdO""",,0,0,ALCANCE 2,fallback_reason=None; proxy_geography=None,Energia_Base_Maestra_y_Contrato_FINAL.xlsx,Factores
ENE_C4D02640AB31AE,ESPAÑA,,ELECTRICIDAD,SUMINISTRO COMERCIALIZADORA,CON GDO,,CYE ENERGIA SL,kWh,2023,,2023,0.258,kgCO2e/kWh,ANNUAL,,MITECO,"MITECO - ""5. Factores Mix Eléctricos"" ""Etiquetado restante de Comercializadoras que han efectuado GdO""",,0,0,ALCANCE 2,fallback_reason=None; proxy_geography=None,Energia_Base_Maestra_y_Contrato_FINAL.xlsx,Factores
ENE_C4C93869ACF030,ESPAÑA,,ELECTRICIDAD,SUMINISTRO COMERCIALIZADORA,CON GDO,,CYE ENERGIA SL,kWh,2024,,2024,0.28,kgCO2e/kWh,ANNUAL,,MITECO,"MITECO - ""5. Factores Mix Eléctricos"" ""Etiquetado restante de Comercializadoras que han efectuado GdO""",,0,0,ALCANCE 2,fallback_reason=None; proxy_geography=None,Energia_Base_Maestra_y_Contrato_FINAL.xlsx,Factores
ENE_54A8F843107EF3,ESPAÑA,,ELECTRICIDAD,SUMINISTRO COMERCIALIZADORA,CON GDO,,CYE ENERGIA SL,kWh,2025,,2025,0.256,kgCO2e/kWh,ANNUAL,,MITECO,"MITECO - ""5. Factores Mix Eléctricos"" ""Etiquetado restante de Comercializadoras que han efectuado GdO""",,0,0,ALCANCE 2,fallback_reason=None; proxy_geography=None,Energia_Base_Maestra_y_Contrato_FINAL.xlsx,Factores
ENE_95C505923DC83A,ESPAÑA,,ELECTRICIDAD,SUMINISTRO COMERCIALIZADORA,CON GDO,,CYE ENERGIA SL,kWh,2026,,2025,0.256,kgCO2e/kWh,ANNUAL,,MITECO,"MITECO - ""5. Factores Mix Eléctricos"" ""Etiquetado restante de Comercializadoras que han efectuado GdO""",,1,0,ALCANCE 2,fallback_reason=Último factor disponible para esta comercializadora y etiquetado; proxy_geography=None,Energia_Base_Maestra_y_Contrato_FINAL.xlsx,Factores
ENE_6A08BEBDA3CB49,ESPAÑA,,ELECTRICIDAD,SUMINISTRO COMERCIALIZADORA,CON GDO,,DAIMUZ ENERGÍA S.L.,kWh,2023,,2023,0.26,kgCO2e/kWh,ANNUAL,,MITECO,"MITECO - ""5. Factores Mix Eléctricos"" ""Etiquetado restante de Comercializadoras que han efectuado GdO""",,0,0,ALCANCE 2,fallback_reason=None; proxy_geography=None,Energia_Base_Maestra_y_Contrato_FINAL.xlsx,Factores
ENE_3481CF530C0FDD,ESPAÑA,,ELECTRICIDAD,SUMINISTRO COMERCIALIZADORA,CON GDO,,DAIMUZ ENERGÍA S.L.,kWh,2024,,2024,0.283,kgCO2e/kWh,ANNUAL,,MITECO,"MITECO - ""5. Factores Mix Eléctricos"" ""Etiquetado restante de Comercializadoras que han efectuado GdO""",,0,0,ALCANCE 2,fallback_reason=None; proxy_geography=None,Energia_Base_Maestra_y_Contrato_FINAL.xlsx,Factores
ENE_DCFD7CA8AFBEFE,ESPAÑA,,ELECTRICIDAD,SUMINISTRO COMERCIALIZADORA,CON GDO,,DAIMUZ ENERGÍA S.L.,kWh,2025,,2025,0.257,kgCO2e/kWh,ANNUAL,,MITECO,"MITECO - ""5. Factores Mix Eléctricos"" ""Etiquetado restante de Comercializadoras que han efectuado GdO""",,0,0,ALCANCE 2,fallback_reason=None; proxy_geography=None,Energia_Base_Maestra_y_Contrato_FINAL.xlsx,Factores
ENE_3976675A6F7620,ESPAÑA,,ELECTRICIDAD,SUMINISTRO COMERCIALIZADORA,CON GDO,,DAIMUZ ENERGÍA S.L.,kWh,2026,,2025,0.257,kgCO2e/kWh,ANNUAL,,MITECO,"MITECO - ""5. Factores Mix Eléctricos"" ""Etiquetado restante de Comercializadoras que han efectuado GdO""",,1,0,ALCANCE 2,fallback_reason=Último factor disponible para esta comercializadora y etiquetado; proxy_geography=None,Energia_Base_Maestra_y_Contrato_FINAL.xlsx,Factores
ENE_73736CD975C9C7,ESPAÑA,,ELECTRICIDAD,SUMINISTRO COMERCIALIZADORA,SIN GDO,,DAIMUZ ENERGÍA S.L.,kWh,2022,,2022,0.214,kgCO2e/kWh,ANNUAL,,MITECO,"MITECO - ""5. Factores Mix Eléctricos"" ""Etiquetado restante de Comercializadoras que no han efectuado GdO""",,0,0,ALCANCE 2,fallback_reason=None; proxy_geography=None,Energia_Base_Maestra_y_Contrato_FINAL.xlsx,Factores
ENE_277EBFCAA28F36,ESPAÑA,,ELECTRICIDAD,SUMINISTRO COMERCIALIZADORA,SIN GDO,,DAIMUZ ENERGÍA S.L.,kWh,2026,,2022,0.214,kgCO2e/kWh,ANNUAL,,MITECO,"MITECO - ""5. Factores Mix Eléctricos"" ""Etiquetado restante de Comercializadoras que no han efectuado GdO""",,1,0,ALCANCE 2,fallback_reason=Último factor disponible para esta comercializadora y etiquetado; proxy_geography=None,Energia_Base_Maestra_y_Contrato_FINAL.xlsx,Factores
ENE_AFF7342BD65626,ESPAÑA,,ELECTRICIDAD,SUMINISTRO COMERCIALIZADORA,CON GDO,,DISA ENERGIA ELECTRICA S.L.,kWh,2022,,2022,0,kgCO2e/kWh,ANNUAL,,MITECO,"MITECO - ""5. Factores Mix Eléctricos"" ""Etiquetado restante de Comercializadoras que han efectuado GdO""",,0,0,ALCANCE 2,fallback_reason=None; proxy_geography=None,Energia_Base_Maestra_y_Contrato_FINAL.xlsx,Factores
ENE_4DB8E7285A8A8B,ESPAÑA,,ELECTRICIDAD,SUMINISTRO COMERCIALIZADORA,CON GDO,,DISA ENERGIA ELECTRICA S.L.,kWh,2023,,2023,0.237,kgCO2e/kWh,ANNUAL,,MITECO,"MITECO - ""5. Factores Mix Eléctricos"" ""Etiquetado restante de Comercializadoras que han efectuado GdO""",,0,0,ALCANCE 2,fallback_reason=None; proxy_geography=None,Energia_Base_Maestra_y_Contrato_FINAL.xlsx,Factores
ENE_2A675E7F13810A,ESPAÑA,,ELECTRICIDAD,SUMINISTRO COMERCIALIZADORA,CON GDO,,DISA ENERGIA ELECTRICA S.L.,kWh,2024,,2024,0,kgCO2e/kWh,ANNUAL,,MITECO,"MITECO - ""5. Factores Mix Eléctricos"" ""Etiquetado restante de Comercializadoras que han efectuado GdO""",,0,0,ALCANCE 2,fallback_reason=None; proxy_geography=None,Energia_Base_Maestra_y_Contrato_FINAL.xlsx,Factores
ENE_86C1724215B9F9,ESPAÑA,,ELECTRICIDAD,SUMINISTRO COMERCIALIZADORA,CON GDO,,DISA ENERGIA ELECTRICA S.L.,kWh,2025,,2025,0,kgCO2e/kWh,ANNUAL,,MITECO,"MITECO - ""5. Factores Mix Eléctricos"" ""Etiquetado restante de Comercializadoras que han efectuado GdO""",,0,0,ALCANCE 2,fallback_reason=None; proxy_geography=None,Energia_Base_Maestra_y_Contrato_FINAL.xlsx,Factores
ENE_3F162E3C999CF3,ESPAÑA,,ELECTRICIDAD,SUMINISTRO COMERCIALIZADORA,CON GDO,,DISA ENERGIA ELECTRICA S.L.,kWh,2026,,2025,0,kgCO2e/kWh,ANNUAL,,MITECO,"MITECO - ""5. Factores Mix Eléctricos"" ""Etiquetado restante de Comercializadoras que han efectuado GdO""",,1,0,ALCANCE 2,fallback_reason=Último factor disponible para esta comercializadora y etiquetado; proxy_geography=None,Energia_Base_Maestra_y_Contrato_FINAL.xlsx,Factores
ENE_DFA3C92A3B3D7D,ESPAÑA,,ELECTRICIDAD,SUMINISTRO COMERCIALIZADORA,SIN GDO,,DOMESTICA GAS Y ELECTRICIDAD SLU,kWh,2022,,2022,0,kgCO2e/kWh,ANNUAL,,MITECO,"MITECO - ""5. Factores Mix Eléctricos"" ""Etiquetado restante de Comercializadoras que no han efectuado GdO""",,0,0,ALCANCE 2,fallback_reason=None; proxy_geography=None,Energia_Base_Maestra_y_Contrato_FINAL.xlsx,Factores
ENE_F02256D1133CA1,ESPAÑA,,ELECTRICIDAD,SUMINISTRO COMERCIALIZADORA,SIN GDO,,DOMESTICA GAS Y ELECTRICIDAD SLU,kWh,2023,,2023,0,kgCO2e/kWh,ANNUAL,,MITECO,"MITECO - ""5. Factores Mix Eléctricos"" ""Etiquetado restante de Comercializadoras que no han efectuado GdO""",,0,0,ALCANCE 2,fallback_reason=None; proxy_geography=None,Energia_Base_Maestra_y_Contrato_FINAL.xlsx,Factores
ENE_5D3616A4CB0848,ESPAÑA,,ELECTRICIDAD,SUMINISTRO COMERCIALIZADORA,SIN GDO,,DOMESTICA GAS Y ELECTRICIDAD SLU,kWh,2024,,2024,0,kgCO2e/kWh,ANNUAL,,MITECO,"MITECO - ""5. Factores Mix Eléctricos"" ""Etiquetado restante de Comercializadoras que no han efectuado GdO""",,0,0,ALCANCE 2,fallback_reason=None; proxy_geography=None,Energia_Base_Maestra_y_Contrato_FINAL.xlsx,Factores
ENE_4AE15FF6FBDCEB,ESPAÑA,,ELECTRICIDAD,SUMINISTRO COMERCIALIZADORA,SIN GDO,,DOMESTICA GAS Y ELECTRICIDAD SLU,kWh,2025,,2025,0,kgCO2e/kWh,ANNUAL,,MITECO,"MITECO - ""5. Factores Mix Eléctricos"" ""Etiquetado restante de Comercializadoras que no han efectuado GdO""",,0,0,ALCANCE 2,fallback_reason=None; proxy_geography=None,Energia_Base_Maestra_y_Contrato_FINAL.xlsx,Factores
ENE_CA5812CDF8AC6B,ESPAÑA,,ELECTRICIDAD,SUMINISTRO COMERCIALIZADORA,SIN GDO,,DOMESTICA GAS Y ELECTRICIDAD SLU,kWh,2026,,2025,0,kgCO2e/kWh,ANNUAL,,MITECO,"MITECO - ""5. Factores Mix Eléctricos"" ""Etiquetado restante de Comercializadoras que no han efectuado GdO""",,1,0,ALCANCE 2,fallback_reason=Último factor disponible para esta comercializadora y etiquetado; proxy_geography=None,Energia_Base_Maestra_y_Contrato_FINAL.xlsx,Factores
ENE_D986754A52B836,ESPAÑA,,ELECTRICIDAD,SUMINISTRO COMERCIALIZADORA,CON GDO,,"DRK ENERGY, S.L",kWh,2023,,2023,0.26,kgCO2e/kWh,ANNUAL,,MITECO,"MITECO - ""5. Factores Mix Eléctricos"" ""Etiquetado restante de Comercializadoras que han efectuado GdO""",,0,0,ALCANCE 2,fallback_reason=None; proxy_geography=None,Energia_Base_Maestra_y_Contrato_FINAL.xlsx,Factores
ENE_ED05A6B0EC07EB,ESPAÑA,,ELECTRICIDAD,SUMINISTRO COMERCIALIZADORA,CON GDO,,"DRK ENERGY, S.L",kWh,2024,,2024,0.283,kgCO2e/kWh,ANNUAL,,MITECO,"MITECO - ""5. Factores Mix Eléctricos"" ""Etiquetado restante de Comercializadoras que han efectuado GdO""",,0,0,ALCANCE 2,fallback_reason=None; proxy_geography=None,Energia_Base_Maestra_y_Contrato_FINAL.xlsx,Factores
ENE_4FB26FE69BCF99,ESPAÑA,,ELECTRICIDAD,SUMINISTRO COMERCIALIZADORA,CON GDO,,"DRK ENERGY, S.L",kWh,2025,,2025,0.258,kgCO2e/kWh,ANNUAL,,MITECO,"MITECO - ""5. Factores Mix Eléctricos"" ""Etiquetado restante de Comercializadoras que han efectuado GdO""",,0,0,ALCANCE 2,fallback_reason=None; proxy_geography=None,Energia_Base_Maestra_y_Contrato_FINAL.xlsx,Factores
ENE_20DE309462F444,ESPAÑA,,ELECTRICIDAD,SUMINISTRO COMERCIALIZADORA,CON GDO,,"DRK ENERGY, S.L",kWh,2026,,2025,0.258,kgCO2e/kWh,ANNUAL,,MITECO,"MITECO - ""5. Factores Mix Eléctricos"" ""Etiquetado restante de Comercializadoras que han efectuado GdO""",,1,0,ALCANCE 2,fallback_reason=Último factor disponible para esta comercializadora y etiquetado; proxy_geography=None,Energia_Base_Maestra_y_Contrato_FINAL.xlsx,Factores
ENE_E3B87858A8F089,ESPAÑA,,ELECTRICIDAD,SUMINISTRO COMERCIALIZADORA,SIN GDO,,"DYNEFF ESPAÑA, S.L.",kWh,2024,,2024,0,kgCO2e/kWh,ANNUAL,,MITECO,"MITECO - ""5. Factores Mix Eléctricos"" ""Etiquetado restante de Comercializadoras que no han efectuado GdO""",,0,0,ALCANCE 2,fallback_reason=None; proxy_geography=None,Energia_Base_Maestra_y_Contrato_FINAL.xlsx,Factores
ENE_FE29455BDC3965,ESPAÑA,,ELECTRICIDAD,SUMINISTRO COMERCIALIZADORA,SIN GDO,,"DYNEFF ESPAÑA, S.L.",kWh,2025,,2025,0,kgCO2e/kWh,ANNUAL,,MITECO,"MITECO - ""5. Factores Mix Eléctricos"" ""Etiquetado restante de Comercializadoras que no han efectuado GdO""",,0,0,ALCANCE 2,fallback_reason=None; proxy_geography=None,Energia_Base_Maestra_y_Contrato_FINAL.xlsx,Factores
ENE_F363BAF385D7DF,ESPAÑA,,ELECTRICIDAD,SUMINISTRO COMERCIALIZADORA,SIN GDO,,"DYNEFF ESPAÑA, S.L.",kWh,2026,,2025,0,kgCO2e/kWh,ANNUAL,,MITECO,"MITECO - ""5. Factores Mix Eléctricos"" ""Etiquetado restante de Comercializadoras que no han efectuado GdO""",,1,0,ALCANCE 2,fallback_reason=Último factor disponible para esta comercializadora y etiquetado; proxy_geography=None,Energia_Base_Maestra_y_Contrato_FINAL.xlsx,Factores
ENE_4A2C01B621548A,ESPAÑA,,ELECTRICIDAD,SUMINISTRO COMERCIALIZADORA,CON GDO,,"EBROENERGIA COMERCIALIZADORA, S.L.",kWh,2023,,2023,0.26,kgCO2e/kWh,ANNUAL,,MITECO,"MITECO - ""5. Factores Mix Eléctricos"" ""Etiquetado restante de Comercializadoras que han efectuado GdO""",,0,0,ALCANCE 2,fallback_reason=None; proxy_geography=None,Energia_Base_Maestra_y_Contrato_FINAL.xlsx,Factores
ENE_E13D5B11F49715,ESPAÑA,,ELECTRICIDAD,SUMINISTRO COMERCIALIZADORA,CON GDO,,"EBROENERGIA COMERCIALIZADORA, S.L.",kWh,2026,,2023,0.26,kgCO2e/kWh,ANNUAL,,MITECO,"MITECO - ""5. Factores Mix Eléctricos"" ""Etiquetado restante de Comercializadoras que han efectuado GdO""",,1,0,ALCANCE 2,fallback_reason=Último factor disponible para esta comercializadora y etiquetado; proxy_geography=None,Energia_Base_Maestra_y_Contrato_FINAL.xlsx,Factores
ENE_EA8DBD2F52C27C,ESPAÑA,,ELECTRICIDAD,SUMINISTRO COMERCIALIZADORA,SIN GDO,,"EBROENERGIA COMERCIALIZADORA, S.L.",kWh,2025,,2025,0,kgCO2e/kWh,ANNUAL,,MITECO,"MITECO - ""5. Factores Mix Eléctricos"" ""Etiquetado restante de Comercializadoras que no han efectuado GdO""",,0,0,ALCANCE 2,fallback_reason=None; proxy_geography=None,Energia_Base_Maestra_y_Contrato_FINAL.xlsx,Factores
ENE_E0FC6913FE453F,ESPAÑA,,ELECTRICIDAD,SUMINISTRO COMERCIALIZADORA,SIN GDO,,"EBROENERGIA COMERCIALIZADORA, S.L.",kWh,2026,,2025,0,kgCO2e/kWh,ANNUAL,,MITECO,"MITECO - ""5. Factores Mix Eléctricos"" ""Etiquetado restante de Comercializadoras que no han efectuado GdO""",,1,0,ALCANCE 2,fallback_reason=Último factor disponible para esta comercializadora y etiquetado; proxy_geography=None,Energia_Base_Maestra_y_Contrato_FINAL.xlsx,Factores
ENE_8C68B1AFE0A532,ESPAÑA,,ELECTRICIDAD,SUMINISTRO COMERCIALIZADORA,SIN GDO,,"ECOFUTURA LUZ ENERGÍA, S.L.",kWh,2022,,2022,0.254,kgCO2e/kWh,ANNUAL,,MITECO,"MITECO - ""5. Factores Mix Eléctricos"" ""Etiquetado restante de Comercializadoras que no han efectuado GdO""",,0,0,ALCANCE 2,fallback_reason=None; proxy_geography=None,Energia_Base_Maestra_y_Contrato_FINAL.xlsx,Factores
ENE_32B78523C429CA,ESPAÑA,,ELECTRICIDAD,SUMINISTRO COMERCIALIZADORA,SIN GDO,,"ECOFUTURA LUZ ENERGÍA, S.L.",kWh,2026,,2022,0.254,kgCO2e/kWh,ANNUAL,,MITECO,"MITECO - ""5. Factores Mix Eléctricos"" ""Etiquetado restante de Comercializadoras que no han efectuado GdO""",,1,0,ALCANCE 2,fallback_reason=Último factor disponible para esta comercializadora y etiquetado; proxy_geography=None,Energia_Base_Maestra_y_Contrato_FINAL.xlsx,Factores
ENE_8D51048EF64A42,ESPAÑA,,ELECTRICIDAD,SUMINISTRO COMERCIALIZADORA,CON GDO,,"ECOFUTURA LUZ ENERGÍA, S.L.U.",kWh,2023,,2023,0.259,kgCO2e/kWh,ANNUAL,,MITECO,"MITECO - ""5. Factores Mix Eléctricos"" ""Etiquetado restante de Comercializadoras que han efectuado GdO""",,0,0,ALCANCE 2,fallback_reason=None; proxy_geography=None,Energia_Base_Maestra_y_Contrato_FINAL.xlsx,Factores
ENE_FB9CB614A09165,ESPAÑA,,ELECTRICIDAD,SUMINISTRO COMERCIALIZADORA,CON GDO,,"ECOFUTURA LUZ ENERGÍA, S.L.U.",kWh,2026,,2023,0.259,kgCO2e/kWh,ANNUAL,,MITECO,"MITECO - ""5. Factores Mix Eléctricos"" ""Etiquetado restante de Comercializadoras que han efectuado GdO""",,1,0,ALCANCE 2,fallback_reason=Último factor disponible para esta comercializadora y etiquetado; proxy_geography=None,Energia_Base_Maestra_y_Contrato_FINAL.xlsx,Factores
ENE_72A0378487EBB2,ESPAÑA,,ELECTRICIDAD,SUMINISTRO COMERCIALIZADORA,SIN GDO,,"ECOVERGY RENOVABLES, S.L.",kWh,2024,,2024,0,kgCO2e/kWh,ANNUAL,,MITECO,"MITECO - ""5. Factores Mix Eléctricos"" ""Etiquetado restante de Comercializadoras que no han efectuado GdO""",,0,0,ALCANCE 2,fallback_reason=None; proxy_geography=None,Energia_Base_Maestra_y_Contrato_FINAL.xlsx,Factores
ENE_6348A0F6B0649B,ESPAÑA,,ELECTRICIDAD,SUMINISTRO COMERCIALIZADORA,SIN GDO,,"ECOVERGY RENOVABLES, S.L.",kWh,2025,,2025,0,kgCO2e/kWh,ANNUAL,,MITECO,"MITECO - ""5. Factores Mix Eléctricos"" ""Etiquetado restante de Comercializadoras que no han efectuado GdO""",,0,0,ALCANCE 2,fallback_reason=None; proxy_geography=None,Energia_Base_Maestra_y_Contrato_FINAL.xlsx,Factores
ENE_0C84FC1AC0A800,ESPAÑA,,ELECTRICIDAD,SUMINISTRO COMERCIALIZADORA,SIN GDO,,"ECOVERGY RENOVABLES, S.L.",kWh,2026,,2025,0,kgCO2e/kWh,ANNUAL,,MITECO,"MITECO - ""5. Factores Mix Eléctricos"" ""Etiquetado restante de Comercializadoras que no han efectuado GdO""",,1,0,ALCANCE 2,fallback_reason=Último factor disponible para esta comercializadora y etiquetado; proxy_geography=None,Energia_Base_Maestra_y_Contrato_FINAL.xlsx,Factores
ENE_8EEA86312599CF,ESPAÑA,,ELECTRICIDAD,SUMINISTRO COMERCIALIZADORA,CON GDO,,EDP CLIENTES SAU,kWh,2022,,2022,0.272,kgCO2e/kWh,ANNUAL,,MITECO,"MITECO - ""5. Factores Mix Eléctricos"" ""Etiquetado restante de Comercializadoras que han efectuado GdO""",,0,0,ALCANCE 2,fallback_reason=None; proxy_geography=None,Energia_Base_Maestra_y_Contrato_FINAL.xlsx,Factores
ENE_0F0A331475E02A,ESPAÑA,,ELECTRICIDAD,SUMINISTRO COMERCIALIZADORA,CON GDO,,EDP CLIENTES SAU,kWh,2023,,2023,0.259,kgCO2e/kWh,ANNUAL,,MITECO,"MITECO - ""5. Factores Mix Eléctricos"" ""Etiquetado restante de Comercializadoras que han efectuado GdO""",,0,0,ALCANCE 2,fallback_reason=None; proxy_geography=None,Energia_Base_Maestra_y_Contrato_FINAL.xlsx,Factores
ENE_8186AEF69F9FDA,ESPAÑA,,ELECTRICIDAD,SUMINISTRO COMERCIALIZADORA,CON GDO,,EDP CLIENTES SAU,kWh,2024,,2024,0.283,kgCO2e/kWh,ANNUAL,,MITECO,"MITECO - ""5. Factores Mix Eléctricos"" ""Etiquetado restante de Comercializadoras que han efectuado GdO""",,0,0,ALCANCE 2,fallback_reason=None; proxy_geography=None,Energia_Base_Maestra_y_Contrato_FINAL.xlsx,Factores
ENE_E291435C78459A,ESPAÑA,,ELECTRICIDAD,SUMINISTRO COMERCIALIZADORA,CON GDO,,EDP CLIENTES SAU,kWh,2025,,2025,0.258,kgCO2e/kWh,ANNUAL,,MITECO,"MITECO - ""5. Factores Mix Eléctricos"" ""Etiquetado restante de Comercializadoras que han efectuado GdO""",,0,0,ALCANCE 2,fallback_reason=None; proxy_geography=None,Energia_Base_Maestra_y_Contrato_FINAL.xlsx,Factores
ENE_198859E1EEE9E3,ESPAÑA,,ELECTRICIDAD,SUMINISTRO COMERCIALIZADORA,CON GDO,,EDP CLIENTES SAU,kWh,2026,,2025,0.258,kgCO2e/kWh,ANNUAL,,MITECO,"MITECO - ""5. Factores Mix Eléctricos"" ""Etiquetado restante de Comercializadoras que han efectuado GdO""",,1,0,ALCANCE 2,fallback_reason=Último factor disponible para esta comercializadora y etiquetado; proxy_geography=None,Energia_Base_Maestra_y_Contrato_FINAL.xlsx,Factores
ENE_0D6D690BE9C982,ESPAÑA,,ELECTRICIDAD,SUMINISTRO COMERCIALIZADORA,CON GDO,,"EDP ESPAÑA, S.A",kWh,2022,,2022,0.273,kgCO2e/kWh,ANNUAL,,MITECO,"MITECO - ""5. Factores Mix Eléctricos"" ""Etiquetado restante de Comercializadoras que han efectuado GdO""",,0,0,ALCANCE 2,fallback_reason=None; proxy_geography=None,Energia_Base_Maestra_y_Contrato_FINAL.xlsx,Factores
ENE_409045A1F57931,ESPAÑA,,ELECTRICIDAD,SUMINISTRO COMERCIALIZADORA,CON GDO,,"EDP ESPAÑA, S.A",kWh,2023,,2023,0.26,kgCO2e/kWh,ANNUAL,,MITECO,"MITECO - ""5. Factores Mix Eléctricos"" ""Etiquetado restante de Comercializadoras que han efectuado GdO""",,0,0,ALCANCE 2,fallback_reason=None; proxy_geography=None,Energia_Base_Maestra_y_Contrato_FINAL.xlsx,Factores
ENE_7891234BDD150A,ESPAÑA,,ELECTRICIDAD,SUMINISTRO COMERCIALIZADORA,CON GDO,,"EDP ESPAÑA, S.A",kWh,2024,,2024,0.283,kgCO2e/kWh,ANNUAL,,MITECO,"MITECO - ""5. Factores Mix Eléctricos"" ""Etiquetado restante de Comercializadoras que han efectuado GdO""",,0,0,ALCANCE 2,fallback_reason=None; proxy_geography=None,Energia_Base_Maestra_y_Contrato_FINAL.xlsx,Factores
ENE_2E962FEA7F64EE,ESPAÑA,,ELECTRICIDAD,SUMINISTRO COMERCIALIZADORA,CON GDO,,"EDP ESPAÑA, S.A",kWh,2025,,2025,0.258,kgCO2e/kWh,ANNUAL,,MITECO,"MITECO - ""5. Factores Mix Eléctricos"" ""Etiquetado restante de Comercializadoras que han efectuado GdO""",,0,0,ALCANCE 2,fallback_reason=None; proxy_geography=None,Energia_Base_Maestra_y_Contrato_FINAL.xlsx,Factores
ENE_38B2CD81784D33,ESPAÑA,,ELECTRICIDAD,SUMINISTRO COMERCIALIZADORA,CON GDO,,"EDP ESPAÑA, S.A",kWh,2026,,2025,0.258,kgCO2e/kWh,ANNUAL,,MITECO,"MITECO - ""5. Factores Mix Eléctricos"" ""Etiquetado restante de Comercializadoras que han efectuado GdO""",,1,0,ALCANCE 2,fallback_reason=Último factor disponible para esta comercializadora y etiquetado; proxy_geography=None,Energia_Base_Maestra_y_Contrato_FINAL.xlsx,Factores
ENE_FDC38174B43DCC,ESPAÑA,,ELECTRICIDAD,SUMINISTRO COMERCIALIZADORA,CON GDO,,"EKILUZ ENERGÍA COMERCIALIZADORA, S.L.",kWh,2025,,2025,0,kgCO2e/kWh,ANNUAL,,MITECO,"MITECO - ""5. Factores Mix Eléctricos"" ""Etiquetado restante de Comercializadoras que han efectuado GdO""",,0,0,ALCANCE 2,fallback_reason=None; proxy_geography=None,Energia_Base_Maestra_y_Contrato_FINAL.xlsx,Factores
ENE_589D1A9A1BC923,ESPAÑA,,ELECTRICIDAD,SUMINISTRO COMERCIALIZADORA,CON GDO,,"EKILUZ ENERGÍA COMERCIALIZADORA, S.L.",kWh,2026,,2025,0,kgCO2e/kWh,ANNUAL,,MITECO,"MITECO - ""5. Factores Mix Eléctricos"" ""Etiquetado restante de Comercializadoras que han efectuado GdO""",,1,0,ALCANCE 2,fallback_reason=Último factor disponible para esta comercializadora y etiquetado; proxy_geography=None,Energia_Base_Maestra_y_Contrato_FINAL.xlsx,Factores
ENE_903E42037E663F,ESPAÑA,,ELECTRICIDAD,SUMINISTRO COMERCIALIZADORA,SIN GDO,,"EKILUZ ENERGÍA COMERCIALIZADORA, S.L.",kWh,2022,,2022,0,kgCO2e/kWh,ANNUAL,,MITECO,"MITECO - ""5. Factores Mix Eléctricos"" ""Etiquetado restante de Comercializadoras que no han efectuado GdO""",,0,0,ALCANCE 2,fallback_reason=None; proxy_geography=None,Energia_Base_Maestra_y_Contrato_FINAL.xlsx,Factores
ENE_451026E0BAA39D,ESPAÑA,,ELECTRICIDAD,SUMINISTRO COMERCIALIZADORA,SIN GDO,,"EKILUZ ENERGÍA COMERCIALIZADORA, S.L.",kWh,2023,,2023,0,kgCO2e/kWh,ANNUAL,,MITECO,"MITECO - ""5. Factores Mix Eléctricos"" ""Etiquetado restante de Comercializadoras que no han efectuado GdO""",,0,0,ALCANCE 2,fallback_reason=None; proxy_geography=None,Energia_Base_Maestra_y_Contrato_FINAL.xlsx,Factores
ENE_8072B36F105F05,ESPAÑA,,ELECTRICIDAD,SUMINISTRO COMERCIALIZADORA,SIN GDO,,"EKILUZ ENERGÍA COMERCIALIZADORA, S.L.",kWh,2024,,2024,0.05,kgCO2e/kWh,ANNUAL,,MITECO,"MITECO - ""5. Factores Mix Eléctricos"" ""Etiquetado restante de Comercializadoras que no han efectuado GdO""",,0,0,ALCANCE 2,fallback_reason=None; proxy_geography=None,Energia_Base_Maestra_y_Contrato_FINAL.xlsx,Factores
ENE_CEE5217C8AE438,ESPAÑA,,ELECTRICIDAD,SUMINISTRO COMERCIALIZADORA,SIN GDO,,"EKILUZ ENERGÍA COMERCIALIZADORA, S.L.",kWh,2026,,2024,0.05,kgCO2e/kWh,ANNUAL,,MITECO,"MITECO - ""5. Factores Mix Eléctricos"" ""Etiquetado restante de Comercializadoras que no han efectuado GdO""",,1,0,ALCANCE 2,fallback_reason=Último factor disponible para esta comercializadora y etiquetado; proxy_geography=None,Energia_Base_Maestra_y_Contrato_FINAL.xlsx,Factores
ENE_4208BB2DD66CC0,ESPAÑA,,ELECTRICIDAD,SUMINISTRO COMERCIALIZADORA,SIN GDO,,"ELECBALEAR, S.L.",kWh,2024,,2024,0,kgCO2e/kWh,ANNUAL,,MITECO,"MITECO - ""5. Factores Mix Eléctricos"" ""Etiquetado restante de Comercializadoras que no han efectuado GdO""",,0,0,ALCANCE 2,fallback_reason=None; proxy_geography=None,Energia_Base_Maestra_y_Contrato_FINAL.xlsx,Factores
ENE_B9069B95C20CD9,ESPAÑA,,ELECTRICIDAD,SUMINISTRO COMERCIALIZADORA,SIN GDO,,"ELECBALEAR, S.L.",kWh,2026,,2024,0,kgCO2e/kWh,ANNUAL,,MITECO,"MITECO - ""5. Factores Mix Eléctricos"" ""Etiquetado restante de Comercializadoras que no han efectuado GdO""",,1,0,ALCANCE 2,fallback_reason=Último factor disponible para esta comercializadora y etiquetado; proxy_geography=None,Energia_Base_Maestra_y_Contrato_FINAL.xlsx,Factores
ENE_7E8181FAC21B6A,ESPAÑA,,ELECTRICIDAD,SUMINISTRO COMERCIALIZADORA,SIN GDO,,ELECNOVA SIGLO XXI SL,kWh,2022,,2022,0.269,kgCO2e/kWh,ANNUAL,,MITECO,"MITECO - ""5. Factores Mix Eléctricos"" ""Etiquetado restante de Comercializadoras que no han efectuado GdO""",,0,0,ALCANCE 2,fallback_reason=None; proxy_geography=None,Energia_Base_Maestra_y_Contrato_FINAL.xlsx,Factores
ENE_A28CFE4667ECE6,ESPAÑA,,ELECTRICIDAD,SUMINISTRO COMERCIALIZADORA,SIN GDO,,ELECNOVA SIGLO XXI SL,kWh,2023,,2023,0.172,kgCO2e/kWh,ANNUAL,,MITECO,"MITECO - ""5. Factores Mix Eléctricos"" ""Etiquetado restante de Comercializadoras que no han efectuado GdO""",,0,0,ALCANCE 2,fallback_reason=None; proxy_geography=None,Energia_Base_Maestra_y_Contrato_FINAL.xlsx,Factores
ENE_BC90A5D0DB6005,ESPAÑA,,ELECTRICIDAD,SUMINISTRO COMERCIALIZADORA,SIN GDO,,ELECNOVA SIGLO XXI SL,kWh,2024,,2024,0,kgCO2e/kWh,ANNUAL,,MITECO,"MITECO - ""5. Factores Mix Eléctricos"" ""Etiquetado restante de Comercializadoras que no han efectuado GdO""",,0,0,ALCANCE 2,fallback_reason=None; proxy_geography=None,Energia_Base_Maestra_y_Contrato_FINAL.xlsx,Factores
ENE_753DD723FD37C2,ESPAÑA,,ELECTRICIDAD,SUMINISTRO COMERCIALIZADORA,SIN GDO,,ELECNOVA SIGLO XXI SL,kWh,2025,,2025,0,kgCO2e/kWh,ANNUAL,,MITECO,"MITECO - ""5. Factores Mix Eléctricos"" ""Etiquetado restante de Comercializadoras que no han efectuado GdO""",,0,0,ALCANCE 2,fallback_reason=None; proxy_geography=None,Energia_Base_Maestra_y_Contrato_FINAL.xlsx,Factores
ENE_D21DADCAE5B2D0,ESPAÑA,,ELECTRICIDAD,SUMINISTRO COMERCIALIZADORA,SIN GDO,,ELECNOVA SIGLO XXI SL,kWh,2026,,2025,0,kgCO2e/kWh,ANNUAL,,MITECO,"MITECO - ""5. Factores Mix Eléctricos"" ""Etiquetado restante de Comercializadoras que no han efectuado GdO""",,1,0,ALCANCE 2,fallback_reason=Último factor disponible para esta comercializadora y etiquetado; proxy_geography=None,Energia_Base_Maestra_y_Contrato_FINAL.xlsx,Factores
ENE_12D6248E790914,ESPAÑA,,ELECTRICIDAD,SUMINISTRO COMERCIALIZADORA,SIN GDO,,"ELECTED ENERGY, S.L -",kWh,2024,,2024,0,kgCO2e/kWh,ANNUAL,,MITECO,"MITECO - ""5. Factores Mix Eléctricos"" ""Etiquetado restante de Comercializadoras que no han efectuado GdO""",,0,0,ALCANCE 2,fallback_reason=None; proxy_geography=None,Energia_Base_Maestra_y_Contrato_FINAL.xlsx,Factores
ENE_57D3C6CC606DA8,ESPAÑA,,ELECTRICIDAD,SUMINISTRO COMERCIALIZADORA,SIN GDO,,"ELECTED ENERGY, S.L -",kWh,2025,,2025,0,kgCO2e/kWh,ANNUAL,,MITECO,"MITECO - ""5. Factores Mix Eléctricos"" ""Etiquetado restante de Comercializadoras que no han efectuado GdO""",,0,0,ALCANCE 2,fallback_reason=None; proxy_geography=None,Energia_Base_Maestra_y_Contrato_FINAL.xlsx,Factores
ENE_31E64555FBB03F,ESPAÑA,,ELECTRICIDAD,SUMINISTRO COMERCIALIZADORA,SIN GDO,,"ELECTED ENERGY, S.L -",kWh,2026,,2025,0,kgCO2e/kWh,ANNUAL,,MITECO,"MITECO - ""5. Factores Mix Eléctricos"" ""Etiquetado restante de Comercializadoras que no han efectuado GdO""",,1,0,ALCANCE 2,fallback_reason=Último factor disponible para esta comercializadora y etiquetado; proxy_geography=None,Energia_Base_Maestra_y_Contrato_FINAL.xlsx,Factores
ENE_FB55312BEB14CD,ESPAÑA,,ELECTRICIDAD,SUMINISTRO COMERCIALIZADORA,SIN GDO,,"ELECTRA AVELLANA COMERCIAL, S.L",kWh,2022,,2022,0,kgCO2e/kWh,ANNUAL,,MITECO,"MITECO - ""5. Factores Mix Eléctricos"" ""Etiquetado restante de Comercializadoras que no han efectuado GdO""",,0,0,ALCANCE 2,fallback_reason=None; proxy_geography=None,Energia_Base_Maestra_y_Contrato_FINAL.xlsx,Factores
ENE_6E356B7DBCE89E,ESPAÑA,,ELECTRICIDAD,SUMINISTRO COMERCIALIZADORA,SIN GDO,,"ELECTRA AVELLANA COMERCIAL, S.L",kWh,2023,,2023,0,kgCO2e/kWh,ANNUAL,,MITECO,"MITECO - ""5. Factores Mix Eléctricos"" ""Etiquetado restante de Comercializadoras que no han efectuado GdO""",,0,0,ALCANCE 2,fallback_reason=None; proxy_geography=None,Energia_Base_Maestra_y_Contrato_FINAL.xlsx,Factores
ENE_AA430B52C0ED7C,ESPAÑA,,ELECTRICIDAD,SUMINISTRO COMERCIALIZADORA,SIN GDO,,"ELECTRA AVELLANA COMERCIAL, S.L",kWh,2024,,2024,0,kgCO2e/kWh,ANNUAL,,MITECO,"MITECO - ""5. Factores Mix Eléctricos"" ""Etiquetado restante de Comercializadoras que no han efectuado GdO""",,0,0,ALCANCE 2,fallback_reason=None; proxy_geography=None,Energia_Base_Maestra_y_Contrato_FINAL.xlsx,Factores
ENE_102B9F5AF494E4,ESPAÑA,,ELECTRICIDAD,SUMINISTRO COMERCIALIZADORA,SIN GDO,,"ELECTRA AVELLANA COMERCIAL, S.L",kWh,2025,,2025,0,kgCO2e/kWh,ANNUAL,,MITECO,"MITECO - ""5. Factores Mix Eléctricos"" ""Etiquetado restante de Comercializadoras que no han efectuado GdO""",,0,0,ALCANCE 2,fallback_reason=None; proxy_geography=None,Energia_Base_Maestra_y_Contrato_FINAL.xlsx,Factores
ENE_463E574B09F634,ESPAÑA,,ELECTRICIDAD,SUMINISTRO COMERCIALIZADORA,SIN GDO,,"ELECTRA AVELLANA COMERCIAL, S.L",kWh,2026,,2025,0,kgCO2e/kWh,ANNUAL,,MITECO,"MITECO - ""5. Factores Mix Eléctricos"" ""Etiquetado restante de Comercializadoras que no han efectuado GdO""",,1,0,ALCANCE 2,fallback_reason=Último factor disponible para esta comercializadora y etiquetado; proxy_geography=None,Energia_Base_Maestra_y_Contrato_FINAL.xlsx,Factores
ENE_E0E79E605345FD,ESPAÑA,,ELECTRICIDAD,SUMINISTRO COMERCIALIZADORA,SIN GDO,,"ELECTRA CALDENSE ENERGIA, S.A.",kWh,2022,,2022,0,kgCO2e/kWh,ANNUAL,,MITECO,"MITECO - ""5. Factores Mix Eléctricos"" ""Etiquetado restante de Comercializadoras que no han efectuado GdO""",,0,0,ALCANCE 2,fallback_reason=None; proxy_geography=None,Energia_Base_Maestra_y_Contrato_FINAL.xlsx,Factores
ENE_DCE2E9C57F0EE5,ESPAÑA,,ELECTRICIDAD,SUMINISTRO COMERCIALIZADORA,SIN GDO,,"ELECTRA CALDENSE ENERGIA, S.A.",kWh,2023,,2023,0,kgCO2e/kWh,ANNUAL,,MITECO,"MITECO - ""5. Factores Mix Eléctricos"" ""Etiquetado restante de Comercializadoras que no han efectuado GdO""",,0,0,ALCANCE 2,fallback_reason=None; proxy_geography=None,Energia_Base_Maestra_y_Contrato_FINAL.xlsx,Factores
ENE_8825E789AB8207,ESPAÑA,,ELECTRICIDAD,SUMINISTRO COMERCIALIZADORA,SIN GDO,,"ELECTRA CALDENSE ENERGIA, S.A.",kWh,2024,,2024,0,kgCO2e/kWh,ANNUAL,,MITECO,"MITECO - ""5. Factores Mix Eléctricos"" ""Etiquetado restante de Comercializadoras que no han efectuado GdO""",,0,0,ALCANCE 2,fallback_reason=None; proxy_geography=None,Energia_Base_Maestra_y_Contrato_FINAL.xlsx,Factores
ENE_8EF0702E0E69F3,ESPAÑA,,ELECTRICIDAD,SUMINISTRO COMERCIALIZADORA,SIN GDO,,"ELECTRA CALDENSE ENERGIA, S.A.",kWh,2025,,2025,0,kgCO2e/kWh,ANNUAL,,MITECO,"MITECO - ""5. Factores Mix Eléctricos"" ""Etiquetado restante de Comercializadoras que no han efectuado GdO""",,0,0,ALCANCE 2,fallback_reason=None; proxy_geography=None,Energia_Base_Maestra_y_Contrato_FINAL.xlsx,Factores
ENE_251210329E9CE9,ESPAÑA,,ELECTRICIDAD,SUMINISTRO COMERCIALIZADORA,SIN GDO,,"ELECTRA CALDENSE ENERGIA, S.A.",kWh,2026,,2025,0,kgCO2e/kWh,ANNUAL,,MITECO,"MITECO - ""5. Factores Mix Eléctricos"" ""Etiquetado restante de Comercializadoras que no han efectuado GdO""",,1,0,ALCANCE 2,fallback_reason=Último factor disponible para esta comercializadora y etiquetado; proxy_geography=None,Energia_Base_Maestra_y_Contrato_FINAL.xlsx,Factores
ENE_DB03DEE5FB0AF3,ESPAÑA,,ELECTRICIDAD,SUMINISTRO COMERCIALIZADORA,CON GDO,,"ELECTRA DEL CARDENER ENERGIA, S.A.",kWh,2024,,2024,0.229,kgCO2e/kWh,ANNUAL,,MITECO,"MITECO - ""5. Factores Mix Eléctricos"" ""Etiquetado restante de Comercializadoras que han efectuado GdO""",,0,0,ALCANCE 2,fallback_reason=None; proxy_geography=None,Energia_Base_Maestra_y_Contrato_FINAL.xlsx,Factores
ENE_50260AA2C4008D,ESPAÑA,,ELECTRICIDAD,SUMINISTRO COMERCIALIZADORA,CON GDO,,"ELECTRA DEL CARDENER ENERGIA, S.A.",kWh,2025,,2025,0.179,kgCO2e/kWh,ANNUAL,,MITECO,"MITECO - ""5. Factores Mix Eléctricos"" ""Etiquetado restante de Comercializadoras que han efectuado GdO""",,0,0,ALCANCE 2,fallback_reason=None; proxy_geography=None,Energia_Base_Maestra_y_Contrato_FINAL.xlsx,Factores
ENE_DBA3F707BBA38F,ESPAÑA,,ELECTRICIDAD,SUMINISTRO COMERCIALIZADORA,CON GDO,,"ELECTRA DEL CARDENER ENERGIA, S.A.",kWh,2026,,2025,0.179,kgCO2e/kWh,ANNUAL,,MITECO,"MITECO - ""5. Factores Mix Eléctricos"" ""Etiquetado restante de Comercializadoras que han efectuado GdO""",,1,0,ALCANCE 2,fallback_reason=Último factor disponible para esta comercializadora y etiquetado; proxy_geography=None,Energia_Base_Maestra_y_Contrato_FINAL.xlsx,Factores
ENE_D97868EFF30228,ESPAÑA,,ELECTRICIDAD,SUMINISTRO COMERCIALIZADORA,SIN GDO,,"ELECTRA DEL CARDENER ENERGIA, S.A.",kWh,2022,,2022,0.249,kgCO2e/kWh,ANNUAL,,MITECO,"MITECO - ""5. Factores Mix Eléctricos"" ""Etiquetado restante de Comercializadoras que no han efectuado GdO""",,0,0,ALCANCE 2,fallback_reason=None; proxy_geography=None,Energia_Base_Maestra_y_Contrato_FINAL.xlsx,Factores
ENE_D19794129C197C,ESPAÑA,,ELECTRICIDAD,SUMINISTRO COMERCIALIZADORA,SIN GDO,,"ELECTRA DEL CARDENER ENERGIA, S.A.",kWh,2023,,2023,0.244,kgCO2e/kWh,ANNUAL,,MITECO,"MITECO - ""5. Factores Mix Eléctricos"" ""Etiquetado restante de Comercializadoras que no han efectuado GdO""",,0,0,ALCANCE 2,fallback_reason=None; proxy_geography=None,Energia_Base_Maestra_y_Contrato_FINAL.xlsx,Factores
ENE_DB03DEE5FB0AF3_R07164,ESPAÑA,,ELECTRICIDAD,SUMINISTRO COMERCIALIZADORA,SIN GDO,,"ELECTRA DEL CARDENER ENERGIA, S.A.",kWh,2024,,2024,0,kgCO2e/kWh,ANNUAL,,MITECO,"MITECO - ""5. Factores Mix Eléctricos"" ""Etiquetado restante de Comercializadoras que no han efectuado GdO""",,0,0,ALCANCE 2,fallback_reason=None; proxy_geography=None,Energia_Base_Maestra_y_Contrato_FINAL.xlsx,Factores
ENE_7B35133B93125C,ESPAÑA,,ELECTRICIDAD,SUMINISTRO COMERCIALIZADORA,SIN GDO,,"ELECTRA DEL CARDENER ENERGIA, S.A.",kWh,2026,,2024,0,kgCO2e/kWh,ANNUAL,,MITECO,"MITECO - ""5. Factores Mix Eléctricos"" ""Etiquetado restante de Comercializadoras que no han efectuado GdO""",,1,0,ALCANCE 2,fallback_reason=Último factor disponible para esta comercializadora y etiquetado; proxy_geography=None,Energia_Base_Maestra_y_Contrato_FINAL.xlsx,Factores
ENE_EAC07958043372,ESPAÑA,,ELECTRICIDAD,SUMINISTRO COMERCIALIZADORA,SIN GDO,,"ELECTRA ENERGIA, S.A.",kWh,2022,,2022,0.27,kgCO2e/kWh,ANNUAL,,MITECO,"MITECO - ""5. Factores Mix Eléctricos"" ""Etiquetado restante de Comercializadoras que no han efectuado GdO""",,0,0,ALCANCE 2,fallback_reason=None; proxy_geography=None,Energia_Base_Maestra_y_Contrato_FINAL.xlsx,Factores
ENE_585523BB314570,ESPAÑA,,ELECTRICIDAD,SUMINISTRO COMERCIALIZADORA,SIN GDO,,"ELECTRA ENERGIA, S.A.",kWh,2026,,2022,0.27,kgCO2e/kWh,ANNUAL,,MITECO,"MITECO - ""5. Factores Mix Eléctricos"" ""Etiquetado restante de Comercializadoras que no han efectuado GdO""",,1,0,ALCANCE 2,fallback_reason=Último factor disponible para esta comercializadora y etiquetado; proxy_geography=None,Energia_Base_Maestra_y_Contrato_FINAL.xlsx,Factores
ENE_29B32908B08C00,ESPAÑA,,ELECTRICIDAD,SUMINISTRO COMERCIALIZADORA,SIN GDO,,"ELECTRA NORTE ENERGÍA, S.A.",kWh,2024,,2024,0,kgCO2e/kWh,ANNUAL,,MITECO,"MITECO - ""5. Factores Mix Eléctricos"" ""Etiquetado restante de Comercializadoras que no han efectuado GdO""",,0,0,ALCANCE 2,fallback_reason=None; proxy_geography=None,Energia_Base_Maestra_y_Contrato_FINAL.xlsx,Factores
ENE_76D07201C9A3B9,ESPAÑA,,ELECTRICIDAD,SUMINISTRO COMERCIALIZADORA,SIN GDO,,"ELECTRA NORTE ENERGÍA, S.A.",kWh,2025,,2025,0,kgCO2e/kWh,ANNUAL,,MITECO,"MITECO - ""5. Factores Mix Eléctricos"" ""Etiquetado restante de Comercializadoras que no han efectuado GdO""",,0,0,ALCANCE 2,fallback_reason=None; proxy_geography=None,Energia_Base_Maestra_y_Contrato_FINAL.xlsx,Factores
ENE_CB9E488FFFFD21,ESPAÑA,,ELECTRICIDAD,SUMINISTRO COMERCIALIZADORA,SIN GDO,,"ELECTRA NORTE ENERGÍA, S.A.",kWh,2026,,2025,0,kgCO2e/kWh,ANNUAL,,MITECO,"MITECO - ""5. Factores Mix Eléctricos"" ""Etiquetado restante de Comercializadoras que no han efectuado GdO""",,1,0,ALCANCE 2,fallback_reason=Último factor disponible para esta comercializadora y etiquetado; proxy_geography=None,Energia_Base_Maestra_y_Contrato_FINAL.xlsx,Factores
ENE_A7AA3D384A45D4,ESPAÑA,,ELECTRICIDAD,SUMINISTRO COMERCIALIZADORA,SIN GDO,,"ELECTRACOMERCIAL CENTELLES, S.L.UNIPERSONAL",kWh,2022,,2022,0,kgCO2e/kWh,ANNUAL,,MITECO,"MITECO - ""5. Factores Mix Eléctricos"" ""Etiquetado restante de Comercializadoras que no han efectuado GdO""",,0,0,ALCANCE 2,fallback_reason=None; proxy_geography=None,Energia_Base_Maestra_y_Contrato_FINAL.xlsx,Factores
ENE_5D219BBC8A92E8,ESPAÑA,,ELECTRICIDAD,SUMINISTRO COMERCIALIZADORA,SIN GDO,,"ELECTRACOMERCIAL CENTELLES, S.L.UNIPERSONAL",kWh,2023,,2023,0,kgCO2e/kWh,ANNUAL,,MITECO,"MITECO - ""5. Factores Mix Eléctricos"" ""Etiquetado restante de Comercializadoras que no han efectuado GdO""",,0,0,ALCANCE 2,fallback_reason=None; proxy_geography=None,Energia_Base_Maestra_y_Contrato_FINAL.xlsx,Factores
ENE_9E103AB9A18178,ESPAÑA,,ELECTRICIDAD,SUMINISTRO COMERCIALIZADORA,SIN GDO,,"ELECTRACOMERCIAL CENTELLES, S.L.UNIPERSONAL",kWh,2024,,2024,0,kgCO2e/kWh,ANNUAL,,MITECO,"MITECO - ""5. Factores Mix Eléctricos"" ""Etiquetado restante de Comercializadoras que no han efectuado GdO""",,0,0,ALCANCE 2,fallback_reason=None; proxy_geography=None,Energia_Base_Maestra_y_Contrato_FINAL.xlsx,Factores
ENE_7D2E83209FB639,ESPAÑA,,ELECTRICIDAD,SUMINISTRO COMERCIALIZADORA,SIN GDO,,"ELECTRACOMERCIAL CENTELLES, S.L.UNIPERSONAL",kWh,2026,,2024,0,kgCO2e/kWh,ANNUAL,,MITECO,"MITECO - ""5. Factores Mix Eléctricos"" ""Etiquetado restante de Comercializadoras que no han efectuado GdO""",,1,0,ALCANCE 2,fallback_reason=Último factor disponible para esta comercializadora y etiquetado; proxy_geography=None,Energia_Base_Maestra_y_Contrato_FINAL.xlsx,Factores
ENE_E6A833F652B23B,ESPAÑA,,ELECTRICIDAD,SUMINISTRO COMERCIALIZADORA,SIN GDO,,ELECTRADISTRIBUCIÓ CENTELLES S.L.,kWh,2025,,2025,0,kgCO2e/kWh,ANNUAL,,MITECO,"MITECO - ""5. Factores Mix Eléctricos"" ""Etiquetado restante de Comercializadoras que no han efectuado GdO""",,0,0,ALCANCE 2,fallback_reason=None; proxy_geography=None,Energia_Base_Maestra_y_Contrato_FINAL.xlsx,Factores
ENE_6196E393DDADF7,ESPAÑA,,ELECTRICIDAD,SUMINISTRO COMERCIALIZADORA,SIN GDO,,ELECTRADISTRIBUCIÓ CENTELLES S.L.,kWh,2026,,2025,0,kgCO2e/kWh,ANNUAL,,MITECO,"MITECO - ""5. Factores Mix Eléctricos"" ""Etiquetado restante de Comercializadoras que no han efectuado GdO""",,1,0,ALCANCE 2,fallback_reason=Último factor disponible para esta comercializadora y etiquetado; proxy_geography=None,Energia_Base_Maestra_y_Contrato_FINAL.xlsx,Factores
ENE_F7E4A20B46EC84,ESPAÑA,,ELECTRICIDAD,SUMINISTRO COMERCIALIZADORA,SIN GDO,,"ELECTRICA DE CHERA, SCV",kWh,2024,,2024,0,kgCO2e/kWh,ANNUAL,,MITECO,"MITECO - ""5. Factores Mix Eléctricos"" ""Etiquetado restante de Comercializadoras que no han efectuado GdO""",,0,0,ALCANCE 2,fallback_reason=None; proxy_geography=None,Energia_Base_Maestra_y_Contrato_FINAL.xlsx,Factores
ENE_8F6B544DA52379,ESPAÑA,,ELECTRICIDAD,SUMINISTRO COMERCIALIZADORA,SIN GDO,,"ELECTRICA DE CHERA, SCV",kWh,2025,,2025,0,kgCO2e/kWh,ANNUAL,,MITECO,"MITECO - ""5. Factores Mix Eléctricos"" ""Etiquetado restante de Comercializadoras que no han efectuado GdO""",,0,0,ALCANCE 2,fallback_reason=None; proxy_geography=None,Energia_Base_Maestra_y_Contrato_FINAL.xlsx,Factores
ENE_3E769C77A0F37C,ESPAÑA,,ELECTRICIDAD,SUMINISTRO COMERCIALIZADORA,SIN GDO,,"ELECTRICA DE CHERA, SCV",kWh,2026,,2025,0,kgCO2e/kWh,ANNUAL,,MITECO,"MITECO - ""5. Factores Mix Eléctricos"" ""Etiquetado restante de Comercializadoras que no han efectuado GdO""",,1,0,ALCANCE 2,fallback_reason=Último factor disponible para esta comercializadora y etiquetado; proxy_geography=None,Energia_Base_Maestra_y_Contrato_FINAL.xlsx,Factores
ENE_94CB000FBC4586,ESPAÑA,,ELECTRICIDAD,SUMINISTRO COMERCIALIZADORA,CON GDO,,"ELECTRICA DE GUIXES ENERGIA, SL",kWh,2022,,2022,0.273,kgCO2e/kWh,ANNUAL,,MITECO,"MITECO - ""5. Factores Mix Eléctricos"" ""Etiquetado restante de Comercializadoras que han efectuado GdO""",,0,0,ALCANCE 2,fallback_reason=None; proxy_geography=None,Energia_Base_Maestra_y_Contrato_FINAL.xlsx,Factores
ENE_429074FDADE53E,ESPAÑA,,ELECTRICIDAD,SUMINISTRO COMERCIALIZADORA,CON GDO,,"ELECTRICA DE GUIXES ENERGIA, SL",kWh,2023,,2023,0.26,kgCO2e/kWh,ANNUAL,,MITECO,"MITECO - ""5. Factores Mix Eléctricos"" ""Etiquetado restante de Comercializadoras que han efectuado GdO""",,0,0,ALCANCE 2,fallback_reason=None; proxy_geography=None,Energia_Base_Maestra_y_Contrato_FINAL.xlsx,Factores
ENE_4B5369C49CD0DD,ESPAÑA,,ELECTRICIDAD,SUMINISTRO COMERCIALIZADORA,CON GDO,,"ELECTRICA DE GUIXES ENERGIA, SL",kWh,2024,,2024,0.28,kgCO2e/kWh,ANNUAL,,MITECO,"MITECO - ""5. Factores Mix Eléctricos"" ""Etiquetado restante de Comercializadoras que han efectuado GdO""",,0,0,ALCANCE 2,fallback_reason=None; proxy_geography=None,Energia_Base_Maestra_y_Contrato_FINAL.xlsx,Factores
ENE_E95DBC44D91460,ESPAÑA,,ELECTRICIDAD,SUMINISTRO COMERCIALIZADORA,CON GDO,,"ELECTRICA DE GUIXES ENERGIA, SL",kWh,2025,,2025,0.253,kgCO2e/kWh,ANNUAL,,MITECO,"MITECO - ""5. Factores Mix Eléctricos"" ""Etiquetado restante de Comercializadoras que han efectuado GdO""",,0,0,ALCANCE 2,fallback_reason=None; proxy_geography=None,Energia_Base_Maestra_y_Contrato_FINAL.xlsx,Factores
ENE_B25218649D1B6F,ESPAÑA,,ELECTRICIDAD,SUMINISTRO COMERCIALIZADORA,CON GDO,,"ELECTRICA DE GUIXES ENERGIA, SL",kWh,2026,,2025,0.253,kgCO2e/kWh,ANNUAL,,MITECO,"MITECO - ""5. Factores Mix Eléctricos"" ""Etiquetado restante de Comercializadoras que han efectuado GdO""",,1,0,ALCANCE 2,fallback_reason=Último factor disponible para esta comercializadora y etiquetado; proxy_geography=None,Energia_Base_Maestra_y_Contrato_FINAL.xlsx,Factores
ENE_BC9165C3BD3F10,ESPAÑA,,ELECTRICIDAD,SUMINISTRO COMERCIALIZADORA,SIN GDO,,ELECTRICA DE SOT DE CHERA SCV,kWh,2024,,2024,0,kgCO2e/kWh,ANNUAL,,MITECO,"MITECO - ""5. Factores Mix Eléctricos"" ""Etiquetado restante de Comercializadoras que no han efectuado GdO""",,0,0,ALCANCE 2,fallback_reason=None; proxy_geography=None,Energia_Base_Maestra_y_Contrato_FINAL.xlsx,Factores
ENE_03BD7374DAB3A2,ESPAÑA,,ELECTRICIDAD,SUMINISTRO COMERCIALIZADORA,SIN GDO,,ELECTRICA DE SOT DE CHERA SCV,kWh,2025,,2025,0,kgCO2e/kWh,ANNUAL,,MITECO,"MITECO - ""5. Factores Mix Eléctricos"" ""Etiquetado restante de Comercializadoras que no han efectuado GdO""",,0,0,ALCANCE 2,fallback_reason=None; proxy_geography=None,Energia_Base_Maestra_y_Contrato_FINAL.xlsx,Factores
ENE_B09D164EB54C6B,ESPAÑA,,ELECTRICIDAD,SUMINISTRO COMERCIALIZADORA,SIN GDO,,ELECTRICA DE SOT DE CHERA SCV,kWh,2026,,2025,0,kgCO2e/kWh,ANNUAL,,MITECO,"MITECO - ""5. Factores Mix Eléctricos"" ""Etiquetado restante de Comercializadoras que no han efectuado GdO""",,1,0,ALCANCE 2,fallback_reason=Último factor disponible para esta comercializadora y etiquetado; proxy_geography=None,Energia_Base_Maestra_y_Contrato_FINAL.xlsx,Factores
ENE_8654C13653C377,ESPAÑA,,ELECTRICIDAD,SUMINISTRO COMERCIALIZADORA,SIN GDO,,ELECTRICA DE VINALESA SOCIEDAD COOPERATIVA VALENCIANA,kWh,2022,,2022,0,kgCO2e/kWh,ANNUAL,,MITECO,"MITECO - ""5. Factores Mix Eléctricos"" ""Etiquetado restante de Comercializadoras que no han efectuado GdO""",,0,0,ALCANCE 2,fallback_reason=None; proxy_geography=None,Energia_Base_Maestra_y_Contrato_FINAL.xlsx,Factores
ENE_DE06F6C8120F6B,ESPAÑA,,ELECTRICIDAD,SUMINISTRO COMERCIALIZADORA,SIN GDO,,ELECTRICA DE VINALESA SOCIEDAD COOPERATIVA VALENCIANA,kWh,2024,,2024,0,kgCO2e/kWh,ANNUAL,,MITECO,"MITECO - ""5. Factores Mix Eléctricos"" ""Etiquetado restante de Comercializadoras que no han efectuado GdO""",,0,0,ALCANCE 2,fallback_reason=None; proxy_geography=None,Energia_Base_Maestra_y_Contrato_FINAL.xlsx,Factores
ENE_C1D80E64C2FBC3,ESPAÑA,,ELECTRICIDAD,SUMINISTRO COMERCIALIZADORA,SIN GDO,,ELECTRICA DE VINALESA SOCIEDAD COOPERATIVA VALENCIANA,kWh,2025,,2025,0,kgCO2e/kWh,ANNUAL,,MITECO,"MITECO - ""5. Factores Mix Eléctricos"" ""Etiquetado restante de Comercializadoras que no han efectuado GdO""",,0,0,ALCANCE 2,fallback_reason=None; proxy_geography=None,Energia_Base_Maestra_y_Contrato_FINAL.xlsx,Factores
ENE_00D31C6AE0BC3B,ESPAÑA,,ELECTRICIDAD,SUMINISTRO COMERCIALIZADORA,SIN GDO,,ELECTRICA DE VINALESA SOCIEDAD COOPERATIVA VALENCIANA,kWh,2026,,2025,0,kgCO2e/kWh,ANNUAL,,MITECO,"MITECO - ""5. Factores Mix Eléctricos"" ""Etiquetado restante de Comercializadoras que no han efectuado GdO""",,1,0,ALCANCE 2,fallback_reason=Último factor disponible para esta comercializadora y etiquetado; proxy_geography=None,Energia_Base_Maestra_y_Contrato_FINAL.xlsx,Factores
ENE_C9FC376A09F9A7,ESPAÑA,,ELECTRICIDAD,SUMINISTRO COMERCIALIZADORA,CON GDO,,"ELECTRICA ENERGIA, S.A.",kWh,2023,,2023,0.253,kgCO2e/kWh,ANNUAL,,MITECO,"MITECO - ""5. Factores Mix Eléctricos"" ""Etiquetado restante de Comercializadoras que han efectuado GdO""",,0,0,ALCANCE 2,fallback_reason=None; proxy_geography=None,Energia_Base_Maestra_y_Contrato_FINAL.xlsx,Factores
ENE_58BF72A65032EC,ESPAÑA,,ELECTRICIDAD,SUMINISTRO COMERCIALIZADORA,CON GDO,,"ELECTRICA ENERGIA, S.A.",kWh,2024,,2024,0.271,kgCO2e/kWh,ANNUAL,,MITECO,"MITECO - ""5. Factores Mix Eléctricos"" ""Etiquetado restante de Comercializadoras que han efectuado GdO""",,0,0,ALCANCE 2,fallback_reason=None; proxy_geography=None,Energia_Base_Maestra_y_Contrato_FINAL.xlsx,Factores
ENE_BF99694C85D2E9,ESPAÑA,,ELECTRICIDAD,SUMINISTRO COMERCIALIZADORA,CON GDO,,"ELECTRICA ENERGIA, S.A.",kWh,2025,,2025,0.242,kgCO2e/kWh,ANNUAL,,MITECO,"MITECO - ""5. Factores Mix Eléctricos"" ""Etiquetado restante de Comercializadoras que han efectuado GdO""",,0,0,ALCANCE 2,fallback_reason=None; proxy_geography=None,Energia_Base_Maestra_y_Contrato_FINAL.xlsx,Factores
ENE_35979780765C68,ESPAÑA,,ELECTRICIDAD,SUMINISTRO COMERCIALIZADORA,CON GDO,,"ELECTRICA ENERGIA, S.A.",kWh,2026,,2025,0.242,kgCO2e/kWh,ANNUAL,,MITECO,"MITECO - ""5. Factores Mix Eléctricos"" ""Etiquetado restante de Comercializadoras que han efectuado GdO""",,1,0,ALCANCE 2,fallback_reason=Último factor disponible para esta comercializadora y etiquetado; proxy_geography=None,Energia_Base_Maestra_y_Contrato_FINAL.xlsx,Factores
ENE_AB6DD7E5A08D90,ESPAÑA,,ELECTRICIDAD,SUMINISTRO COMERCIALIZADORA,CON GDO,,"ELECTRICA NORTE ENERGÍA, S.A.",kWh,2022,,2022,0.256,kgCO2e/kWh,ANNUAL,,MITECO,"MITECO - ""5. Factores Mix Eléctricos"" ""Etiquetado restante de Comercializadoras que han efectuado GdO""",,0,0,ALCANCE 2,fallback_reason=None; proxy_geography=None,Energia_Base_Maestra_y_Contrato_FINAL.xlsx,Factores
ENE_517F011D3DE56D,ESPAÑA,,ELECTRICIDAD,SUMINISTRO COMERCIALIZADORA,CON GDO,,"ELECTRICA NORTE ENERGÍA, S.A.",kWh,2023,,2023,0.243,kgCO2e/kWh,ANNUAL,,MITECO,"MITECO - ""5. Factores Mix Eléctricos"" ""Etiquetado restante de Comercializadoras que han efectuado GdO""",,0,0,ALCANCE 2,fallback_reason=None; proxy_geography=None,Energia_Base_Maestra_y_Contrato_FINAL.xlsx,Factores
ENE_E1405349994417,ESPAÑA,,ELECTRICIDAD,SUMINISTRO COMERCIALIZADORA,CON GDO,,"ELECTRICA NORTE ENERGÍA, S.A.",kWh,2026,,2023,0.243,kgCO2e/kWh,ANNUAL,,MITECO,"MITECO - ""5. Factores Mix Eléctricos"" ""Etiquetado restante de Comercializadoras que han efectuado GdO""",,1,0,ALCANCE 2,fallback_reason=Último factor disponible para esta comercializadora y etiquetado; proxy_geography=None,Energia_Base_Maestra_y_Contrato_FINAL.xlsx,Factores
ENE_59F8F459F15BF8,ESPAÑA,,ELECTRICIDAD,SUMINISTRO COMERCIALIZADORA,CON GDO,,"ELECTRICA SEROSENSE, S.L.",kWh,2022,,2022,0.272,kgCO2e/kWh,ANNUAL,,MITECO,"MITECO - ""5. Factores Mix Eléctricos"" ""Etiquetado restante de Comercializadoras que han efectuado GdO""",,0,0,ALCANCE 2,fallback_reason=None; proxy_geography=None,Energia_Base_Maestra_y_Contrato_FINAL.xlsx,Factores
ENE_98BD9E1F698251,ESPAÑA,,ELECTRICIDAD,SUMINISTRO COMERCIALIZADORA,CON GDO,,"ELECTRICA SEROSENSE, S.L.",kWh,2023,,2023,0.26,kgCO2e/kWh,ANNUAL,,MITECO,"MITECO - ""5. Factores Mix Eléctricos"" ""Etiquetado restante de Comercializadoras que han efectuado GdO""",,0,0,ALCANCE 2,fallback_reason=None; proxy_geography=None,Energia_Base_Maestra_y_Contrato_FINAL.xlsx,Factores
ENE_17F1F97CDBC78C,ESPAÑA,,ELECTRICIDAD,SUMINISTRO COMERCIALIZADORA,CON GDO,,"ELECTRICA SEROSENSE, S.L.",kWh,2024,,2024,0.283,kgCO2e/kWh,ANNUAL,,MITECO,"MITECO - ""5. Factores Mix Eléctricos"" ""Etiquetado restante de Comercializadoras que han efectuado GdO""",,0,0,ALCANCE 2,fallback_reason=None; proxy_geography=None,Energia_Base_Maestra_y_Contrato_FINAL.xlsx,Factores
ENE_684589876E313F,ESPAÑA,,ELECTRICIDAD,SUMINISTRO COMERCIALIZADORA,CON GDO,,"ELECTRICA SEROSENSE, S.L.",kWh,2025,,2025,0.258,kgCO2e/kWh,ANNUAL,,MITECO,"MITECO - ""5. Factores Mix Eléctricos"" ""Etiquetado restante de Comercializadoras que han efectuado GdO""",,0,0,ALCANCE 2,fallback_reason=None; proxy_geography=None,Energia_Base_Maestra_y_Contrato_FINAL.xlsx,Factores
ENE_09D16E8B2DC904,ESPAÑA,,ELECTRICIDAD,SUMINISTRO COMERCIALIZADORA,CON GDO,,"ELECTRICA SEROSENSE, S.L.",kWh,2026,,2025,0.258,kgCO2e/kWh,ANNUAL,,MITECO,"MITECO - ""5. Factores Mix Eléctricos"" ""Etiquetado restante de Comercializadoras que han efectuado GdO""",,1,0,ALCANCE 2,fallback_reason=Último factor disponible para esta comercializadora y etiquetado; proxy_geography=None,Energia_Base_Maestra_y_Contrato_FINAL.xlsx,Factores
ENE_E632275C4E9882,ESPAÑA,,ELECTRICIDAD,SUMINISTRO COMERCIALIZADORA,CON GDO,,"ELECTRICA SOLLERENSE, S.A.",kWh,2023,,2023,0.259,kgCO2e/kWh,ANNUAL,,MITECO,"MITECO - ""5. Factores Mix Eléctricos"" ""Etiquetado restante de Comercializadoras que han efectuado GdO""",,0,0,ALCANCE 2,fallback_reason=None; proxy_geography=None,Energia_Base_Maestra_y_Contrato_FINAL.xlsx,Factores
ENE_651E9D2C47E5D9,ESPAÑA,,ELECTRICIDAD,SUMINISTRO COMERCIALIZADORA,CON GDO,,"ELECTRICA SOLLERENSE, S.A.",kWh,2024,,2024,0.283,kgCO2e/kWh,ANNUAL,,MITECO,"MITECO - ""5. Factores Mix Eléctricos"" ""Etiquetado restante de Comercializadoras que han efectuado GdO""",,0,0,ALCANCE 2,fallback_reason=None; proxy_geography=None,Energia_Base_Maestra_y_Contrato_FINAL.xlsx,Factores
ENE_D1F0D4E622B27D,ESPAÑA,,ELECTRICIDAD,SUMINISTRO COMERCIALIZADORA,CON GDO,,"ELECTRICA SOLLERENSE, S.A.",kWh,2025,,2025,0.257,kgCO2e/kWh,ANNUAL,,MITECO,"MITECO - ""5. Factores Mix Eléctricos"" ""Etiquetado restante de Comercializadoras que han efectuado GdO""",,0,0,ALCANCE 2,fallback_reason=None; proxy_geography=None,Energia_Base_Maestra_y_Contrato_FINAL.xlsx,Factores
ENE_8298650348C212,ESPAÑA,,ELECTRICIDAD,SUMINISTRO COMERCIALIZADORA,CON GDO,,"ELECTRICA SOLLERENSE, S.A.",kWh,2026,,2025,0.257,kgCO2e/kWh,ANNUAL,,MITECO,"MITECO - ""5. Factores Mix Eléctricos"" ""Etiquetado restante de Comercializadoras que han efectuado GdO""",,1,0,ALCANCE 2,fallback_reason=Último factor disponible para esta comercializadora y etiquetado; proxy_geography=None,Energia_Base_Maestra_y_Contrato_FINAL.xlsx,Factores
ENE_53AB1563AA9735,ESPAÑA,,ELECTRICIDAD,SUMINISTRO COMERCIALIZADORA,SIN GDO,,"ELECTRICA SOLLERENSE, S.A.",kWh,2022,,2022,0,kgCO2e/kWh,ANNUAL,,MITECO,"MITECO - ""5. Factores Mix Eléctricos"" ""Etiquetado restante de Comercializadoras que no han efectuado GdO""",,0,0,ALCANCE 2,fallback_reason=None; proxy_geography=None,Energia_Base_Maestra_y_Contrato_FINAL.xlsx,Factores
ENE_8F0A32903A57B0,ESPAÑA,,ELECTRICIDAD,SUMINISTRO COMERCIALIZADORA,SIN GDO,,"ELECTRICA SOLLERENSE, S.A.",kWh,2026,,2022,0,kgCO2e/kWh,ANNUAL,,MITECO,"MITECO - ""5. Factores Mix Eléctricos"" ""Etiquetado restante de Comercializadoras que no han efectuado GdO""",,1,0,ALCANCE 2,fallback_reason=Último factor disponible para esta comercializadora y etiquetado; proxy_geography=None,Energia_Base_Maestra_y_Contrato_FINAL.xlsx,Factores
ENE_A80823CDAC8AB7,ESPAÑA,,ELECTRICIDAD,SUMINISTRO COMERCIALIZADORA,CON GDO,,ELECTRICIDAD ELEIA S.L.,kWh,2022,,2022,0.273,kgCO2e/kWh,ANNUAL,,MITECO,"MITECO - ""5. Factores Mix Eléctricos"" ""Etiquetado restante de Comercializadoras que han efectuado GdO""",,0,0,ALCANCE 2,fallback_reason=None; proxy_geography=None,Energia_Base_Maestra_y_Contrato_FINAL.xlsx,Factores
ENE_E66F814896C7E8,ESPAÑA,,ELECTRICIDAD,SUMINISTRO COMERCIALIZADORA,CON GDO,,ELECTRICIDAD ELEIA S.L.,kWh,2023,,2023,0.26,kgCO2e/kWh,ANNUAL,,MITECO,"MITECO - ""5. Factores Mix Eléctricos"" ""Etiquetado restante de Comercializadoras que han efectuado GdO""",,0,0,ALCANCE 2,fallback_reason=None; proxy_geography=None,Energia_Base_Maestra_y_Contrato_FINAL.xlsx,Factores
ENE_D3F32503062D47,ESPAÑA,,ELECTRICIDAD,SUMINISTRO COMERCIALIZADORA,CON GDO,,ELECTRICIDAD ELEIA S.L.,kWh,2024,,2024,0.276,kgCO2e/kWh,ANNUAL,,MITECO,"MITECO - ""5. Factores Mix Eléctricos"" ""Etiquetado restante de Comercializadoras que han efectuado GdO""",,0,0,ALCANCE 2,fallback_reason=None; proxy_geography=None,Energia_Base_Maestra_y_Contrato_FINAL.xlsx,Factores
ENE_F89E96376DDCB0,ESPAÑA,,ELECTRICIDAD,SUMINISTRO COMERCIALIZADORA,CON GDO,,ELECTRICIDAD ELEIA S.L.,kWh,2025,,2025,0.256,kgCO2e/kWh,ANNUAL,,MITECO,"MITECO - ""5. Factores Mix Eléctricos"" ""Etiquetado restante de Comercializadoras que han efectuado GdO""",,0,0,ALCANCE 2,fallback_reason=None; proxy_geography=None,Energia_Base_Maestra_y_Contrato_FINAL.xlsx,Factores
ENE_2679C462F49AC6,ESPAÑA,,ELECTRICIDAD,SUMINISTRO COMERCIALIZADORA,CON GDO,,ELECTRICIDAD ELEIA S.L.,kWh,2026,,2025,0.256,kgCO2e/kWh,ANNUAL,,MITECO,"MITECO - ""5. Factores Mix Eléctricos"" ""Etiquetado restante de Comercializadoras que han efectuado GdO""",,1,0,ALCANCE 2,fallback_reason=Último factor disponible para esta comercializadora y etiquetado; proxy_geography=None,Energia_Base_Maestra_y_Contrato_FINAL.xlsx,Factores
ENE_415F5D1490B8E1,ESPAÑA,,ELECTRICIDAD,SUMINISTRO COMERCIALIZADORA,SIN GDO,,ELEGA ENERGIA SL,kWh,2024,,2024,0,kgCO2e/kWh,ANNUAL,,MITECO,"MITECO - ""5. Factores Mix Eléctricos"" ""Etiquetado restante de Comercializadoras que no han efectuado GdO""",,0,0,ALCANCE 2,fallback_reason=None; proxy_geography=None,Energia_Base_Maestra_y_Contrato_FINAL.xlsx,Factores
ENE_67C3F21ED5EEAF,ESPAÑA,,ELECTRICIDAD,SUMINISTRO COMERCIALIZADORA,SIN GDO,,ELEGA ENERGIA SL,kWh,2025,,2025,0,kgCO2e/kWh,ANNUAL,,MITECO,"MITECO - ""5. Factores Mix Eléctricos"" ""Etiquetado restante de Comercializadoras que no han efectuado GdO""",,0,0,ALCANCE 2,fallback_reason=None; proxy_geography=None,Energia_Base_Maestra_y_Contrato_FINAL.xlsx,Factores
ENE_81B34FA98427F7,ESPAÑA,,ELECTRICIDAD,SUMINISTRO COMERCIALIZADORA,SIN GDO,,ELEGA ENERGIA SL,kWh,2026,,2025,0,kgCO2e/kWh,ANNUAL,,MITECO,"MITECO - ""5. Factores Mix Eléctricos"" ""Etiquetado restante de Comercializadoras que no han efectuado GdO""",,1,0,ALCANCE 2,fallback_reason=Último factor disponible para esta comercializadora y etiquetado; proxy_geography=None,Energia_Base_Maestra_y_Contrato_FINAL.xlsx,Factores
ENE_8316B838844EE0,ESPAÑA,,ELECTRICIDAD,SUMINISTRO COMERCIALIZADORA,CON GDO,,ELEK COMERCIALIZADORA ELECTRICA S.L.,kWh,2023,,2023,0.26,kgCO2e/kWh,ANNUAL,,MITECO,"MITECO - ""5. Factores Mix Eléctricos"" ""Etiquetado restante de Comercializadoras que han efectuado GdO""",,0,0,ALCANCE 2,fallback_reason=None; proxy_geography=None,Energia_Base_Maestra_y_Contrato_FINAL.xlsx,Factores
ENE_88F8A68173137E,ESPAÑA,,ELECTRICIDAD,SUMINISTRO COMERCIALIZADORA,CON GDO,,ELEK COMERCIALIZADORA ELECTRICA S.L.,kWh,2024,,2024,0.282,kgCO2e/kWh,ANNUAL,,MITECO,"MITECO - ""5. Factores Mix Eléctricos"" ""Etiquetado restante de Comercializadoras que han efectuado GdO""",,0,0,ALCANCE 2,fallback_reason=None; proxy_geography=None,Energia_Base_Maestra_y_Contrato_FINAL.xlsx,Factores
ENE_E7C32604999DC8,ESPAÑA,,ELECTRICIDAD,SUMINISTRO COMERCIALIZADORA,CON GDO,,ELEK COMERCIALIZADORA ELECTRICA S.L.,kWh,2025,,2025,0.256,kgCO2e/kWh,ANNUAL,,MITECO,"MITECO - ""5. Factores Mix Eléctricos"" ""Etiquetado restante de Comercializadoras que han efectuado GdO""",,0,0,ALCANCE 2,fallback_reason=None; proxy_geography=None,Energia_Base_Maestra_y_Contrato_FINAL.xlsx,Factores
ENE_9BBDE5222406B6,ESPAÑA,,ELECTRICIDAD,SUMINISTRO COMERCIALIZADORA,CON GDO,,ELEK COMERCIALIZADORA ELECTRICA S.L.,kWh,2026,,2025,0.256,kgCO2e/kWh,ANNUAL,,MITECO,"MITECO - ""5. Factores Mix Eléctricos"" ""Etiquetado restante de Comercializadoras que han efectuado GdO""",,1,0,ALCANCE 2,fallback_reason=Último factor disponible para esta comercializadora y etiquetado; proxy_geography=None,Energia_Base_Maestra_y_Contrato_FINAL.xlsx,Factores
ENE_A94499D3881D12,ESPAÑA,,ELECTRICIDAD,SUMINISTRO COMERCIALIZADORA,SIN GDO,,"ELEVA 2 COMERCIALIZADORA, S.L",kWh,2022,,2022,0,kgCO2e/kWh,ANNUAL,,MITECO,"MITECO - ""5. Factores Mix Eléctricos"" ""Etiquetado restante de Comercializadoras que no han efectuado GdO""",,0,0,ALCANCE 2,fallback_reason=None; proxy_geography=None,Energia_Base_Maestra_y_Contrato_FINAL.xlsx,Factores
ENE_FB77BBADDF2ECA,ESPAÑA,,ELECTRICIDAD,SUMINISTRO COMERCIALIZADORA,SIN GDO,,"ELEVA 2 COMERCIALIZADORA, S.L",kWh,2023,,2023,0,kgCO2e/kWh,ANNUAL,,MITECO,"MITECO - ""5. Factores Mix Eléctricos"" ""Etiquetado restante de Comercializadoras que no han efectuado GdO""",,0,0,ALCANCE 2,fallback_reason=None; proxy_geography=None,Energia_Base_Maestra_y_Contrato_FINAL.xlsx,Factores
ENE_B4D740735D05BC,ESPAÑA,,ELECTRICIDAD,SUMINISTRO COMERCIALIZADORA,SIN GDO,,"ELEVA 2 COMERCIALIZADORA, S.L",kWh,2024,,2024,0,kgCO2e/kWh,ANNUAL,,MITECO,"MITECO - ""5. Factores Mix Eléctricos"" ""Etiquetado restante de Comercializadoras que no han efectuado GdO""",,0,0,ALCANCE 2,fallback_reason=None; proxy_geography=None,Energia_Base_Maestra_y_Contrato_FINAL.xlsx,Factores
ENE_D3AE686419B80D,ESPAÑA,,ELECTRICIDAD,SUMINISTRO COMERCIALIZADORA,SIN GDO,,"ELEVA 2 COMERCIALIZADORA, S.L",kWh,2025,,2025,0,kgCO2e/kWh,ANNUAL,,MITECO,"MITECO - ""5. Factores Mix Eléctricos"" ""Etiquetado restante de Comercializadoras que no han efectuado GdO""",,0,0,ALCANCE 2,fallback_reason=None; proxy_geography=None,Energia_Base_Maestra_y_Contrato_FINAL.xlsx,Factores
ENE_9666FD9033B066,ESPAÑA,,ELECTRICIDAD,SUMINISTRO COMERCIALIZADORA,SIN GDO,,"ELEVA 2 COMERCIALIZADORA, S.L",kWh,2026,,2025,0,kgCO2e/kWh,ANNUAL,,MITECO,"MITECO - ""5. Factores Mix Eléctricos"" ""Etiquetado restante de Comercializadoras que no han efectuado GdO""",,1,0,ALCANCE 2,fallback_reason=Último factor disponible para esta comercializadora y etiquetado; proxy_geography=None,Energia_Base_Maestra_y_Contrato_FINAL.xlsx,Factores
ENE_2A24A0ED8C711A,ESPAÑA,,ELECTRICIDAD,SUMINISTRO COMERCIALIZADORA,SIN GDO,,"E-LUZ ENERGY SOLUTIONS, S.L.",kWh,2022,,2022,0.128,kgCO2e/kWh,ANNUAL,,MITECO,"MITECO - ""5. Factores Mix Eléctricos"" ""Etiquetado restante de Comercializadoras que no han efectuado GdO""",,0,0,ALCANCE 2,fallback_reason=None; proxy_geography=None,Energia_Base_Maestra_y_Contrato_FINAL.xlsx,Factores
ENE_46692133B9A9C7,ESPAÑA,,ELECTRICIDAD,SUMINISTRO COMERCIALIZADORA,SIN GDO,,"E-LUZ ENERGY SOLUTIONS, S.L.",kWh,2026,,2022,0.128,kgCO2e/kWh,ANNUAL,,MITECO,"MITECO - ""5. Factores Mix Eléctricos"" ""Etiquetado restante de Comercializadoras que no han efectuado GdO""",,1,0,ALCANCE 2,fallback_reason=Último factor disponible para esta comercializadora y etiquetado; proxy_geography=None,Energia_Base_Maestra_y_Contrato_FINAL.xlsx,Factores
ENE_DA55AB488080D8,ESPAÑA,,ELECTRICIDAD,SUMINISTRO COMERCIALIZADORA,SIN GDO,,"E-LUZ ENERGY SOLUTIONS, S.L.",kWh,2023,,2023,0,kgCO2e/kWh,ANNUAL,,MITECO,"MITECO - ""5. Factores Mix Eléctricos"" ""Etiquetado restante de Comercializadoras que no han efectuado GdO""",,0,0,ALCANCE 2,fallback_reason=None; proxy_geography=None,Energia_Base_Maestra_y_Contrato_FINAL.xlsx,Factores
ENE_1155B4C935D771,ESPAÑA,,ELECTRICIDAD,SUMINISTRO COMERCIALIZADORA,SIN GDO,,"E-LUZ ENERGY SOLUTIONS, S.L.",kWh,2024,,2024,0,kgCO2e/kWh,ANNUAL,,MITECO,"MITECO - ""5. Factores Mix Eléctricos"" ""Etiquetado restante de Comercializadoras que no han efectuado GdO""",,0,0,ALCANCE 2,fallback_reason=None; proxy_geography=None,Energia_Base_Maestra_y_Contrato_FINAL.xlsx,Factores
ENE_FA6D3C3D512036,ESPAÑA,,ELECTRICIDAD,SUMINISTRO COMERCIALIZADORA,SIN GDO,,"E-LUZ ENERGY SOLUTIONS, S.L.",kWh,2025,,2025,0.046,kgCO2e/kWh,ANNUAL,,MITECO,"MITECO - ""5. Factores Mix Eléctricos"" ""Etiquetado restante de Comercializadoras que no han efectuado GdO""",,0,0,ALCANCE 2,fallback_reason=None; proxy_geography=None,Energia_Base_Maestra_y_Contrato_FINAL.xlsx,Factores
ENE_698687CA9518DB,ESPAÑA,,ELECTRICIDAD,SUMINISTRO COMERCIALIZADORA,SIN GDO,,"E-LUZ ENERGY SOLUTIONS, S.L.",kWh,2026,,2025,0.046,kgCO2e/kWh,ANNUAL,,MITECO,"MITECO - ""5. Factores Mix Eléctricos"" ""Etiquetado restante de Comercializadoras que no han efectuado GdO""",,1,0,ALCANCE 2,fallback_reason=Último factor disponible para esta comercializadora y etiquetado; proxy_geography=None,Energia_Base_Maestra_y_Contrato_FINAL.xlsx,Factores
ENE_6029BCFB0B39EA,ESPAÑA,,ELECTRICIDAD,SUMINISTRO COMERCIALIZADORA,SIN GDO,,"EMAYA, S.A.",kWh,2023,,2023,0,kgCO2e/kWh,ANNUAL,,MITECO,"MITECO - ""5. Factores Mix Eléctricos"" ""Etiquetado restante de Comercializadoras que no han efectuado GdO""",,0,0,ALCANCE 2,fallback_reason=None; proxy_geography=None,Energia_Base_Maestra_y_Contrato_FINAL.xlsx,Factores
ENE_F16201BD77A12F,ESPAÑA,,ELECTRICIDAD,SUMINISTRO COMERCIALIZADORA,SIN GDO,,"EMAYA, S.A.",kWh,2024,,2024,0,kgCO2e/kWh,ANNUAL,,MITECO,"MITECO - ""5. Factores Mix Eléctricos"" ""Etiquetado restante de Comercializadoras que no han efectuado GdO""",,0,0,ALCANCE 2,fallback_reason=None; proxy_geography=None,Energia_Base_Maestra_y_Contrato_FINAL.xlsx,Factores
ENE_633EC53174DCF3,ESPAÑA,,ELECTRICIDAD,SUMINISTRO COMERCIALIZADORA,SIN GDO,,"EMAYA, S.A.",kWh,2025,,2025,0,kgCO2e/kWh,ANNUAL,,MITECO,"MITECO - ""5. Factores Mix Eléctricos"" ""Etiquetado restante de Comercializadoras que no han efectuado GdO""",,0,0,ALCANCE 2,fallback_reason=None; proxy_geography=None,Energia_Base_Maestra_y_Contrato_FINAL.xlsx,Factores
ENE_3CEDA033FB4747,ESPAÑA,,ELECTRICIDAD,SUMINISTRO COMERCIALIZADORA,SIN GDO,,"EMAYA, S.A.",kWh,2026,,2025,0,kgCO2e/kWh,ANNUAL,,MITECO,"MITECO - ""5. Factores Mix Eléctricos"" ""Etiquetado restante de Comercializadoras que no han efectuado GdO""",,1,0,ALCANCE 2,fallback_reason=Último factor disponible para esta comercializadora y etiquetado; proxy_geography=None,Energia_Base_Maestra_y_Contrato_FINAL.xlsx,Factores
ENE_C4BF51F37C5CAA,ESPAÑA,,ELECTRICIDAD,SUMINISTRO COMERCIALIZADORA,CON GDO,,"EMPRESA DE ALUMBRADO ELECTRICO DE CEUTA ENERGIA, S.L.",kWh,2022,,2022,0.273,kgCO2e/kWh,ANNUAL,,MITECO,"MITECO - ""5. Factores Mix Eléctricos"" ""Etiquetado restante de Comercializadoras que han efectuado GdO""",,0,0,ALCANCE 2,fallback_reason=None; proxy_geography=None,Energia_Base_Maestra_y_Contrato_FINAL.xlsx,Factores
ENE_F8E1EB7A0DE471,ESPAÑA,,ELECTRICIDAD,SUMINISTRO COMERCIALIZADORA,CON GDO,,"EMPRESA DE ALUMBRADO ELECTRICO DE CEUTA ENERGIA, S.L.",kWh,2023,,2023,0.26,kgCO2e/kWh,ANNUAL,,MITECO,"MITECO - ""5. Factores Mix Eléctricos"" ""Etiquetado restante de Comercializadoras que han efectuado GdO""",,0,0,ALCANCE 2,fallback_reason=None; proxy_geography=None,Energia_Base_Maestra_y_Contrato_FINAL.xlsx,Factores
ENE_CD8089F2CD1200,ESPAÑA,,ELECTRICIDAD,SUMINISTRO COMERCIALIZADORA,CON GDO,,"EMPRESA DE ALUMBRADO ELECTRICO DE CEUTA ENERGIA, S.L.",kWh,2024,,2024,0.283,kgCO2e/kWh,ANNUAL,,MITECO,"MITECO - ""5. Factores Mix Eléctricos"" ""Etiquetado restante de Comercializadoras que han efectuado GdO""",,0,0,ALCANCE 2,fallback_reason=None; proxy_geography=None,Energia_Base_Maestra_y_Contrato_FINAL.xlsx,Factores
ENE_74B88672F59EF5,ESPAÑA,,ELECTRICIDAD,SUMINISTRO COMERCIALIZADORA,CON GDO,,"EMPRESA DE ALUMBRADO ELECTRICO DE CEUTA ENERGIA, S.L.",kWh,2025,,2025,0.258,kgCO2e/kWh,ANNUAL,,MITECO,"MITECO - ""5. Factores Mix Eléctricos"" ""Etiquetado restante de Comercializadoras que han efectuado GdO""",,0,0,ALCANCE 2,fallback_reason=None; proxy_geography=None,Energia_Base_Maestra_y_Contrato_FINAL.xlsx,Factores
ENE_26DC76394D3409,ESPAÑA,,ELECTRICIDAD,SUMINISTRO COMERCIALIZADORA,CON GDO,,"EMPRESA DE ALUMBRADO ELECTRICO DE CEUTA ENERGIA, S.L.",kWh,2026,,2025,0.258,kgCO2e/kWh,ANNUAL,,MITECO,"MITECO - ""5. Factores Mix Eléctricos"" ""Etiquetado restante de Comercializadoras que han efectuado GdO""",,1,0,ALCANCE 2,fallback_reason=Último factor disponible para esta comercializadora y etiquetado; proxy_geography=None,Energia_Base_Maestra_y_Contrato_FINAL.xlsx,Factores
ENE_768D0CECE3A902,ESPAÑA,,ELECTRICIDAD,SUMINISTRO COMERCIALIZADORA,CON GDO,,"EMPRESA DE ALUMBRADO ELECTRICO DE CEUTA, S.A.",kWh,2023,,2023,0.26,kgCO2e/kWh,ANNUAL,,MITECO,"MITECO - ""5. Factores Mix Eléctricos"" ""Etiquetado restante de Comercializadoras que han efectuado GdO""",,0,0,ALCANCE 2,fallback_reason=None; proxy_geography=None,Energia_Base_Maestra_y_Contrato_FINAL.xlsx,Factores
ENE_ABBD489C509ECD,ESPAÑA,,ELECTRICIDAD,SUMINISTRO COMERCIALIZADORA,CON GDO,,"EMPRESA DE ALUMBRADO ELECTRICO DE CEUTA, S.A.",kWh,2026,,2023,0.26,kgCO2e/kWh,ANNUAL,,MITECO,"MITECO - ""5. Factores Mix Eléctricos"" ""Etiquetado restante de Comercializadoras que han efectuado GdO""",,1,0,ALCANCE 2,fallback_reason=Último factor disponible para esta comercializadora y etiquetado; proxy_geography=None,Energia_Base_Maestra_y_Contrato_FINAL.xlsx,Factores
ENE_800A833E494693,ESPAÑA,,ELECTRICIDAD,SUMINISTRO COMERCIALIZADORA,SIN GDO,,"ENARA GESTIÓN Y MEDIACIÓN, S.L.",kWh,2022,,2022,0,kgCO2e/kWh,ANNUAL,,MITECO,"MITECO - ""5. Factores Mix Eléctricos"" ""Etiquetado restante de Comercializadoras que no han efectuado GdO""",,0,0,ALCANCE 2,fallback_reason=None; proxy_geography=None,Energia_Base_Maestra_y_Contrato_FINAL.xlsx,Factores
ENE_40A9E2DD45B6C9,ESPAÑA,,ELECTRICIDAD,SUMINISTRO COMERCIALIZADORA,SIN GDO,,"ENARA GESTIÓN Y MEDIACIÓN, S.L.",kWh,2023,,2023,0,kgCO2e/kWh,ANNUAL,,MITECO,"MITECO - ""5. Factores Mix Eléctricos"" ""Etiquetado restante de Comercializadoras que no han efectuado GdO""",,0,0,ALCANCE 2,fallback_reason=None; proxy_geography=None,Energia_Base_Maestra_y_Contrato_FINAL.xlsx,Factores
ENE_EEDE60BDC02A9A,ESPAÑA,,ELECTRICIDAD,SUMINISTRO COMERCIALIZADORA,SIN GDO,,"ENARA GESTIÓN Y MEDIACIÓN, S.L.",kWh,2024,,2024,0,kgCO2e/kWh,ANNUAL,,MITECO,"MITECO - ""5. Factores Mix Eléctricos"" ""Etiquetado restante de Comercializadoras que no han efectuado GdO""",,0,0,ALCANCE 2,fallback_reason=None; proxy_geography=None,Energia_Base_Maestra_y_Contrato_FINAL.xlsx,Factores
ENE_027E48CBEC372E,ESPAÑA,,ELECTRICIDAD,SUMINISTRO COMERCIALIZADORA,SIN GDO,,"ENARA GESTIÓN Y MEDIACIÓN, S.L.",kWh,2025,,2025,0,kgCO2e/kWh,ANNUAL,,MITECO,"MITECO - ""5. Factores Mix Eléctricos"" ""Etiquetado restante de Comercializadoras que no han efectuado GdO""",,0,0,ALCANCE 2,fallback_reason=None; proxy_geography=None,Energia_Base_Maestra_y_Contrato_FINAL.xlsx,Factores
ENE_2D4BFBA1751499,ESPAÑA,,ELECTRICIDAD,SUMINISTRO COMERCIALIZADORA,SIN GDO,,"ENARA GESTIÓN Y MEDIACIÓN, S.L.",kWh,2026,,2025,0,kgCO2e/kWh,ANNUAL,,MITECO,"MITECO - ""5. Factores Mix Eléctricos"" ""Etiquetado restante de Comercializadoras que no han efectuado GdO""",,1,0,ALCANCE 2,fallback_reason=Último factor disponible para esta comercializadora y etiquetado; proxy_geography=None,Energia_Base_Maestra_y_Contrato_FINAL.xlsx,Factores
ENE_32C06312AE3904,ESPAÑA,,ELECTRICIDAD,SUMINISTRO COMERCIALIZADORA,CON GDO,,"ENDESA ENERGÍA RENOVABLE, S.L.",kWh,2022,,2022,0,kgCO2e/kWh,ANNUAL,,MITECO,"MITECO - ""5. Factores Mix Eléctricos"" ""Etiquetado restante de Comercializadoras que han efectuado GdO""",,0,0,ALCANCE 2,fallback_reason=None; proxy_geography=None,Energia_Base_Maestra_y_Contrato_FINAL.xlsx,Factores
ENE_3E2F9776516545,ESPAÑA,,ELECTRICIDAD,SUMINISTRO COMERCIALIZADORA,CON GDO,,"ENDESA ENERGÍA RENOVABLE, S.L.",kWh,2023,,2023,0,kgCO2e/kWh,ANNUAL,,MITECO,"MITECO - ""5. Factores Mix Eléctricos"" ""Etiquetado restante de Comercializadoras que han efectuado GdO""",,0,0,ALCANCE 2,fallback_reason=None; proxy_geography=None,Energia_Base_Maestra_y_Contrato_FINAL.xlsx,Factores
ENE_E44E93A96627C6,ESPAÑA,,ELECTRICIDAD,SUMINISTRO COMERCIALIZADORA,CON GDO,,"ENDESA ENERGÍA RENOVABLE, S.L.",kWh,2026,,2023,0,kgCO2e/kWh,ANNUAL,,MITECO,"MITECO - ""5. Factores Mix Eléctricos"" ""Etiquetado restante de Comercializadoras que han efectuado GdO""",,1,0,ALCANCE 2,fallback_reason=Último factor disponible para esta comercializadora y etiquetado; proxy_geography=None,Energia_Base_Maestra_y_Contrato_FINAL.xlsx,Factores
ENE_AAD368186A6EE7,ESPAÑA,,ELECTRICIDAD,SUMINISTRO COMERCIALIZADORA,CON GDO,,ENDESA ENERGÍA S.A.U.,kWh,2022,,2022,0.272,kgCO2e/kWh,ANNUAL,,MITECO,"MITECO - ""5. Factores Mix Eléctricos"" ""Etiquetado restante de Comercializadoras que han efectuado GdO""",,0,0,ALCANCE 2,fallback_reason=None; proxy_geography=None,Energia_Base_Maestra_y_Contrato_FINAL.xlsx,Factores
ENE_5EF719B4D78D8C,ESPAÑA,,ELECTRICIDAD,SUMINISTRO COMERCIALIZADORA,CON GDO,,ENDESA ENERGÍA S.A.U.,kWh,2023,,2023,0.259,kgCO2e/kWh,ANNUAL,,MITECO,"MITECO - ""5. Factores Mix Eléctricos"" ""Etiquetado restante de Comercializadoras que han efectuado GdO""",,0,0,ALCANCE 2,fallback_reason=None; proxy_geography=None,Energia_Base_Maestra_y_Contrato_FINAL.xlsx,Factores
ENE_20C5EED6C55383,ESPAÑA,,ELECTRICIDAD,SUMINISTRO COMERCIALIZADORA,CON GDO,,ENDESA ENERGÍA S.A.U.,kWh,2024,,2024,0.275,kgCO2e/kWh,ANNUAL,,MITECO,"MITECO - ""5. Factores Mix Eléctricos"" ""Etiquetado restante de Comercializadoras que han efectuado GdO""",,0,0,ALCANCE 2,fallback_reason=None; proxy_geography=None,Energia_Base_Maestra_y_Contrato_FINAL.xlsx,Factores
ENE_6B18E34C572A71,ESPAÑA,,ELECTRICIDAD,SUMINISTRO COMERCIALIZADORA,CON GDO,,ENDESA ENERGÍA S.A.U.,kWh,2025,,2025,0.255,kgCO2e/kWh,ANNUAL,,MITECO,"MITECO - ""5. Factores Mix Eléctricos"" ""Etiquetado restante de Comercializadoras que han efectuado GdO""",,0,0,ALCANCE 2,fallback_reason=None; proxy_geography=None,Energia_Base_Maestra_y_Contrato_FINAL.xlsx,Factores
ENE_11CEA99839568A,ESPAÑA,,ELECTRICIDAD,SUMINISTRO COMERCIALIZADORA,CON GDO,,ENDESA ENERGÍA S.A.U.,kWh,2026,,2025,0.255,kgCO2e/kWh,ANNUAL,,MITECO,"MITECO - ""5. Factores Mix Eléctricos"" ""Etiquetado restante de Comercializadoras que han efectuado GdO""",,1,0,ALCANCE 2,fallback_reason=Último factor disponible para esta comercializadora y etiquetado; proxy_geography=None,Energia_Base_Maestra_y_Contrato_FINAL.xlsx,Factores
ENE_E81B0143E0E45C,ESPAÑA,,ELECTRICIDAD,SUMINISTRO COMERCIALIZADORA,CON GDO,,ENDI ENERGY TRADING SL,kWh,2022,,2022,0.267,kgCO2e/kWh,ANNUAL,,MITECO,"MITECO - ""5. Factores Mix Eléctricos"" ""Etiquetado restante de Comercializadoras que han efectuado GdO""",,0,0,ALCANCE 2,fallback_reason=None; proxy_geography=None,Energia_Base_Maestra_y_Contrato_FINAL.xlsx,Factores
ENE_247C8269046E6D,ESPAÑA,,ELECTRICIDAD,SUMINISTRO COMERCIALIZADORA,CON GDO,,ENDI ENERGY TRADING SL,kWh,2023,,2023,0.253,kgCO2e/kWh,ANNUAL,,MITECO,"MITECO - ""5. Factores Mix Eléctricos"" ""Etiquetado restante de Comercializadoras que han efectuado GdO""",,0,0,ALCANCE 2,fallback_reason=None; proxy_geography=None,Energia_Base_Maestra_y_Contrato_FINAL.xlsx,Factores
ENE_4E1D627B4E528B,ESPAÑA,,ELECTRICIDAD,SUMINISTRO COMERCIALIZADORA,CON GDO,,ENDI ENERGY TRADING SL,kWh,2026,,2023,0.253,kgCO2e/kWh,ANNUAL,,MITECO,"MITECO - ""5. Factores Mix Eléctricos"" ""Etiquetado restante de Comercializadoras que han efectuado GdO""",,1,0,ALCANCE 2,fallback_reason=Último factor disponible para esta comercializadora y etiquetado; proxy_geography=None,Energia_Base_Maestra_y_Contrato_FINAL.xlsx,Factores
ENE_B4A239A098AB5E,ESPAÑA,,ELECTRICIDAD,SUMINISTRO COMERCIALIZADORA,SIN GDO,,ENDI ENERGY TRADING SL,kWh,2024,,2024,0,kgCO2e/kWh,ANNUAL,,MITECO,"MITECO - ""5. Factores Mix Eléctricos"" ""Etiquetado restante de Comercializadoras que no han efectuado GdO""",,0,0,ALCANCE 2,fallback_reason=None; proxy_geography=None,Energia_Base_Maestra_y_Contrato_FINAL.xlsx,Factores
ENE_D25CFE24BA2467,ESPAÑA,,ELECTRICIDAD,SUMINISTRO COMERCIALIZADORA,SIN GDO,,ENDI ENERGY TRADING SL,kWh,2025,,2025,0,kgCO2e/kWh,ANNUAL,,MITECO,"MITECO - ""5. Factores Mix Eléctricos"" ""Etiquetado restante de Comercializadoras que no han efectuado GdO""",,0,0,ALCANCE 2,fallback_reason=None; proxy_geography=None,Energia_Base_Maestra_y_Contrato_FINAL.xlsx,Factores
ENE_9653D1538A709A,ESPAÑA,,ELECTRICIDAD,SUMINISTRO COMERCIALIZADORA,SIN GDO,,ENDI ENERGY TRADING SL,kWh,2026,,2025,0,kgCO2e/kWh,ANNUAL,,MITECO,"MITECO - ""5. Factores Mix Eléctricos"" ""Etiquetado restante de Comercializadoras que no han efectuado GdO""",,1,0,ALCANCE 2,fallback_reason=Último factor disponible para esta comercializadora y etiquetado; proxy_geography=None,Energia_Base_Maestra_y_Contrato_FINAL.xlsx,Factores
ENE_56DD30F2D8062C,ESPAÑA,,ELECTRICIDAD,SUMINISTRO COMERCIALIZADORA,SIN GDO,,ENERCOLUZ ENERGIA SL,kWh,2022,,2022,0.273,kgCO2e/kWh,ANNUAL,,MITECO,"MITECO - ""5. Factores Mix Eléctricos"" ""Etiquetado restante de Comercializadoras que no han efectuado GdO""",,0,0,ALCANCE 2,fallback_reason=None; proxy_geography=None,Energia_Base_Maestra_y_Contrato_FINAL.xlsx,Factores
ENE_9B9F356966ED77,ESPAÑA,,ELECTRICIDAD,SUMINISTRO COMERCIALIZADORA,SIN GDO,,ENERCOLUZ ENERGIA SL,kWh,2026,,2022,0.273,kgCO2e/kWh,ANNUAL,,MITECO,"MITECO - ""5. Factores Mix Eléctricos"" ""Etiquetado restante de Comercializadoras que no han efectuado GdO""",,1,0,ALCANCE 2,fallback_reason=Último factor disponible para esta comercializadora y etiquetado; proxy_geography=None,Energia_Base_Maestra_y_Contrato_FINAL.xlsx,Factores
ENE_44DEC158A0BB19,ESPAÑA,,ELECTRICIDAD,SUMINISTRO COMERCIALIZADORA,CON GDO,,"ENERFIA, SL",kWh,2023,,2023,0.26,kgCO2e/kWh,ANNUAL,,MITECO,"MITECO - ""5. Factores Mix Eléctricos"" ""Etiquetado restante de Comercializadoras que han efectuado GdO""",,0,0,ALCANCE 2,fallback_reason=None; proxy_geography=None,Energia_Base_Maestra_y_Contrato_FINAL.xlsx,Factores
ENE_E4D1E916D2C457,ESPAÑA,,ELECTRICIDAD,SUMINISTRO COMERCIALIZADORA,CON GDO,,"ENERFIA, SL",kWh,2026,,2023,0.26,kgCO2e/kWh,ANNUAL,,MITECO,"MITECO - ""5. Factores Mix Eléctricos"" ""Etiquetado restante de Comercializadoras que han efectuado GdO""",,1,0,ALCANCE 2,fallback_reason=Último factor disponible para esta comercializadora y etiquetado; proxy_geography=None,Energia_Base_Maestra_y_Contrato_FINAL.xlsx,Factores
ENE_851A4801E9EE94,ESPAÑA,,ELECTRICIDAD,SUMINISTRO COMERCIALIZADORA,CON GDO,,ENERGÉTICA DEL ESTE SL,kWh,2022,,2022,0.273,kgCO2e/kWh,ANNUAL,,MITECO,"MITECO - ""5. Factores Mix Eléctricos"" ""Etiquetado restante de Comercializadoras que han efectuado GdO""",,0,0,ALCANCE 2,fallback_reason=None; proxy_geography=None,Energia_Base_Maestra_y_Contrato_FINAL.xlsx,Factores
ENE_182FDF01160458,ESPAÑA,,ELECTRICIDAD,SUMINISTRO COMERCIALIZADORA,CON GDO,,ENERGÉTICA DEL ESTE SL,kWh,2026,,2022,0.273,kgCO2e/kWh,ANNUAL,,MITECO,"MITECO - ""5. Factores Mix Eléctricos"" ""Etiquetado restante de Comercializadoras que han efectuado GdO""",,1,0,ALCANCE 2,fallback_reason=Último factor disponible para esta comercializadora y etiquetado; proxy_geography=None,Energia_Base_Maestra_y_Contrato_FINAL.xlsx,Factores
ENE_DE3C026B356305,ESPAÑA,,ELECTRICIDAD,SUMINISTRO COMERCIALIZADORA,CON GDO,,"ENERGETICA HOTELERA, S.L.",kWh,2024,,2024,0,kgCO2e/kWh,ANNUAL,,MITECO,"MITECO - ""5. Factores Mix Eléctricos"" ""Etiquetado restante de Comercializadoras que han efectuado GdO""",,0,0,ALCANCE 2,fallback_reason=None; proxy_geography=None,Energia_Base_Maestra_y_Contrato_FINAL.xlsx,Factores
ENE_3702AAF9F3B422,ESPAÑA,,ELECTRICIDAD,SUMINISTRO COMERCIALIZADORA,CON GDO,,"ENERGETICA HOTELERA, S.L.",kWh,2025,,2025,0,kgCO2e/kWh,ANNUAL,,MITECO,"MITECO - ""5. Factores Mix Eléctricos"" ""Etiquetado restante de Comercializadoras que han efectuado GdO""",,0,0,ALCANCE 2,fallback_reason=None; proxy_geography=None,Energia_Base_Maestra_y_Contrato_FINAL.xlsx,Factores
ENE_9D4E413DBBE1C3,ESPAÑA,,ELECTRICIDAD,SUMINISTRO COMERCIALIZADORA,CON GDO,,"ENERGETICA HOTELERA, S.L.",kWh,2026,,2025,0,kgCO2e/kWh,ANNUAL,,MITECO,"MITECO - ""5. Factores Mix Eléctricos"" ""Etiquetado restante de Comercializadoras que han efectuado GdO""",,1,0,ALCANCE 2,fallback_reason=Último factor disponible para esta comercializadora y etiquetado; proxy_geography=None,Energia_Base_Maestra_y_Contrato_FINAL.xlsx,Factores
ENE_488DFFCE9338E9,ESPAÑA,,ELECTRICIDAD,SUMINISTRO COMERCIALIZADORA,SIN GDO,,"ENERGÍA COLECTIVA, S.L.",kWh,2022,,2022,0,kgCO2e/kWh,ANNUAL,,MITECO,"MITECO - ""5. Factores Mix Eléctricos"" ""Etiquetado restante de Comercializadoras que no han efectuado GdO""",,0,0,ALCANCE 2,fallback_reason=None; proxy_geography=None,Energia_Base_Maestra_y_Contrato_FINAL.xlsx,Factores
ENE_761D0F39260855,ESPAÑA,,ELECTRICIDAD,SUMINISTRO COMERCIALIZADORA,SIN GDO,,"ENERGÍA COLECTIVA, S.L.",kWh,2023,,2023,0,kgCO2e/kWh,ANNUAL,,MITECO,"MITECO - ""5. Factores Mix Eléctricos"" ""Etiquetado restante de Comercializadoras que no han efectuado GdO""",,0,0,ALCANCE 2,fallback_reason=None; proxy_geography=None,Energia_Base_Maestra_y_Contrato_FINAL.xlsx,Factores
ENE_C97DEE128F8BEA,ESPAÑA,,ELECTRICIDAD,SUMINISTRO COMERCIALIZADORA,SIN GDO,,"ENERGÍA COLECTIVA, S.L.",kWh,2024,,2024,0,kgCO2e/kWh,ANNUAL,,MITECO,"MITECO - ""5. Factores Mix Eléctricos"" ""Etiquetado restante de Comercializadoras que no han efectuado GdO""",,0,0,ALCANCE 2,fallback_reason=None; proxy_geography=None,Energia_Base_Maestra_y_Contrato_FINAL.xlsx,Factores
ENE_921B687EF82C92,ESPAÑA,,ELECTRICIDAD,SUMINISTRO COMERCIALIZADORA,SIN GDO,,"ENERGÍA COLECTIVA, S.L.",kWh,2025,,2025,0,kgCO2e/kWh,ANNUAL,,MITECO,"MITECO - ""5. Factores Mix Eléctricos"" ""Etiquetado restante de Comercializadoras que no han efectuado GdO""",,0,0,ALCANCE 2,fallback_reason=None; proxy_geography=None,Energia_Base_Maestra_y_Contrato_FINAL.xlsx,Factores
ENE_AF8D30E9EEAE0D,ESPAÑA,,ELECTRICIDAD,SUMINISTRO COMERCIALIZADORA,SIN GDO,,"ENERGÍA COLECTIVA, S.L.",kWh,2026,,2025,0,kgCO2e/kWh,ANNUAL,,MITECO,"MITECO - ""5. Factores Mix Eléctricos"" ""Etiquetado restante de Comercializadoras que no han efectuado GdO""",,1,0,ALCANCE 2,fallback_reason=Último factor disponible para esta comercializadora y etiquetado; proxy_geography=None,Energia_Base_Maestra_y_Contrato_FINAL.xlsx,Factores
ENE_4D3D8E4E5A3A46,ESPAÑA,,ELECTRICIDAD,SUMINISTRO COMERCIALIZADORA,CON GDO,,"ENERGIA DLR COMERCIALIZADORA, SL",kWh,2022,,2022,0.273,kgCO2e/kWh,ANNUAL,,MITECO,"MITECO - ""5. Factores Mix Eléctricos"" ""Etiquetado restante de Comercializadoras que han efectuado GdO""",,0,0,ALCANCE 2,fallback_reason=None; proxy_geography=None,Energia_Base_Maestra_y_Contrato_FINAL.xlsx,Factores
ENE_CBAFBB5215C609,ESPAÑA,,ELECTRICIDAD,SUMINISTRO COMERCIALIZADORA,CON GDO,,"ENERGIA DLR COMERCIALIZADORA, SL",kWh,2026,,2022,0.273,kgCO2e/kWh,ANNUAL,,MITECO,"MITECO - ""5. Factores Mix Eléctricos"" ""Etiquetado restante de Comercializadoras que han efectuado GdO""",,1,0,ALCANCE 2,fallback_reason=Último factor disponible para esta comercializadora y etiquetado; proxy_geography=None,Energia_Base_Maestra_y_Contrato_FINAL.xlsx,Factores
ENE_EB79BFBEDEF7DA,ESPAÑA,,ELECTRICIDAD,SUMINISTRO COMERCIALIZADORA,CON GDO,,"ENERGÍA ECOLÓGICA ECONÓMICA, S.L.",kWh,2023,,2023,0.26,kgCO2e/kWh,ANNUAL,,MITECO,"MITECO - ""5. Factores Mix Eléctricos"" ""Etiquetado restante de Comercializadoras que han efectuado GdO""",,0,0,ALCANCE 2,fallback_reason=None; proxy_geography=None,Energia_Base_Maestra_y_Contrato_FINAL.xlsx,Factores
ENE_CCEE3034E0AB99,ESPAÑA,,ELECTRICIDAD,SUMINISTRO COMERCIALIZADORA,CON GDO,,"ENERGÍA ECOLÓGICA ECONÓMICA, S.L.",kWh,2024,,2024,0.283,kgCO2e/kWh,ANNUAL,,MITECO,"MITECO - ""5. Factores Mix Eléctricos"" ""Etiquetado restante de Comercializadoras que han efectuado GdO""",,0,0,ALCANCE 2,fallback_reason=None; proxy_geography=None,Energia_Base_Maestra_y_Contrato_FINAL.xlsx,Factores
ENE_5E256B55DC5E75,ESPAÑA,,ELECTRICIDAD,SUMINISTRO COMERCIALIZADORA,CON GDO,,"ENERGÍA ECOLÓGICA ECONÓMICA, S.L.",kWh,2025,,2025,0,kgCO2e/kWh,ANNUAL,,MITECO,"MITECO - ""5. Factores Mix Eléctricos"" ""Etiquetado restante de Comercializadoras que han efectuado GdO""",,0,0,ALCANCE 2,fallback_reason=None; proxy_geography=None,Energia_Base_Maestra_y_Contrato_FINAL.xlsx,Factores
ENE_6F57F7223C4B29,ESPAÑA,,ELECTRICIDAD,SUMINISTRO COMERCIALIZADORA,CON GDO,,"ENERGÍA ECOLÓGICA ECONÓMICA, S.L.",kWh,2026,,2025,0,kgCO2e/kWh,ANNUAL,,MITECO,"MITECO - ""5. Factores Mix Eléctricos"" ""Etiquetado restante de Comercializadoras que han efectuado GdO""",,1,0,ALCANCE 2,fallback_reason=Último factor disponible para esta comercializadora y etiquetado; proxy_geography=None,Energia_Base_Maestra_y_Contrato_FINAL.xlsx,Factores
ENE_52AB5A63AF28AC,ESPAÑA,,ELECTRICIDAD,SUMINISTRO COMERCIALIZADORA,CON GDO,,"ENERGÍA ECOLÓGICA ECONÓMICA, S.L.",kWh,2022,,2022,0.27,kgCO2e/kWh,ANNUAL,,MITECO,"MITECO - ""5. Factores Mix Eléctricos"" ""Etiquetado restante de Comercializadoras que han efectuado GdO""",,0,0,ALCANCE 2,fallback_reason=None; proxy_geography=None,Energia_Base_Maestra_y_Contrato_FINAL.xlsx,Factores
ENE_2F9D8EF828BB89,ESPAÑA,,ELECTRICIDAD,SUMINISTRO COMERCIALIZADORA,CON GDO,,"ENERGÍA ECOLÓGICA ECONÓMICA, S.L.",kWh,2026,,2022,0.27,kgCO2e/kWh,ANNUAL,,MITECO,"MITECO - ""5. Factores Mix Eléctricos"" ""Etiquetado restante de Comercializadoras que han efectuado GdO""",,1,0,ALCANCE 2,fallback_reason=Último factor disponible para esta comercializadora y etiquetado; proxy_geography=None,Energia_Base_Maestra_y_Contrato_FINAL.xlsx,Factores
ENE_19AB468613AC40,ESPAÑA,,ELECTRICIDAD,SUMINISTRO COMERCIALIZADORA,CON GDO,,"ENERGÍA LIBRE COMERCIALIZADORA, S.L.",kWh,2023,,2023,0.259,kgCO2e/kWh,ANNUAL,,MITECO,"MITECO - ""5. Factores Mix Eléctricos"" ""Etiquetado restante de Comercializadoras que han efectuado GdO""",,0,0,ALCANCE 2,fallback_reason=None; proxy_geography=None,Energia_Base_Maestra_y_Contrato_FINAL.xlsx,Factores
ENE_9C6674E91AB56F,ESPAÑA,,ELECTRICIDAD,SUMINISTRO COMERCIALIZADORA,CON GDO,,"ENERGÍA LIBRE COMERCIALIZADORA, S.L.",kWh,2024,,2024,0.283,kgCO2e/kWh,ANNUAL,,MITECO,"MITECO - ""5. Factores Mix Eléctricos"" ""Etiquetado restante de Comercializadoras que han efectuado GdO""",,0,0,ALCANCE 2,fallback_reason=None; proxy_geography=None,Energia_Base_Maestra_y_Contrato_FINAL.xlsx,Factores
ENE_60765A548B5712,ESPAÑA,,ELECTRICIDAD,SUMINISTRO COMERCIALIZADORA,CON GDO,,"ENERGÍA LIBRE COMERCIALIZADORA, S.L.",kWh,2025,,2025,0.257,kgCO2e/kWh,ANNUAL,,MITECO,"MITECO - ""5. Factores Mix Eléctricos"" ""Etiquetado restante de Comercializadoras que han efectuado GdO""",,0,0,ALCANCE 2,fallback_reason=None; proxy_geography=None,Energia_Base_Maestra_y_Contrato_FINAL.xlsx,Factores
ENE_B7B51C0B5FE10E,ESPAÑA,,ELECTRICIDAD,SUMINISTRO COMERCIALIZADORA,CON GDO,,"ENERGÍA LIBRE COMERCIALIZADORA, S.L.",kWh,2026,,2025,0.257,kgCO2e/kWh,ANNUAL,,MITECO,"MITECO - ""5. Factores Mix Eléctricos"" ""Etiquetado restante de Comercializadoras que han efectuado GdO""",,1,0,ALCANCE 2,fallback_reason=Último factor disponible para esta comercializadora y etiquetado; proxy_geography=None,Energia_Base_Maestra_y_Contrato_FINAL.xlsx,Factores
ENE_49C2A1A3489F50,ESPAÑA,,ELECTRICIDAD,SUMINISTRO COMERCIALIZADORA,SIN GDO,,ENERGIA NORDICA GAS Y ELECTRICIDAD,kWh,2024,,2024,0.248,kgCO2e/kWh,ANNUAL,,MITECO,"MITECO - ""5. Factores Mix Eléctricos"" ""Etiquetado restante de Comercializadoras que no han efectuado GdO""",,0,0,ALCANCE 2,fallback_reason=None; proxy_geography=None,Energia_Base_Maestra_y_Contrato_FINAL.xlsx,Factores
ENE_423A0EB09B9459,ESPAÑA,,ELECTRICIDAD,SUMINISTRO COMERCIALIZADORA,SIN GDO,,ENERGIA NORDICA GAS Y ELECTRICIDAD,kWh,2026,,2024,0.248,kgCO2e/kWh,ANNUAL,,MITECO,"MITECO - ""5. Factores Mix Eléctricos"" ""Etiquetado restante de Comercializadoras que no han efectuado GdO""",,1,0,ALCANCE 2,fallback_reason=Último factor disponible para esta comercializadora y etiquetado; proxy_geography=None,Energia_Base_Maestra_y_Contrato_FINAL.xlsx,Factores
ENE_73A1C654B1843D,ESPAÑA,,ELECTRICIDAD,SUMINISTRO COMERCIALIZADORA,CON GDO,,ENERGIA NUFRI SL,kWh,2022,,2022,0.271,kgCO2e/kWh,ANNUAL,,MITECO,"MITECO - ""5. Factores Mix Eléctricos"" ""Etiquetado restante de Comercializadoras que han efectuado GdO""",,0,0,ALCANCE 2,fallback_reason=None; proxy_geography=None,Energia_Base_Maestra_y_Contrato_FINAL.xlsx,Factores
ENE_BBE705473E9AC8,ESPAÑA,,ELECTRICIDAD,SUMINISTRO COMERCIALIZADORA,CON GDO,,ENERGIA NUFRI SL,kWh,2023,,2023,0.26,kgCO2e/kWh,ANNUAL,,MITECO,"MITECO - ""5. Factores Mix Eléctricos"" ""Etiquetado restante de Comercializadoras que han efectuado GdO""",,0,0,ALCANCE 2,fallback_reason=None; proxy_geography=None,Energia_Base_Maestra_y_Contrato_FINAL.xlsx,Factores
ENE_5621868EDE073D,ESPAÑA,,ELECTRICIDAD,SUMINISTRO COMERCIALIZADORA,CON GDO,,ENERGIA NUFRI SL,kWh,2024,,2024,0.268,kgCO2e/kWh,ANNUAL,,MITECO,"MITECO - ""5. Factores Mix Eléctricos"" ""Etiquetado restante de Comercializadoras que han efectuado GdO""",,0,0,ALCANCE 2,fallback_reason=None; proxy_geography=None,Energia_Base_Maestra_y_Contrato_FINAL.xlsx,Factores
ENE_EC383F3C048EDA,ESPAÑA,,ELECTRICIDAD,SUMINISTRO COMERCIALIZADORA,CON GDO,,ENERGIA NUFRI SL,kWh,2025,,2025,0.254,kgCO2e/kWh,ANNUAL,,MITECO,"MITECO - ""5. Factores Mix Eléctricos"" ""Etiquetado restante de Comercializadoras que han efectuado GdO""",,0,0,ALCANCE 2,fallback_reason=None; proxy_geography=None,Energia_Base_Maestra_y_Contrato_FINAL.xlsx,Factores
ENE_943922C0EDC8DF,ESPAÑA,,ELECTRICIDAD,SUMINISTRO COMERCIALIZADORA,CON GDO,,ENERGIA NUFRI SL,kWh,2026,,2025,0.254,kgCO2e/kWh,ANNUAL,,MITECO,"MITECO - ""5. Factores Mix Eléctricos"" ""Etiquetado restante de Comercializadoras que han efectuado GdO""",,1,0,ALCANCE 2,fallback_reason=Último factor disponible para esta comercializadora y etiquetado; proxy_geography=None,Energia_Base_Maestra_y_Contrato_FINAL.xlsx,Factores
ENE_D648FE9F6D6C34,ESPAÑA,,ELECTRICIDAD,SUMINISTRO COMERCIALIZADORA,CON GDO,,"ENERGIA VIVA SPAIN, S.L.",kWh,2022,,2022,0.272,kgCO2e/kWh,ANNUAL,,MITECO,"MITECO - ""5. Factores Mix Eléctricos"" ""Etiquetado restante de Comercializadoras que han efectuado GdO""",,0,0,ALCANCE 2,fallback_reason=None; proxy_geography=None,Energia_Base_Maestra_y_Contrato_FINAL.xlsx,Factores
ENE_0EFAE24E9BDD0A,ESPAÑA,,ELECTRICIDAD,SUMINISTRO COMERCIALIZADORA,CON GDO,,"ENERGIA VIVA SPAIN, S.L.",kWh,2023,,2023,0.26,kgCO2e/kWh,ANNUAL,,MITECO,"MITECO - ""5. Factores Mix Eléctricos"" ""Etiquetado restante de Comercializadoras que han efectuado GdO""",,0,0,ALCANCE 2,fallback_reason=None; proxy_geography=None,Energia_Base_Maestra_y_Contrato_FINAL.xlsx,Factores
ENE_E39E9422532AF3,ESPAÑA,,ELECTRICIDAD,SUMINISTRO COMERCIALIZADORA,CON GDO,,"ENERGIA VIVA SPAIN, S.L.",kWh,2024,,2024,0.283,kgCO2e/kWh,ANNUAL,,MITECO,"MITECO - ""5. Factores Mix Eléctricos"" ""Etiquetado restante de Comercializadoras que han efectuado GdO""",,0,0,ALCANCE 2,fallback_reason=None; proxy_geography=None,Energia_Base_Maestra_y_Contrato_FINAL.xlsx,Factores
ENE_A70311AA05E1C1,ESPAÑA,,ELECTRICIDAD,SUMINISTRO COMERCIALIZADORA,CON GDO,,"ENERGIA VIVA SPAIN, S.L.",kWh,2025,,2025,0.258,kgCO2e/kWh,ANNUAL,,MITECO,"MITECO - ""5. Factores Mix Eléctricos"" ""Etiquetado restante de Comercializadoras que han efectuado GdO""",,0,0,ALCANCE 2,fallback_reason=None; proxy_geography=None,Energia_Base_Maestra_y_Contrato_FINAL.xlsx,Factores
ENE_89D6A80EFDFC46,ESPAÑA,,ELECTRICIDAD,SUMINISTRO COMERCIALIZADORA,CON GDO,,"ENERGIA VIVA SPAIN, S.L.",kWh,2026,,2025,0.258,kgCO2e/kWh,ANNUAL,,MITECO,"MITECO - ""5. Factores Mix Eléctricos"" ""Etiquetado restante de Comercializadoras que han efectuado GdO""",,1,0,ALCANCE 2,fallback_reason=Último factor disponible para esta comercializadora y etiquetado; proxy_geography=None,Energia_Base_Maestra_y_Contrato_FINAL.xlsx,Factores
ENE_69C98885B55FC4,ESPAÑA,,ELECTRICIDAD,SUMINISTRO COMERCIALIZADORA,CON GDO,,"ENERGÍAS DE PANTICOSA COMERCIALIZADORA, S.L.",kWh,2024,,2024,0.283,kgCO2e/kWh,ANNUAL,,MITECO,"MITECO - ""5. Factores Mix Eléctricos"" ""Etiquetado restante de Comercializadoras que han efectuado GdO""",,0,0,ALCANCE 2,fallback_reason=None; proxy_geography=None,Energia_Base_Maestra_y_Contrato_FINAL.xlsx,Factores
ENE_9EBE8D391513FD,ESPAÑA,,ELECTRICIDAD,SUMINISTRO COMERCIALIZADORA,CON GDO,,"ENERGÍAS DE PANTICOSA COMERCIALIZADORA, S.L.",kWh,2025,,2025,0.25,kgCO2e/kWh,ANNUAL,,MITECO,"MITECO - ""5. Factores Mix Eléctricos"" ""Etiquetado restante de Comercializadoras que han efectuado GdO""",,0,0,ALCANCE 2,fallback_reason=None; proxy_geography=None,Energia_Base_Maestra_y_Contrato_FINAL.xlsx,Factores
ENE_D5264B16F6BD50,ESPAÑA,,ELECTRICIDAD,SUMINISTRO COMERCIALIZADORA,CON GDO,,"ENERGÍAS DE PANTICOSA COMERCIALIZADORA, S.L.",kWh,2026,,2025,0.25,kgCO2e/kWh,ANNUAL,,MITECO,"MITECO - ""5. Factores Mix Eléctricos"" ""Etiquetado restante de Comercializadoras que han efectuado GdO""",,1,0,ALCANCE 2,fallback_reason=Último factor disponible para esta comercializadora y etiquetado; proxy_geography=None,Energia_Base_Maestra_y_Contrato_FINAL.xlsx,Factores
ENE_1CAF7E75738090,ESPAÑA,,ELECTRICIDAD,SUMINISTRO COMERCIALIZADORA,CON GDO,,"ENERGIAS RENOVADORAS, S.L.",kWh,2024,,2024,0.281,kgCO2e/kWh,ANNUAL,,MITECO,"MITECO - ""5. Factores Mix Eléctricos"" ""Etiquetado restante de Comercializadoras que han efectuado GdO""",,0,0,ALCANCE 2,fallback_reason=None; proxy_geography=None,Energia_Base_Maestra_y_Contrato_FINAL.xlsx,Factores
ENE_22A9722181F65B,ESPAÑA,,ELECTRICIDAD,SUMINISTRO COMERCIALIZADORA,CON GDO,,"ENERGIAS RENOVADORAS, S.L.",kWh,2025,,2025,0.257,kgCO2e/kWh,ANNUAL,,MITECO,"MITECO - ""5. Factores Mix Eléctricos"" ""Etiquetado restante de Comercializadoras que han efectuado GdO""",,0,0,ALCANCE 2,fallback_reason=None; proxy_geography=None,Energia_Base_Maestra_y_Contrato_FINAL.xlsx,Factores
ENE_3ACD0C12680FD7,ESPAÑA,,ELECTRICIDAD,SUMINISTRO COMERCIALIZADORA,CON GDO,,"ENERGIAS RENOVADORAS, S.L.",kWh,2026,,2025,0.257,kgCO2e/kWh,ANNUAL,,MITECO,"MITECO - ""5. Factores Mix Eléctricos"" ""Etiquetado restante de Comercializadoras que han efectuado GdO""",,1,0,ALCANCE 2,fallback_reason=Último factor disponible para esta comercializadora y etiquetado; proxy_geography=None,Energia_Base_Maestra_y_Contrato_FINAL.xlsx,Factores
ENE_8BB9DF1F8A43D1,ESPAÑA,,ELECTRICIDAD,SUMINISTRO COMERCIALIZADORA,SIN GDO,,"ENERGIES RENOVABLES PUBLIQUES DE CATALUNYA, S.A.U.",kWh,2023,,2023,0,kgCO2e/kWh,ANNUAL,,MITECO,"MITECO - ""5. Factores Mix Eléctricos"" ""Etiquetado restante de Comercializadoras que no han efectuado GdO""",,0,0,ALCANCE 2,fallback_reason=None; proxy_geography=None,Energia_Base_Maestra_y_Contrato_FINAL.xlsx,Factores
ENE_0FE0E0175B69E1,ESPAÑA,,ELECTRICIDAD,SUMINISTRO COMERCIALIZADORA,SIN GDO,,"ENERGIES RENOVABLES PUBLIQUES DE CATALUNYA, S.A.U.",kWh,2024,,2024,0,kgCO2e/kWh,ANNUAL,,MITECO,"MITECO - ""5. Factores Mix Eléctricos"" ""Etiquetado restante de Comercializadoras que no han efectuado GdO""",,0,0,ALCANCE 2,fallback_reason=None; proxy_geography=None,Energia_Base_Maestra_y_Contrato_FINAL.xlsx,Factores
ENE_C1A5704DE6E5F6,ESPAÑA,,ELECTRICIDAD,SUMINISTRO COMERCIALIZADORA,SIN GDO,,"ENERGIES RENOVABLES PUBLIQUES DE CATALUNYA, S.A.U.",kWh,2025,,2025,0,kgCO2e/kWh,ANNUAL,,MITECO,"MITECO - ""5. Factores Mix Eléctricos"" ""Etiquetado restante de Comercializadoras que no han efectuado GdO""",,0,0,ALCANCE 2,fallback_reason=None; proxy_geography=None,Energia_Base_Maestra_y_Contrato_FINAL.xlsx,Factores
ENE_7433BC106DCEE0,ESPAÑA,,ELECTRICIDAD,SUMINISTRO COMERCIALIZADORA,SIN GDO,,"ENERGIES RENOVABLES PUBLIQUES DE CATALUNYA, S.A.U.",kWh,2026,,2025,0,kgCO2e/kWh,ANNUAL,,MITECO,"MITECO - ""5. Factores Mix Eléctricos"" ""Etiquetado restante de Comercializadoras que no han efectuado GdO""",,1,0,ALCANCE 2,fallback_reason=Último factor disponible para esta comercializadora y etiquetado; proxy_geography=None,Energia_Base_Maestra_y_Contrato_FINAL.xlsx,Factores
ENE_31B63CC5E60D5B,ESPAÑA,,ELECTRICIDAD,SUMINISTRO COMERCIALIZADORA,CON GDO,,ENERGY BY COGEN S.L.U.,kWh,2022,,2022,0.273,kgCO2e/kWh,ANNUAL,,MITECO,"MITECO - ""5. Factores Mix Eléctricos"" ""Etiquetado restante de Comercializadoras que han efectuado GdO""",,0,0,ALCANCE 2,fallback_reason=None; proxy_geography=None,Energia_Base_Maestra_y_Contrato_FINAL.xlsx,Factores
ENE_1DBE53A6F2D414,ESPAÑA,,ELECTRICIDAD,SUMINISTRO COMERCIALIZADORA,CON GDO,,ENERGY BY COGEN S.L.U.,kWh,2023,,2023,0.26,kgCO2e/kWh,ANNUAL,,MITECO,"MITECO - ""5. Factores Mix Eléctricos"" ""Etiquetado restante de Comercializadoras que han efectuado GdO""",,0,0,ALCANCE 2,fallback_reason=None; proxy_geography=None,Energia_Base_Maestra_y_Contrato_FINAL.xlsx,Factores
ENE_175603727F37B7,ESPAÑA,,ELECTRICIDAD,SUMINISTRO COMERCIALIZADORA,CON GDO,,ENERGY BY COGEN S.L.U.,kWh,2026,,2023,0.26,kgCO2e/kWh,ANNUAL,,MITECO,"MITECO - ""5. Factores Mix Eléctricos"" ""Etiquetado restante de Comercializadoras que han efectuado GdO""",,1,0,ALCANCE 2,fallback_reason=Último factor disponible para esta comercializadora y etiquetado; proxy_geography=None,Energia_Base_Maestra_y_Contrato_FINAL.xlsx,Factores
ENE_C8C6F9C917111E,ESPAÑA,,ELECTRICIDAD,SUMINISTRO COMERCIALIZADORA,SIN GDO,,ENERGY BY COGEN S.L.U.,kWh,2024,,2024,0.105,kgCO2e/kWh,ANNUAL,,MITECO,"MITECO - ""5. Factores Mix Eléctricos"" ""Etiquetado restante de Comercializadoras que no han efectuado GdO""",,0,0,ALCANCE 2,fallback_reason=None; proxy_geography=None,Energia_Base_Maestra_y_Contrato_FINAL.xlsx,Factores
ENE_29720AEE04C2CE,ESPAÑA,,ELECTRICIDAD,SUMINISTRO COMERCIALIZADORA,SIN GDO,,ENERGY BY COGEN S.L.U.,kWh,2026,,2024,0.105,kgCO2e/kWh,ANNUAL,,MITECO,"MITECO - ""5. Factores Mix Eléctricos"" ""Etiquetado restante de Comercializadoras que no han efectuado GdO""",,1,0,ALCANCE 2,fallback_reason=Último factor disponible para esta comercializadora y etiquetado; proxy_geography=None,Energia_Base_Maestra_y_Contrato_FINAL.xlsx,Factores
ENE_11D8F0FED37EE7,ESPAÑA,,ELECTRICIDAD,SUMINISTRO COMERCIALIZADORA,CON GDO,,"ENERGY PLUS IBERIA, S.L.",kWh,2025,,2025,0.258,kgCO2e/kWh,ANNUAL,,MITECO,"MITECO - ""5. Factores Mix Eléctricos"" ""Etiquetado restante de Comercializadoras que han efectuado GdO""",,0,0,ALCANCE 2,fallback_reason=None; proxy_geography=None,Energia_Base_Maestra_y_Contrato_FINAL.xlsx,Factores
ENE_9116C7389F3712,ESPAÑA,,ELECTRICIDAD,SUMINISTRO COMERCIALIZADORA,CON GDO,,"ENERGY PLUS IBERIA, S.L.",kWh,2026,,2025,0.258,kgCO2e/kWh,ANNUAL,,MITECO,"MITECO - ""5. Factores Mix Eléctricos"" ""Etiquetado restante de Comercializadoras que han efectuado GdO""",,1,0,ALCANCE 2,fallback_reason=Último factor disponible para esta comercializadora y etiquetado; proxy_geography=None,Energia_Base_Maestra_y_Contrato_FINAL.xlsx,Factores
ENE_BAC5AB59EC7F15,ESPAÑA,,ELECTRICIDAD,SUMINISTRO COMERCIALIZADORA,SIN GDO,,"ENERGY PLUS IBERIA, S.L.",kWh,2023,,2023,0,kgCO2e/kWh,ANNUAL,,MITECO,"MITECO - ""5. Factores Mix Eléctricos"" ""Etiquetado restante de Comercializadoras que no han efectuado GdO""",,0,0,ALCANCE 2,fallback_reason=None; proxy_geography=None,Energia_Base_Maestra_y_Contrato_FINAL.xlsx,Factores
ENE_27BA1D7461597B,ESPAÑA,,ELECTRICIDAD,SUMINISTRO COMERCIALIZADORA,SIN GDO,,"ENERGY PLUS IBERIA, S.L.",kWh,2024,,2024,0,kgCO2e/kWh,ANNUAL,,MITECO,"MITECO - ""5. Factores Mix Eléctricos"" ""Etiquetado restante de Comercializadoras que no han efectuado GdO""",,0,0,ALCANCE 2,fallback_reason=None; proxy_geography=None,Energia_Base_Maestra_y_Contrato_FINAL.xlsx,Factores
ENE_8AD40842F1ED40,ESPAÑA,,ELECTRICIDAD,SUMINISTRO COMERCIALIZADORA,SIN GDO,,"ENERGY PLUS IBERIA, S.L.",kWh,2026,,2024,0,kgCO2e/kWh,ANNUAL,,MITECO,"MITECO - ""5. Factores Mix Eléctricos"" ""Etiquetado restante de Comercializadoras que no han efectuado GdO""",,1,0,ALCANCE 2,fallback_reason=Último factor disponible para esta comercializadora y etiquetado; proxy_geography=None,Energia_Base_Maestra_y_Contrato_FINAL.xlsx,Factores
ENE_08C470E0D026BE,ESPAÑA,,ELECTRICIDAD,SUMINISTRO COMERCIALIZADORA,CON GDO,,ENERGY STROM XXI SL,kWh,2022,,2022,0.24,kgCO2e/kWh,ANNUAL,,MITECO,"MITECO - ""5. Factores Mix Eléctricos"" ""Etiquetado restante de Comercializadoras que han efectuado GdO""",,0,0,ALCANCE 2,fallback_reason=None; proxy_geography=None,Energia_Base_Maestra_y_Contrato_FINAL.xlsx,Factores
ENE_2E275BD33B5DC5,ESPAÑA,,ELECTRICIDAD,SUMINISTRO COMERCIALIZADORA,CON GDO,,ENERGY STROM XXI SL,kWh,2023,,2023,0.24,kgCO2e/kWh,ANNUAL,,MITECO,"MITECO - ""5. Factores Mix Eléctricos"" ""Etiquetado restante de Comercializadoras que han efectuado GdO""",,0,0,ALCANCE 2,fallback_reason=None; proxy_geography=None,Energia_Base_Maestra_y_Contrato_FINAL.xlsx,Factores
ENE_5BF27448A01328,ESPAÑA,,ELECTRICIDAD,SUMINISTRO COMERCIALIZADORA,CON GDO,,ENERGY STROM XXI SL,kWh,2024,,2024,0.207,kgCO2e/kWh,ANNUAL,,MITECO,"MITECO - ""5. Factores Mix Eléctricos"" ""Etiquetado restante de Comercializadoras que han efectuado GdO""",,0,0,ALCANCE 2,fallback_reason=None; proxy_geography=None,Energia_Base_Maestra_y_Contrato_FINAL.xlsx,Factores
ENE_6F6347F14637AE,ESPAÑA,,ELECTRICIDAD,SUMINISTRO COMERCIALIZADORA,CON GDO,,ENERGY STROM XXI SL,kWh,2025,,2025,0.164,kgCO2e/kWh,ANNUAL,,MITECO,"MITECO - ""5. Factores Mix Eléctricos"" ""Etiquetado restante de Comercializadoras que han efectuado GdO""",,0,0,ALCANCE 2,fallback_reason=None; proxy_geography=None,Energia_Base_Maestra_y_Contrato_FINAL.xlsx,Factores
ENE_DD498B207D9C89,ESPAÑA,,ELECTRICIDAD,SUMINISTRO COMERCIALIZADORA,CON GDO,,ENERGY STROM XXI SL,kWh,2026,,2025,0.164,kgCO2e/kWh,ANNUAL,,MITECO,"MITECO - ""5. Factores Mix Eléctricos"" ""Etiquetado restante de Comercializadoras que han efectuado GdO""",,1,0,ALCANCE 2,fallback_reason=Último factor disponible para esta comercializadora y etiquetado; proxy_geography=None,Energia_Base_Maestra_y_Contrato_FINAL.xlsx,Factores
ENE_E7ECEF718503BB,ESPAÑA,,ELECTRICIDAD,SUMINISTRO COMERCIALIZADORA,CON GDO,,"ENERGY TRADER SOLUTIONS, S.L.",kWh,2022,,2022,0.271,kgCO2e/kWh,ANNUAL,,MITECO,"MITECO - ""5. Factores Mix Eléctricos"" ""Etiquetado restante de Comercializadoras que han efectuado GdO""",,0,0,ALCANCE 2,fallback_reason=None; proxy_geography=None,Energia_Base_Maestra_y_Contrato_FINAL.xlsx,Factores
ENE_680FFD5611B863,ESPAÑA,,ELECTRICIDAD,SUMINISTRO COMERCIALIZADORA,CON GDO,,"ENERGY TRADER SOLUTIONS, S.L.",kWh,2024,,2024,0.283,kgCO2e/kWh,ANNUAL,,MITECO,"MITECO - ""5. Factores Mix Eléctricos"" ""Etiquetado restante de Comercializadoras que han efectuado GdO""",,0,0,ALCANCE 2,fallback_reason=None; proxy_geography=None,Energia_Base_Maestra_y_Contrato_FINAL.xlsx,Factores
ENE_C47618FB5EA704,ESPAÑA,,ELECTRICIDAD,SUMINISTRO COMERCIALIZADORA,CON GDO,,"ENERGY TRADER SOLUTIONS, S.L.",kWh,2025,,2025,0.258,kgCO2e/kWh,ANNUAL,,MITECO,"MITECO - ""5. Factores Mix Eléctricos"" ""Etiquetado restante de Comercializadoras que han efectuado GdO""",,0,0,ALCANCE 2,fallback_reason=None; proxy_geography=None,Energia_Base_Maestra_y_Contrato_FINAL.xlsx,Factores
ENE_EBF553CA780FC6,ESPAÑA,,ELECTRICIDAD,SUMINISTRO COMERCIALIZADORA,CON GDO,,"ENERGY TRADER SOLUTIONS, S.L.",kWh,2026,,2025,0.258,kgCO2e/kWh,ANNUAL,,MITECO,"MITECO - ""5. Factores Mix Eléctricos"" ""Etiquetado restante de Comercializadoras que han efectuado GdO""",,1,0,ALCANCE 2,fallback_reason=Último factor disponible para esta comercializadora y etiquetado; proxy_geography=None,Energia_Base_Maestra_y_Contrato_FINAL.xlsx,Factores
ENE_A463575C2E55A3,ESPAÑA,,ELECTRICIDAD,SUMINISTRO COMERCIALIZADORA,CON GDO,,"ENERGYA VM GESTION DE ENERGÍA, S.L",kWh,2022,,2022,0.273,kgCO2e/kWh,ANNUAL,,MITECO,"MITECO - ""5. Factores Mix Eléctricos"" ""Etiquetado restante de Comercializadoras que han efectuado GdO""",,0,0,ALCANCE 2,fallback_reason=None; proxy_geography=None,Energia_Base_Maestra_y_Contrato_FINAL.xlsx,Factores
ENE_376DEB87CE4A98,ESPAÑA,,ELECTRICIDAD,SUMINISTRO COMERCIALIZADORA,CON GDO,,"ENERGYA VM GESTION DE ENERGÍA, S.L",kWh,2023,,2023,0.258,kgCO2e/kWh,ANNUAL,,MITECO,"MITECO - ""5. Factores Mix Eléctricos"" ""Etiquetado restante de Comercializadoras que han efectuado GdO""",,0,0,ALCANCE 2,fallback_reason=None; proxy_geography=None,Energia_Base_Maestra_y_Contrato_FINAL.xlsx,Factores
ENE_8F324E8C961C1F,ESPAÑA,,ELECTRICIDAD,SUMINISTRO COMERCIALIZADORA,CON GDO,,"ENERGYA VM GESTION DE ENERGÍA, S.L",kWh,2024,,2024,0.283,kgCO2e/kWh,ANNUAL,,MITECO,"MITECO - ""5. Factores Mix Eléctricos"" ""Etiquetado restante de Comercializadoras que han efectuado GdO""",,0,0,ALCANCE 2,fallback_reason=None; proxy_geography=None,Energia_Base_Maestra_y_Contrato_FINAL.xlsx,Factores
ENE_6CAF3AF395CBF6,ESPAÑA,,ELECTRICIDAD,SUMINISTRO COMERCIALIZADORA,CON GDO,,"ENERGYA VM GESTION DE ENERGÍA, S.L",kWh,2025,,2025,0.253,kgCO2e/kWh,ANNUAL,,MITECO,"MITECO - ""5. Factores Mix Eléctricos"" ""Etiquetado restante de Comercializadoras que han efectuado GdO""",,0,0,ALCANCE 2,fallback_reason=None; proxy_geography=None,Energia_Base_Maestra_y_Contrato_FINAL.xlsx,Factores
ENE_94983BBBF9E972,ESPAÑA,,ELECTRICIDAD,SUMINISTRO COMERCIALIZADORA,CON GDO,,"ENERGYA VM GESTION DE ENERGÍA, S.L",kWh,2026,,2025,0.253,kgCO2e/kWh,ANNUAL,,MITECO,"MITECO - ""5. Factores Mix Eléctricos"" ""Etiquetado restante de Comercializadoras que han efectuado GdO""",,1,0,ALCANCE 2,fallback_reason=Último factor disponible para esta comercializadora y etiquetado; proxy_geography=None,Energia_Base_Maestra_y_Contrato_FINAL.xlsx,Factores
ENE_1F18B3CA7228DB,ESPAÑA,,ELECTRICIDAD,SUMINISTRO COMERCIALIZADORA,CON GDO,,ENERGYSAVE PROJECTS S.L,kWh,2023,,2023,0.26,kgCO2e/kWh,ANNUAL,,MITECO,"MITECO - ""5. Factores Mix Eléctricos"" ""Etiquetado restante de Comercializadoras que han efectuado GdO""",,0,0,ALCANCE 2,fallback_reason=None; proxy_geography=None,Energia_Base_Maestra_y_Contrato_FINAL.xlsx,Factores
ENE_FEB5F775C15821,ESPAÑA,,ELECTRICIDAD,SUMINISTRO COMERCIALIZADORA,CON GDO,,ENERGYSAVE PROJECTS S.L,kWh,2024,,2024,0.272,kgCO2e/kWh,ANNUAL,,MITECO,"MITECO - ""5. Factores Mix Eléctricos"" ""Etiquetado restante de Comercializadoras que han efectuado GdO""",,0,0,ALCANCE 2,fallback_reason=None; proxy_geography=None,Energia_Base_Maestra_y_Contrato_FINAL.xlsx,Factores
ENE_6D61032EC8F3C7,ESPAÑA,,ELECTRICIDAD,SUMINISTRO COMERCIALIZADORA,CON GDO,,ENERGYSAVE PROJECTS S.L,kWh,2025,,2025,0,kgCO2e/kWh,ANNUAL,,MITECO,"MITECO - ""5. Factores Mix Eléctricos"" ""Etiquetado restante de Comercializadoras que han efectuado GdO""",,0,0,ALCANCE 2,fallback_reason=None; proxy_geography=None,Energia_Base_Maestra_y_Contrato_FINAL.xlsx,Factores
ENE_3983557AC4E969,ESPAÑA,,ELECTRICIDAD,SUMINISTRO COMERCIALIZADORA,CON GDO,,ENERGYSAVE PROJECTS S.L,kWh,2026,,2025,0,kgCO2e/kWh,ANNUAL,,MITECO,"MITECO - ""5. Factores Mix Eléctricos"" ""Etiquetado restante de Comercializadoras que han efectuado GdO""",,1,0,ALCANCE 2,fallback_reason=Último factor disponible para esta comercializadora y etiquetado; proxy_geography=None,Energia_Base_Maestra_y_Contrato_FINAL.xlsx,Factores
ENE_C0B21D85115F24,ESPAÑA,,ELECTRICIDAD,SUMINISTRO COMERCIALIZADORA,CON GDO,,"ENERPLUS ENERGIA, S.A.",kWh,2022,,2022,0.273,kgCO2e/kWh,ANNUAL,,MITECO,"MITECO - ""5. Factores Mix Eléctricos"" ""Etiquetado restante de Comercializadoras que han efectuado GdO""",,0,0,ALCANCE 2,fallback_reason=None; proxy_geography=None,Energia_Base_Maestra_y_Contrato_FINAL.xlsx,Factores
ENE_AAF63D0842D4E4,ESPAÑA,,ELECTRICIDAD,SUMINISTRO COMERCIALIZADORA,CON GDO,,"ENERPLUS ENERGIA, S.A.",kWh,2023,,2023,0.26,kgCO2e/kWh,ANNUAL,,MITECO,"MITECO - ""5. Factores Mix Eléctricos"" ""Etiquetado restante de Comercializadoras que han efectuado GdO""",,0,0,ALCANCE 2,fallback_reason=None; proxy_geography=None,Energia_Base_Maestra_y_Contrato_FINAL.xlsx,Factores
ENE_0A9AE6F7479F36,ESPAÑA,,ELECTRICIDAD,SUMINISTRO COMERCIALIZADORA,CON GDO,,"ENERPLUS ENERGIA, S.A.",kWh,2024,,2024,0.283,kgCO2e/kWh,ANNUAL,,MITECO,"MITECO - ""5. Factores Mix Eléctricos"" ""Etiquetado restante de Comercializadoras que han efectuado GdO""",,0,0,ALCANCE 2,fallback_reason=None; proxy_geography=None,Energia_Base_Maestra_y_Contrato_FINAL.xlsx,Factores
ENE_81434A2D20AFFE,ESPAÑA,,ELECTRICIDAD,SUMINISTRO COMERCIALIZADORA,CON GDO,,"ENERPLUS ENERGIA, S.A.",kWh,2025,,2025,0,kgCO2e/kWh,ANNUAL,,MITECO,"MITECO - ""5. Factores Mix Eléctricos"" ""Etiquetado restante de Comercializadoras que han efectuado GdO""",,0,0,ALCANCE 2,fallback_reason=None; proxy_geography=None,Energia_Base_Maestra_y_Contrato_FINAL.xlsx,Factores
ENE_6B0C8360C49F2B,ESPAÑA,,ELECTRICIDAD,SUMINISTRO COMERCIALIZADORA,CON GDO,,"ENERPLUS ENERGIA, S.A.",kWh,2026,,2025,0,kgCO2e/kWh,ANNUAL,,MITECO,"MITECO - ""5. Factores Mix Eléctricos"" ""Etiquetado restante de Comercializadoras que han efectuado GdO""",,1,0,ALCANCE 2,fallback_reason=Último factor disponible para esta comercializadora y etiquetado; proxy_geography=None,Energia_Base_Maestra_y_Contrato_FINAL.xlsx,Factores
ENE_C0F8FFF8F5700F,ESPAÑA,,ELECTRICIDAD,SUMINISTRO COMERCIALIZADORA,SIN GDO,,"ENERVER ENERGIA, S.L.",kWh,2025,,2025,0,kgCO2e/kWh,ANNUAL,,MITECO,"MITECO - ""5. Factores Mix Eléctricos"" ""Etiquetado restante de Comercializadoras que no han efectuado GdO""",,0,0,ALCANCE 2,fallback_reason=None; proxy_geography=None,Energia_Base_Maestra_y_Contrato_FINAL.xlsx,Factores
ENE_B6641315E02672,ESPAÑA,,ELECTRICIDAD,SUMINISTRO COMERCIALIZADORA,SIN GDO,,"ENERVER ENERGIA, S.L.",kWh,2026,,2025,0,kgCO2e/kWh,ANNUAL,,MITECO,"MITECO - ""5. Factores Mix Eléctricos"" ""Etiquetado restante de Comercializadoras que no han efectuado GdO""",,1,0,ALCANCE 2,fallback_reason=Último factor disponible para esta comercializadora y etiquetado; proxy_geography=None,Energia_Base_Maestra_y_Contrato_FINAL.xlsx,Factores
ENE_ABFED9D954AAA9,ESPAÑA,,ELECTRICIDAD,SUMINISTRO COMERCIALIZADORA,CON GDO,,ENERXIA GALEGA MAIS SLU,kWh,2022,,2022,0.273,kgCO2e/kWh,ANNUAL,,MITECO,"MITECO - ""5. Factores Mix Eléctricos"" ""Etiquetado restante de Comercializadoras que han efectuado GdO""",,0,0,ALCANCE 2,fallback_reason=None; proxy_geography=None,Energia_Base_Maestra_y_Contrato_FINAL.xlsx,Factores
ENE_6B3AA55B221B85,ESPAÑA,,ELECTRICIDAD,SUMINISTRO COMERCIALIZADORA,CON GDO,,ENERXIA GALEGA MAIS SLU,kWh,2023,,2023,0.26,kgCO2e/kWh,ANNUAL,,MITECO,"MITECO - ""5. Factores Mix Eléctricos"" ""Etiquetado restante de Comercializadoras que han efectuado GdO""",,0,0,ALCANCE 2,fallback_reason=None; proxy_geography=None,Energia_Base_Maestra_y_Contrato_FINAL.xlsx,Factores
ENE_8109E1F6DCA830,ESPAÑA,,ELECTRICIDAD,SUMINISTRO COMERCIALIZADORA,CON GDO,,ENERXIA GALEGA MAIS SLU,kWh,2024,,2024,0.26,kgCO2e/kWh,ANNUAL,,MITECO,"MITECO - ""5. Factores Mix Eléctricos"" ""Etiquetado restante de Comercializadoras que han efectuado GdO""",,0,0,ALCANCE 2,fallback_reason=None; proxy_geography=None,Energia_Base_Maestra_y_Contrato_FINAL.xlsx,Factores
ENE_C2871A174AFAD4,ESPAÑA,,ELECTRICIDAD,SUMINISTRO COMERCIALIZADORA,CON GDO,,ENERXIA GALEGA MAIS SLU,kWh,2025,,2025,0.258,kgCO2e/kWh,ANNUAL,,MITECO,"MITECO - ""5. Factores Mix Eléctricos"" ""Etiquetado restante de Comercializadoras que han efectuado GdO""",,0,0,ALCANCE 2,fallback_reason=None; proxy_geography=None,Energia_Base_Maestra_y_Contrato_FINAL.xlsx,Factores
ENE_BFA982F02FE15B,ESPAÑA,,ELECTRICIDAD,SUMINISTRO COMERCIALIZADORA,CON GDO,,ENERXIA GALEGA MAIS SLU,kWh,2026,,2025,0.258,kgCO2e/kWh,ANNUAL,,MITECO,"MITECO - ""5. Factores Mix Eléctricos"" ""Etiquetado restante de Comercializadoras que han efectuado GdO""",,1,0,ALCANCE 2,fallback_reason=Último factor disponible para esta comercializadora y etiquetado; proxy_geography=None,Energia_Base_Maestra_y_Contrato_FINAL.xlsx,Factores
ENE_F3486E7BE93512,ESPAÑA,,ELECTRICIDAD,SUMINISTRO COMERCIALIZADORA,CON GDO,,"ENGIE ESPAÑA, S.L",kWh,2022,,2022,0.272,kgCO2e/kWh,ANNUAL,,MITECO,"MITECO - ""5. Factores Mix Eléctricos"" ""Etiquetado restante de Comercializadoras que han efectuado GdO""",,0,0,ALCANCE 2,fallback_reason=None; proxy_geography=None,Energia_Base_Maestra_y_Contrato_FINAL.xlsx,Factores
ENE_2BC69711FB288B,ESPAÑA,,ELECTRICIDAD,SUMINISTRO COMERCIALIZADORA,CON GDO,,"ENGIE ESPAÑA, S.L",kWh,2023,,2023,0.258,kgCO2e/kWh,ANNUAL,,MITECO,"MITECO - ""5. Factores Mix Eléctricos"" ""Etiquetado restante de Comercializadoras que han efectuado GdO""",,0,0,ALCANCE 2,fallback_reason=None; proxy_geography=None,Energia_Base_Maestra_y_Contrato_FINAL.xlsx,Factores
ENE_99BAB07B44D740,ESPAÑA,,ELECTRICIDAD,SUMINISTRO COMERCIALIZADORA,CON GDO,,"ENGIE ESPAÑA, S.L",kWh,2024,,2024,0.269,kgCO2e/kWh,ANNUAL,,MITECO,"MITECO - ""5. Factores Mix Eléctricos"" ""Etiquetado restante de Comercializadoras que han efectuado GdO""",,0,0,ALCANCE 2,fallback_reason=None; proxy_geography=None,Energia_Base_Maestra_y_Contrato_FINAL.xlsx,Factores
ENE_9051325E4BC264,ESPAÑA,,ELECTRICIDAD,SUMINISTRO COMERCIALIZADORA,CON GDO,,"ENGIE ESPAÑA, S.L",kWh,2025,,2025,0.245,kgCO2e/kWh,ANNUAL,,MITECO,"MITECO - ""5. Factores Mix Eléctricos"" ""Etiquetado restante de Comercializadoras que han efectuado GdO""",,0,0,ALCANCE 2,fallback_reason=None; proxy_geography=None,Energia_Base_Maestra_y_Contrato_FINAL.xlsx,Factores
ENE_B7B0057D54F2B1,ESPAÑA,,ELECTRICIDAD,SUMINISTRO COMERCIALIZADORA,CON GDO,,"ENGIE ESPAÑA, S.L",kWh,2026,,2025,0.245,kgCO2e/kWh,ANNUAL,,MITECO,"MITECO - ""5. Factores Mix Eléctricos"" ""Etiquetado restante de Comercializadoras que han efectuado GdO""",,1,0,ALCANCE 2,fallback_reason=Último factor disponible para esta comercializadora y etiquetado; proxy_geography=None,Energia_Base_Maestra_y_Contrato_FINAL.xlsx,Factores
ENE_CBA4F48962FD3E,ESPAÑA,,ELECTRICIDAD,SUMINISTRO COMERCIALIZADORA,CON GDO,,"ENI PLENITUDE IBERIA, S.L.",kWh,2022,,2022,0,kgCO2e/kWh,ANNUAL,,MITECO,"MITECO - ""5. Factores Mix Eléctricos"" ""Etiquetado restante de Comercializadoras que han efectuado GdO""",,0,0,ALCANCE 2,fallback_reason=None; proxy_geography=None,Energia_Base_Maestra_y_Contrato_FINAL.xlsx,Factores
ENE_2E46B9256FC222,ESPAÑA,,ELECTRICIDAD,SUMINISTRO COMERCIALIZADORA,CON GDO,,"ENI PLENITUDE IBERIA, S.L.",kWh,2023,,2023,0.252,kgCO2e/kWh,ANNUAL,,MITECO,"MITECO - ""5. Factores Mix Eléctricos"" ""Etiquetado restante de Comercializadoras que han efectuado GdO""",,0,0,ALCANCE 2,fallback_reason=None; proxy_geography=None,Energia_Base_Maestra_y_Contrato_FINAL.xlsx,Factores
ENE_C2E2486DAD41E4,ESPAÑA,,ELECTRICIDAD,SUMINISTRO COMERCIALIZADORA,CON GDO,,"ENI PLENITUDE IBERIA, S.L.",kWh,2024,,2024,0,kgCO2e/kWh,ANNUAL,,MITECO,"MITECO - ""5. Factores Mix Eléctricos"" ""Etiquetado restante de Comercializadoras que han efectuado GdO""",,0,0,ALCANCE 2,fallback_reason=None; proxy_geography=None,Energia_Base_Maestra_y_Contrato_FINAL.xlsx,Factores
ENE_92001BFDCAC5B1,ESPAÑA,,ELECTRICIDAD,SUMINISTRO COMERCIALIZADORA,CON GDO,,"ENI PLENITUDE IBERIA, S.L.",kWh,2025,,2025,0,kgCO2e/kWh,ANNUAL,,MITECO,"MITECO - ""5. Factores Mix Eléctricos"" ""Etiquetado restante de Comercializadoras que han efectuado GdO""",,0,0,ALCANCE 2,fallback_reason=None; proxy_geography=None,Energia_Base_Maestra_y_Contrato_FINAL.xlsx,Factores
ENE_D075C21B8DB5B8,ESPAÑA,,ELECTRICIDAD,SUMINISTRO COMERCIALIZADORA,CON GDO,,"ENI PLENITUDE IBERIA, S.L.",kWh,2026,,2025,0,kgCO2e/kWh,ANNUAL,,MITECO,"MITECO - ""5. Factores Mix Eléctricos"" ""Etiquetado restante de Comercializadoras que han efectuado GdO""",,1,0,ALCANCE 2,fallback_reason=Último factor disponible para esta comercializadora y etiquetado; proxy_geography=None,Energia_Base_Maestra_y_Contrato_FINAL.xlsx,Factores
ENE_F3607F5BAC9FAD,ESPAÑA,,ELECTRICIDAD,SUMINISTRO COMERCIALIZADORA,CON GDO,,"ENSTROGA, S.L.",kWh,2023,,2023,0.252,kgCO2e/kWh,ANNUAL,,MITECO,"MITECO - ""5. Factores Mix Eléctricos"" ""Etiquetado restante de Comercializadoras que han efectuado GdO""",,0,0,ALCANCE 2,fallback_reason=None; proxy_geography=None,Energia_Base_Maestra_y_Contrato_FINAL.xlsx,Factores
ENE_BE1DBC45894484,ESPAÑA,,ELECTRICIDAD,SUMINISTRO COMERCIALIZADORA,CON GDO,,"ENSTROGA, S.L.",kWh,2024,,2024,0.283,kgCO2e/kWh,ANNUAL,,MITECO,"MITECO - ""5. Factores Mix Eléctricos"" ""Etiquetado restante de Comercializadoras que han efectuado GdO""",,0,0,ALCANCE 2,fallback_reason=None; proxy_geography=None,Energia_Base_Maestra_y_Contrato_FINAL.xlsx,Factores
ENE_F6C2B7B4EAE5DB,ESPAÑA,,ELECTRICIDAD,SUMINISTRO COMERCIALIZADORA,CON GDO,,"ENSTROGA, S.L.",kWh,2025,,2025,0.258,kgCO2e/kWh,ANNUAL,,MITECO,"MITECO - ""5. Factores Mix Eléctricos"" ""Etiquetado restante de Comercializadoras que han efectuado GdO""",,0,0,ALCANCE 2,fallback_reason=None; proxy_geography=None,Energia_Base_Maestra_y_Contrato_FINAL.xlsx,Factores
ENE_75DDFDA111084B,ESPAÑA,,ELECTRICIDAD,SUMINISTRO COMERCIALIZADORA,CON GDO,,"ENSTROGA, S.L.",kWh,2026,,2025,0.258,kgCO2e/kWh,ANNUAL,,MITECO,"MITECO - ""5. Factores Mix Eléctricos"" ""Etiquetado restante de Comercializadoras que han efectuado GdO""",,1,0,ALCANCE 2,fallback_reason=Último factor disponible para esta comercializadora y etiquetado; proxy_geography=None,Energia_Base_Maestra_y_Contrato_FINAL.xlsx,Factores
ENE_C4228032AE875F,ESPAÑA,,ELECTRICIDAD,SUMINISTRO COMERCIALIZADORA,SIN GDO,,"ENSTROGA, S.L.",kWh,2022,,2022,0.228,kgCO2e/kWh,ANNUAL,,MITECO,"MITECO - ""5. Factores Mix Eléctricos"" ""Etiquetado restante de Comercializadoras que no han efectuado GdO""",,0,0,ALCANCE 2,fallback_reason=None; proxy_geography=None,Energia_Base_Maestra_y_Contrato_FINAL.xlsx,Factores
ENE_263DBE18467556,ESPAÑA,,ELECTRICIDAD,SUMINISTRO COMERCIALIZADORA,SIN GDO,,"ENSTROGA, S.L.",kWh,2026,,2022,0.228,kgCO2e/kWh,ANNUAL,,MITECO,"MITECO - ""5. Factores Mix Eléctricos"" ""Etiquetado restante de Comercializadoras que no han efectuado GdO""",,1,0,ALCANCE 2,fallback_reason=Último factor disponible para esta comercializadora y etiquetado; proxy_geography=None,Energia_Base_Maestra_y_Contrato_FINAL.xlsx,Factores
ENE_366A96F66399A5,ESPAÑA,,ELECTRICIDAD,SUMINISTRO COMERCIALIZADORA,SIN GDO,,EPRESA ENERGÍA S.A.,kWh,2022,,2022,0,kgCO2e/kWh,ANNUAL,,MITECO,"MITECO - ""5. Factores Mix Eléctricos"" ""Etiquetado restante de Comercializadoras que no han efectuado GdO""",,0,0,ALCANCE 2,fallback_reason=None; proxy_geography=None,Energia_Base_Maestra_y_Contrato_FINAL.xlsx,Factores
ENE_2D16E345E58B99,ESPAÑA,,ELECTRICIDAD,SUMINISTRO COMERCIALIZADORA,SIN GDO,,EPRESA ENERGÍA S.A.,kWh,2023,,2023,0.012,kgCO2e/kWh,ANNUAL,,MITECO,"MITECO - ""5. Factores Mix Eléctricos"" ""Etiquetado restante de Comercializadoras que no han efectuado GdO""",,0,0,ALCANCE 2,fallback_reason=None; proxy_geography=None,Energia_Base_Maestra_y_Contrato_FINAL.xlsx,Factores
ENE_39B1591483E20C,ESPAÑA,,ELECTRICIDAD,SUMINISTRO COMERCIALIZADORA,SIN GDO,,EPRESA ENERGÍA S.A.,kWh,2024,,2024,0,kgCO2e/kWh,ANNUAL,,MITECO,"MITECO - ""5. Factores Mix Eléctricos"" ""Etiquetado restante de Comercializadoras que no han efectuado GdO""",,0,0,ALCANCE 2,fallback_reason=None; proxy_geography=None,Energia_Base_Maestra_y_Contrato_FINAL.xlsx,Factores
ENE_E5C4062C605834,ESPAÑA,,ELECTRICIDAD,SUMINISTRO COMERCIALIZADORA,SIN GDO,,EPRESA ENERGÍA S.A.,kWh,2025,,2025,0.045,kgCO2e/kWh,ANNUAL,,MITECO,"MITECO - ""5. Factores Mix Eléctricos"" ""Etiquetado restante de Comercializadoras que no han efectuado GdO""",,0,0,ALCANCE 2,fallback_reason=None; proxy_geography=None,Energia_Base_Maestra_y_Contrato_FINAL.xlsx,Factores
ENE_156398E589B737,ESPAÑA,,ELECTRICIDAD,SUMINISTRO COMERCIALIZADORA,SIN GDO,,EPRESA ENERGÍA S.A.,kWh,2026,,2025,0.045,kgCO2e/kWh,ANNUAL,,MITECO,"MITECO - ""5. Factores Mix Eléctricos"" ""Etiquetado restante de Comercializadoras que no han efectuado GdO""",,1,0,ALCANCE 2,fallback_reason=Último factor disponible para esta comercializadora y etiquetado; proxy_geography=None,Energia_Base_Maestra_y_Contrato_FINAL.xlsx,Factores
ENE_DABF99572E2F50,ESPAÑA,,ELECTRICIDAD,SUMINISTRO COMERCIALIZADORA,CON GDO,,"ESCANDINAVA DE ELECTRICIDAD, S.L.U",kWh,2022,,2022,0.271,kgCO2e/kWh,ANNUAL,,MITECO,"MITECO - ""5. Factores Mix Eléctricos"" ""Etiquetado restante de Comercializadoras que han efectuado GdO""",,0,0,ALCANCE 2,fallback_reason=None; proxy_geography=None,Energia_Base_Maestra_y_Contrato_FINAL.xlsx,Factores
ENE_EF33263FE52F4D,ESPAÑA,,ELECTRICIDAD,SUMINISTRO COMERCIALIZADORA,CON GDO,,"ESCANDINAVA DE ELECTRICIDAD, S.L.U",kWh,2023,,2023,0.259,kgCO2e/kWh,ANNUAL,,MITECO,"MITECO - ""5. Factores Mix Eléctricos"" ""Etiquetado restante de Comercializadoras que han efectuado GdO""",,0,0,ALCANCE 2,fallback_reason=None; proxy_geography=None,Energia_Base_Maestra_y_Contrato_FINAL.xlsx,Factores
ENE_EBA048DB572FE2,ESPAÑA,,ELECTRICIDAD,SUMINISTRO COMERCIALIZADORA,CON GDO,,"ESCANDINAVA DE ELECTRICIDAD, S.L.U",kWh,2024,,2024,0.283,kgCO2e/kWh,ANNUAL,,MITECO,"MITECO - ""5. Factores Mix Eléctricos"" ""Etiquetado restante de Comercializadoras que han efectuado GdO""",,0,0,ALCANCE 2,fallback_reason=None; proxy_geography=None,Energia_Base_Maestra_y_Contrato_FINAL.xlsx,Factores
ENE_BF3E786E46D4F9,ESPAÑA,,ELECTRICIDAD,SUMINISTRO COMERCIALIZADORA,CON GDO,,"ESCANDINAVA DE ELECTRICIDAD, S.L.U",kWh,2025,,2025,0.258,kgCO2e/kWh,ANNUAL,,MITECO,"MITECO - ""5. Factores Mix Eléctricos"" ""Etiquetado restante de Comercializadoras que han efectuado GdO""",,0,0,ALCANCE 2,fallback_reason=None; proxy_geography=None,Energia_Base_Maestra_y_Contrato_FINAL.xlsx,Factores
ENE_DA0785F66868B9,ESPAÑA,,ELECTRICIDAD,SUMINISTRO COMERCIALIZADORA,CON GDO,,"ESCANDINAVA DE ELECTRICIDAD, S.L.U",kWh,2026,,2025,0.258,kgCO2e/kWh,ANNUAL,,MITECO,"MITECO - ""5. Factores Mix Eléctricos"" ""Etiquetado restante de Comercializadoras que han efectuado GdO""",,1,0,ALCANCE 2,fallback_reason=Último factor disponible para esta comercializadora y etiquetado; proxy_geography=None,Energia_Base_Maestra_y_Contrato_FINAL.xlsx,Factores
ENE_5E9F79554AA42A,ESPAÑA,,ELECTRICIDAD,SUMINISTRO COMERCIALIZADORA,CON GDO,,"ESTABANELL IMPULSA, S.A.U.",kWh,2024,,2024,0,kgCO2e/kWh,ANNUAL,,MITECO,"MITECO - ""5. Factores Mix Eléctricos"" ""Etiquetado restante de Comercializadoras que han efectuado GdO""",,0,0,ALCANCE 2,fallback_reason=None; proxy_geography=None,Energia_Base_Maestra_y_Contrato_FINAL.xlsx,Factores
ENE_B4EF8FDDED298E,ESPAÑA,,ELECTRICIDAD,SUMINISTRO COMERCIALIZADORA,CON GDO,,"ESTABANELL IMPULSA, S.A.U.",kWh,2026,,2024,0,kgCO2e/kWh,ANNUAL,,MITECO,"MITECO - ""5. Factores Mix Eléctricos"" ""Etiquetado restante de Comercializadoras que han efectuado GdO""",,1,0,ALCANCE 2,fallback_reason=Último factor disponible para esta comercializadora y etiquetado; proxy_geography=None,Energia_Base_Maestra_y_Contrato_FINAL.xlsx,Factores
ENE_CEF3AD021E4574,ESPAÑA,,ELECTRICIDAD,SUMINISTRO COMERCIALIZADORA,SIN GDO,,"ESTABANELL IMPULSA, S.A.U.",kWh,2022,,2022,0,kgCO2e/kWh,ANNUAL,,MITECO,"MITECO - ""5. Factores Mix Eléctricos"" ""Etiquetado restante de Comercializadoras que no han efectuado GdO""",,0,0,ALCANCE 2,fallback_reason=None; proxy_geography=None,Energia_Base_Maestra_y_Contrato_FINAL.xlsx,Factores
ENE_B10AAB8994A27D,ESPAÑA,,ELECTRICIDAD,SUMINISTRO COMERCIALIZADORA,SIN GDO,,"ESTABANELL IMPULSA, S.A.U.",kWh,2023,,2023,0,kgCO2e/kWh,ANNUAL,,MITECO,"MITECO - ""5. Factores Mix Eléctricos"" ""Etiquetado restante de Comercializadoras que no han efectuado GdO""",,0,0,ALCANCE 2,fallback_reason=None; proxy_geography=None,Energia_Base_Maestra_y_Contrato_FINAL.xlsx,Factores
ENE_7C0586DBB0C652,ESPAÑA,,ELECTRICIDAD,SUMINISTRO COMERCIALIZADORA,SIN GDO,,"ESTABANELL IMPULSA, S.A.U.",kWh,2025,,2025,0,kgCO2e/kWh,ANNUAL,,MITECO,"MITECO - ""5. Factores Mix Eléctricos"" ""Etiquetado restante de Comercializadoras que no han efectuado GdO""",,0,0,ALCANCE 2,fallback_reason=None; proxy_geography=None,Energia_Base_Maestra_y_Contrato_FINAL.xlsx,Factores
ENE_F85EE8E7020504,ESPAÑA,,ELECTRICIDAD,SUMINISTRO COMERCIALIZADORA,SIN GDO,,"ESTABANELL IMPULSA, S.A.U.",kWh,2026,,2025,0,kgCO2e/kWh,ANNUAL,,MITECO,"MITECO - ""5. Factores Mix Eléctricos"" ""Etiquetado restante de Comercializadoras que no han efectuado GdO""",,1,0,ALCANCE 2,fallback_reason=Último factor disponible para esta comercializadora y etiquetado; proxy_geography=None,Energia_Base_Maestra_y_Contrato_FINAL.xlsx,Factores
ENE_5CDBE0960F4C98,ESPAÑA,,ELECTRICIDAD,SUMINISTRO COMERCIALIZADORA,CON GDO,,"ESTRATEGIAS ELÉCTRICAS INTEGRALES, S.A.",kWh,2022,,2022,0.272,kgCO2e/kWh,ANNUAL,,MITECO,"MITECO - ""5. Factores Mix Eléctricos"" ""Etiquetado restante de Comercializadoras que han efectuado GdO""",,0,0,ALCANCE 2,fallback_reason=None; proxy_geography=None,Energia_Base_Maestra_y_Contrato_FINAL.xlsx,Factores
ENE_820FC6CBC3C388,ESPAÑA,,ELECTRICIDAD,SUMINISTRO COMERCIALIZADORA,CON GDO,,"ESTRATEGIAS ELÉCTRICAS INTEGRALES, S.A.",kWh,2023,,2023,0.26,kgCO2e/kWh,ANNUAL,,MITECO,"MITECO - ""5. Factores Mix Eléctricos"" ""Etiquetado restante de Comercializadoras que han efectuado GdO""",,0,0,ALCANCE 2,fallback_reason=None; proxy_geography=None,Energia_Base_Maestra_y_Contrato_FINAL.xlsx,Factores
ENE_64A251DF1BA639,ESPAÑA,,ELECTRICIDAD,SUMINISTRO COMERCIALIZADORA,CON GDO,,"ESTRATEGIAS ELÉCTRICAS INTEGRALES, S.A.",kWh,2024,,2024,0.283,kgCO2e/kWh,ANNUAL,,MITECO,"MITECO - ""5. Factores Mix Eléctricos"" ""Etiquetado restante de Comercializadoras que han efectuado GdO""",,0,0,ALCANCE 2,fallback_reason=None; proxy_geography=None,Energia_Base_Maestra_y_Contrato_FINAL.xlsx,Factores
ENE_7665AC90920582,ESPAÑA,,ELECTRICIDAD,SUMINISTRO COMERCIALIZADORA,CON GDO,,"ESTRATEGIAS ELÉCTRICAS INTEGRALES, S.A.",kWh,2025,,2025,0.258,kgCO2e/kWh,ANNUAL,,MITECO,"MITECO - ""5. Factores Mix Eléctricos"" ""Etiquetado restante de Comercializadoras que han efectuado GdO""",,0,0,ALCANCE 2,fallback_reason=None; proxy_geography=None,Energia_Base_Maestra_y_Contrato_FINAL.xlsx,Factores
ENE_91B5C99BCEA70E,ESPAÑA,,ELECTRICIDAD,SUMINISTRO COMERCIALIZADORA,CON GDO,,"ESTRATEGIAS ELÉCTRICAS INTEGRALES, S.A.",kWh,2026,,2025,0.258,kgCO2e/kWh,ANNUAL,,MITECO,"MITECO - ""5. Factores Mix Eléctricos"" ""Etiquetado restante de Comercializadoras que han efectuado GdO""",,1,0,ALCANCE 2,fallback_reason=Último factor disponible para esta comercializadora y etiquetado; proxy_geography=None,Energia_Base_Maestra_y_Contrato_FINAL.xlsx,Factores
ENE_A0780DDCB989E7,ESPAÑA,,ELECTRICIDAD,SUMINISTRO COMERCIALIZADORA,CON GDO,,"ETER ENERGIA, S.L.",kWh,2025,,2025,0.258,kgCO2e/kWh,ANNUAL,,MITECO,"MITECO - ""5. Factores Mix Eléctricos"" ""Etiquetado restante de Comercializadoras que han efectuado GdO""",,0,0,ALCANCE 2,fallback_reason=None; proxy_geography=None,Energia_Base_Maestra_y_Contrato_FINAL.xlsx,Factores
ENE_E89A83DC2885E1,ESPAÑA,,ELECTRICIDAD,SUMINISTRO COMERCIALIZADORA,CON GDO,,"ETER ENERGIA, S.L.",kWh,2026,,2025,0.258,kgCO2e/kWh,ANNUAL,,MITECO,"MITECO - ""5. Factores Mix Eléctricos"" ""Etiquetado restante de Comercializadoras que han efectuado GdO""",,1,0,ALCANCE 2,fallback_reason=Último factor disponible para esta comercializadora y etiquetado; proxy_geography=None,Energia_Base_Maestra_y_Contrato_FINAL.xlsx,Factores
ENE_CC6E081A2BF2E2,ESPAÑA,,ELECTRICIDAD,SUMINISTRO COMERCIALIZADORA,CON GDO,,"EVOLVE ENERGIA, SL",kWh,2024,,2024,0.283,kgCO2e/kWh,ANNUAL,,MITECO,"MITECO - ""5. Factores Mix Eléctricos"" ""Etiquetado restante de Comercializadoras que han efectuado GdO""",,0,0,ALCANCE 2,fallback_reason=None; proxy_geography=None,Energia_Base_Maestra_y_Contrato_FINAL.xlsx,Factores
ENE_43EF5E40303DC4,ESPAÑA,,ELECTRICIDAD,SUMINISTRO COMERCIALIZADORA,CON GDO,,"EVOLVE ENERGIA, SL",kWh,2026,,2024,0.283,kgCO2e/kWh,ANNUAL,,MITECO,"MITECO - ""5. Factores Mix Eléctricos"" ""Etiquetado restante de Comercializadoras que han efectuado GdO""",,1,0,ALCANCE 2,fallback_reason=Último factor disponible para esta comercializadora y etiquetado; proxy_geography=None,Energia_Base_Maestra_y_Contrato_FINAL.xlsx,Factores
ENE_9868D0161702D6,ESPAÑA,,ELECTRICIDAD,SUMINISTRO COMERCIALIZADORA,CON GDO,,"FACTOR ENERGÍA ESPAÑA, S.A.",kWh,2022,,2022,0.272,kgCO2e/kWh,ANNUAL,,MITECO,"MITECO - ""5. Factores Mix Eléctricos"" ""Etiquetado restante de Comercializadoras que han efectuado GdO""",,0,0,ALCANCE 2,fallback_reason=None; proxy_geography=None,Energia_Base_Maestra_y_Contrato_FINAL.xlsx,Factores
ENE_3979910DDBF9FF,ESPAÑA,,ELECTRICIDAD,SUMINISTRO COMERCIALIZADORA,CON GDO,,"FACTOR ENERGÍA ESPAÑA, S.A.",kWh,2023,,2023,0.26,kgCO2e/kWh,ANNUAL,,MITECO,"MITECO - ""5. Factores Mix Eléctricos"" ""Etiquetado restante de Comercializadoras que han efectuado GdO""",,0,0,ALCANCE 2,fallback_reason=None; proxy_geography=None,Energia_Base_Maestra_y_Contrato_FINAL.xlsx,Factores
ENE_F9DE6CBFBD38C7,ESPAÑA,,ELECTRICIDAD,SUMINISTRO COMERCIALIZADORA,CON GDO,,"FACTOR ENERGÍA ESPAÑA, S.A.",kWh,2024,,2024,0.28,kgCO2e/kWh,ANNUAL,,MITECO,"MITECO - ""5. Factores Mix Eléctricos"" ""Etiquetado restante de Comercializadoras que han efectuado GdO""",,0,0,ALCANCE 2,fallback_reason=None; proxy_geography=None,Energia_Base_Maestra_y_Contrato_FINAL.xlsx,Factores
ENE_1A98C514DFF9E6,ESPAÑA,,ELECTRICIDAD,SUMINISTRO COMERCIALIZADORA,CON GDO,,"FACTOR ENERGÍA ESPAÑA, S.A.",kWh,2025,,2025,0.258,kgCO2e/kWh,ANNUAL,,MITECO,"MITECO - ""5. Factores Mix Eléctricos"" ""Etiquetado restante de Comercializadoras que han efectuado GdO""",,0,0,ALCANCE 2,fallback_reason=None; proxy_geography=None,Energia_Base_Maestra_y_Contrato_FINAL.xlsx,Factores
ENE_A4121D2981DEA6,ESPAÑA,,ELECTRICIDAD,SUMINISTRO COMERCIALIZADORA,CON GDO,,"FACTOR ENERGÍA ESPAÑA, S.A.",kWh,2026,,2025,0.258,kgCO2e/kWh,ANNUAL,,MITECO,"MITECO - ""5. Factores Mix Eléctricos"" ""Etiquetado restante de Comercializadoras que han efectuado GdO""",,1,0,ALCANCE 2,fallback_reason=Último factor disponible para esta comercializadora y etiquetado; proxy_geography=None,Energia_Base_Maestra_y_Contrato_FINAL.xlsx,Factores
ENE_6DC793AE8086BB,ESPAÑA,,ELECTRICIDAD,SUMINISTRO COMERCIALIZADORA,CON GDO,,"FACTOR ENERGÍA, S.A.",kWh,2022,,2022,0.255,kgCO2e/kWh,ANNUAL,,MITECO,"MITECO - ""5. Factores Mix Eléctricos"" ""Etiquetado restante de Comercializadoras que han efectuado GdO""",,0,0,ALCANCE 2,fallback_reason=None; proxy_geography=None,Energia_Base_Maestra_y_Contrato_FINAL.xlsx,Factores
ENE_B57C5796B27B3C,ESPAÑA,,ELECTRICIDAD,SUMINISTRO COMERCIALIZADORA,CON GDO,,"FACTOR ENERGÍA, S.A.",kWh,2023,,2023,0.259,kgCO2e/kWh,ANNUAL,,MITECO,"MITECO - ""5. Factores Mix Eléctricos"" ""Etiquetado restante de Comercializadoras que han efectuado GdO""",,0,0,ALCANCE 2,fallback_reason=None; proxy_geography=None,Energia_Base_Maestra_y_Contrato_FINAL.xlsx,Factores
ENE_1DB0318A7372CF,ESPAÑA,,ELECTRICIDAD,SUMINISTRO COMERCIALIZADORA,CON GDO,,"FACTOR ENERGÍA, S.A.",kWh,2024,,2024,0.275,kgCO2e/kWh,ANNUAL,,MITECO,"MITECO - ""5. Factores Mix Eléctricos"" ""Etiquetado restante de Comercializadoras que han efectuado GdO""",,0,0,ALCANCE 2,fallback_reason=None; proxy_geography=None,Energia_Base_Maestra_y_Contrato_FINAL.xlsx,Factores
ENE_E407A32C32C195,ESPAÑA,,ELECTRICIDAD,SUMINISTRO COMERCIALIZADORA,CON GDO,,"FACTOR ENERGÍA, S.A.",kWh,2025,,2025,0.256,kgCO2e/kWh,ANNUAL,,MITECO,"MITECO - ""5. Factores Mix Eléctricos"" ""Etiquetado restante de Comercializadoras que han efectuado GdO""",,0,0,ALCANCE 2,fallback_reason=None; proxy_geography=None,Energia_Base_Maestra_y_Contrato_FINAL.xlsx,Factores
ENE_9BF778BE44D31A,ESPAÑA,,ELECTRICIDAD,SUMINISTRO COMERCIALIZADORA,CON GDO,,"FACTOR ENERGÍA, S.A.",kWh,2026,,2025,0.256,kgCO2e/kWh,ANNUAL,,MITECO,"MITECO - ""5. Factores Mix Eléctricos"" ""Etiquetado restante de Comercializadoras que han efectuado GdO""",,1,0,ALCANCE 2,fallback_reason=Último factor disponible para esta comercializadora y etiquetado; proxy_geography=None,Energia_Base_Maestra_y_Contrato_FINAL.xlsx,Factores
ENE_18EC1881631C5F,ESPAÑA,,ELECTRICIDAD,SUMINISTRO COMERCIALIZADORA,CON GDO,,"FASTLIGHT, S.L.",kWh,2025,,2025,0,kgCO2e/kWh,ANNUAL,,MITECO,"MITECO - ""5. Factores Mix Eléctricos"" ""Etiquetado restante de Comercializadoras que han efectuado GdO""",,0,0,ALCANCE 2,fallback_reason=None; proxy_geography=None,Energia_Base_Maestra_y_Contrato_FINAL.xlsx,Factores
ENE_4DFA5697D38EDA,ESPAÑA,,ELECTRICIDAD,SUMINISTRO COMERCIALIZADORA,CON GDO,,"FASTLIGHT, S.L.",kWh,2026,,2025,0,kgCO2e/kWh,ANNUAL,,MITECO,"MITECO - ""5. Factores Mix Eléctricos"" ""Etiquetado restante de Comercializadoras que han efectuado GdO""",,1,0,ALCANCE 2,fallback_reason=Último factor disponible para esta comercializadora y etiquetado; proxy_geography=None,Energia_Base_Maestra_y_Contrato_FINAL.xlsx,Factores
ENE_BC7754F7182572,ESPAÑA,,ELECTRICIDAD,SUMINISTRO COMERCIALIZADORA,CON GDO,,FENIE ENERGIA SA,kWh,2022,,2022,0.267,kgCO2e/kWh,ANNUAL,,MITECO,"MITECO - ""5. Factores Mix Eléctricos"" ""Etiquetado restante de Comercializadoras que han efectuado GdO""",,0,0,ALCANCE 2,fallback_reason=None; proxy_geography=None,Energia_Base_Maestra_y_Contrato_FINAL.xlsx,Factores
ENE_62AA44417FC425,ESPAÑA,,ELECTRICIDAD,SUMINISTRO COMERCIALIZADORA,CON GDO,,FENIE ENERGIA SA,kWh,2023,,2023,0.25,kgCO2e/kWh,ANNUAL,,MITECO,"MITECO - ""5. Factores Mix Eléctricos"" ""Etiquetado restante de Comercializadoras que han efectuado GdO""",,0,0,ALCANCE 2,fallback_reason=None; proxy_geography=None,Energia_Base_Maestra_y_Contrato_FINAL.xlsx,Factores
ENE_5EE513F18B0CB3,ESPAÑA,,ELECTRICIDAD,SUMINISTRO COMERCIALIZADORA,CON GDO,,FENIE ENERGIA SA,kWh,2024,,2024,0.28,kgCO2e/kWh,ANNUAL,,MITECO,"MITECO - ""5. Factores Mix Eléctricos"" ""Etiquetado restante de Comercializadoras que han efectuado GdO""",,0,0,ALCANCE 2,fallback_reason=None; proxy_geography=None,Energia_Base_Maestra_y_Contrato_FINAL.xlsx,Factores
ENE_E9DA0C7AB2CE2F,ESPAÑA,,ELECTRICIDAD,SUMINISTRO COMERCIALIZADORA,CON GDO,,FENIE ENERGIA SA,kWh,2025,,2025,0.25,kgCO2e/kWh,ANNUAL,,MITECO,"MITECO - ""5. Factores Mix Eléctricos"" ""Etiquetado restante de Comercializadoras que han efectuado GdO""",,0,0,ALCANCE 2,fallback_reason=None; proxy_geography=None,Energia_Base_Maestra_y_Contrato_FINAL.xlsx,Factores
ENE_9D9070FA25496C,ESPAÑA,,ELECTRICIDAD,SUMINISTRO COMERCIALIZADORA,CON GDO,,FENIE ENERGIA SA,kWh,2026,,2025,0.25,kgCO2e/kWh,ANNUAL,,MITECO,"MITECO - ""5. Factores Mix Eléctricos"" ""Etiquetado restante de Comercializadoras que han efectuado GdO""",,1,0,ALCANCE 2,fallback_reason=Último factor disponible para esta comercializadora y etiquetado; proxy_geography=None,Energia_Base_Maestra_y_Contrato_FINAL.xlsx,Factores
ENE_257F6CA445223D,ESPAÑA,,ELECTRICIDAD,SUMINISTRO COMERCIALIZADORA,CON GDO,,"FOENER ENERGÍA, S.L",kWh,2022,,2022,0.272,kgCO2e/kWh,ANNUAL,,MITECO,"MITECO - ""5. Factores Mix Eléctricos"" ""Etiquetado restante de Comercializadoras que han efectuado GdO""",,0,0,ALCANCE 2,fallback_reason=None; proxy_geography=None,Energia_Base_Maestra_y_Contrato_FINAL.xlsx,Factores
ENE_D243B3D84C2E55,ESPAÑA,,ELECTRICIDAD,SUMINISTRO COMERCIALIZADORA,CON GDO,,"FOENER ENERGÍA, S.L",kWh,2023,,2023,0.26,kgCO2e/kWh,ANNUAL,,MITECO,"MITECO - ""5. Factores Mix Eléctricos"" ""Etiquetado restante de Comercializadoras que han efectuado GdO""",,0,0,ALCANCE 2,fallback_reason=None; proxy_geography=None,Energia_Base_Maestra_y_Contrato_FINAL.xlsx,Factores
ENE_57FADA2CF2DE45,ESPAÑA,,ELECTRICIDAD,SUMINISTRO COMERCIALIZADORA,CON GDO,,"FOENER ENERGÍA, S.L",kWh,2024,,2024,0.279,kgCO2e/kWh,ANNUAL,,MITECO,"MITECO - ""5. Factores Mix Eléctricos"" ""Etiquetado restante de Comercializadoras que han efectuado GdO""",,0,0,ALCANCE 2,fallback_reason=None; proxy_geography=None,Energia_Base_Maestra_y_Contrato_FINAL.xlsx,Factores
ENE_B9BD79CC445AAD,ESPAÑA,,ELECTRICIDAD,SUMINISTRO COMERCIALIZADORA,CON GDO,,"FOENER ENERGÍA, S.L",kWh,2025,,2025,0.258,kgCO2e/kWh,ANNUAL,,MITECO,"MITECO - ""5. Factores Mix Eléctricos"" ""Etiquetado restante de Comercializadoras que han efectuado GdO""",,0,0,ALCANCE 2,fallback_reason=None; proxy_geography=None,Energia_Base_Maestra_y_Contrato_FINAL.xlsx,Factores
ENE_CC2731605A75DC,ESPAÑA,,ELECTRICIDAD,SUMINISTRO COMERCIALIZADORA,CON GDO,,"FOENER ENERGÍA, S.L",kWh,2026,,2025,0.258,kgCO2e/kWh,ANNUAL,,MITECO,"MITECO - ""5. Factores Mix Eléctricos"" ""Etiquetado restante de Comercializadoras que han efectuado GdO""",,1,0,ALCANCE 2,fallback_reason=Último factor disponible para esta comercializadora y etiquetado; proxy_geography=None,Energia_Base_Maestra_y_Contrato_FINAL.xlsx,Factores
ENE_E0930C8AEFCCBC,ESPAÑA,,ELECTRICIDAD,SUMINISTRO COMERCIALIZADORA,CON GDO,,FORTIA ENERGIA S.L.,kWh,2022,,2022,0.272,kgCO2e/kWh,ANNUAL,,MITECO,"MITECO - ""5. Factores Mix Eléctricos"" ""Etiquetado restante de Comercializadoras que han efectuado GdO""",,0,0,ALCANCE 2,fallback_reason=None; proxy_geography=None,Energia_Base_Maestra_y_Contrato_FINAL.xlsx,Factores
ENE_52EE77DCE5214C,ESPAÑA,,ELECTRICIDAD,SUMINISTRO COMERCIALIZADORA,CON GDO,,FORTIA ENERGIA S.L.,kWh,2023,,2023,0.26,kgCO2e/kWh,ANNUAL,,MITECO,"MITECO - ""5. Factores Mix Eléctricos"" ""Etiquetado restante de Comercializadoras que han efectuado GdO""",,0,0,ALCANCE 2,fallback_reason=None; proxy_geography=None,Energia_Base_Maestra_y_Contrato_FINAL.xlsx,Factores
ENE_9C00CE879F659E,ESPAÑA,,ELECTRICIDAD,SUMINISTRO COMERCIALIZADORA,CON GDO,,FORTIA ENERGIA S.L.,kWh,2024,,2024,0.283,kgCO2e/kWh,ANNUAL,,MITECO,"MITECO - ""5. Factores Mix Eléctricos"" ""Etiquetado restante de Comercializadoras que han efectuado GdO""",,0,0,ALCANCE 2,fallback_reason=None; proxy_geography=None,Energia_Base_Maestra_y_Contrato_FINAL.xlsx,Factores
ENE_64FBB872D0FF27,ESPAÑA,,ELECTRICIDAD,SUMINISTRO COMERCIALIZADORA,CON GDO,,FORTIA ENERGIA S.L.,kWh,2025,,2025,0.258,kgCO2e/kWh,ANNUAL,,MITECO,"MITECO - ""5. Factores Mix Eléctricos"" ""Etiquetado restante de Comercializadoras que han efectuado GdO""",,0,0,ALCANCE 2,fallback_reason=None; proxy_geography=None,Energia_Base_Maestra_y_Contrato_FINAL.xlsx,Factores
ENE_6FC8359D448E89,ESPAÑA,,ELECTRICIDAD,SUMINISTRO COMERCIALIZADORA,CON GDO,,FORTIA ENERGIA S.L.,kWh,2026,,2025,0.258,kgCO2e/kWh,ANNUAL,,MITECO,"MITECO - ""5. Factores Mix Eléctricos"" ""Etiquetado restante de Comercializadoras que han efectuado GdO""",,1,0,ALCANCE 2,fallback_reason=Último factor disponible para esta comercializadora y etiquetado; proxy_geography=None,Energia_Base_Maestra_y_Contrato_FINAL.xlsx,Factores
ENE_CE1C8D8FE6001D,ESPAÑA,,ELECTRICIDAD,SUMINISTRO COMERCIALIZADORA,SIN GDO,,"FORZA  VILALTA GREEN ENERGY, S.L.",kWh,2022,,2022,0,kgCO2e/kWh,ANNUAL,,MITECO,"MITECO - ""5. Factores Mix Eléctricos"" ""Etiquetado restante de Comercializadoras que no han efectuado GdO""",,0,0,ALCANCE 2,fallback_reason=None; proxy_geography=None,Energia_Base_Maestra_y_Contrato_FINAL.xlsx,Factores
ENE_0B152CFAEC23BF,ESPAÑA,,ELECTRICIDAD,SUMINISTRO COMERCIALIZADORA,SIN GDO,,"FORZA  VILALTA GREEN ENERGY, S.L.",kWh,2023,,2023,0.259,kgCO2e/kWh,ANNUAL,,MITECO,"MITECO - ""5. Factores Mix Eléctricos"" ""Etiquetado restante de Comercializadoras que no han efectuado GdO""",,0,0,ALCANCE 2,fallback_reason=None; proxy_geography=None,Energia_Base_Maestra_y_Contrato_FINAL.xlsx,Factores
ENE_1018A7C99D29B8,ESPAÑA,,ELECTRICIDAD,SUMINISTRO COMERCIALIZADORA,SIN GDO,,"FORZA  VILALTA GREEN ENERGY, S.L.",kWh,2026,,2023,0.259,kgCO2e/kWh,ANNUAL,,MITECO,"MITECO - ""5. Factores Mix Eléctricos"" ""Etiquetado restante de Comercializadoras que no han efectuado GdO""",,1,0,ALCANCE 2,fallback_reason=Último factor disponible para esta comercializadora y etiquetado; proxy_geography=None,Energia_Base_Maestra_y_Contrato_FINAL.xlsx,Factores
ENE_B1A64E11DB3580,ESPAÑA,,ELECTRICIDAD,SUMINISTRO COMERCIALIZADORA,CON GDO,,FOX ENERGÍA S.A,kWh,2022,,2022,0.27,kgCO2e/kWh,ANNUAL,,MITECO,"MITECO - ""5. Factores Mix Eléctricos"" ""Etiquetado restante de Comercializadoras que han efectuado GdO""",,0,0,ALCANCE 2,fallback_reason=None; proxy_geography=None,Energia_Base_Maestra_y_Contrato_FINAL.xlsx,Factores
ENE_EB9163280B1CE1,ESPAÑA,,ELECTRICIDAD,SUMINISTRO COMERCIALIZADORA,CON GDO,,FOX ENERGÍA S.A,kWh,2023,,2023,0.258,kgCO2e/kWh,ANNUAL,,MITECO,"MITECO - ""5. Factores Mix Eléctricos"" ""Etiquetado restante de Comercializadoras que han efectuado GdO""",,0,0,ALCANCE 2,fallback_reason=None; proxy_geography=None,Energia_Base_Maestra_y_Contrato_FINAL.xlsx,Factores
ENE_5398E2CF67D0F1,ESPAÑA,,ELECTRICIDAD,SUMINISTRO COMERCIALIZADORA,CON GDO,,FOX ENERGÍA S.A,kWh,2024,,2024,0.283,kgCO2e/kWh,ANNUAL,,MITECO,"MITECO - ""5. Factores Mix Eléctricos"" ""Etiquetado restante de Comercializadoras que han efectuado GdO""",,0,0,ALCANCE 2,fallback_reason=None; proxy_geography=None,Energia_Base_Maestra_y_Contrato_FINAL.xlsx,Factores
ENE_D086F1DDD25210,ESPAÑA,,ELECTRICIDAD,SUMINISTRO COMERCIALIZADORA,CON GDO,,FOX ENERGÍA S.A,kWh,2025,,2025,0.258,kgCO2e/kWh,ANNUAL,,MITECO,"MITECO - ""5. Factores Mix Eléctricos"" ""Etiquetado restante de Comercializadoras que han efectuado GdO""",,0,0,ALCANCE 2,fallback_reason=None; proxy_geography=None,Energia_Base_Maestra_y_Contrato_FINAL.xlsx,Factores
ENE_47700950D1F85A,ESPAÑA,,ELECTRICIDAD,SUMINISTRO COMERCIALIZADORA,CON GDO,,FOX ENERGÍA S.A,kWh,2026,,2025,0.258,kgCO2e/kWh,ANNUAL,,MITECO,"MITECO - ""5. Factores Mix Eléctricos"" ""Etiquetado restante de Comercializadoras que han efectuado GdO""",,1,0,ALCANCE 2,fallback_reason=Último factor disponible para esta comercializadora y etiquetado; proxy_geography=None,Energia_Base_Maestra_y_Contrato_FINAL.xlsx,Factores
ENE_4DF9004D06906B,ESPAÑA,,ELECTRICIDAD,SUMINISTRO COMERCIALIZADORA,SIN GDO,,"FRANK ENERGIA IBERIA, S.L.",kWh,2024,,2024,0,kgCO2e/kWh,ANNUAL,,MITECO,"MITECO - ""5. Factores Mix Eléctricos"" ""Etiquetado restante de Comercializadoras que no han efectuado GdO""",,0,0,ALCANCE 2,fallback_reason=None; proxy_geography=None,Energia_Base_Maestra_y_Contrato_FINAL.xlsx,Factores
ENE_1AC8D67449C679,ESPAÑA,,ELECTRICIDAD,SUMINISTRO COMERCIALIZADORA,SIN GDO,,"FRANK ENERGIA IBERIA, S.L.",kWh,2025,,2025,0,kgCO2e/kWh,ANNUAL,,MITECO,"MITECO - ""5. Factores Mix Eléctricos"" ""Etiquetado restante de Comercializadoras que no han efectuado GdO""",,0,0,ALCANCE 2,fallback_reason=None; proxy_geography=None,Energia_Base_Maestra_y_Contrato_FINAL.xlsx,Factores
ENE_5AD82FF77D7D3B,ESPAÑA,,ELECTRICIDAD,SUMINISTRO COMERCIALIZADORA,SIN GDO,,"FRANK ENERGIA IBERIA, S.L.",kWh,2026,,2025,0,kgCO2e/kWh,ANNUAL,,MITECO,"MITECO - ""5. Factores Mix Eléctricos"" ""Etiquetado restante de Comercializadoras que no han efectuado GdO""",,1,0,ALCANCE 2,fallback_reason=Último factor disponible para esta comercializadora y etiquetado; proxy_geography=None,Energia_Base_Maestra_y_Contrato_FINAL.xlsx,Factores
ENE_15259FBF5EE751,ESPAÑA,,ELECTRICIDAD,SUMINISTRO COMERCIALIZADORA,SIN GDO,,"GABA COMERCIALIZADORA DE ELECTRICIDAD, S.L.U.",kWh,2022,,2022,0,kgCO2e/kWh,ANNUAL,,MITECO,"MITECO - ""5. Factores Mix Eléctricos"" ""Etiquetado restante de Comercializadoras que no han efectuado GdO""",,0,0,ALCANCE 2,fallback_reason=None; proxy_geography=None,Energia_Base_Maestra_y_Contrato_FINAL.xlsx,Factores
ENE_5019296CA72B89,ESPAÑA,,ELECTRICIDAD,SUMINISTRO COMERCIALIZADORA,SIN GDO,,"GABA COMERCIALIZADORA DE ELECTRICIDAD, S.L.U.",kWh,2023,,2023,0,kgCO2e/kWh,ANNUAL,,MITECO,"MITECO - ""5. Factores Mix Eléctricos"" ""Etiquetado restante de Comercializadoras que no han efectuado GdO""",,0,0,ALCANCE 2,fallback_reason=None; proxy_geography=None,Energia_Base_Maestra_y_Contrato_FINAL.xlsx,Factores
ENE_0637B496D5401C,ESPAÑA,,ELECTRICIDAD,SUMINISTRO COMERCIALIZADORA,SIN GDO,,"GABA COMERCIALIZADORA DE ELECTRICIDAD, S.L.U.",kWh,2024,,2024,0,kgCO2e/kWh,ANNUAL,,MITECO,"MITECO - ""5. Factores Mix Eléctricos"" ""Etiquetado restante de Comercializadoras que no han efectuado GdO""",,0,0,ALCANCE 2,fallback_reason=None; proxy_geography=None,Energia_Base_Maestra_y_Contrato_FINAL.xlsx,Factores
ENE_AA799FC7D2A012,ESPAÑA,,ELECTRICIDAD,SUMINISTRO COMERCIALIZADORA,SIN GDO,,"GABA COMERCIALIZADORA DE ELECTRICIDAD, S.L.U.",kWh,2025,,2025,0,kgCO2e/kWh,ANNUAL,,MITECO,"MITECO - ""5. Factores Mix Eléctricos"" ""Etiquetado restante de Comercializadoras que no han efectuado GdO""",,0,0,ALCANCE 2,fallback_reason=None; proxy_geography=None,Energia_Base_Maestra_y_Contrato_FINAL.xlsx,Factores
ENE_503D72E1F588CA,ESPAÑA,,ELECTRICIDAD,SUMINISTRO COMERCIALIZADORA,SIN GDO,,"GABA COMERCIALIZADORA DE ELECTRICIDAD, S.L.U.",kWh,2026,,2025,0,kgCO2e/kWh,ANNUAL,,MITECO,"MITECO - ""5. Factores Mix Eléctricos"" ""Etiquetado restante de Comercializadoras que no han efectuado GdO""",,1,0,ALCANCE 2,fallback_reason=Último factor disponible para esta comercializadora y etiquetado; proxy_geography=None,Energia_Base_Maestra_y_Contrato_FINAL.xlsx,Factores
ENE_CE12BAC491DD67,ESPAÑA,,ELECTRICIDAD,SUMINISTRO COMERCIALIZADORA,SIN GDO,,"GALAPAGO ENERGIA, S.L.U.",kWh,2024,,2024,0,kgCO2e/kWh,ANNUAL,,MITECO,"MITECO - ""5. Factores Mix Eléctricos"" ""Etiquetado restante de Comercializadoras que no han efectuado GdO""",,0,0,ALCANCE 2,fallback_reason=None; proxy_geography=None,Energia_Base_Maestra_y_Contrato_FINAL.xlsx,Factores
ENE_2DB0BF27A6534C,ESPAÑA,,ELECTRICIDAD,SUMINISTRO COMERCIALIZADORA,SIN GDO,,"GALAPAGO ENERGIA, S.L.U.",kWh,2025,,2025,0,kgCO2e/kWh,ANNUAL,,MITECO,"MITECO - ""5. Factores Mix Eléctricos"" ""Etiquetado restante de Comercializadoras que no han efectuado GdO""",,0,0,ALCANCE 2,fallback_reason=None; proxy_geography=None,Energia_Base_Maestra_y_Contrato_FINAL.xlsx,Factores
ENE_88A0B440387B0C,ESPAÑA,,ELECTRICIDAD,SUMINISTRO COMERCIALIZADORA,SIN GDO,,"GALAPAGO ENERGIA, S.L.U.",kWh,2026,,2025,0,kgCO2e/kWh,ANNUAL,,MITECO,"MITECO - ""5. Factores Mix Eléctricos"" ""Etiquetado restante de Comercializadoras que no han efectuado GdO""",,1,0,ALCANCE 2,fallback_reason=Último factor disponible para esta comercializadora y etiquetado; proxy_geography=None,Energia_Base_Maestra_y_Contrato_FINAL.xlsx,Factores
ENE_AFCC3AA54B7DB9,ESPAÑA,,ELECTRICIDAD,SUMINISTRO COMERCIALIZADORA,CON GDO,,"GALP ENERGÍA ESPAÑA, S.A.U.",kWh,2022,,2022,0.273,kgCO2e/kWh,ANNUAL,,MITECO,"MITECO - ""5. Factores Mix Eléctricos"" ""Etiquetado restante de Comercializadoras que han efectuado GdO""",,0,0,ALCANCE 2,fallback_reason=None; proxy_geography=None,Energia_Base_Maestra_y_Contrato_FINAL.xlsx,Factores
ENE_9730C624D5A408,ESPAÑA,,ELECTRICIDAD,SUMINISTRO COMERCIALIZADORA,CON GDO,,"GALP ENERGÍA ESPAÑA, S.A.U.",kWh,2023,,2023,0.259,kgCO2e/kWh,ANNUAL,,MITECO,"MITECO - ""5. Factores Mix Eléctricos"" ""Etiquetado restante de Comercializadoras que han efectuado GdO""",,0,0,ALCANCE 2,fallback_reason=None; proxy_geography=None,Energia_Base_Maestra_y_Contrato_FINAL.xlsx,Factores
ENE_D16E3894E000A3,ESPAÑA,,ELECTRICIDAD,SUMINISTRO COMERCIALIZADORA,CON GDO,,"GALP ENERGÍA ESPAÑA, S.A.U.",kWh,2024,,2024,0.282,kgCO2e/kWh,ANNUAL,,MITECO,"MITECO - ""5. Factores Mix Eléctricos"" ""Etiquetado restante de Comercializadoras que han efectuado GdO""",,0,0,ALCANCE 2,fallback_reason=None; proxy_geography=None,Energia_Base_Maestra_y_Contrato_FINAL.xlsx,Factores
ENE_B3F1F9C15EC1EE,ESPAÑA,,ELECTRICIDAD,SUMINISTRO COMERCIALIZADORA,CON GDO,,"GALP ENERGÍA ESPAÑA, S.A.U.",kWh,2025,,2025,0.257,kgCO2e/kWh,ANNUAL,,MITECO,"MITECO - ""5. Factores Mix Eléctricos"" ""Etiquetado restante de Comercializadoras que han efectuado GdO""",,0,0,ALCANCE 2,fallback_reason=None; proxy_geography=None,Energia_Base_Maestra_y_Contrato_FINAL.xlsx,Factores
ENE_456169FE8AD8AC,ESPAÑA,,ELECTRICIDAD,SUMINISTRO COMERCIALIZADORA,CON GDO,,"GALP ENERGÍA ESPAÑA, S.A.U.",kWh,2026,,2025,0.257,kgCO2e/kWh,ANNUAL,,MITECO,"MITECO - ""5. Factores Mix Eléctricos"" ""Etiquetado restante de Comercializadoras que han efectuado GdO""",,1,0,ALCANCE 2,fallback_reason=Último factor disponible para esta comercializadora y etiquetado; proxy_geography=None,Energia_Base_Maestra_y_Contrato_FINAL.xlsx,Factores
ENE_0DC7883602A546,ESPAÑA,,ELECTRICIDAD,SUMINISTRO COMERCIALIZADORA,CON GDO,,"GARCIA MUNTE ENERGIA, S.L",kWh,2025,,2025,0,kgCO2e/kWh,ANNUAL,,MITECO,"MITECO - ""5. Factores Mix Eléctricos"" ""Etiquetado restante de Comercializadoras que han efectuado GdO""",,0,0,ALCANCE 2,fallback_reason=None; proxy_geography=None,Energia_Base_Maestra_y_Contrato_FINAL.xlsx,Factores
ENE_C2B5EE224D95A3,ESPAÑA,,ELECTRICIDAD,SUMINISTRO COMERCIALIZADORA,CON GDO,,"GARCIA MUNTE ENERGIA, S.L",kWh,2026,,2025,0,kgCO2e/kWh,ANNUAL,,MITECO,"MITECO - ""5. Factores Mix Eléctricos"" ""Etiquetado restante de Comercializadoras que han efectuado GdO""",,1,0,ALCANCE 2,fallback_reason=Último factor disponible para esta comercializadora y etiquetado; proxy_geography=None,Energia_Base_Maestra_y_Contrato_FINAL.xlsx,Factores
ENE_C94F5D13FA8482,ESPAÑA,,ELECTRICIDAD,SUMINISTRO COMERCIALIZADORA,SIN GDO,,"GARCIA MUNTE ENERGIA, S.L",kWh,2024,,2024,0.011,kgCO2e/kWh,ANNUAL,,MITECO,"MITECO - ""5. Factores Mix Eléctricos"" ""Etiquetado restante de Comercializadoras que no han efectuado GdO""",,0,0,ALCANCE 2,fallback_reason=None; proxy_geography=None,Energia_Base_Maestra_y_Contrato_FINAL.xlsx,Factores
ENE_102C63DEC6EE78,ESPAÑA,,ELECTRICIDAD,SUMINISTRO COMERCIALIZADORA,SIN GDO,,"GARCIA MUNTE ENERGIA, S.L",kWh,2026,,2024,0.011,kgCO2e/kWh,ANNUAL,,MITECO,"MITECO - ""5. Factores Mix Eléctricos"" ""Etiquetado restante de Comercializadoras que no han efectuado GdO""",,1,0,ALCANCE 2,fallback_reason=Último factor disponible para esta comercializadora y etiquetado; proxy_geography=None,Energia_Base_Maestra_y_Contrato_FINAL.xlsx,Factores
ENE_FA5525730CB62E,ESPAÑA,,ELECTRICIDAD,SUMINISTRO COMERCIALIZADORA,CON GDO,,GAS NATURAL COMERCIALIZADORA SA,kWh,2022,,2022,0.262,kgCO2e/kWh,ANNUAL,,MITECO,"MITECO - ""5. Factores Mix Eléctricos"" ""Etiquetado restante de Comercializadoras que han efectuado GdO""",,0,0,ALCANCE 2,fallback_reason=None; proxy_geography=None,Energia_Base_Maestra_y_Contrato_FINAL.xlsx,Factores
ENE_EA0A8005339F4D,ESPAÑA,,ELECTRICIDAD,SUMINISTRO COMERCIALIZADORA,CON GDO,,GAS NATURAL COMERCIALIZADORA SA,kWh,2023,,2023,0.249,kgCO2e/kWh,ANNUAL,,MITECO,"MITECO - ""5. Factores Mix Eléctricos"" ""Etiquetado restante de Comercializadoras que han efectuado GdO""",,0,0,ALCANCE 2,fallback_reason=None; proxy_geography=None,Energia_Base_Maestra_y_Contrato_FINAL.xlsx,Factores
ENE_F6C70FED48792B,ESPAÑA,,ELECTRICIDAD,SUMINISTRO COMERCIALIZADORA,CON GDO,,GAS NATURAL COMERCIALIZADORA SA,kWh,2024,,2024,0.265,kgCO2e/kWh,ANNUAL,,MITECO,"MITECO - ""5. Factores Mix Eléctricos"" ""Etiquetado restante de Comercializadoras que han efectuado GdO""",,0,0,ALCANCE 2,fallback_reason=None; proxy_geography=None,Energia_Base_Maestra_y_Contrato_FINAL.xlsx,Factores
ENE_A105B3BEABE07A,ESPAÑA,,ELECTRICIDAD,SUMINISTRO COMERCIALIZADORA,CON GDO,,GAS NATURAL COMERCIALIZADORA SA,kWh,2025,,2025,0.237,kgCO2e/kWh,ANNUAL,,MITECO,"MITECO - ""5. Factores Mix Eléctricos"" ""Etiquetado restante de Comercializadoras que han efectuado GdO""",,0,0,ALCANCE 2,fallback_reason=None; proxy_geography=None,Energia_Base_Maestra_y_Contrato_FINAL.xlsx,Factores
ENE_59EADECCB97619,ESPAÑA,,ELECTRICIDAD,SUMINISTRO COMERCIALIZADORA,CON GDO,,GAS NATURAL COMERCIALIZADORA SA,kWh,2026,,2025,0.237,kgCO2e/kWh,ANNUAL,,MITECO,"MITECO - ""5. Factores Mix Eléctricos"" ""Etiquetado restante de Comercializadoras que han efectuado GdO""",,1,0,ALCANCE 2,fallback_reason=Último factor disponible para esta comercializadora y etiquetado; proxy_geography=None,Energia_Base_Maestra_y_Contrato_FINAL.xlsx,Factores
ENE_EE018F0AC4C671,ESPAÑA,,ELECTRICIDAD,SUMINISTRO COMERCIALIZADORA,CON GDO,,GASELEC DIVERSIFICACIÓN S.L.,kWh,2022,,2022,0.273,kgCO2e/kWh,ANNUAL,,MITECO,"MITECO - ""5. Factores Mix Eléctricos"" ""Etiquetado restante de Comercializadoras que han efectuado GdO""",,0,0,ALCANCE 2,fallback_reason=None; proxy_geography=None,Energia_Base_Maestra_y_Contrato_FINAL.xlsx,Factores
ENE_29C01A937384F9,ESPAÑA,,ELECTRICIDAD,SUMINISTRO COMERCIALIZADORA,CON GDO,,GASELEC DIVERSIFICACIÓN S.L.,kWh,2023,,2023,0.259,kgCO2e/kWh,ANNUAL,,MITECO,"MITECO - ""5. Factores Mix Eléctricos"" ""Etiquetado restante de Comercializadoras que han efectuado GdO""",,0,0,ALCANCE 2,fallback_reason=None; proxy_geography=None,Energia_Base_Maestra_y_Contrato_FINAL.xlsx,Factores
ENE_DD1CA40993AA6C,ESPAÑA,,ELECTRICIDAD,SUMINISTRO COMERCIALIZADORA,CON GDO,,GASELEC DIVERSIFICACIÓN S.L.,kWh,2024,,2024,0.283,kgCO2e/kWh,ANNUAL,,MITECO,"MITECO - ""5. Factores Mix Eléctricos"" ""Etiquetado restante de Comercializadoras que han efectuado GdO""",,0,0,ALCANCE 2,fallback_reason=None; proxy_geography=None,Energia_Base_Maestra_y_Contrato_FINAL.xlsx,Factores
ENE_1D0EFEBB6E6143,ESPAÑA,,ELECTRICIDAD,SUMINISTRO COMERCIALIZADORA,CON GDO,,GASELEC DIVERSIFICACIÓN S.L.,kWh,2025,,2025,0.258,kgCO2e/kWh,ANNUAL,,MITECO,"MITECO - ""5. Factores Mix Eléctricos"" ""Etiquetado restante de Comercializadoras que han efectuado GdO""",,0,0,ALCANCE 2,fallback_reason=None; proxy_geography=None,Energia_Base_Maestra_y_Contrato_FINAL.xlsx,Factores
ENE_D6A693232CE396,ESPAÑA,,ELECTRICIDAD,SUMINISTRO COMERCIALIZADORA,CON GDO,,GASELEC DIVERSIFICACIÓN S.L.,kWh,2026,,2025,0.258,kgCO2e/kWh,ANNUAL,,MITECO,"MITECO - ""5. Factores Mix Eléctricos"" ""Etiquetado restante de Comercializadoras que han efectuado GdO""",,1,0,ALCANCE 2,fallback_reason=Último factor disponible para esta comercializadora y etiquetado; proxy_geography=None,Energia_Base_Maestra_y_Contrato_FINAL.xlsx,Factores
ENE_1B693CAFC038AB,ESPAÑA,,ELECTRICIDAD,SUMINISTRO COMERCIALIZADORA,CON GDO,,GASILUZ ECO ENERCIA S.L.,kWh,2024,,2024,0,kgCO2e/kWh,ANNUAL,,MITECO,"MITECO - ""5. Factores Mix Eléctricos"" ""Etiquetado restante de Comercializadoras que han efectuado GdO""",,0,0,ALCANCE 2,fallback_reason=None; proxy_geography=None,Energia_Base_Maestra_y_Contrato_FINAL.xlsx,Factores
ENE_58F5D925042D04,ESPAÑA,,ELECTRICIDAD,SUMINISTRO COMERCIALIZADORA,CON GDO,,GASILUZ ECO ENERCIA S.L.,kWh,2025,,2025,0,kgCO2e/kWh,ANNUAL,,MITECO,"MITECO - ""5. Factores Mix Eléctricos"" ""Etiquetado restante de Comercializadoras que han efectuado GdO""",,0,0,ALCANCE 2,fallback_reason=None; proxy_geography=None,Energia_Base_Maestra_y_Contrato_FINAL.xlsx,Factores
ENE_64BF27A92ED36A,ESPAÑA,,ELECTRICIDAD,SUMINISTRO COMERCIALIZADORA,CON GDO,,GASILUZ ECO ENERCIA S.L.,kWh,2026,,2025,0,kgCO2e/kWh,ANNUAL,,MITECO,"MITECO - ""5. Factores Mix Eléctricos"" ""Etiquetado restante de Comercializadoras que han efectuado GdO""",,1,0,ALCANCE 2,fallback_reason=Último factor disponible para esta comercializadora y etiquetado; proxy_geography=None,Energia_Base_Maestra_y_Contrato_FINAL.xlsx,Factores
ENE_8F5818FC105BC9,ESPAÑA,,ELECTRICIDAD,SUMINISTRO COMERCIALIZADORA,SIN GDO,,GASILUZ ECO ENERCIA S.L.,kWh,2022,,2022,0,kgCO2e/kWh,ANNUAL,,MITECO,"MITECO - ""5. Factores Mix Eléctricos"" ""Etiquetado restante de Comercializadoras que no han efectuado GdO""",,0,0,ALCANCE 2,fallback_reason=None; proxy_geography=None,Energia_Base_Maestra_y_Contrato_FINAL.xlsx,Factores
ENE_41775F9F2BEE58,ESPAÑA,,ELECTRICIDAD,SUMINISTRO COMERCIALIZADORA,SIN GDO,,GASILUZ ECO ENERCIA S.L.,kWh,2023,,2023,0.004,kgCO2e/kWh,ANNUAL,,MITECO,"MITECO - ""5. Factores Mix Eléctricos"" ""Etiquetado restante de Comercializadoras que no han efectuado GdO""",,0,0,ALCANCE 2,fallback_reason=None; proxy_geography=None,Energia_Base_Maestra_y_Contrato_FINAL.xlsx,Factores
ENE_3866D0FB12D9DE,ESPAÑA,,ELECTRICIDAD,SUMINISTRO COMERCIALIZADORA,SIN GDO,,GASILUZ ECO ENERCIA S.L.,kWh,2026,,2023,0.004,kgCO2e/kWh,ANNUAL,,MITECO,"MITECO - ""5. Factores Mix Eléctricos"" ""Etiquetado restante de Comercializadoras que no han efectuado GdO""",,1,0,ALCANCE 2,fallback_reason=Último factor disponible para esta comercializadora y etiquetado; proxy_geography=None,Energia_Base_Maestra_y_Contrato_FINAL.xlsx,Factores
ENE_21DE81DDC88B4E,ESPAÑA,,ELECTRICIDAD,SUMINISTRO COMERCIALIZADORA,CON GDO,,GEO ALTERNATIVA S.L.,kWh,2022,,2022,0.273,kgCO2e/kWh,ANNUAL,,MITECO,"MITECO - ""5. Factores Mix Eléctricos"" ""Etiquetado restante de Comercializadoras que han efectuado GdO""",,0,0,ALCANCE 2,fallback_reason=None; proxy_geography=None,Energia_Base_Maestra_y_Contrato_FINAL.xlsx,Factores
ENE_485B51A8A715AD,ESPAÑA,,ELECTRICIDAD,SUMINISTRO COMERCIALIZADORA,CON GDO,,GEO ALTERNATIVA S.L.,kWh,2023,,2023,0.258,kgCO2e/kWh,ANNUAL,,MITECO,"MITECO - ""5. Factores Mix Eléctricos"" ""Etiquetado restante de Comercializadoras que han efectuado GdO""",,0,0,ALCANCE 2,fallback_reason=None; proxy_geography=None,Energia_Base_Maestra_y_Contrato_FINAL.xlsx,Factores
ENE_F2849EE52F3A8D,ESPAÑA,,ELECTRICIDAD,SUMINISTRO COMERCIALIZADORA,CON GDO,,GEO ALTERNATIVA S.L.,kWh,2024,,2024,0.278,kgCO2e/kWh,ANNUAL,,MITECO,"MITECO - ""5. Factores Mix Eléctricos"" ""Etiquetado restante de Comercializadoras que han efectuado GdO""",,0,0,ALCANCE 2,fallback_reason=None; proxy_geography=None,Energia_Base_Maestra_y_Contrato_FINAL.xlsx,Factores
ENE_D30B2E19CA121A,ESPAÑA,,ELECTRICIDAD,SUMINISTRO COMERCIALIZADORA,CON GDO,,GEO ALTERNATIVA S.L.,kWh,2025,,2025,0.257,kgCO2e/kWh,ANNUAL,,MITECO,"MITECO - ""5. Factores Mix Eléctricos"" ""Etiquetado restante de Comercializadoras que han efectuado GdO""",,0,0,ALCANCE 2,fallback_reason=None; proxy_geography=None,Energia_Base_Maestra_y_Contrato_FINAL.xlsx,Factores
ENE_6E8C1D4A4E182C,ESPAÑA,,ELECTRICIDAD,SUMINISTRO COMERCIALIZADORA,CON GDO,,GEO ALTERNATIVA S.L.,kWh,2026,,2025,0.257,kgCO2e/kWh,ANNUAL,,MITECO,"MITECO - ""5. Factores Mix Eléctricos"" ""Etiquetado restante de Comercializadoras que han efectuado GdO""",,1,0,ALCANCE 2,fallback_reason=Último factor disponible para esta comercializadora y etiquetado; proxy_geography=None,Energia_Base_Maestra_y_Contrato_FINAL.xlsx,Factores
ENE_3506DAFF7A51DF,ESPAÑA,,ELECTRICIDAD,SUMINISTRO COMERCIALIZADORA,SIN GDO,,GEOATLANTER SA,kWh,2022,,2022,0,kgCO2e/kWh,ANNUAL,,MITECO,"MITECO - ""5. Factores Mix Eléctricos"" ""Etiquetado restante de Comercializadoras que no han efectuado GdO""",,0,0,ALCANCE 2,fallback_reason=None; proxy_geography=None,Energia_Base_Maestra_y_Contrato_FINAL.xlsx,Factores
ENE_8E1CE61A7D9A57,ESPAÑA,,ELECTRICIDAD,SUMINISTRO COMERCIALIZADORA,SIN GDO,,GEOATLANTER SA,kWh,2023,,2023,0,kgCO2e/kWh,ANNUAL,,MITECO,"MITECO - ""5. Factores Mix Eléctricos"" ""Etiquetado restante de Comercializadoras que no han efectuado GdO""",,0,0,ALCANCE 2,fallback_reason=None; proxy_geography=None,Energia_Base_Maestra_y_Contrato_FINAL.xlsx,Factores
ENE_0FDCC06368439A,ESPAÑA,,ELECTRICIDAD,SUMINISTRO COMERCIALIZADORA,SIN GDO,,GEOATLANTER SA,kWh,2024,,2024,0,kgCO2e/kWh,ANNUAL,,MITECO,"MITECO - ""5. Factores Mix Eléctricos"" ""Etiquetado restante de Comercializadoras que no han efectuado GdO""",,0,0,ALCANCE 2,fallback_reason=None; proxy_geography=None,Energia_Base_Maestra_y_Contrato_FINAL.xlsx,Factores
ENE_2B4A241E823F81,ESPAÑA,,ELECTRICIDAD,SUMINISTRO COMERCIALIZADORA,SIN GDO,,GEOATLANTER SA,kWh,2025,,2025,0,kgCO2e/kWh,ANNUAL,,MITECO,"MITECO - ""5. Factores Mix Eléctricos"" ""Etiquetado restante de Comercializadoras que no han efectuado GdO""",,0,0,ALCANCE 2,fallback_reason=None; proxy_geography=None,Energia_Base_Maestra_y_Contrato_FINAL.xlsx,Factores
ENE_78805264C2C62E,ESPAÑA,,ELECTRICIDAD,SUMINISTRO COMERCIALIZADORA,SIN GDO,,GEOATLANTER SA,kWh,2026,,2025,0,kgCO2e/kWh,ANNUAL,,MITECO,"MITECO - ""5. Factores Mix Eléctricos"" ""Etiquetado restante de Comercializadoras que no han efectuado GdO""",,1,0,ALCANCE 2,fallback_reason=Último factor disponible para esta comercializadora y etiquetado; proxy_geography=None,Energia_Base_Maestra_y_Contrato_FINAL.xlsx,Factores
ENE_E85E1CF1BC7A6A,ESPAÑA,,ELECTRICIDAD,SUMINISTRO COMERCIALIZADORA,CON GDO,,"GERENTA ENERGÍA, S.L.U.",kWh,2022,,2022,0.191,kgCO2e/kWh,ANNUAL,,MITECO,"MITECO - ""5. Factores Mix Eléctricos"" ""Etiquetado restante de Comercializadoras que han efectuado GdO""",,0,0,ALCANCE 2,fallback_reason=None; proxy_geography=None,Energia_Base_Maestra_y_Contrato_FINAL.xlsx,Factores
ENE_457D2A64EC65F7,ESPAÑA,,ELECTRICIDAD,SUMINISTRO COMERCIALIZADORA,CON GDO,,"GERENTA ENERGÍA, S.L.U.",kWh,2025,,2025,0,kgCO2e/kWh,ANNUAL,,MITECO,"MITECO - ""5. Factores Mix Eléctricos"" ""Etiquetado restante de Comercializadoras que han efectuado GdO""",,0,0,ALCANCE 2,fallback_reason=None; proxy_geography=None,Energia_Base_Maestra_y_Contrato_FINAL.xlsx,Factores
ENE_95121C99908BC9,ESPAÑA,,ELECTRICIDAD,SUMINISTRO COMERCIALIZADORA,CON GDO,,"GERENTA ENERGÍA, S.L.U.",kWh,2026,,2025,0,kgCO2e/kWh,ANNUAL,,MITECO,"MITECO - ""5. Factores Mix Eléctricos"" ""Etiquetado restante de Comercializadoras que han efectuado GdO""",,1,0,ALCANCE 2,fallback_reason=Último factor disponible para esta comercializadora y etiquetado; proxy_geography=None,Energia_Base_Maestra_y_Contrato_FINAL.xlsx,Factores
ENE_AF8AC696E592C9,ESPAÑA,,ELECTRICIDAD,SUMINISTRO COMERCIALIZADORA,SIN GDO,,"GERENTA ENERGÍA, S.L.U.",kWh,2023,,2023,0,kgCO2e/kWh,ANNUAL,,MITECO,"MITECO - ""5. Factores Mix Eléctricos"" ""Etiquetado restante de Comercializadoras que no han efectuado GdO""",,0,0,ALCANCE 2,fallback_reason=None; proxy_geography=None,Energia_Base_Maestra_y_Contrato_FINAL.xlsx,Factores
ENE_A6C56D580F012E,ESPAÑA,,ELECTRICIDAD,SUMINISTRO COMERCIALIZADORA,SIN GDO,,"GERENTA ENERGÍA, S.L.U.",kWh,2024,,2024,0,kgCO2e/kWh,ANNUAL,,MITECO,"MITECO - ""5. Factores Mix Eléctricos"" ""Etiquetado restante de Comercializadoras que no han efectuado GdO""",,0,0,ALCANCE 2,fallback_reason=None; proxy_geography=None,Energia_Base_Maestra_y_Contrato_FINAL.xlsx,Factores
ENE_5C5B2E4F54DC9C,ESPAÑA,,ELECTRICIDAD,SUMINISTRO COMERCIALIZADORA,SIN GDO,,"GERENTA ENERGÍA, S.L.U.",kWh,2026,,2024,0,kgCO2e/kWh,ANNUAL,,MITECO,"MITECO - ""5. Factores Mix Eléctricos"" ""Etiquetado restante de Comercializadoras que no han efectuado GdO""",,1,0,ALCANCE 2,fallback_reason=Último factor disponible para esta comercializadora y etiquetado; proxy_geography=None,Energia_Base_Maestra_y_Contrato_FINAL.xlsx,Factores
ENE_EB8023C578030C,ESPAÑA,,ELECTRICIDAD,SUMINISTRO COMERCIALIZADORA,CON GDO,,"GESTERNOVA, S.A",kWh,2022,,2022,0,kgCO2e/kWh,ANNUAL,,MITECO,"MITECO - ""5. Factores Mix Eléctricos"" ""Etiquetado restante de Comercializadoras que han efectuado GdO""",,0,0,ALCANCE 2,fallback_reason=None; proxy_geography=None,Energia_Base_Maestra_y_Contrato_FINAL.xlsx,Factores
ENE_9BDE386228AD34,ESPAÑA,,ELECTRICIDAD,SUMINISTRO COMERCIALIZADORA,CON GDO,,"GESTERNOVA, S.A",kWh,2023,,2023,0,kgCO2e/kWh,ANNUAL,,MITECO,"MITECO - ""5. Factores Mix Eléctricos"" ""Etiquetado restante de Comercializadoras que han efectuado GdO""",,0,0,ALCANCE 2,fallback_reason=None; proxy_geography=None,Energia_Base_Maestra_y_Contrato_FINAL.xlsx,Factores
ENE_D9559A6CC4D4D5,ESPAÑA,,ELECTRICIDAD,SUMINISTRO COMERCIALIZADORA,CON GDO,,"GESTERNOVA, S.A",kWh,2024,,2024,0,kgCO2e/kWh,ANNUAL,,MITECO,"MITECO - ""5. Factores Mix Eléctricos"" ""Etiquetado restante de Comercializadoras que han efectuado GdO""",,0,0,ALCANCE 2,fallback_reason=None; proxy_geography=None,Energia_Base_Maestra_y_Contrato_FINAL.xlsx,Factores
ENE_120AC6937F1BAB,ESPAÑA,,ELECTRICIDAD,SUMINISTRO COMERCIALIZADORA,CON GDO,,"GESTERNOVA, S.A",kWh,2025,,2025,0,kgCO2e/kWh,ANNUAL,,MITECO,"MITECO - ""5. Factores Mix Eléctricos"" ""Etiquetado restante de Comercializadoras que han efectuado GdO""",,0,0,ALCANCE 2,fallback_reason=None; proxy_geography=None,Energia_Base_Maestra_y_Contrato_FINAL.xlsx,Factores
ENE_9CCFD098A21AA4,ESPAÑA,,ELECTRICIDAD,SUMINISTRO COMERCIALIZADORA,CON GDO,,"GESTERNOVA, S.A",kWh,2026,,2025,0,kgCO2e/kWh,ANNUAL,,MITECO,"MITECO - ""5. Factores Mix Eléctricos"" ""Etiquetado restante de Comercializadoras que han efectuado GdO""",,1,0,ALCANCE 2,fallback_reason=Último factor disponible para esta comercializadora y etiquetado; proxy_geography=None,Energia_Base_Maestra_y_Contrato_FINAL.xlsx,Factores
ENE_C78DB6D13F9FE8,ESPAÑA,,ELECTRICIDAD,SUMINISTRO COMERCIALIZADORA,CON GDO,,"GESTINER INGENIEROS, S.L.",kWh,2023,,2023,0.26,kgCO2e/kWh,ANNUAL,,MITECO,"MITECO - ""5. Factores Mix Eléctricos"" ""Etiquetado restante de Comercializadoras que han efectuado GdO""",,0,0,ALCANCE 2,fallback_reason=None; proxy_geography=None,Energia_Base_Maestra_y_Contrato_FINAL.xlsx,Factores
ENE_441E5D9C2A69D5,ESPAÑA,,ELECTRICIDAD,SUMINISTRO COMERCIALIZADORA,CON GDO,,"GESTINER INGENIEROS, S.L.",kWh,2026,,2023,0.26,kgCO2e/kWh,ANNUAL,,MITECO,"MITECO - ""5. Factores Mix Eléctricos"" ""Etiquetado restante de Comercializadoras que han efectuado GdO""",,1,0,ALCANCE 2,fallback_reason=Último factor disponible para esta comercializadora y etiquetado; proxy_geography=None,Energia_Base_Maestra_y_Contrato_FINAL.xlsx,Factores
ENE_7174DAB42E8BF9,ESPAÑA,,ELECTRICIDAD,SUMINISTRO COMERCIALIZADORA,CON GDO,,GLOBAL BIOSFERA PROTEC S.L,kWh,2023,,2023,0.254,kgCO2e/kWh,ANNUAL,,MITECO,"MITECO - ""5. Factores Mix Eléctricos"" ""Etiquetado restante de Comercializadoras que han efectuado GdO""",,0,0,ALCANCE 2,fallback_reason=None; proxy_geography=None,Energia_Base_Maestra_y_Contrato_FINAL.xlsx,Factores
ENE_0020713E2AC53B,ESPAÑA,,ELECTRICIDAD,SUMINISTRO COMERCIALIZADORA,CON GDO,,GLOBAL BIOSFERA PROTEC S.L,kWh,2024,,2024,0.283,kgCO2e/kWh,ANNUAL,,MITECO,"MITECO - ""5. Factores Mix Eléctricos"" ""Etiquetado restante de Comercializadoras que han efectuado GdO""",,0,0,ALCANCE 2,fallback_reason=None; proxy_geography=None,Energia_Base_Maestra_y_Contrato_FINAL.xlsx,Factores
ENE_4685462DDFD2F5,ESPAÑA,,ELECTRICIDAD,SUMINISTRO COMERCIALIZADORA,CON GDO,,GLOBAL BIOSFERA PROTEC S.L,kWh,2025,,2025,0.258,kgCO2e/kWh,ANNUAL,,MITECO,"MITECO - ""5. Factores Mix Eléctricos"" ""Etiquetado restante de Comercializadoras que han efectuado GdO""",,0,0,ALCANCE 2,fallback_reason=None; proxy_geography=None,Energia_Base_Maestra_y_Contrato_FINAL.xlsx,Factores
ENE_A0FC805117C037,ESPAÑA,,ELECTRICIDAD,SUMINISTRO COMERCIALIZADORA,CON GDO,,GLOBAL BIOSFERA PROTEC S.L,kWh,2026,,2025,0.258,kgCO2e/kWh,ANNUAL,,MITECO,"MITECO - ""5. Factores Mix Eléctricos"" ""Etiquetado restante de Comercializadoras que han efectuado GdO""",,1,0,ALCANCE 2,fallback_reason=Último factor disponible para esta comercializadora y etiquetado; proxy_geography=None,Energia_Base_Maestra_y_Contrato_FINAL.xlsx,Factores
ENE_1F0FE8BB16D929,ESPAÑA,,ELECTRICIDAD,SUMINISTRO COMERCIALIZADORA,SIN GDO,,GLOBAL BIOSFERA PROTEC S.L,kWh,2022,,2022,0.023,kgCO2e/kWh,ANNUAL,,MITECO,"MITECO - ""5. Factores Mix Eléctricos"" ""Etiquetado restante de Comercializadoras que no han efectuado GdO""",,0,0,ALCANCE 2,fallback_reason=None; proxy_geography=None,Energia_Base_Maestra_y_Contrato_FINAL.xlsx,Factores
ENE_C71C213AD3F7E0,ESPAÑA,,ELECTRICIDAD,SUMINISTRO COMERCIALIZADORA,SIN GDO,,GLOBAL BIOSFERA PROTEC S.L,kWh,2026,,2022,0.023,kgCO2e/kWh,ANNUAL,,MITECO,"MITECO - ""5. Factores Mix Eléctricos"" ""Etiquetado restante de Comercializadoras que no han efectuado GdO""",,1,0,ALCANCE 2,fallback_reason=Último factor disponible para esta comercializadora y etiquetado; proxy_geography=None,Energia_Base_Maestra_y_Contrato_FINAL.xlsx,Factores
ENE_0F222DE62D6947,ESPAÑA,,ELECTRICIDAD,SUMINISTRO COMERCIALIZADORA,CON GDO,,GLOBELIGHT ENERGY S.L,kWh,2023,,2023,0.254,kgCO2e/kWh,ANNUAL,,MITECO,"MITECO - ""5. Factores Mix Eléctricos"" ""Etiquetado restante de Comercializadoras que han efectuado GdO""",,0,0,ALCANCE 2,fallback_reason=None; proxy_geography=None,Energia_Base_Maestra_y_Contrato_FINAL.xlsx,Factores
ENE_49D4D25FAC1F0B,ESPAÑA,,ELECTRICIDAD,SUMINISTRO COMERCIALIZADORA,CON GDO,,GLOBELIGHT ENERGY S.L,kWh,2024,,2024,0.282,kgCO2e/kWh,ANNUAL,,MITECO,"MITECO - ""5. Factores Mix Eléctricos"" ""Etiquetado restante de Comercializadoras que han efectuado GdO""",,0,0,ALCANCE 2,fallback_reason=None; proxy_geography=None,Energia_Base_Maestra_y_Contrato_FINAL.xlsx,Factores
ENE_275AE9C9B50C6E,ESPAÑA,,ELECTRICIDAD,SUMINISTRO COMERCIALIZADORA,CON GDO,,GLOBELIGHT ENERGY S.L,kWh,2025,,2025,0.257,kgCO2e/kWh,ANNUAL,,MITECO,"MITECO - ""5. Factores Mix Eléctricos"" ""Etiquetado restante de Comercializadoras que han efectuado GdO""",,0,0,ALCANCE 2,fallback_reason=None; proxy_geography=None,Energia_Base_Maestra_y_Contrato_FINAL.xlsx,Factores
ENE_75C80B1E6570EF,ESPAÑA,,ELECTRICIDAD,SUMINISTRO COMERCIALIZADORA,CON GDO,,GLOBELIGHT ENERGY S.L,kWh,2026,,2025,0.257,kgCO2e/kWh,ANNUAL,,MITECO,"MITECO - ""5. Factores Mix Eléctricos"" ""Etiquetado restante de Comercializadoras que han efectuado GdO""",,1,0,ALCANCE 2,fallback_reason=Último factor disponible para esta comercializadora y etiquetado; proxy_geography=None,Energia_Base_Maestra_y_Contrato_FINAL.xlsx,Factores
ENE_4DE0290C1AF559,ESPAÑA,,ELECTRICIDAD,SUMINISTRO COMERCIALIZADORA,SIN GDO,,GLOBELIGHT ENERGY S.L,kWh,2022,,2022,0.241,kgCO2e/kWh,ANNUAL,,MITECO,"MITECO - ""5. Factores Mix Eléctricos"" ""Etiquetado restante de Comercializadoras que no han efectuado GdO""",,0,0,ALCANCE 2,fallback_reason=None; proxy_geography=None,Energia_Base_Maestra_y_Contrato_FINAL.xlsx,Factores
ENE_22ACB6FF8812DF,ESPAÑA,,ELECTRICIDAD,SUMINISTRO COMERCIALIZADORA,SIN GDO,,GLOBELIGHT ENERGY S.L,kWh,2026,,2022,0.241,kgCO2e/kWh,ANNUAL,,MITECO,"MITECO - ""5. Factores Mix Eléctricos"" ""Etiquetado restante de Comercializadoras que no han efectuado GdO""",,1,0,ALCANCE 2,fallback_reason=Último factor disponible para esta comercializadora y etiquetado; proxy_geography=None,Energia_Base_Maestra_y_Contrato_FINAL.xlsx,Factores
ENE_6CB3B2491A054E,ESPAÑA,,ELECTRICIDAD,SUMINISTRO COMERCIALIZADORA,SIN GDO,,"GNERA ENERGIA Y TECNOLOGIA, S.L.",kWh,2022,,2022,0.05,kgCO2e/kWh,ANNUAL,,MITECO,"MITECO - ""5. Factores Mix Eléctricos"" ""Etiquetado restante de Comercializadoras que no han efectuado GdO""",,0,0,ALCANCE 2,fallback_reason=None; proxy_geography=None,Energia_Base_Maestra_y_Contrato_FINAL.xlsx,Factores
ENE_34A882C0CF81CF,ESPAÑA,,ELECTRICIDAD,SUMINISTRO COMERCIALIZADORA,SIN GDO,,"GNERA ENERGIA Y TECNOLOGIA, S.L.",kWh,2023,,2023,0.208,kgCO2e/kWh,ANNUAL,,MITECO,"MITECO - ""5. Factores Mix Eléctricos"" ""Etiquetado restante de Comercializadoras que no han efectuado GdO""",,0,0,ALCANCE 2,fallback_reason=None; proxy_geography=None,Energia_Base_Maestra_y_Contrato_FINAL.xlsx,Factores
ENE_B60362432CCBD2,ESPAÑA,,ELECTRICIDAD,SUMINISTRO COMERCIALIZADORA,SIN GDO,,"GNERA ENERGIA Y TECNOLOGIA, S.L.",kWh,2024,,2024,0,kgCO2e/kWh,ANNUAL,,MITECO,"MITECO - ""5. Factores Mix Eléctricos"" ""Etiquetado restante de Comercializadoras que no han efectuado GdO""",,0,0,ALCANCE 2,fallback_reason=None; proxy_geography=None,Energia_Base_Maestra_y_Contrato_FINAL.xlsx,Factores
ENE_058F39BFD1B568,ESPAÑA,,ELECTRICIDAD,SUMINISTRO COMERCIALIZADORA,SIN GDO,,"GNERA ENERGIA Y TECNOLOGIA, S.L.",kWh,2025,,2025,0,kgCO2e/kWh,ANNUAL,,MITECO,"MITECO - ""5. Factores Mix Eléctricos"" ""Etiquetado restante de Comercializadoras que no han efectuado GdO""",,0,0,ALCANCE 2,fallback_reason=None; proxy_geography=None,Energia_Base_Maestra_y_Contrato_FINAL.xlsx,Factores
ENE_42E27922178E7C,ESPAÑA,,ELECTRICIDAD,SUMINISTRO COMERCIALIZADORA,SIN GDO,,"GNERA ENERGIA Y TECNOLOGIA, S.L.",kWh,2026,,2025,0,kgCO2e/kWh,ANNUAL,,MITECO,"MITECO - ""5. Factores Mix Eléctricos"" ""Etiquetado restante de Comercializadoras que no han efectuado GdO""",,1,0,ALCANCE 2,fallback_reason=Último factor disponible para esta comercializadora y etiquetado; proxy_geography=None,Energia_Base_Maestra_y_Contrato_FINAL.xlsx,Factores
ENE_B8304D598E2515,ESPAÑA,,ELECTRICIDAD,SUMINISTRO COMERCIALIZADORA,SIN GDO,,GOIENER S.COOP,kWh,2022,,2022,0,kgCO2e/kWh,ANNUAL,,MITECO,"MITECO - ""5. Factores Mix Eléctricos"" ""Etiquetado restante de Comercializadoras que no han efectuado GdO""",,0,0,ALCANCE 2,fallback_reason=None; proxy_geography=None,Energia_Base_Maestra_y_Contrato_FINAL.xlsx,Factores
ENE_FAF2C142426A19,ESPAÑA,,ELECTRICIDAD,SUMINISTRO COMERCIALIZADORA,SIN GDO,,GOIENER S.COOP,kWh,2023,,2023,0,kgCO2e/kWh,ANNUAL,,MITECO,"MITECO - ""5. Factores Mix Eléctricos"" ""Etiquetado restante de Comercializadoras que no han efectuado GdO""",,0,0,ALCANCE 2,fallback_reason=None; proxy_geography=None,Energia_Base_Maestra_y_Contrato_FINAL.xlsx,Factores
ENE_03E63253ADAD9D,ESPAÑA,,ELECTRICIDAD,SUMINISTRO COMERCIALIZADORA,SIN GDO,,GOIENER S.COOP,kWh,2024,,2024,0,kgCO2e/kWh,ANNUAL,,MITECO,"MITECO - ""5. Factores Mix Eléctricos"" ""Etiquetado restante de Comercializadoras que no han efectuado GdO""",,0,0,ALCANCE 2,fallback_reason=None; proxy_geography=None,Energia_Base_Maestra_y_Contrato_FINAL.xlsx,Factores
ENE_BB07AEC89A48F8,ESPAÑA,,ELECTRICIDAD,SUMINISTRO COMERCIALIZADORA,SIN GDO,,GOIENER S.COOP,kWh,2025,,2025,0,kgCO2e/kWh,ANNUAL,,MITECO,"MITECO - ""5. Factores Mix Eléctricos"" ""Etiquetado restante de Comercializadoras que no han efectuado GdO""",,0,0,ALCANCE 2,fallback_reason=None; proxy_geography=None,Energia_Base_Maestra_y_Contrato_FINAL.xlsx,Factores
ENE_C4BE789DC786D7,ESPAÑA,,ELECTRICIDAD,SUMINISTRO COMERCIALIZADORA,SIN GDO,,GOIENER S.COOP,kWh,2026,,2025,0,kgCO2e/kWh,ANNUAL,,MITECO,"MITECO - ""5. Factores Mix Eléctricos"" ""Etiquetado restante de Comercializadoras que no han efectuado GdO""",,1,0,ALCANCE 2,fallback_reason=Último factor disponible para esta comercializadora y etiquetado; proxy_geography=None,Energia_Base_Maestra_y_Contrato_FINAL.xlsx,Factores
ENE_E22BE0498B6FB8,ESPAÑA,,ELECTRICIDAD,SUMINISTRO COMERCIALIZADORA,SIN GDO,,"GREEN POWER SUPPLY, S.L.U.",kWh,2022,,2022,0,kgCO2e/kWh,ANNUAL,,MITECO,"MITECO - ""5. Factores Mix Eléctricos"" ""Etiquetado restante de Comercializadoras que no han efectuado GdO""",,0,0,ALCANCE 2,fallback_reason=None; proxy_geography=None,Energia_Base_Maestra_y_Contrato_FINAL.xlsx,Factores
ENE_7A6A0767ECA051,ESPAÑA,,ELECTRICIDAD,SUMINISTRO COMERCIALIZADORA,SIN GDO,,"GREEN POWER SUPPLY, S.L.U.",kWh,2026,,2022,0,kgCO2e/kWh,ANNUAL,,MITECO,"MITECO - ""5. Factores Mix Eléctricos"" ""Etiquetado restante de Comercializadoras que no han efectuado GdO""",,1,0,ALCANCE 2,fallback_reason=Último factor disponible para esta comercializadora y etiquetado; proxy_geography=None,Energia_Base_Maestra_y_Contrato_FINAL.xlsx,Factores
ENE_0D9B22B2823203,ESPAÑA,,ELECTRICIDAD,SUMINISTRO COMERCIALIZADORA,CON GDO,,"GREENING SMART ENERGY, S.L.",kWh,2024,,2024,0.283,kgCO2e/kWh,ANNUAL,,MITECO,"MITECO - ""5. Factores Mix Eléctricos"" ""Etiquetado restante de Comercializadoras que han efectuado GdO""",,0,0,ALCANCE 2,fallback_reason=None; proxy_geography=None,Energia_Base_Maestra_y_Contrato_FINAL.xlsx,Factores
ENE_21EB9D613C3338,ESPAÑA,,ELECTRICIDAD,SUMINISTRO COMERCIALIZADORA,CON GDO,,"GREENING SMART ENERGY, S.L.",kWh,2025,,2025,0.258,kgCO2e/kWh,ANNUAL,,MITECO,"MITECO - ""5. Factores Mix Eléctricos"" ""Etiquetado restante de Comercializadoras que han efectuado GdO""",,0,0,ALCANCE 2,fallback_reason=None; proxy_geography=None,Energia_Base_Maestra_y_Contrato_FINAL.xlsx,Factores
ENE_90D1D944145C36,ESPAÑA,,ELECTRICIDAD,SUMINISTRO COMERCIALIZADORA,CON GDO,,"GREENING SMART ENERGY, S.L.",kWh,2026,,2025,0.258,kgCO2e/kWh,ANNUAL,,MITECO,"MITECO - ""5. Factores Mix Eléctricos"" ""Etiquetado restante de Comercializadoras que han efectuado GdO""",,1,0,ALCANCE 2,fallback_reason=Último factor disponible para esta comercializadora y etiquetado; proxy_geography=None,Energia_Base_Maestra_y_Contrato_FINAL.xlsx,Factores
ENE_D51EB1C724426B,ESPAÑA,,ELECTRICIDAD,SUMINISTRO COMERCIALIZADORA,SIN GDO,,"GURBTEC ENERGIA, S.L.",kWh,2022,,2022,0,kgCO2e/kWh,ANNUAL,,MITECO,"MITECO - ""5. Factores Mix Eléctricos"" ""Etiquetado restante de Comercializadoras que no han efectuado GdO""",,0,0,ALCANCE 2,fallback_reason=None; proxy_geography=None,Energia_Base_Maestra_y_Contrato_FINAL.xlsx,Factores
ENE_D5497092B77FF4,ESPAÑA,,ELECTRICIDAD,SUMINISTRO COMERCIALIZADORA,SIN GDO,,"GURBTEC ENERGIA, S.L.",kWh,2023,,2023,0,kgCO2e/kWh,ANNUAL,,MITECO,"MITECO - ""5. Factores Mix Eléctricos"" ""Etiquetado restante de Comercializadoras que no han efectuado GdO""",,0,0,ALCANCE 2,fallback_reason=None; proxy_geography=None,Energia_Base_Maestra_y_Contrato_FINAL.xlsx,Factores
ENE_6FF03E1A0F9BCF,ESPAÑA,,ELECTRICIDAD,SUMINISTRO COMERCIALIZADORA,SIN GDO,,"GURBTEC ENERGIA, S.L.",kWh,2024,,2024,0,kgCO2e/kWh,ANNUAL,,MITECO,"MITECO - ""5. Factores Mix Eléctricos"" ""Etiquetado restante de Comercializadoras que no han efectuado GdO""",,0,0,ALCANCE 2,fallback_reason=None; proxy_geography=None,Energia_Base_Maestra_y_Contrato_FINAL.xlsx,Factores
ENE_9C6EDBF90844E7,ESPAÑA,,ELECTRICIDAD,SUMINISTRO COMERCIALIZADORA,SIN GDO,,"GURBTEC ENERGIA, S.L.",kWh,2025,,2025,0,kgCO2e/kWh,ANNUAL,,MITECO,"MITECO - ""5. Factores Mix Eléctricos"" ""Etiquetado restante de Comercializadoras que no han efectuado GdO""",,0,0,ALCANCE 2,fallback_reason=None; proxy_geography=None,Energia_Base_Maestra_y_Contrato_FINAL.xlsx,Factores
ENE_A424DAB34A9FCD,ESPAÑA,,ELECTRICIDAD,SUMINISTRO COMERCIALIZADORA,SIN GDO,,"GURBTEC ENERGIA, S.L.",kWh,2026,,2025,0,kgCO2e/kWh,ANNUAL,,MITECO,"MITECO - ""5. Factores Mix Eléctricos"" ""Etiquetado restante de Comercializadoras que no han efectuado GdO""",,1,0,ALCANCE 2,fallback_reason=Último factor disponible para esta comercializadora y etiquetado; proxy_geography=None,Energia_Base_Maestra_y_Contrato_FINAL.xlsx,Factores
ENE_D047915F842D85,ESPAÑA,,ELECTRICIDAD,SUMINISTRO COMERCIALIZADORA,CON GDO,,HANWHA ENERGY RETAIL SPAIN SL,kWh,2023,,2023,0,kgCO2e/kWh,ANNUAL,,MITECO,"MITECO - ""5. Factores Mix Eléctricos"" ""Etiquetado restante de Comercializadoras que han efectuado GdO""",,0,0,ALCANCE 2,fallback_reason=None; proxy_geography=None,Energia_Base_Maestra_y_Contrato_FINAL.xlsx,Factores
ENE_716DF32653944B,ESPAÑA,,ELECTRICIDAD,SUMINISTRO COMERCIALIZADORA,CON GDO,,HANWHA ENERGY RETAIL SPAIN SL,kWh,2024,,2024,0,kgCO2e/kWh,ANNUAL,,MITECO,"MITECO - ""5. Factores Mix Eléctricos"" ""Etiquetado restante de Comercializadoras que han efectuado GdO""",,0,0,ALCANCE 2,fallback_reason=None; proxy_geography=None,Energia_Base_Maestra_y_Contrato_FINAL.xlsx,Factores
ENE_F6C81205BDD366,ESPAÑA,,ELECTRICIDAD,SUMINISTRO COMERCIALIZADORA,CON GDO,,HANWHA ENERGY RETAIL SPAIN SL,kWh,2025,,2025,0,kgCO2e/kWh,ANNUAL,,MITECO,"MITECO - ""5. Factores Mix Eléctricos"" ""Etiquetado restante de Comercializadoras que han efectuado GdO""",,0,0,ALCANCE 2,fallback_reason=None; proxy_geography=None,Energia_Base_Maestra_y_Contrato_FINAL.xlsx,Factores
ENE_A6DC1B0CBA7EEF,ESPAÑA,,ELECTRICIDAD,SUMINISTRO COMERCIALIZADORA,CON GDO,,HANWHA ENERGY RETAIL SPAIN SL,kWh,2026,,2025,0,kgCO2e/kWh,ANNUAL,,MITECO,"MITECO - ""5. Factores Mix Eléctricos"" ""Etiquetado restante de Comercializadoras que han efectuado GdO""",,1,0,ALCANCE 2,fallback_reason=Último factor disponible para esta comercializadora y etiquetado; proxy_geography=None,Energia_Base_Maestra_y_Contrato_FINAL.xlsx,Factores
ENE_3A28220956E496,ESPAÑA,,ELECTRICIDAD,SUMINISTRO COMERCIALIZADORA,SIN GDO,,HANWHA ENERGY RETAIL SPAIN SL,kWh,2022,,2022,0,kgCO2e/kWh,ANNUAL,,MITECO,"MITECO - ""5. Factores Mix Eléctricos"" ""Etiquetado restante de Comercializadoras que no han efectuado GdO""",,0,0,ALCANCE 2,fallback_reason=None; proxy_geography=None,Energia_Base_Maestra_y_Contrato_FINAL.xlsx,Factores
ENE_2514D2858013C3,ESPAÑA,,ELECTRICIDAD,SUMINISTRO COMERCIALIZADORA,SIN GDO,,HANWHA ENERGY RETAIL SPAIN SL,kWh,2026,,2022,0,kgCO2e/kWh,ANNUAL,,MITECO,"MITECO - ""5. Factores Mix Eléctricos"" ""Etiquetado restante de Comercializadoras que no han efectuado GdO""",,1,0,ALCANCE 2,fallback_reason=Último factor disponible para esta comercializadora y etiquetado; proxy_geography=None,Energia_Base_Maestra_y_Contrato_FINAL.xlsx,Factores
ENE_3E786F6A4FF5AD,ESPAÑA,,ELECTRICIDAD,SUMINISTRO COMERCIALIZADORA,SIN GDO,,HELIA COOP V,kWh,2024,,2024,0,kgCO2e/kWh,ANNUAL,,MITECO,"MITECO - ""5. Factores Mix Eléctricos"" ""Etiquetado restante de Comercializadoras que no han efectuado GdO""",,0,0,ALCANCE 2,fallback_reason=None; proxy_geography=None,Energia_Base_Maestra_y_Contrato_FINAL.xlsx,Factores
ENE_6EE625ACA525BB,ESPAÑA,,ELECTRICIDAD,SUMINISTRO COMERCIALIZADORA,SIN GDO,,HELIA COOP V,kWh,2025,,2025,0.044,kgCO2e/kWh,ANNUAL,,MITECO,"MITECO - ""5. Factores Mix Eléctricos"" ""Etiquetado restante de Comercializadoras que no han efectuado GdO""",,0,0,ALCANCE 2,fallback_reason=None; proxy_geography=None,Energia_Base_Maestra_y_Contrato_FINAL.xlsx,Factores
ENE_58CA62C99D9FEE,ESPAÑA,,ELECTRICIDAD,SUMINISTRO COMERCIALIZADORA,SIN GDO,,HELIA COOP V,kWh,2026,,2025,0.044,kgCO2e/kWh,ANNUAL,,MITECO,"MITECO - ""5. Factores Mix Eléctricos"" ""Etiquetado restante de Comercializadoras que no han efectuado GdO""",,1,0,ALCANCE 2,fallback_reason=Último factor disponible para esta comercializadora y etiquetado; proxy_geography=None,Energia_Base_Maestra_y_Contrato_FINAL.xlsx,Factores
ENE_C1B99027E5B31A,ESPAÑA,,ELECTRICIDAD,SUMINISTRO COMERCIALIZADORA,CON GDO,,"HELIOELEC ENERGIA ELECTRICA, S.L.",kWh,2022,,2022,0.273,kgCO2e/kWh,ANNUAL,,MITECO,"MITECO - ""5. Factores Mix Eléctricos"" ""Etiquetado restante de Comercializadoras que han efectuado GdO""",,0,0,ALCANCE 2,fallback_reason=None; proxy_geography=None,Energia_Base_Maestra_y_Contrato_FINAL.xlsx,Factores
ENE_F06C7696263325,ESPAÑA,,ELECTRICIDAD,SUMINISTRO COMERCIALIZADORA,CON GDO,,"HELIOELEC ENERGIA ELECTRICA, S.L.",kWh,2023,,2023,0.222,kgCO2e/kWh,ANNUAL,,MITECO,"MITECO - ""5. Factores Mix Eléctricos"" ""Etiquetado restante de Comercializadoras que han efectuado GdO""",,0,0,ALCANCE 2,fallback_reason=None; proxy_geography=None,Energia_Base_Maestra_y_Contrato_FINAL.xlsx,Factores
ENE_C7763D95BEB1D0,ESPAÑA,,ELECTRICIDAD,SUMINISTRO COMERCIALIZADORA,CON GDO,,"HELIOELEC ENERGIA ELECTRICA, S.L.",kWh,2025,,2025,0,kgCO2e/kWh,ANNUAL,,MITECO,"MITECO - ""5. Factores Mix Eléctricos"" ""Etiquetado restante de Comercializadoras que han efectuado GdO""",,0,0,ALCANCE 2,fallback_reason=None; proxy_geography=None,Energia_Base_Maestra_y_Contrato_FINAL.xlsx,Factores
ENE_85BC33907EB53D,ESPAÑA,,ELECTRICIDAD,SUMINISTRO COMERCIALIZADORA,CON GDO,,"HELIOELEC ENERGIA ELECTRICA, S.L.",kWh,2026,,2025,0,kgCO2e/kWh,ANNUAL,,MITECO,"MITECO - ""5. Factores Mix Eléctricos"" ""Etiquetado restante de Comercializadoras que han efectuado GdO""",,1,0,ALCANCE 2,fallback_reason=Último factor disponible para esta comercializadora y etiquetado; proxy_geography=None,Energia_Base_Maestra_y_Contrato_FINAL.xlsx,Factores
ENE_2F57B642C6F3F0,ESPAÑA,,ELECTRICIDAD,SUMINISTRO COMERCIALIZADORA,SIN GDO,,"HELIOELEC ENERGIA ELECTRICA, S.L.",kWh,2024,,2024,0,kgCO2e/kWh,ANNUAL,,MITECO,"MITECO - ""5. Factores Mix Eléctricos"" ""Etiquetado restante de Comercializadoras que no han efectuado GdO""",,0,0,ALCANCE 2,fallback_reason=None; proxy_geography=None,Energia_Base_Maestra_y_Contrato_FINAL.xlsx,Factores
ENE_6F34644AA06CEC,ESPAÑA,,ELECTRICIDAD,SUMINISTRO COMERCIALIZADORA,SIN GDO,,"HELIOELEC ENERGIA ELECTRICA, S.L.",kWh,2026,,2024,0,kgCO2e/kWh,ANNUAL,,MITECO,"MITECO - ""5. Factores Mix Eléctricos"" ""Etiquetado restante de Comercializadoras que no han efectuado GdO""",,1,0,ALCANCE 2,fallback_reason=Último factor disponible para esta comercializadora y etiquetado; proxy_geography=None,Energia_Base_Maestra_y_Contrato_FINAL.xlsx,Factores
ENE_5B4BE44A848D04,ESPAÑA,,ELECTRICIDAD,SUMINISTRO COMERCIALIZADORA,CON GDO,,"HIDROELÉCTRICA DEL VALIRA, S.L.",kWh,2022,,2022,0.273,kgCO2e/kWh,ANNUAL,,MITECO,"MITECO - ""5. Factores Mix Eléctricos"" ""Etiquetado restante de Comercializadoras que han efectuado GdO""",,0,0,ALCANCE 2,fallback_reason=None; proxy_geography=None,Energia_Base_Maestra_y_Contrato_FINAL.xlsx,Factores
ENE_89AB90FA347A99,ESPAÑA,,ELECTRICIDAD,SUMINISTRO COMERCIALIZADORA,CON GDO,,"HIDROELÉCTRICA DEL VALIRA, S.L.",kWh,2023,,2023,0.26,kgCO2e/kWh,ANNUAL,,MITECO,"MITECO - ""5. Factores Mix Eléctricos"" ""Etiquetado restante de Comercializadoras que han efectuado GdO""",,0,0,ALCANCE 2,fallback_reason=None; proxy_geography=None,Energia_Base_Maestra_y_Contrato_FINAL.xlsx,Factores
ENE_188D12A4DBE5AC,ESPAÑA,,ELECTRICIDAD,SUMINISTRO COMERCIALIZADORA,CON GDO,,"HIDROELÉCTRICA DEL VALIRA, S.L.",kWh,2024,,2024,0.245,kgCO2e/kWh,ANNUAL,,MITECO,"MITECO - ""5. Factores Mix Eléctricos"" ""Etiquetado restante de Comercializadoras que han efectuado GdO""",,0,0,ALCANCE 2,fallback_reason=None; proxy_geography=None,Energia_Base_Maestra_y_Contrato_FINAL.xlsx,Factores
ENE_D422BC470966A3,ESPAÑA,,ELECTRICIDAD,SUMINISTRO COMERCIALIZADORA,CON GDO,,"HIDROELÉCTRICA DEL VALIRA, S.L.",kWh,2025,,2025,0.216,kgCO2e/kWh,ANNUAL,,MITECO,"MITECO - ""5. Factores Mix Eléctricos"" ""Etiquetado restante de Comercializadoras que han efectuado GdO""",,0,0,ALCANCE 2,fallback_reason=None; proxy_geography=None,Energia_Base_Maestra_y_Contrato_FINAL.xlsx,Factores
ENE_C398DA170F3E4A,ESPAÑA,,ELECTRICIDAD,SUMINISTRO COMERCIALIZADORA,CON GDO,,"HIDROELÉCTRICA DEL VALIRA, S.L.",kWh,2026,,2025,0.216,kgCO2e/kWh,ANNUAL,,MITECO,"MITECO - ""5. Factores Mix Eléctricos"" ""Etiquetado restante de Comercializadoras que han efectuado GdO""",,1,0,ALCANCE 2,fallback_reason=Último factor disponible para esta comercializadora y etiquetado; proxy_geography=None,Energia_Base_Maestra_y_Contrato_FINAL.xlsx,Factores
ENE_44B9DF6379A4F1,ESPAÑA,,ELECTRICIDAD,SUMINISTRO COMERCIALIZADORA,SIN GDO,,"HIDROELÉCTRICA EL CARMEN ENERGÍA, S.L",kWh,2022,,2022,0,kgCO2e/kWh,ANNUAL,,MITECO,"MITECO - ""5. Factores Mix Eléctricos"" ""Etiquetado restante de Comercializadoras que no han efectuado GdO""",,0,0,ALCANCE 2,fallback_reason=None; proxy_geography=None,Energia_Base_Maestra_y_Contrato_FINAL.xlsx,Factores
ENE_3864717C55EAED,ESPAÑA,,ELECTRICIDAD,SUMINISTRO COMERCIALIZADORA,SIN GDO,,"HIDROELÉCTRICA EL CARMEN ENERGÍA, S.L",kWh,2023,,2023,0,kgCO2e/kWh,ANNUAL,,MITECO,"MITECO - ""5. Factores Mix Eléctricos"" ""Etiquetado restante de Comercializadoras que no han efectuado GdO""",,0,0,ALCANCE 2,fallback_reason=None; proxy_geography=None,Energia_Base_Maestra_y_Contrato_FINAL.xlsx,Factores
ENE_C28004991F7376,ESPAÑA,,ELECTRICIDAD,SUMINISTRO COMERCIALIZADORA,SIN GDO,,"HIDROELÉCTRICA EL CARMEN ENERGÍA, S.L",kWh,2024,,2024,0,kgCO2e/kWh,ANNUAL,,MITECO,"MITECO - ""5. Factores Mix Eléctricos"" ""Etiquetado restante de Comercializadoras que no han efectuado GdO""",,0,0,ALCANCE 2,fallback_reason=None; proxy_geography=None,Energia_Base_Maestra_y_Contrato_FINAL.xlsx,Factores
ENE_E093C503AE455D,ESPAÑA,,ELECTRICIDAD,SUMINISTRO COMERCIALIZADORA,SIN GDO,,"HIDROELÉCTRICA EL CARMEN ENERGÍA, S.L",kWh,2025,,2025,0,kgCO2e/kWh,ANNUAL,,MITECO,"MITECO - ""5. Factores Mix Eléctricos"" ""Etiquetado restante de Comercializadoras que no han efectuado GdO""",,0,0,ALCANCE 2,fallback_reason=None; proxy_geography=None,Energia_Base_Maestra_y_Contrato_FINAL.xlsx,Factores
ENE_246CF33D0B39C9,ESPAÑA,,ELECTRICIDAD,SUMINISTRO COMERCIALIZADORA,SIN GDO,,"HIDROELÉCTRICA EL CARMEN ENERGÍA, S.L",kWh,2026,,2025,0,kgCO2e/kWh,ANNUAL,,MITECO,"MITECO - ""5. Factores Mix Eléctricos"" ""Etiquetado restante de Comercializadoras que no han efectuado GdO""",,1,0,ALCANCE 2,fallback_reason=Último factor disponible para esta comercializadora y etiquetado; proxy_geography=None,Energia_Base_Maestra_y_Contrato_FINAL.xlsx,Factores
ENE_E992619787F99F,ESPAÑA,,ELECTRICIDAD,SUMINISTRO COMERCIALIZADORA,CON GDO,,"HOLALUZ-CLIDOM, S.A",kWh,2022,,2022,0,kgCO2e/kWh,ANNUAL,,MITECO,"MITECO - ""5. Factores Mix Eléctricos"" ""Etiquetado restante de Comercializadoras que han efectuado GdO""",,0,0,ALCANCE 2,fallback_reason=None; proxy_geography=None,Energia_Base_Maestra_y_Contrato_FINAL.xlsx,Factores
ENE_0073D0434FA9EE,ESPAÑA,,ELECTRICIDAD,SUMINISTRO COMERCIALIZADORA,CON GDO,,"HOLALUZ-CLIDOM, S.A",kWh,2023,,2023,0,kgCO2e/kWh,ANNUAL,,MITECO,"MITECO - ""5. Factores Mix Eléctricos"" ""Etiquetado restante de Comercializadoras que han efectuado GdO""",,0,0,ALCANCE 2,fallback_reason=None; proxy_geography=None,Energia_Base_Maestra_y_Contrato_FINAL.xlsx,Factores
ENE_4B95F06A48A432,ESPAÑA,,ELECTRICIDAD,SUMINISTRO COMERCIALIZADORA,CON GDO,,"HOLALUZ-CLIDOM, S.A",kWh,2026,,2023,0,kgCO2e/kWh,ANNUAL,,MITECO,"MITECO - ""5. Factores Mix Eléctricos"" ""Etiquetado restante de Comercializadoras que han efectuado GdO""",,1,0,ALCANCE 2,fallback_reason=Último factor disponible para esta comercializadora y etiquetado; proxy_geography=None,Energia_Base_Maestra_y_Contrato_FINAL.xlsx,Factores
ENE_CE5EA27BCF0D3D,ESPAÑA,,ELECTRICIDAD,SUMINISTRO COMERCIALIZADORA,SIN GDO,,"HOLALUZ-CLIDOM, S.A",kWh,2024,,2024,0,kgCO2e/kWh,ANNUAL,,MITECO,"MITECO - ""5. Factores Mix Eléctricos"" ""Etiquetado restante de Comercializadoras que no han efectuado GdO""",,0,0,ALCANCE 2,fallback_reason=None; proxy_geography=None,Energia_Base_Maestra_y_Contrato_FINAL.xlsx,Factores
ENE_491D485B341FD8,ESPAÑA,,ELECTRICIDAD,SUMINISTRO COMERCIALIZADORA,SIN GDO,,"HOLALUZ-CLIDOM, S.A",kWh,2025,,2025,0,kgCO2e/kWh,ANNUAL,,MITECO,"MITECO - ""5. Factores Mix Eléctricos"" ""Etiquetado restante de Comercializadoras que no han efectuado GdO""",,0,0,ALCANCE 2,fallback_reason=None; proxy_geography=None,Energia_Base_Maestra_y_Contrato_FINAL.xlsx,Factores
ENE_2EFAC4826EAC95,ESPAÑA,,ELECTRICIDAD,SUMINISTRO COMERCIALIZADORA,SIN GDO,,"HOLALUZ-CLIDOM, S.A",kWh,2026,,2025,0,kgCO2e/kWh,ANNUAL,,MITECO,"MITECO - ""5. Factores Mix Eléctricos"" ""Etiquetado restante de Comercializadoras que no han efectuado GdO""",,1,0,ALCANCE 2,fallback_reason=Último factor disponible para esta comercializadora y etiquetado; proxy_geography=None,Energia_Base_Maestra_y_Contrato_FINAL.xlsx,Factores
ENE_98F04C945EC9E6,ESPAÑA,,ELECTRICIDAD,SUMINISTRO COMERCIALIZADORA,SIN GDO,,IBERDESA COMERCIALIZADORA SL,kWh,2024,,2024,0,kgCO2e/kWh,ANNUAL,,MITECO,"MITECO - ""5. Factores Mix Eléctricos"" ""Etiquetado restante de Comercializadoras que no han efectuado GdO""",,0,0,ALCANCE 2,fallback_reason=None; proxy_geography=None,Energia_Base_Maestra_y_Contrato_FINAL.xlsx,Factores
ENE_F8B7442FFE2531,ESPAÑA,,ELECTRICIDAD,SUMINISTRO COMERCIALIZADORA,SIN GDO,,IBERDESA COMERCIALIZADORA SL,kWh,2026,,2024,0,kgCO2e/kWh,ANNUAL,,MITECO,"MITECO - ""5. Factores Mix Eléctricos"" ""Etiquetado restante de Comercializadoras que no han efectuado GdO""",,1,0,ALCANCE 2,fallback_reason=Último factor disponible para esta comercializadora y etiquetado; proxy_geography=None,Energia_Base_Maestra_y_Contrato_FINAL.xlsx,Factores
ENE_B33422E862344B,ESPAÑA,,ELECTRICIDAD,SUMINISTRO COMERCIALIZADORA,CON GDO,,"IBERDROLA CLIENTES, S.A.U.",kWh,2022,,2022,0.27,kgCO2e/kWh,ANNUAL,,MITECO,"MITECO - ""5. Factores Mix Eléctricos"" ""Etiquetado restante de Comercializadoras que han efectuado GdO""",,0,0,ALCANCE 2,fallback_reason=None; proxy_geography=None,Energia_Base_Maestra_y_Contrato_FINAL.xlsx,Factores
ENE_3709EEE733291B,ESPAÑA,,ELECTRICIDAD,SUMINISTRO COMERCIALIZADORA,CON GDO,,"IBERDROLA CLIENTES, S.A.U.",kWh,2023,,2023,0.241,kgCO2e/kWh,ANNUAL,,MITECO,"MITECO - ""5. Factores Mix Eléctricos"" ""Etiquetado restante de Comercializadoras que han efectuado GdO""",,0,0,ALCANCE 2,fallback_reason=None; proxy_geography=None,Energia_Base_Maestra_y_Contrato_FINAL.xlsx,Factores
ENE_BE16B066EFF17D,ESPAÑA,,ELECTRICIDAD,SUMINISTRO COMERCIALIZADORA,CON GDO,,"IBERDROLA CLIENTES, S.A.U.",kWh,2024,,2024,0.275,kgCO2e/kWh,ANNUAL,,MITECO,"MITECO - ""5. Factores Mix Eléctricos"" ""Etiquetado restante de Comercializadoras que han efectuado GdO""",,0,0,ALCANCE 2,fallback_reason=None; proxy_geography=None,Energia_Base_Maestra_y_Contrato_FINAL.xlsx,Factores
ENE_8095E603A791D8,ESPAÑA,,ELECTRICIDAD,SUMINISTRO COMERCIALIZADORA,CON GDO,,"IBERDROLA CLIENTES, S.A.U.",kWh,2025,,2025,0.251,kgCO2e/kWh,ANNUAL,,MITECO,"MITECO - ""5. Factores Mix Eléctricos"" ""Etiquetado restante de Comercializadoras que han efectuado GdO""",,0,0,ALCANCE 2,fallback_reason=None; proxy_geography=None,Energia_Base_Maestra_y_Contrato_FINAL.xlsx,Factores
ENE_69E352739E4065,ESPAÑA,,ELECTRICIDAD,SUMINISTRO COMERCIALIZADORA,CON GDO,,"IBERDROLA CLIENTES, S.A.U.",kWh,2026,,2025,0.251,kgCO2e/kWh,ANNUAL,,MITECO,"MITECO - ""5. Factores Mix Eléctricos"" ""Etiquetado restante de Comercializadoras que han efectuado GdO""",,1,0,ALCANCE 2,fallback_reason=Último factor disponible para esta comercializadora y etiquetado; proxy_geography=None,Energia_Base_Maestra_y_Contrato_FINAL.xlsx,Factores
ENE_1FEDCFA16B2C20,ESPAÑA,,ELECTRICIDAD,SUMINISTRO COMERCIALIZADORA,SIN GDO,,"IBERDROLA ENERGÍA ESPAÑA, S.A.U",kWh,2022,,2022,0.273,kgCO2e/kWh,ANNUAL,,MITECO,"MITECO - ""5. Factores Mix Eléctricos"" ""Etiquetado restante de Comercializadoras que no han efectuado GdO""",,0,0,ALCANCE 2,fallback_reason=None; proxy_geography=None,Energia_Base_Maestra_y_Contrato_FINAL.xlsx,Factores
ENE_9D40CC70C70151,ESPAÑA,,ELECTRICIDAD,SUMINISTRO COMERCIALIZADORA,SIN GDO,,"IBERDROLA ENERGÍA ESPAÑA, S.A.U",kWh,2026,,2022,0.273,kgCO2e/kWh,ANNUAL,,MITECO,"MITECO - ""5. Factores Mix Eléctricos"" ""Etiquetado restante de Comercializadoras que no han efectuado GdO""",,1,0,ALCANCE 2,fallback_reason=Último factor disponible para esta comercializadora y etiquetado; proxy_geography=None,Energia_Base_Maestra_y_Contrato_FINAL.xlsx,Factores
ENE_D9D8C7331E86E4,ESPAÑA,,ELECTRICIDAD,SUMINISTRO COMERCIALIZADORA,CON GDO,,"IBERDROLA SERVICIOS ENERGETICOS, S.A.U.",kWh,2022,,2022,0,kgCO2e/kWh,ANNUAL,,MITECO,"MITECO - ""5. Factores Mix Eléctricos"" ""Etiquetado restante de Comercializadoras que han efectuado GdO""",,0,0,ALCANCE 2,fallback_reason=None; proxy_geography=None,Energia_Base_Maestra_y_Contrato_FINAL.xlsx,Factores
ENE_A9A8BB2D437F37,ESPAÑA,,ELECTRICIDAD,SUMINISTRO COMERCIALIZADORA,CON GDO,,"IBERDROLA SERVICIOS ENERGETICOS, S.A.U.",kWh,2023,,2023,0,kgCO2e/kWh,ANNUAL,,MITECO,"MITECO - ""5. Factores Mix Eléctricos"" ""Etiquetado restante de Comercializadoras que han efectuado GdO""",,0,0,ALCANCE 2,fallback_reason=None; proxy_geography=None,Energia_Base_Maestra_y_Contrato_FINAL.xlsx,Factores
ENE_A504BD29688EE2,ESPAÑA,,ELECTRICIDAD,SUMINISTRO COMERCIALIZADORA,CON GDO,,"IBERDROLA SERVICIOS ENERGETICOS, S.A.U.",kWh,2024,,2024,0,kgCO2e/kWh,ANNUAL,,MITECO,"MITECO - ""5. Factores Mix Eléctricos"" ""Etiquetado restante de Comercializadoras que han efectuado GdO""",,0,0,ALCANCE 2,fallback_reason=None; proxy_geography=None,Energia_Base_Maestra_y_Contrato_FINAL.xlsx,Factores
ENE_A8D006DBB44044,ESPAÑA,,ELECTRICIDAD,SUMINISTRO COMERCIALIZADORA,CON GDO,,"IBERDROLA SERVICIOS ENERGETICOS, S.A.U.",kWh,2025,,2025,0,kgCO2e/kWh,ANNUAL,,MITECO,"MITECO - ""5. Factores Mix Eléctricos"" ""Etiquetado restante de Comercializadoras que han efectuado GdO""",,0,0,ALCANCE 2,fallback_reason=None; proxy_geography=None,Energia_Base_Maestra_y_Contrato_FINAL.xlsx,Factores
ENE_C16DB5C0958393,ESPAÑA,,ELECTRICIDAD,SUMINISTRO COMERCIALIZADORA,CON GDO,,"IBERDROLA SERVICIOS ENERGETICOS, S.A.U.",kWh,2026,,2025,0,kgCO2e/kWh,ANNUAL,,MITECO,"MITECO - ""5. Factores Mix Eléctricos"" ""Etiquetado restante de Comercializadoras que han efectuado GdO""",,1,0,ALCANCE 2,fallback_reason=Último factor disponible para esta comercializadora y etiquetado; proxy_geography=None,Energia_Base_Maestra_y_Contrato_FINAL.xlsx,Factores
ENE_8649C576EC40A9,ESPAÑA,,ELECTRICIDAD,SUMINISTRO COMERCIALIZADORA,CON GDO,,"IBERELECTRICA COMERCIALIZADORA, SL",kWh,2024,,2024,0.283,kgCO2e/kWh,ANNUAL,,MITECO,"MITECO - ""5. Factores Mix Eléctricos"" ""Etiquetado restante de Comercializadoras que han efectuado GdO""",,0,0,ALCANCE 2,fallback_reason=None; proxy_geography=None,Energia_Base_Maestra_y_Contrato_FINAL.xlsx,Factores
ENE_A3B0DA348BE6B9,ESPAÑA,,ELECTRICIDAD,SUMINISTRO COMERCIALIZADORA,CON GDO,,"IBERELECTRICA COMERCIALIZADORA, SL",kWh,2025,,2025,0.258,kgCO2e/kWh,ANNUAL,,MITECO,"MITECO - ""5. Factores Mix Eléctricos"" ""Etiquetado restante de Comercializadoras que han efectuado GdO""",,0,0,ALCANCE 2,fallback_reason=None; proxy_geography=None,Energia_Base_Maestra_y_Contrato_FINAL.xlsx,Factores
ENE_8C1FA641AF919C,ESPAÑA,,ELECTRICIDAD,SUMINISTRO COMERCIALIZADORA,CON GDO,,"IBERELECTRICA COMERCIALIZADORA, SL",kWh,2026,,2025,0.258,kgCO2e/kWh,ANNUAL,,MITECO,"MITECO - ""5. Factores Mix Eléctricos"" ""Etiquetado restante de Comercializadoras que han efectuado GdO""",,1,0,ALCANCE 2,fallback_reason=Último factor disponible para esta comercializadora y etiquetado; proxy_geography=None,Energia_Base_Maestra_y_Contrato_FINAL.xlsx,Factores
ENE_AC5CA98E5906E4,ESPAÑA,,ELECTRICIDAD,SUMINISTRO COMERCIALIZADORA,CON GDO,,IM3 ENERGIA SL,kWh,2023,,2023,0.252,kgCO2e/kWh,ANNUAL,,MITECO,"MITECO - ""5. Factores Mix Eléctricos"" ""Etiquetado restante de Comercializadoras que han efectuado GdO""",,0,0,ALCANCE 2,fallback_reason=None; proxy_geography=None,Energia_Base_Maestra_y_Contrato_FINAL.xlsx,Factores
ENE_12D3DA12137140,ESPAÑA,,ELECTRICIDAD,SUMINISTRO COMERCIALIZADORA,CON GDO,,IM3 ENERGIA SL,kWh,2024,,2024,0.273,kgCO2e/kWh,ANNUAL,,MITECO,"MITECO - ""5. Factores Mix Eléctricos"" ""Etiquetado restante de Comercializadoras que han efectuado GdO""",,0,0,ALCANCE 2,fallback_reason=None; proxy_geography=None,Energia_Base_Maestra_y_Contrato_FINAL.xlsx,Factores
ENE_182068A3F82014,ESPAÑA,,ELECTRICIDAD,SUMINISTRO COMERCIALIZADORA,CON GDO,,IM3 ENERGIA SL,kWh,2025,,2025,0.225,kgCO2e/kWh,ANNUAL,,MITECO,"MITECO - ""5. Factores Mix Eléctricos"" ""Etiquetado restante de Comercializadoras que han efectuado GdO""",,0,0,ALCANCE 2,fallback_reason=None; proxy_geography=None,Energia_Base_Maestra_y_Contrato_FINAL.xlsx,Factores
ENE_4B044DBFE2E405,ESPAÑA,,ELECTRICIDAD,SUMINISTRO COMERCIALIZADORA,CON GDO,,IM3 ENERGIA SL,kWh,2026,,2025,0.225,kgCO2e/kWh,ANNUAL,,MITECO,"MITECO - ""5. Factores Mix Eléctricos"" ""Etiquetado restante de Comercializadoras que han efectuado GdO""",,1,0,ALCANCE 2,fallback_reason=Último factor disponible para esta comercializadora y etiquetado; proxy_geography=None,Energia_Base_Maestra_y_Contrato_FINAL.xlsx,Factores
ENE_DD73E6ECFA9DFC,ESPAÑA,,ELECTRICIDAD,SUMINISTRO COMERCIALIZADORA,SIN GDO,,"IMPERIUM LUMEN, S.A.",kWh,2023,,2023,0,kgCO2e/kWh,ANNUAL,,MITECO,"MITECO - ""5. Factores Mix Eléctricos"" ""Etiquetado restante de Comercializadoras que no han efectuado GdO""",,0,0,ALCANCE 2,fallback_reason=None; proxy_geography=None,Energia_Base_Maestra_y_Contrato_FINAL.xlsx,Factores
ENE_CBD2347B75660A,ESPAÑA,,ELECTRICIDAD,SUMINISTRO COMERCIALIZADORA,SIN GDO,,"IMPERIUM LUMEN, S.A.",kWh,2024,,2024,0,kgCO2e/kWh,ANNUAL,,MITECO,"MITECO - ""5. Factores Mix Eléctricos"" ""Etiquetado restante de Comercializadoras que no han efectuado GdO""",,0,0,ALCANCE 2,fallback_reason=None; proxy_geography=None,Energia_Base_Maestra_y_Contrato_FINAL.xlsx,Factores
ENE_1C16650FC01D5D,ESPAÑA,,ELECTRICIDAD,SUMINISTRO COMERCIALIZADORA,SIN GDO,,"IMPERIUM LUMEN, S.A.",kWh,2025,,2025,0,kgCO2e/kWh,ANNUAL,,MITECO,"MITECO - ""5. Factores Mix Eléctricos"" ""Etiquetado restante de Comercializadoras que no han efectuado GdO""",,0,0,ALCANCE 2,fallback_reason=None; proxy_geography=None,Energia_Base_Maestra_y_Contrato_FINAL.xlsx,Factores
ENE_776C901F50C54F,ESPAÑA,,ELECTRICIDAD,SUMINISTRO COMERCIALIZADORA,SIN GDO,,"IMPERIUM LUMEN, S.A.",kWh,2026,,2025,0,kgCO2e/kWh,ANNUAL,,MITECO,"MITECO - ""5. Factores Mix Eléctricos"" ""Etiquetado restante de Comercializadoras que no han efectuado GdO""",,1,0,ALCANCE 2,fallback_reason=Último factor disponible para esta comercializadora y etiquetado; proxy_geography=None,Energia_Base_Maestra_y_Contrato_FINAL.xlsx,Factores
ENE_CDBD3E5399F6C6,ESPAÑA,,ELECTRICIDAD,SUMINISTRO COMERCIALIZADORA,CON GDO,,INDEXO ENERGIA SL,kWh,2023,,2023,0.233,kgCO2e/kWh,ANNUAL,,MITECO,"MITECO - ""5. Factores Mix Eléctricos"" ""Etiquetado restante de Comercializadoras que han efectuado GdO""",,0,0,ALCANCE 2,fallback_reason=None; proxy_geography=None,Energia_Base_Maestra_y_Contrato_FINAL.xlsx,Factores
ENE_5A6F0BEFB12AE3,ESPAÑA,,ELECTRICIDAD,SUMINISTRO COMERCIALIZADORA,CON GDO,,INDEXO ENERGIA SL,kWh,2024,,2024,0,kgCO2e/kWh,ANNUAL,,MITECO,"MITECO - ""5. Factores Mix Eléctricos"" ""Etiquetado restante de Comercializadoras que han efectuado GdO""",,0,0,ALCANCE 2,fallback_reason=None; proxy_geography=None,Energia_Base_Maestra_y_Contrato_FINAL.xlsx,Factores
ENE_CB37BA6281BE9A,ESPAÑA,,ELECTRICIDAD,SUMINISTRO COMERCIALIZADORA,CON GDO,,INDEXO ENERGIA SL,kWh,2025,,2025,0,kgCO2e/kWh,ANNUAL,,MITECO,"MITECO - ""5. Factores Mix Eléctricos"" ""Etiquetado restante de Comercializadoras que han efectuado GdO""",,0,0,ALCANCE 2,fallback_reason=None; proxy_geography=None,Energia_Base_Maestra_y_Contrato_FINAL.xlsx,Factores
ENE_B8F3D04DC9C15E,ESPAÑA,,ELECTRICIDAD,SUMINISTRO COMERCIALIZADORA,CON GDO,,INDEXO ENERGIA SL,kWh,2026,,2025,0,kgCO2e/kWh,ANNUAL,,MITECO,"MITECO - ""5. Factores Mix Eléctricos"" ""Etiquetado restante de Comercializadoras que han efectuado GdO""",,1,0,ALCANCE 2,fallback_reason=Último factor disponible para esta comercializadora y etiquetado; proxy_geography=None,Energia_Base_Maestra_y_Contrato_FINAL.xlsx,Factores
ENE_2A16E2EA62A19D,ESPAÑA,,ELECTRICIDAD,SUMINISTRO COMERCIALIZADORA,SIN GDO,,INDEXO ENERGIA SL,kWh,2022,,2022,0.246,kgCO2e/kWh,ANNUAL,,MITECO,"MITECO - ""5. Factores Mix Eléctricos"" ""Etiquetado restante de Comercializadoras que no han efectuado GdO""",,0,0,ALCANCE 2,fallback_reason=None; proxy_geography=None,Energia_Base_Maestra_y_Contrato_FINAL.xlsx,Factores
ENE_9F7262ED58DC35,ESPAÑA,,ELECTRICIDAD,SUMINISTRO COMERCIALIZADORA,SIN GDO,,INDEXO ENERGIA SL,kWh,2026,,2022,0.246,kgCO2e/kWh,ANNUAL,,MITECO,"MITECO - ""5. Factores Mix Eléctricos"" ""Etiquetado restante de Comercializadoras que no han efectuado GdO""",,1,0,ALCANCE 2,fallback_reason=Último factor disponible para esta comercializadora y etiquetado; proxy_geography=None,Energia_Base_Maestra_y_Contrato_FINAL.xlsx,Factores
ENE_432C8E3221E016,ESPAÑA,,ELECTRICIDAD,SUMINISTRO COMERCIALIZADORA,CON GDO,,INER ENERGIA CASTILLA LA MANCHA SL,kWh,2022,,2022,0.27,kgCO2e/kWh,ANNUAL,,MITECO,"MITECO - ""5. Factores Mix Eléctricos"" ""Etiquetado restante de Comercializadoras que han efectuado GdO""",,0,0,ALCANCE 2,fallback_reason=None; proxy_geography=None,Energia_Base_Maestra_y_Contrato_FINAL.xlsx,Factores
ENE_504502B940BD8E,ESPAÑA,,ELECTRICIDAD,SUMINISTRO COMERCIALIZADORA,CON GDO,,INER ENERGIA CASTILLA LA MANCHA SL,kWh,2023,,2023,0.257,kgCO2e/kWh,ANNUAL,,MITECO,"MITECO - ""5. Factores Mix Eléctricos"" ""Etiquetado restante de Comercializadoras que han efectuado GdO""",,0,0,ALCANCE 2,fallback_reason=None; proxy_geography=None,Energia_Base_Maestra_y_Contrato_FINAL.xlsx,Factores
ENE_66175A91E28597,ESPAÑA,,ELECTRICIDAD,SUMINISTRO COMERCIALIZADORA,CON GDO,,INER ENERGIA CASTILLA LA MANCHA SL,kWh,2024,,2024,0.278,kgCO2e/kWh,ANNUAL,,MITECO,"MITECO - ""5. Factores Mix Eléctricos"" ""Etiquetado restante de Comercializadoras que han efectuado GdO""",,0,0,ALCANCE 2,fallback_reason=None; proxy_geography=None,Energia_Base_Maestra_y_Contrato_FINAL.xlsx,Factores
ENE_4A241CD62DA412,ESPAÑA,,ELECTRICIDAD,SUMINISTRO COMERCIALIZADORA,CON GDO,,INER ENERGIA CASTILLA LA MANCHA SL,kWh,2025,,2025,0.254,kgCO2e/kWh,ANNUAL,,MITECO,"MITECO - ""5. Factores Mix Eléctricos"" ""Etiquetado restante de Comercializadoras que han efectuado GdO""",,0,0,ALCANCE 2,fallback_reason=None; proxy_geography=None,Energia_Base_Maestra_y_Contrato_FINAL.xlsx,Factores
ENE_D332D17F815901,ESPAÑA,,ELECTRICIDAD,SUMINISTRO COMERCIALIZADORA,CON GDO,,INER ENERGIA CASTILLA LA MANCHA SL,kWh,2026,,2025,0.254,kgCO2e/kWh,ANNUAL,,MITECO,"MITECO - ""5. Factores Mix Eléctricos"" ""Etiquetado restante de Comercializadoras que han efectuado GdO""",,1,0,ALCANCE 2,fallback_reason=Último factor disponible para esta comercializadora y etiquetado; proxy_geography=None,Energia_Base_Maestra_y_Contrato_FINAL.xlsx,Factores
ENE_DA466735A34007,ESPAÑA,,ELECTRICIDAD,SUMINISTRO COMERCIALIZADORA,CON GDO,,"INER EUSKADI, S.L.",kWh,2022,,2022,0.266,kgCO2e/kWh,ANNUAL,,MITECO,"MITECO - ""5. Factores Mix Eléctricos"" ""Etiquetado restante de Comercializadoras que han efectuado GdO""",,0,0,ALCANCE 2,fallback_reason=None; proxy_geography=None,Energia_Base_Maestra_y_Contrato_FINAL.xlsx,Factores
ENE_04E0870C979916,ESPAÑA,,ELECTRICIDAD,SUMINISTRO COMERCIALIZADORA,CON GDO,,"INER EUSKADI, S.L.",kWh,2023,,2023,0.234,kgCO2e/kWh,ANNUAL,,MITECO,"MITECO - ""5. Factores Mix Eléctricos"" ""Etiquetado restante de Comercializadoras que han efectuado GdO""",,0,0,ALCANCE 2,fallback_reason=None; proxy_geography=None,Energia_Base_Maestra_y_Contrato_FINAL.xlsx,Factores
ENE_7CB5858D71EEC8,ESPAÑA,,ELECTRICIDAD,SUMINISTRO COMERCIALIZADORA,CON GDO,,"INER EUSKADI, S.L.",kWh,2024,,2024,0.274,kgCO2e/kWh,ANNUAL,,MITECO,"MITECO - ""5. Factores Mix Eléctricos"" ""Etiquetado restante de Comercializadoras que han efectuado GdO""",,0,0,ALCANCE 2,fallback_reason=None; proxy_geography=None,Energia_Base_Maestra_y_Contrato_FINAL.xlsx,Factores
ENE_793742D5C0DE73,ESPAÑA,,ELECTRICIDAD,SUMINISTRO COMERCIALIZADORA,CON GDO,,"INER EUSKADI, S.L.",kWh,2025,,2025,0.252,kgCO2e/kWh,ANNUAL,,MITECO,"MITECO - ""5. Factores Mix Eléctricos"" ""Etiquetado restante de Comercializadoras que han efectuado GdO""",,0,0,ALCANCE 2,fallback_reason=None; proxy_geography=None,Energia_Base_Maestra_y_Contrato_FINAL.xlsx,Factores
ENE_596613049EF7D4,ESPAÑA,,ELECTRICIDAD,SUMINISTRO COMERCIALIZADORA,CON GDO,,"INER EUSKADI, S.L.",kWh,2026,,2025,0.252,kgCO2e/kWh,ANNUAL,,MITECO,"MITECO - ""5. Factores Mix Eléctricos"" ""Etiquetado restante de Comercializadoras que han efectuado GdO""",,1,0,ALCANCE 2,fallback_reason=Último factor disponible para esta comercializadora y etiquetado; proxy_geography=None,Energia_Base_Maestra_y_Contrato_FINAL.xlsx,Factores
ENE_C2FA4D211BB468,ESPAÑA,,ELECTRICIDAD,SUMINISTRO COMERCIALIZADORA,SIN GDO,,"INER MADRID, S.L.",kWh,2025,,2025,0,kgCO2e/kWh,ANNUAL,,MITECO,"MITECO - ""5. Factores Mix Eléctricos"" ""Etiquetado restante de Comercializadoras que no han efectuado GdO""",,0,0,ALCANCE 2,fallback_reason=None; proxy_geography=None,Energia_Base_Maestra_y_Contrato_FINAL.xlsx,Factores
ENE_1BAE96E0B8A05A,ESPAÑA,,ELECTRICIDAD,SUMINISTRO COMERCIALIZADORA,SIN GDO,,"INER MADRID, S.L.",kWh,2026,,2025,0,kgCO2e/kWh,ANNUAL,,MITECO,"MITECO - ""5. Factores Mix Eléctricos"" ""Etiquetado restante de Comercializadoras que no han efectuado GdO""",,1,0,ALCANCE 2,fallback_reason=Último factor disponible para esta comercializadora y etiquetado; proxy_geography=None,Energia_Base_Maestra_y_Contrato_FINAL.xlsx,Factores
ENE_769F06AF6DF0BF,ESPAÑA,,ELECTRICIDAD,SUMINISTRO COMERCIALIZADORA,CON GDO,,"INGEBAU SOLUCIONES DE MEDIDA, S.L.",kWh,2023,,2023,0.26,kgCO2e/kWh,ANNUAL,,MITECO,"MITECO - ""5. Factores Mix Eléctricos"" ""Etiquetado restante de Comercializadoras que han efectuado GdO""",,0,0,ALCANCE 2,fallback_reason=None; proxy_geography=None,Energia_Base_Maestra_y_Contrato_FINAL.xlsx,Factores
ENE_DCEC7E8A9C2A0E,ESPAÑA,,ELECTRICIDAD,SUMINISTRO COMERCIALIZADORA,CON GDO,,"INGEBAU SOLUCIONES DE MEDIDA, S.L.",kWh,2024,,2024,0.283,kgCO2e/kWh,ANNUAL,,MITECO,"MITECO - ""5. Factores Mix Eléctricos"" ""Etiquetado restante de Comercializadoras que han efectuado GdO""",,0,0,ALCANCE 2,fallback_reason=None; proxy_geography=None,Energia_Base_Maestra_y_Contrato_FINAL.xlsx,Factores
ENE_5E296EA354B81D,ESPAÑA,,ELECTRICIDAD,SUMINISTRO COMERCIALIZADORA,CON GDO,,"INGEBAU SOLUCIONES DE MEDIDA, S.L.",kWh,2025,,2025,0.166,kgCO2e/kWh,ANNUAL,,MITECO,"MITECO - ""5. Factores Mix Eléctricos"" ""Etiquetado restante de Comercializadoras que han efectuado GdO""",,0,0,ALCANCE 2,fallback_reason=None; proxy_geography=None,Energia_Base_Maestra_y_Contrato_FINAL.xlsx,Factores
ENE_4E6DF0EC692EA3,ESPAÑA,,ELECTRICIDAD,SUMINISTRO COMERCIALIZADORA,CON GDO,,"INGEBAU SOLUCIONES DE MEDIDA, S.L.",kWh,2026,,2025,0.166,kgCO2e/kWh,ANNUAL,,MITECO,"MITECO - ""5. Factores Mix Eléctricos"" ""Etiquetado restante de Comercializadoras que han efectuado GdO""",,1,0,ALCANCE 2,fallback_reason=Último factor disponible para esta comercializadora y etiquetado; proxy_geography=None,Energia_Base_Maestra_y_Contrato_FINAL.xlsx,Factores
ENE_92DD7C89DF9979,ESPAÑA,,ELECTRICIDAD,SUMINISTRO COMERCIALIZADORA,CON GDO,,INGENIERÍA Y COMERCIALIZACIÓN DEL GAS S.A,kWh,2025,,2025,0.257,kgCO2e/kWh,ANNUAL,,MITECO,"MITECO - ""5. Factores Mix Eléctricos"" ""Etiquetado restante de Comercializadoras que han efectuado GdO""",,0,0,ALCANCE 2,fallback_reason=None; proxy_geography=None,Energia_Base_Maestra_y_Contrato_FINAL.xlsx,Factores
ENE_3AF80C9F659C4B,ESPAÑA,,ELECTRICIDAD,SUMINISTRO COMERCIALIZADORA,CON GDO,,INGENIERÍA Y COMERCIALIZACIÓN DEL GAS S.A,kWh,2026,,2025,0.257,kgCO2e/kWh,ANNUAL,,MITECO,"MITECO - ""5. Factores Mix Eléctricos"" ""Etiquetado restante de Comercializadoras que han efectuado GdO""",,1,0,ALCANCE 2,fallback_reason=Último factor disponible para esta comercializadora y etiquetado; proxy_geography=None,Energia_Base_Maestra_y_Contrato_FINAL.xlsx,Factores
ENE_4A24C564BC5865,ESPAÑA,,ELECTRICIDAD,SUMINISTRO COMERCIALIZADORA,SIN GDO,,INICIATIVA E. NOVA S.L.,kWh,2025,,2025,0,kgCO2e/kWh,ANNUAL,,MITECO,"MITECO - ""5. Factores Mix Eléctricos"" ""Etiquetado restante de Comercializadoras que no han efectuado GdO""",,0,0,ALCANCE 2,fallback_reason=None; proxy_geography=None,Energia_Base_Maestra_y_Contrato_FINAL.xlsx,Factores
ENE_0E12C29B580F21,ESPAÑA,,ELECTRICIDAD,SUMINISTRO COMERCIALIZADORA,SIN GDO,,INICIATIVA E. NOVA S.L.,kWh,2026,,2025,0,kgCO2e/kWh,ANNUAL,,MITECO,"MITECO - ""5. Factores Mix Eléctricos"" ""Etiquetado restante de Comercializadoras que no han efectuado GdO""",,1,0,ALCANCE 2,fallback_reason=Último factor disponible para esta comercializadora y etiquetado; proxy_geography=None,Energia_Base_Maestra_y_Contrato_FINAL.xlsx,Factores
ENE_EC8B1BF0B01E5B,ESPAÑA,,ELECTRICIDAD,SUMINISTRO COMERCIALIZADORA,CON GDO,,"INTEGRACIÓN EUROPEA DE ENERGIA, S.A.U.",kWh,2022,,2022,0.273,kgCO2e/kWh,ANNUAL,,MITECO,"MITECO - ""5. Factores Mix Eléctricos"" ""Etiquetado restante de Comercializadoras que han efectuado GdO""",,0,0,ALCANCE 2,fallback_reason=None; proxy_geography=None,Energia_Base_Maestra_y_Contrato_FINAL.xlsx,Factores
ENE_C24703497B5DCD,ESPAÑA,,ELECTRICIDAD,SUMINISTRO COMERCIALIZADORA,CON GDO,,"INTEGRACIÓN EUROPEA DE ENERGIA, S.A.U.",kWh,2023,,2023,0.259,kgCO2e/kWh,ANNUAL,,MITECO,"MITECO - ""5. Factores Mix Eléctricos"" ""Etiquetado restante de Comercializadoras que han efectuado GdO""",,0,0,ALCANCE 2,fallback_reason=None; proxy_geography=None,Energia_Base_Maestra_y_Contrato_FINAL.xlsx,Factores
ENE_22E9EB90356E04,ESPAÑA,,ELECTRICIDAD,SUMINISTRO COMERCIALIZADORA,CON GDO,,"INTEGRACIÓN EUROPEA DE ENERGIA, S.A.U.",kWh,2024,,2024,0.283,kgCO2e/kWh,ANNUAL,,MITECO,"MITECO - ""5. Factores Mix Eléctricos"" ""Etiquetado restante de Comercializadoras que han efectuado GdO""",,0,0,ALCANCE 2,fallback_reason=None; proxy_geography=None,Energia_Base_Maestra_y_Contrato_FINAL.xlsx,Factores
ENE_E53F5EB80B7450,ESPAÑA,,ELECTRICIDAD,SUMINISTRO COMERCIALIZADORA,CON GDO,,"INTEGRACIÓN EUROPEA DE ENERGIA, S.A.U.",kWh,2025,,2025,0.258,kgCO2e/kWh,ANNUAL,,MITECO,"MITECO - ""5. Factores Mix Eléctricos"" ""Etiquetado restante de Comercializadoras que han efectuado GdO""",,0,0,ALCANCE 2,fallback_reason=None; proxy_geography=None,Energia_Base_Maestra_y_Contrato_FINAL.xlsx,Factores
ENE_2080587910B163,ESPAÑA,,ELECTRICIDAD,SUMINISTRO COMERCIALIZADORA,CON GDO,,"INTEGRACIÓN EUROPEA DE ENERGIA, S.A.U.",kWh,2026,,2025,0.258,kgCO2e/kWh,ANNUAL,,MITECO,"MITECO - ""5. Factores Mix Eléctricos"" ""Etiquetado restante de Comercializadoras que han efectuado GdO""",,1,0,ALCANCE 2,fallback_reason=Último factor disponible para esta comercializadora y etiquetado; proxy_geography=None,Energia_Base_Maestra_y_Contrato_FINAL.xlsx,Factores
ENE_7FDACE3EE05155,ESPAÑA,,ELECTRICIDAD,SUMINISTRO COMERCIALIZADORA,CON GDO,,"INTELIGENCIA PARA EL AHORRO ENERGÉTICO, S.L.",kWh,2023,,2023,0.248,kgCO2e/kWh,ANNUAL,,MITECO,"MITECO - ""5. Factores Mix Eléctricos"" ""Etiquetado restante de Comercializadoras que han efectuado GdO""",,0,0,ALCANCE 2,fallback_reason=None; proxy_geography=None,Energia_Base_Maestra_y_Contrato_FINAL.xlsx,Factores
ENE_2DEDBC211E54DE,ESPAÑA,,ELECTRICIDAD,SUMINISTRO COMERCIALIZADORA,CON GDO,,"INTELIGENCIA PARA EL AHORRO ENERGÉTICO, S.L.",kWh,2024,,2024,0.271,kgCO2e/kWh,ANNUAL,,MITECO,"MITECO - ""5. Factores Mix Eléctricos"" ""Etiquetado restante de Comercializadoras que han efectuado GdO""",,0,0,ALCANCE 2,fallback_reason=None; proxy_geography=None,Energia_Base_Maestra_y_Contrato_FINAL.xlsx,Factores
ENE_F18A3817164DB5,ESPAÑA,,ELECTRICIDAD,SUMINISTRO COMERCIALIZADORA,CON GDO,,"INTELIGENCIA PARA EL AHORRO ENERGÉTICO, S.L.",kWh,2025,,2025,0.238,kgCO2e/kWh,ANNUAL,,MITECO,"MITECO - ""5. Factores Mix Eléctricos"" ""Etiquetado restante de Comercializadoras que han efectuado GdO""",,0,0,ALCANCE 2,fallback_reason=None; proxy_geography=None,Energia_Base_Maestra_y_Contrato_FINAL.xlsx,Factores
ENE_77DDAF0ED15DAB,ESPAÑA,,ELECTRICIDAD,SUMINISTRO COMERCIALIZADORA,CON GDO,,"INTELIGENCIA PARA EL AHORRO ENERGÉTICO, S.L.",kWh,2026,,2025,0.238,kgCO2e/kWh,ANNUAL,,MITECO,"MITECO - ""5. Factores Mix Eléctricos"" ""Etiquetado restante de Comercializadoras que han efectuado GdO""",,1,0,ALCANCE 2,fallback_reason=Último factor disponible para esta comercializadora y etiquetado; proxy_geography=None,Energia_Base_Maestra_y_Contrato_FINAL.xlsx,Factores
ENE_A21B5B1FCA8EFD,ESPAÑA,,ELECTRICIDAD,SUMINISTRO COMERCIALIZADORA,SIN GDO,,"INTELIGENCIA PARA EL AHORRO ENERGÉTICO, S.L.",kWh,2022,,2022,0.251,kgCO2e/kWh,ANNUAL,,MITECO,"MITECO - ""5. Factores Mix Eléctricos"" ""Etiquetado restante de Comercializadoras que no han efectuado GdO""",,0,0,ALCANCE 2,fallback_reason=None; proxy_geography=None,Energia_Base_Maestra_y_Contrato_FINAL.xlsx,Factores
ENE_B1100EF71CF459,ESPAÑA,,ELECTRICIDAD,SUMINISTRO COMERCIALIZADORA,SIN GDO,,"INTELIGENCIA PARA EL AHORRO ENERGÉTICO, S.L.",kWh,2026,,2022,0.251,kgCO2e/kWh,ANNUAL,,MITECO,"MITECO - ""5. Factores Mix Eléctricos"" ""Etiquetado restante de Comercializadoras que no han efectuado GdO""",,1,0,ALCANCE 2,fallback_reason=Último factor disponible para esta comercializadora y etiquetado; proxy_geography=None,Energia_Base_Maestra_y_Contrato_FINAL.xlsx,Factores
ENE_B9AD83E78B2F65,ESPAÑA,,ELECTRICIDAD,SUMINISTRO COMERCIALIZADORA,CON GDO,,IRIS ENERGÍA EFICIENTE S.A.,kWh,2022,,2022,0.269,kgCO2e/kWh,ANNUAL,,MITECO,"MITECO - ""5. Factores Mix Eléctricos"" ""Etiquetado restante de Comercializadoras que han efectuado GdO""",,0,0,ALCANCE 2,fallback_reason=None; proxy_geography=None,Energia_Base_Maestra_y_Contrato_FINAL.xlsx,Factores
ENE_5871195E897024,ESPAÑA,,ELECTRICIDAD,SUMINISTRO COMERCIALIZADORA,CON GDO,,IRIS ENERGÍA EFICIENTE S.A.,kWh,2023,,2023,0.26,kgCO2e/kWh,ANNUAL,,MITECO,"MITECO - ""5. Factores Mix Eléctricos"" ""Etiquetado restante de Comercializadoras que han efectuado GdO""",,0,0,ALCANCE 2,fallback_reason=None; proxy_geography=None,Energia_Base_Maestra_y_Contrato_FINAL.xlsx,Factores
ENE_71406E91858010,ESPAÑA,,ELECTRICIDAD,SUMINISTRO COMERCIALIZADORA,CON GDO,,IRIS ENERGÍA EFICIENTE S.A.,kWh,2024,,2024,0.283,kgCO2e/kWh,ANNUAL,,MITECO,"MITECO - ""5. Factores Mix Eléctricos"" ""Etiquetado restante de Comercializadoras que han efectuado GdO""",,0,0,ALCANCE 2,fallback_reason=None; proxy_geography=None,Energia_Base_Maestra_y_Contrato_FINAL.xlsx,Factores
ENE_ABFA385C335EAB,ESPAÑA,,ELECTRICIDAD,SUMINISTRO COMERCIALIZADORA,CON GDO,,IRIS ENERGÍA EFICIENTE S.A.,kWh,2025,,2025,0.258,kgCO2e/kWh,ANNUAL,,MITECO,"MITECO - ""5. Factores Mix Eléctricos"" ""Etiquetado restante de Comercializadoras que han efectuado GdO""",,0,0,ALCANCE 2,fallback_reason=None; proxy_geography=None,Energia_Base_Maestra_y_Contrato_FINAL.xlsx,Factores
ENE_85B20CE883A3E7,ESPAÑA,,ELECTRICIDAD,SUMINISTRO COMERCIALIZADORA,CON GDO,,IRIS ENERGÍA EFICIENTE S.A.,kWh,2026,,2025,0.258,kgCO2e/kWh,ANNUAL,,MITECO,"MITECO - ""5. Factores Mix Eléctricos"" ""Etiquetado restante de Comercializadoras que han efectuado GdO""",,1,0,ALCANCE 2,fallback_reason=Último factor disponible para esta comercializadora y etiquetado; proxy_geography=None,Energia_Base_Maestra_y_Contrato_FINAL.xlsx,Factores
ENE_D77CAFF0C7A0E3,ESPAÑA,,ELECTRICIDAD,SUMINISTRO COMERCIALIZADORA,CON GDO,,"JUAN ENERGY, S.L.",kWh,2022,,2022,0.267,kgCO2e/kWh,ANNUAL,,MITECO,"MITECO - ""5. Factores Mix Eléctricos"" ""Etiquetado restante de Comercializadoras que han efectuado GdO""",,0,0,ALCANCE 2,fallback_reason=None; proxy_geography=None,Energia_Base_Maestra_y_Contrato_FINAL.xlsx,Factores
ENE_4DAC9BE3956171,ESPAÑA,,ELECTRICIDAD,SUMINISTRO COMERCIALIZADORA,CON GDO,,"JUAN ENERGY, S.L.",kWh,2023,,2023,0.26,kgCO2e/kWh,ANNUAL,,MITECO,"MITECO - ""5. Factores Mix Eléctricos"" ""Etiquetado restante de Comercializadoras que han efectuado GdO""",,0,0,ALCANCE 2,fallback_reason=None; proxy_geography=None,Energia_Base_Maestra_y_Contrato_FINAL.xlsx,Factores
ENE_F247D966D2D539,ESPAÑA,,ELECTRICIDAD,SUMINISTRO COMERCIALIZADORA,CON GDO,,"JUAN ENERGY, S.L.",kWh,2024,,2024,0,kgCO2e/kWh,ANNUAL,,MITECO,"MITECO - ""5. Factores Mix Eléctricos"" ""Etiquetado restante de Comercializadoras que han efectuado GdO""",,0,0,ALCANCE 2,fallback_reason=None; proxy_geography=None,Energia_Base_Maestra_y_Contrato_FINAL.xlsx,Factores
ENE_A3D366F4698E29,ESPAÑA,,ELECTRICIDAD,SUMINISTRO COMERCIALIZADORA,CON GDO,,"JUAN ENERGY, S.L.",kWh,2025,,2025,0,kgCO2e/kWh,ANNUAL,,MITECO,"MITECO - ""5. Factores Mix Eléctricos"" ""Etiquetado restante de Comercializadoras que han efectuado GdO""",,0,0,ALCANCE 2,fallback_reason=None; proxy_geography=None,Energia_Base_Maestra_y_Contrato_FINAL.xlsx,Factores
ENE_BEDC8B9A502778,ESPAÑA,,ELECTRICIDAD,SUMINISTRO COMERCIALIZADORA,CON GDO,,"JUAN ENERGY, S.L.",kWh,2026,,2025,0,kgCO2e/kWh,ANNUAL,,MITECO,"MITECO - ""5. Factores Mix Eléctricos"" ""Etiquetado restante de Comercializadoras que han efectuado GdO""",,1,0,ALCANCE 2,fallback_reason=Último factor disponible para esta comercializadora y etiquetado; proxy_geography=None,Energia_Base_Maestra_y_Contrato_FINAL.xlsx,Factores
ENE_849C55D8427B84,ESPAÑA,,ELECTRICIDAD,SUMINISTRO COMERCIALIZADORA,SIN GDO,,KILOWATIOS VERDES S.L.,kWh,2023,,2023,0.17,kgCO2e/kWh,ANNUAL,,MITECO,"MITECO - ""5. Factores Mix Eléctricos"" ""Etiquetado restante de Comercializadoras que no han efectuado GdO""",,0,0,ALCANCE 2,fallback_reason=None; proxy_geography=None,Energia_Base_Maestra_y_Contrato_FINAL.xlsx,Factores
ENE_338304930513AE,ESPAÑA,,ELECTRICIDAD,SUMINISTRO COMERCIALIZADORA,SIN GDO,,KILOWATIOS VERDES S.L.,kWh,2024,,2024,0,kgCO2e/kWh,ANNUAL,,MITECO,"MITECO - ""5. Factores Mix Eléctricos"" ""Etiquetado restante de Comercializadoras que no han efectuado GdO""",,0,0,ALCANCE 2,fallback_reason=None; proxy_geography=None,Energia_Base_Maestra_y_Contrato_FINAL.xlsx,Factores
ENE_A6F16F398E6820,ESPAÑA,,ELECTRICIDAD,SUMINISTRO COMERCIALIZADORA,SIN GDO,,KILOWATIOS VERDES S.L.,kWh,2025,,2025,0.008999999999999999,kgCO2e/kWh,ANNUAL,,MITECO,"MITECO - ""5. Factores Mix Eléctricos"" ""Etiquetado restante de Comercializadoras que no han efectuado GdO""",,0,0,ALCANCE 2,fallback_reason=None; proxy_geography=None,Energia_Base_Maestra_y_Contrato_FINAL.xlsx,Factores
ENE_24FCB54055609E,ESPAÑA,,ELECTRICIDAD,SUMINISTRO COMERCIALIZADORA,SIN GDO,,KILOWATIOS VERDES S.L.,kWh,2026,,2025,0.008999999999999999,kgCO2e/kWh,ANNUAL,,MITECO,"MITECO - ""5. Factores Mix Eléctricos"" ""Etiquetado restante de Comercializadoras que no han efectuado GdO""",,1,0,ALCANCE 2,fallback_reason=Último factor disponible para esta comercializadora y etiquetado; proxy_geography=None,Energia_Base_Maestra_y_Contrato_FINAL.xlsx,Factores
ENE_059C45398BCFBA,ESPAÑA,,ELECTRICIDAD,SUMINISTRO COMERCIALIZADORA,SIN GDO,,"KISHOA, S.L.",kWh,2022,,2022,0,kgCO2e/kWh,ANNUAL,,MITECO,"MITECO - ""5. Factores Mix Eléctricos"" ""Etiquetado restante de Comercializadoras que no han efectuado GdO""",,0,0,ALCANCE 2,fallback_reason=None; proxy_geography=None,Energia_Base_Maestra_y_Contrato_FINAL.xlsx,Factores
ENE_A0F481D0390D1D,ESPAÑA,,ELECTRICIDAD,SUMINISTRO COMERCIALIZADORA,SIN GDO,,"KISHOA, S.L.",kWh,2023,,2023,0,kgCO2e/kWh,ANNUAL,,MITECO,"MITECO - ""5. Factores Mix Eléctricos"" ""Etiquetado restante de Comercializadoras que no han efectuado GdO""",,0,0,ALCANCE 2,fallback_reason=None; proxy_geography=None,Energia_Base_Maestra_y_Contrato_FINAL.xlsx,Factores
ENE_A3FED634B1E9E4,ESPAÑA,,ELECTRICIDAD,SUMINISTRO COMERCIALIZADORA,SIN GDO,,"KISHOA, S.L.",kWh,2026,,2023,0,kgCO2e/kWh,ANNUAL,,MITECO,"MITECO - ""5. Factores Mix Eléctricos"" ""Etiquetado restante de Comercializadoras que no han efectuado GdO""",,1,0,ALCANCE 2,fallback_reason=Último factor disponible para esta comercializadora y etiquetado; proxy_geography=None,Energia_Base_Maestra_y_Contrato_FINAL.xlsx,Factores
ENE_F4EDE407B61C5F,ESPAÑA,,ELECTRICIDAD,SUMINISTRO COMERCIALIZADORA,SIN GDO,,LA CORRIENTE SOCIEDAD COOPERATIVA,kWh,2022,,2022,0,kgCO2e/kWh,ANNUAL,,MITECO,"MITECO - ""5. Factores Mix Eléctricos"" ""Etiquetado restante de Comercializadoras que no han efectuado GdO""",,0,0,ALCANCE 2,fallback_reason=None; proxy_geography=None,Energia_Base_Maestra_y_Contrato_FINAL.xlsx,Factores
ENE_3F1FBDC1338A97,ESPAÑA,,ELECTRICIDAD,SUMINISTRO COMERCIALIZADORA,SIN GDO,,LA CORRIENTE SOCIEDAD COOPERATIVA,kWh,2023,,2023,0,kgCO2e/kWh,ANNUAL,,MITECO,"MITECO - ""5. Factores Mix Eléctricos"" ""Etiquetado restante de Comercializadoras que no han efectuado GdO""",,0,0,ALCANCE 2,fallback_reason=None; proxy_geography=None,Energia_Base_Maestra_y_Contrato_FINAL.xlsx,Factores
ENE_BE35CEE74E419C,ESPAÑA,,ELECTRICIDAD,SUMINISTRO COMERCIALIZADORA,SIN GDO,,LA CORRIENTE SOCIEDAD COOPERATIVA,kWh,2024,,2024,0,kgCO2e/kWh,ANNUAL,,MITECO,"MITECO - ""5. Factores Mix Eléctricos"" ""Etiquetado restante de Comercializadoras que no han efectuado GdO""",,0,0,ALCANCE 2,fallback_reason=None; proxy_geography=None,Energia_Base_Maestra_y_Contrato_FINAL.xlsx,Factores
ENE_4BC09E80184295,ESPAÑA,,ELECTRICIDAD,SUMINISTRO COMERCIALIZADORA,SIN GDO,,LA CORRIENTE SOCIEDAD COOPERATIVA,kWh,2025,,2025,0,kgCO2e/kWh,ANNUAL,,MITECO,"MITECO - ""5. Factores Mix Eléctricos"" ""Etiquetado restante de Comercializadoras que no han efectuado GdO""",,0,0,ALCANCE 2,fallback_reason=None; proxy_geography=None,Energia_Base_Maestra_y_Contrato_FINAL.xlsx,Factores
ENE_4BF389821E38B7,ESPAÑA,,ELECTRICIDAD,SUMINISTRO COMERCIALIZADORA,SIN GDO,,LA CORRIENTE SOCIEDAD COOPERATIVA,kWh,2026,,2025,0,kgCO2e/kWh,ANNUAL,,MITECO,"MITECO - ""5. Factores Mix Eléctricos"" ""Etiquetado restante de Comercializadoras que no han efectuado GdO""",,1,0,ALCANCE 2,fallback_reason=Último factor disponible para esta comercializadora y etiquetado; proxy_geography=None,Energia_Base_Maestra_y_Contrato_FINAL.xlsx,Factores
ENE_21FCD731E67AAA,ESPAÑA,,ELECTRICIDAD,SUMINISTRO COMERCIALIZADORA,SIN GDO,,"LA UNIÓN ELECTRO INDUSTRIAL, S.L.U",kWh,2022,,2022,0,kgCO2e/kWh,ANNUAL,,MITECO,"MITECO - ""5. Factores Mix Eléctricos"" ""Etiquetado restante de Comercializadoras que no han efectuado GdO""",,0,0,ALCANCE 2,fallback_reason=None; proxy_geography=None,Energia_Base_Maestra_y_Contrato_FINAL.xlsx,Factores
ENE_145E48F275B8CF,ESPAÑA,,ELECTRICIDAD,SUMINISTRO COMERCIALIZADORA,SIN GDO,,"LA UNIÓN ELECTRO INDUSTRIAL, S.L.U",kWh,2023,,2023,0,kgCO2e/kWh,ANNUAL,,MITECO,"MITECO - ""5. Factores Mix Eléctricos"" ""Etiquetado restante de Comercializadoras que no han efectuado GdO""",,0,0,ALCANCE 2,fallback_reason=None; proxy_geography=None,Energia_Base_Maestra_y_Contrato_FINAL.xlsx,Factores
ENE_397D873C417AEE,ESPAÑA,,ELECTRICIDAD,SUMINISTRO COMERCIALIZADORA,SIN GDO,,"LA UNIÓN ELECTRO INDUSTRIAL, S.L.U",kWh,2024,,2024,0,kgCO2e/kWh,ANNUAL,,MITECO,"MITECO - ""5. Factores Mix Eléctricos"" ""Etiquetado restante de Comercializadoras que no han efectuado GdO""",,0,0,ALCANCE 2,fallback_reason=None; proxy_geography=None,Energia_Base_Maestra_y_Contrato_FINAL.xlsx,Factores
ENE_740B77D56F9273,ESPAÑA,,ELECTRICIDAD,SUMINISTRO COMERCIALIZADORA,SIN GDO,,"LA UNIÓN ELECTRO INDUSTRIAL, S.L.U",kWh,2025,,2025,0,kgCO2e/kWh,ANNUAL,,MITECO,"MITECO - ""5. Factores Mix Eléctricos"" ""Etiquetado restante de Comercializadoras que no han efectuado GdO""",,0,0,ALCANCE 2,fallback_reason=None; proxy_geography=None,Energia_Base_Maestra_y_Contrato_FINAL.xlsx,Factores
ENE_DCBCEDCBD2FD8C,ESPAÑA,,ELECTRICIDAD,SUMINISTRO COMERCIALIZADORA,SIN GDO,,"LA UNIÓN ELECTRO INDUSTRIAL, S.L.U",kWh,2026,,2025,0,kgCO2e/kWh,ANNUAL,,MITECO,"MITECO - ""5. Factores Mix Eléctricos"" ""Etiquetado restante de Comercializadoras que no han efectuado GdO""",,1,0,ALCANCE 2,fallback_reason=Último factor disponible para esta comercializadora y etiquetado; proxy_geography=None,Energia_Base_Maestra_y_Contrato_FINAL.xlsx,Factores
ENE_B7A3034E015886,ESPAÑA,,ELECTRICIDAD,SUMINISTRO COMERCIALIZADORA,SIN GDO,,"LABOR SOLIS COMERCIALIZADORA DE ENERGIA, S.L.",kWh,2023,,2023,0,kgCO2e/kWh,ANNUAL,,MITECO,"MITECO - ""5. Factores Mix Eléctricos"" ""Etiquetado restante de Comercializadoras que no han efectuado GdO""",,0,0,ALCANCE 2,fallback_reason=None; proxy_geography=None,Energia_Base_Maestra_y_Contrato_FINAL.xlsx,Factores
ENE_F14451A33940F6,ESPAÑA,,ELECTRICIDAD,SUMINISTRO COMERCIALIZADORA,SIN GDO,,"LABOR SOLIS COMERCIALIZADORA DE ENERGIA, S.L.",kWh,2024,,2024,0,kgCO2e/kWh,ANNUAL,,MITECO,"MITECO - ""5. Factores Mix Eléctricos"" ""Etiquetado restante de Comercializadoras que no han efectuado GdO""",,0,0,ALCANCE 2,fallback_reason=None; proxy_geography=None,Energia_Base_Maestra_y_Contrato_FINAL.xlsx,Factores
ENE_C2841070EB9508,ESPAÑA,,ELECTRICIDAD,SUMINISTRO COMERCIALIZADORA,SIN GDO,,"LABOR SOLIS COMERCIALIZADORA DE ENERGIA, S.L.",kWh,2025,,2025,0,kgCO2e/kWh,ANNUAL,,MITECO,"MITECO - ""5. Factores Mix Eléctricos"" ""Etiquetado restante de Comercializadoras que no han efectuado GdO""",,0,0,ALCANCE 2,fallback_reason=None; proxy_geography=None,Energia_Base_Maestra_y_Contrato_FINAL.xlsx,Factores
ENE_DE498BF7851998,ESPAÑA,,ELECTRICIDAD,SUMINISTRO COMERCIALIZADORA,SIN GDO,,"LABOR SOLIS COMERCIALIZADORA DE ENERGIA, S.L.",kWh,2026,,2025,0,kgCO2e/kWh,ANNUAL,,MITECO,"MITECO - ""5. Factores Mix Eléctricos"" ""Etiquetado restante de Comercializadoras que no han efectuado GdO""",,1,0,ALCANCE 2,fallback_reason=Último factor disponible para esta comercializadora y etiquetado; proxy_geography=None,Energia_Base_Maestra_y_Contrato_FINAL.xlsx,Factores
ENE_D6D26F5BEE1694,ESPAÑA,,ELECTRICIDAD,SUMINISTRO COMERCIALIZADORA,CON GDO,,"LONJAS TECNOLOGÍA, S.A.",kWh,2022,,2022,0.223,kgCO2e/kWh,ANNUAL,,MITECO,"MITECO - ""5. Factores Mix Eléctricos"" ""Etiquetado restante de Comercializadoras que han efectuado GdO""",,0,0,ALCANCE 2,fallback_reason=None; proxy_geography=None,Energia_Base_Maestra_y_Contrato_FINAL.xlsx,Factores
ENE_74922A6F907727,ESPAÑA,,ELECTRICIDAD,SUMINISTRO COMERCIALIZADORA,CON GDO,,"LONJAS TECNOLOGÍA, S.A.",kWh,2023,,2023,0.204,kgCO2e/kWh,ANNUAL,,MITECO,"MITECO - ""5. Factores Mix Eléctricos"" ""Etiquetado restante de Comercializadoras que han efectuado GdO""",,0,0,ALCANCE 2,fallback_reason=None; proxy_geography=None,Energia_Base_Maestra_y_Contrato_FINAL.xlsx,Factores
ENE_B7C5F350F2F737,ESPAÑA,,ELECTRICIDAD,SUMINISTRO COMERCIALIZADORA,CON GDO,,"LONJAS TECNOLOGÍA, S.A.",kWh,2024,,2024,0.226,kgCO2e/kWh,ANNUAL,,MITECO,"MITECO - ""5. Factores Mix Eléctricos"" ""Etiquetado restante de Comercializadoras que han efectuado GdO""",,0,0,ALCANCE 2,fallback_reason=None; proxy_geography=None,Energia_Base_Maestra_y_Contrato_FINAL.xlsx,Factores
ENE_23306DF99D1B2E,ESPAÑA,,ELECTRICIDAD,SUMINISTRO COMERCIALIZADORA,CON GDO,,"LONJAS TECNOLOGÍA, S.A.",kWh,2025,,2025,0.246,kgCO2e/kWh,ANNUAL,,MITECO,"MITECO - ""5. Factores Mix Eléctricos"" ""Etiquetado restante de Comercializadoras que han efectuado GdO""",,0,0,ALCANCE 2,fallback_reason=None; proxy_geography=None,Energia_Base_Maestra_y_Contrato_FINAL.xlsx,Factores
ENE_783F845301E451,ESPAÑA,,ELECTRICIDAD,SUMINISTRO COMERCIALIZADORA,CON GDO,,"LONJAS TECNOLOGÍA, S.A.",kWh,2026,,2025,0.246,kgCO2e/kWh,ANNUAL,,MITECO,"MITECO - ""5. Factores Mix Eléctricos"" ""Etiquetado restante de Comercializadoras que han efectuado GdO""",,1,0,ALCANCE 2,fallback_reason=Último factor disponible para esta comercializadora y etiquetado; proxy_geography=None,Energia_Base_Maestra_y_Contrato_FINAL.xlsx,Factores
ENE_548613FB07011A,ESPAÑA,,ELECTRICIDAD,SUMINISTRO COMERCIALIZADORA,CON GDO,,"LOOP ELECTRICIDAD Y GAS, S.L",kWh,2024,,2024,0.283,kgCO2e/kWh,ANNUAL,,MITECO,"MITECO - ""5. Factores Mix Eléctricos"" ""Etiquetado restante de Comercializadoras que han efectuado GdO""",,0,0,ALCANCE 2,fallback_reason=None; proxy_geography=None,Energia_Base_Maestra_y_Contrato_FINAL.xlsx,Factores
ENE_D7169525FB11AE,ESPAÑA,,ELECTRICIDAD,SUMINISTRO COMERCIALIZADORA,CON GDO,,"LOOP ELECTRICIDAD Y GAS, S.L",kWh,2025,,2025,0.257,kgCO2e/kWh,ANNUAL,,MITECO,"MITECO - ""5. Factores Mix Eléctricos"" ""Etiquetado restante de Comercializadoras que han efectuado GdO""",,0,0,ALCANCE 2,fallback_reason=None; proxy_geography=None,Energia_Base_Maestra_y_Contrato_FINAL.xlsx,Factores
ENE_3C37749104951F,ESPAÑA,,ELECTRICIDAD,SUMINISTRO COMERCIALIZADORA,CON GDO,,"LOOP ELECTRICIDAD Y GAS, S.L",kWh,2026,,2025,0.257,kgCO2e/kWh,ANNUAL,,MITECO,"MITECO - ""5. Factores Mix Eléctricos"" ""Etiquetado restante de Comercializadoras que han efectuado GdO""",,1,0,ALCANCE 2,fallback_reason=Último factor disponible para esta comercializadora y etiquetado; proxy_geography=None,Energia_Base_Maestra_y_Contrato_FINAL.xlsx,Factores
ENE_C078B48069D1A8,ESPAÑA,,ELECTRICIDAD,SUMINISTRO COMERCIALIZADORA,CON GDO,,"LOVE ENERGY, S.L.",kWh,2023,,2023,0,kgCO2e/kWh,ANNUAL,,MITECO,"MITECO - ""5. Factores Mix Eléctricos"" ""Etiquetado restante de Comercializadoras que han efectuado GdO""",,0,0,ALCANCE 2,fallback_reason=None; proxy_geography=None,Energia_Base_Maestra_y_Contrato_FINAL.xlsx,Factores
ENE_D6860619B6FCAC,ESPAÑA,,ELECTRICIDAD,SUMINISTRO COMERCIALIZADORA,CON GDO,,"LOVE ENERGY, S.L.",kWh,2024,,2024,0.283,kgCO2e/kWh,ANNUAL,,MITECO,"MITECO - ""5. Factores Mix Eléctricos"" ""Etiquetado restante de Comercializadoras que han efectuado GdO""",,0,0,ALCANCE 2,fallback_reason=None; proxy_geography=None,Energia_Base_Maestra_y_Contrato_FINAL.xlsx,Factores
ENE_C6B2BD74F85B71,ESPAÑA,,ELECTRICIDAD,SUMINISTRO COMERCIALIZADORA,CON GDO,,"LOVE ENERGY, S.L.",kWh,2025,,2025,0.258,kgCO2e/kWh,ANNUAL,,MITECO,"MITECO - ""5. Factores Mix Eléctricos"" ""Etiquetado restante de Comercializadoras que han efectuado GdO""",,0,0,ALCANCE 2,fallback_reason=None; proxy_geography=None,Energia_Base_Maestra_y_Contrato_FINAL.xlsx,Factores
ENE_4F770E96E02889,ESPAÑA,,ELECTRICIDAD,SUMINISTRO COMERCIALIZADORA,CON GDO,,"LOVE ENERGY, S.L.",kWh,2026,,2025,0.258,kgCO2e/kWh,ANNUAL,,MITECO,"MITECO - ""5. Factores Mix Eléctricos"" ""Etiquetado restante de Comercializadoras que han efectuado GdO""",,1,0,ALCANCE 2,fallback_reason=Último factor disponible para esta comercializadora y etiquetado; proxy_geography=None,Energia_Base_Maestra_y_Contrato_FINAL.xlsx,Factores
ENE_C3C36EFF09F912,ESPAÑA,,ELECTRICIDAD,SUMINISTRO COMERCIALIZADORA,SIN GDO,,"LOVE ENERGY, S.L.",kWh,2022,,2022,0,kgCO2e/kWh,ANNUAL,,MITECO,"MITECO - ""5. Factores Mix Eléctricos"" ""Etiquetado restante de Comercializadoras que no han efectuado GdO""",,0,0,ALCANCE 2,fallback_reason=None; proxy_geography=None,Energia_Base_Maestra_y_Contrato_FINAL.xlsx,Factores
ENE_C0E0CEC44A12E3,ESPAÑA,,ELECTRICIDAD,SUMINISTRO COMERCIALIZADORA,SIN GDO,,"LOVE ENERGY, S.L.",kWh,2026,,2022,0,kgCO2e/kWh,ANNUAL,,MITECO,"MITECO - ""5. Factores Mix Eléctricos"" ""Etiquetado restante de Comercializadoras que no han efectuado GdO""",,1,0,ALCANCE 2,fallback_reason=Último factor disponible para esta comercializadora y etiquetado; proxy_geography=None,Energia_Base_Maestra_y_Contrato_FINAL.xlsx,Factores
ENE_F01BFFDD1B0B0B,ESPAÑA,,ELECTRICIDAD,SUMINISTRO COMERCIALIZADORA,SIN GDO,,"LUZ SOLIDARIA INCLUSIVA, S.L.",kWh,2023,,2023,0,kgCO2e/kWh,ANNUAL,,MITECO,"MITECO - ""5. Factores Mix Eléctricos"" ""Etiquetado restante de Comercializadoras que no han efectuado GdO""",,0,0,ALCANCE 2,fallback_reason=None; proxy_geography=None,Energia_Base_Maestra_y_Contrato_FINAL.xlsx,Factores
ENE_37A506894CD09F,ESPAÑA,,ELECTRICIDAD,SUMINISTRO COMERCIALIZADORA,SIN GDO,,"LUZ SOLIDARIA INCLUSIVA, S.L.",kWh,2024,,2024,0,kgCO2e/kWh,ANNUAL,,MITECO,"MITECO - ""5. Factores Mix Eléctricos"" ""Etiquetado restante de Comercializadoras que no han efectuado GdO""",,0,0,ALCANCE 2,fallback_reason=None; proxy_geography=None,Energia_Base_Maestra_y_Contrato_FINAL.xlsx,Factores
ENE_811B433F996BB5,ESPAÑA,,ELECTRICIDAD,SUMINISTRO COMERCIALIZADORA,SIN GDO,,"LUZ SOLIDARIA INCLUSIVA, S.L.",kWh,2025,,2025,0,kgCO2e/kWh,ANNUAL,,MITECO,"MITECO - ""5. Factores Mix Eléctricos"" ""Etiquetado restante de Comercializadoras que no han efectuado GdO""",,0,0,ALCANCE 2,fallback_reason=None; proxy_geography=None,Energia_Base_Maestra_y_Contrato_FINAL.xlsx,Factores
ENE_FF349419E6C941,ESPAÑA,,ELECTRICIDAD,SUMINISTRO COMERCIALIZADORA,SIN GDO,,"LUZ SOLIDARIA INCLUSIVA, S.L.",kWh,2026,,2025,0,kgCO2e/kWh,ANNUAL,,MITECO,"MITECO - ""5. Factores Mix Eléctricos"" ""Etiquetado restante de Comercializadoras que no han efectuado GdO""",,1,0,ALCANCE 2,fallback_reason=Último factor disponible para esta comercializadora y etiquetado; proxy_geography=None,Energia_Base_Maestra_y_Contrato_FINAL.xlsx,Factores
ENE_32B28BE4437CEE,ESPAÑA,,ELECTRICIDAD,SUMINISTRO COMERCIALIZADORA,SIN GDO,,LUZ SOLIDARIA S.L.,kWh,2022,,2022,0,kgCO2e/kWh,ANNUAL,,MITECO,"MITECO - ""5. Factores Mix Eléctricos"" ""Etiquetado restante de Comercializadoras que no han efectuado GdO""",,0,0,ALCANCE 2,fallback_reason=None; proxy_geography=None,Energia_Base_Maestra_y_Contrato_FINAL.xlsx,Factores
ENE_2E397EE26ADEDE,ESPAÑA,,ELECTRICIDAD,SUMINISTRO COMERCIALIZADORA,SIN GDO,,LUZ SOLIDARIA S.L.,kWh,2023,,2023,0,kgCO2e/kWh,ANNUAL,,MITECO,"MITECO - ""5. Factores Mix Eléctricos"" ""Etiquetado restante de Comercializadoras que no han efectuado GdO""",,0,0,ALCANCE 2,fallback_reason=None; proxy_geography=None,Energia_Base_Maestra_y_Contrato_FINAL.xlsx,Factores
ENE_E4F21BDAEF1C79,ESPAÑA,,ELECTRICIDAD,SUMINISTRO COMERCIALIZADORA,SIN GDO,,LUZ SOLIDARIA S.L.,kWh,2024,,2024,0,kgCO2e/kWh,ANNUAL,,MITECO,"MITECO - ""5. Factores Mix Eléctricos"" ""Etiquetado restante de Comercializadoras que no han efectuado GdO""",,0,0,ALCANCE 2,fallback_reason=None; proxy_geography=None,Energia_Base_Maestra_y_Contrato_FINAL.xlsx,Factores
ENE_16C2CCDCF13FA3,ESPAÑA,,ELECTRICIDAD,SUMINISTRO COMERCIALIZADORA,SIN GDO,,LUZ SOLIDARIA S.L.,kWh,2025,,2025,0,kgCO2e/kWh,ANNUAL,,MITECO,"MITECO - ""5. Factores Mix Eléctricos"" ""Etiquetado restante de Comercializadoras que no han efectuado GdO""",,0,0,ALCANCE 2,fallback_reason=None; proxy_geography=None,Energia_Base_Maestra_y_Contrato_FINAL.xlsx,Factores
ENE_BF0A6E84AA2BA4,ESPAÑA,,ELECTRICIDAD,SUMINISTRO COMERCIALIZADORA,SIN GDO,,LUZ SOLIDARIA S.L.,kWh,2026,,2025,0,kgCO2e/kWh,ANNUAL,,MITECO,"MITECO - ""5. Factores Mix Eléctricos"" ""Etiquetado restante de Comercializadoras que no han efectuado GdO""",,1,0,ALCANCE 2,fallback_reason=Último factor disponible para esta comercializadora y etiquetado; proxy_geography=None,Energia_Base_Maestra_y_Contrato_FINAL.xlsx,Factores
ENE_F7E4AAC3E3CEEA,ESPAÑA,,ELECTRICIDAD,SUMINISTRO COMERCIALIZADORA,CON GDO,,"LUZÍA ENERGÍA, S.L",kWh,2023,,2023,0.259,kgCO2e/kWh,ANNUAL,,MITECO,"MITECO - ""5. Factores Mix Eléctricos"" ""Etiquetado restante de Comercializadoras que han efectuado GdO""",,0,0,ALCANCE 2,fallback_reason=None; proxy_geography=None,Energia_Base_Maestra_y_Contrato_FINAL.xlsx,Factores
ENE_6510BFC19737CF,ESPAÑA,,ELECTRICIDAD,SUMINISTRO COMERCIALIZADORA,CON GDO,,"LUZÍA ENERGÍA, S.L",kWh,2024,,2024,0.276,kgCO2e/kWh,ANNUAL,,MITECO,"MITECO - ""5. Factores Mix Eléctricos"" ""Etiquetado restante de Comercializadoras que han efectuado GdO""",,0,0,ALCANCE 2,fallback_reason=None; proxy_geography=None,Energia_Base_Maestra_y_Contrato_FINAL.xlsx,Factores
ENE_BE039AAB19A0F2,ESPAÑA,,ELECTRICIDAD,SUMINISTRO COMERCIALIZADORA,CON GDO,,"LUZÍA ENERGÍA, S.L",kWh,2025,,2025,0.258,kgCO2e/kWh,ANNUAL,,MITECO,"MITECO - ""5. Factores Mix Eléctricos"" ""Etiquetado restante de Comercializadoras que han efectuado GdO""",,0,0,ALCANCE 2,fallback_reason=None; proxy_geography=None,Energia_Base_Maestra_y_Contrato_FINAL.xlsx,Factores
ENE_CE3DFCC0124E4E,ESPAÑA,,ELECTRICIDAD,SUMINISTRO COMERCIALIZADORA,CON GDO,,"LUZÍA ENERGÍA, S.L",kWh,2026,,2025,0.258,kgCO2e/kWh,ANNUAL,,MITECO,"MITECO - ""5. Factores Mix Eléctricos"" ""Etiquetado restante de Comercializadoras que han efectuado GdO""",,1,0,ALCANCE 2,fallback_reason=Último factor disponible para esta comercializadora y etiquetado; proxy_geography=None,Energia_Base_Maestra_y_Contrato_FINAL.xlsx,Factores
ENE_3490F304ADDDA6,ESPAÑA,,ELECTRICIDAD,SUMINISTRO COMERCIALIZADORA,CON GDO,,"LUZY ENERGIA RENOVABLE, S.L.",kWh,2023,,2023,0,kgCO2e/kWh,ANNUAL,,MITECO,"MITECO - ""5. Factores Mix Eléctricos"" ""Etiquetado restante de Comercializadoras que han efectuado GdO""",,0,0,ALCANCE 2,fallback_reason=None; proxy_geography=None,Energia_Base_Maestra_y_Contrato_FINAL.xlsx,Factores
ENE_97E49F71700440,ESPAÑA,,ELECTRICIDAD,SUMINISTRO COMERCIALIZADORA,CON GDO,,"LUZY ENERGIA RENOVABLE, S.L.",kWh,2024,,2024,0,kgCO2e/kWh,ANNUAL,,MITECO,"MITECO - ""5. Factores Mix Eléctricos"" ""Etiquetado restante de Comercializadoras que han efectuado GdO""",,0,0,ALCANCE 2,fallback_reason=None; proxy_geography=None,Energia_Base_Maestra_y_Contrato_FINAL.xlsx,Factores
ENE_C2608B58359790,ESPAÑA,,ELECTRICIDAD,SUMINISTRO COMERCIALIZADORA,CON GDO,,"LUZY ENERGIA RENOVABLE, S.L.",kWh,2025,,2025,0,kgCO2e/kWh,ANNUAL,,MITECO,"MITECO - ""5. Factores Mix Eléctricos"" ""Etiquetado restante de Comercializadoras que han efectuado GdO""",,0,0,ALCANCE 2,fallback_reason=None; proxy_geography=None,Energia_Base_Maestra_y_Contrato_FINAL.xlsx,Factores
ENE_3C72F8C46889DB,ESPAÑA,,ELECTRICIDAD,SUMINISTRO COMERCIALIZADORA,CON GDO,,"LUZY ENERGIA RENOVABLE, S.L.",kWh,2026,,2025,0,kgCO2e/kWh,ANNUAL,,MITECO,"MITECO - ""5. Factores Mix Eléctricos"" ""Etiquetado restante de Comercializadoras que han efectuado GdO""",,1,0,ALCANCE 2,fallback_reason=Último factor disponible para esta comercializadora y etiquetado; proxy_geography=None,Energia_Base_Maestra_y_Contrato_FINAL.xlsx,Factores
ENE_2D561E99C436BD,ESPAÑA,,ELECTRICIDAD,SUMINISTRO COMERCIALIZADORA,SIN GDO,,"MASNORTE GLOBAL POWER, S.L.",kWh,2025,,2025,0,kgCO2e/kWh,ANNUAL,,MITECO,"MITECO - ""5. Factores Mix Eléctricos"" ""Etiquetado restante de Comercializadoras que no han efectuado GdO""",,0,0,ALCANCE 2,fallback_reason=None; proxy_geography=None,Energia_Base_Maestra_y_Contrato_FINAL.xlsx,Factores
ENE_0D1301A9BEA449,ESPAÑA,,ELECTRICIDAD,SUMINISTRO COMERCIALIZADORA,SIN GDO,,"MASNORTE GLOBAL POWER, S.L.",kWh,2026,,2025,0,kgCO2e/kWh,ANNUAL,,MITECO,"MITECO - ""5. Factores Mix Eléctricos"" ""Etiquetado restante de Comercializadoras que no han efectuado GdO""",,1,0,ALCANCE 2,fallback_reason=Último factor disponible para esta comercializadora y etiquetado; proxy_geography=None,Energia_Base_Maestra_y_Contrato_FINAL.xlsx,Factores
ENE_E73D1CCFA438B9,ESPAÑA,,ELECTRICIDAD,SUMINISTRO COMERCIALIZADORA,CON GDO,,"MASQLUZ 2020, S.L.",kWh,2023,,2023,0.26,kgCO2e/kWh,ANNUAL,,MITECO,"MITECO - ""5. Factores Mix Eléctricos"" ""Etiquetado restante de Comercializadoras que han efectuado GdO""",,0,0,ALCANCE 2,fallback_reason=None; proxy_geography=None,Energia_Base_Maestra_y_Contrato_FINAL.xlsx,Factores
ENE_97AEE7DE2F353A,ESPAÑA,,ELECTRICIDAD,SUMINISTRO COMERCIALIZADORA,CON GDO,,"MASQLUZ 2020, S.L.",kWh,2024,,2024,0.283,kgCO2e/kWh,ANNUAL,,MITECO,"MITECO - ""5. Factores Mix Eléctricos"" ""Etiquetado restante de Comercializadoras que han efectuado GdO""",,0,0,ALCANCE 2,fallback_reason=None; proxy_geography=None,Energia_Base_Maestra_y_Contrato_FINAL.xlsx,Factores
ENE_842FFEA91E1FCA,ESPAÑA,,ELECTRICIDAD,SUMINISTRO COMERCIALIZADORA,CON GDO,,"MASQLUZ 2020, S.L.",kWh,2025,,2025,0,kgCO2e/kWh,ANNUAL,,MITECO,"MITECO - ""5. Factores Mix Eléctricos"" ""Etiquetado restante de Comercializadoras que han efectuado GdO""",,0,0,ALCANCE 2,fallback_reason=None; proxy_geography=None,Energia_Base_Maestra_y_Contrato_FINAL.xlsx,Factores
ENE_9AF483FB07AABA,ESPAÑA,,ELECTRICIDAD,SUMINISTRO COMERCIALIZADORA,CON GDO,,"MASQLUZ 2020, S.L.",kWh,2026,,2025,0,kgCO2e/kWh,ANNUAL,,MITECO,"MITECO - ""5. Factores Mix Eléctricos"" ""Etiquetado restante de Comercializadoras que han efectuado GdO""",,1,0,ALCANCE 2,fallback_reason=Último factor disponible para esta comercializadora y etiquetado; proxy_geography=None,Energia_Base_Maestra_y_Contrato_FINAL.xlsx,Factores
ENE_9A0BA941E94B43,ESPAÑA,,ELECTRICIDAD,SUMINISTRO COMERCIALIZADORA,SIN GDO,,"MASQLUZ 2020, S.L.",kWh,2022,,2022,0,kgCO2e/kWh,ANNUAL,,MITECO,"MITECO - ""5. Factores Mix Eléctricos"" ""Etiquetado restante de Comercializadoras que no han efectuado GdO""",,0,0,ALCANCE 2,fallback_reason=None; proxy_geography=None,Energia_Base_Maestra_y_Contrato_FINAL.xlsx,Factores
ENE_4DE3E66ED4AADA,ESPAÑA,,ELECTRICIDAD,SUMINISTRO COMERCIALIZADORA,SIN GDO,,"MASQLUZ 2020, S.L.",kWh,2026,,2022,0,kgCO2e/kWh,ANNUAL,,MITECO,"MITECO - ""5. Factores Mix Eléctricos"" ""Etiquetado restante de Comercializadoras que no han efectuado GdO""",,1,0,ALCANCE 2,fallback_reason=Último factor disponible para esta comercializadora y etiquetado; proxy_geography=None,Energia_Base_Maestra_y_Contrato_FINAL.xlsx,Factores
ENE_2BDD15A832E3C1,ESPAÑA,,ELECTRICIDAD,SUMINISTRO COMERCIALIZADORA,SIN GDO,,MEGARA ENERGIA SOC. COOP,kWh,2022,,2022,0,kgCO2e/kWh,ANNUAL,,MITECO,"MITECO - ""5. Factores Mix Eléctricos"" ""Etiquetado restante de Comercializadoras que no han efectuado GdO""",,0,0,ALCANCE 2,fallback_reason=None; proxy_geography=None,Energia_Base_Maestra_y_Contrato_FINAL.xlsx,Factores
ENE_894C4A3854D1C3,ESPAÑA,,ELECTRICIDAD,SUMINISTRO COMERCIALIZADORA,SIN GDO,,MEGARA ENERGIA SOC. COOP,kWh,2023,,2023,0,kgCO2e/kWh,ANNUAL,,MITECO,"MITECO - ""5. Factores Mix Eléctricos"" ""Etiquetado restante de Comercializadoras que no han efectuado GdO""",,0,0,ALCANCE 2,fallback_reason=None; proxy_geography=None,Energia_Base_Maestra_y_Contrato_FINAL.xlsx,Factores
ENE_9220964364B7B9,ESPAÑA,,ELECTRICIDAD,SUMINISTRO COMERCIALIZADORA,SIN GDO,,MEGARA ENERGIA SOC. COOP,kWh,2024,,2024,0,kgCO2e/kWh,ANNUAL,,MITECO,"MITECO - ""5. Factores Mix Eléctricos"" ""Etiquetado restante de Comercializadoras que no han efectuado GdO""",,0,0,ALCANCE 2,fallback_reason=None; proxy_geography=None,Energia_Base_Maestra_y_Contrato_FINAL.xlsx,Factores
ENE_9421D6EBF411EC,ESPAÑA,,ELECTRICIDAD,SUMINISTRO COMERCIALIZADORA,SIN GDO,,MEGARA ENERGIA SOC. COOP,kWh,2025,,2025,0,kgCO2e/kWh,ANNUAL,,MITECO,"MITECO - ""5. Factores Mix Eléctricos"" ""Etiquetado restante de Comercializadoras que no han efectuado GdO""",,0,0,ALCANCE 2,fallback_reason=None; proxy_geography=None,Energia_Base_Maestra_y_Contrato_FINAL.xlsx,Factores
ENE_ADC6382E7DB023,ESPAÑA,,ELECTRICIDAD,SUMINISTRO COMERCIALIZADORA,SIN GDO,,MEGARA ENERGIA SOC. COOP,kWh,2026,,2025,0,kgCO2e/kWh,ANNUAL,,MITECO,"MITECO - ""5. Factores Mix Eléctricos"" ""Etiquetado restante de Comercializadoras que no han efectuado GdO""",,1,0,ALCANCE 2,fallback_reason=Último factor disponible para esta comercializadora y etiquetado; proxy_geography=None,Energia_Base_Maestra_y_Contrato_FINAL.xlsx,Factores
ENE_BC468372E326B0,ESPAÑA,,ELECTRICIDAD,SUMINISTRO COMERCIALIZADORA,CON GDO,,"MET ENERGIA ESPAÑA, S.A",kWh,2023,,2023,0.26,kgCO2e/kWh,ANNUAL,,MITECO,"MITECO - ""5. Factores Mix Eléctricos"" ""Etiquetado restante de Comercializadoras que han efectuado GdO""",,0,0,ALCANCE 2,fallback_reason=None; proxy_geography=None,Energia_Base_Maestra_y_Contrato_FINAL.xlsx,Factores
ENE_D78FC643D06451,ESPAÑA,,ELECTRICIDAD,SUMINISTRO COMERCIALIZADORA,CON GDO,,"MET ENERGIA ESPAÑA, S.A",kWh,2024,,2024,0.283,kgCO2e/kWh,ANNUAL,,MITECO,"MITECO - ""5. Factores Mix Eléctricos"" ""Etiquetado restante de Comercializadoras que han efectuado GdO""",,0,0,ALCANCE 2,fallback_reason=None; proxy_geography=None,Energia_Base_Maestra_y_Contrato_FINAL.xlsx,Factores
ENE_FE5C12E02B55A3,ESPAÑA,,ELECTRICIDAD,SUMINISTRO COMERCIALIZADORA,CON GDO,,"MET ENERGIA ESPAÑA, S.A",kWh,2025,,2025,0.257,kgCO2e/kWh,ANNUAL,,MITECO,"MITECO - ""5. Factores Mix Eléctricos"" ""Etiquetado restante de Comercializadoras que han efectuado GdO""",,0,0,ALCANCE 2,fallback_reason=None; proxy_geography=None,Energia_Base_Maestra_y_Contrato_FINAL.xlsx,Factores
ENE_1A420E8392BEB2,ESPAÑA,,ELECTRICIDAD,SUMINISTRO COMERCIALIZADORA,CON GDO,,"MET ENERGIA ESPAÑA, S.A",kWh,2026,,2025,0.257,kgCO2e/kWh,ANNUAL,,MITECO,"MITECO - ""5. Factores Mix Eléctricos"" ""Etiquetado restante de Comercializadoras que han efectuado GdO""",,1,0,ALCANCE 2,fallback_reason=Último factor disponible para esta comercializadora y etiquetado; proxy_geography=None,Energia_Base_Maestra_y_Contrato_FINAL.xlsx,Factores
ENE_A65DAD941DC4D5,ESPAÑA,,ELECTRICIDAD,SUMINISTRO COMERCIALIZADORA,SIN GDO,,"MET ENERGIA ESPAÑA, S.A",kWh,2022,,2022,0.273,kgCO2e/kWh,ANNUAL,,MITECO,"MITECO - ""5. Factores Mix Eléctricos"" ""Etiquetado restante de Comercializadoras que no han efectuado GdO""",,0,0,ALCANCE 2,fallback_reason=None; proxy_geography=None,Energia_Base_Maestra_y_Contrato_FINAL.xlsx,Factores
ENE_920B4CD250647C,ESPAÑA,,ELECTRICIDAD,SUMINISTRO COMERCIALIZADORA,SIN GDO,,"MET ENERGIA ESPAÑA, S.A",kWh,2026,,2022,0.273,kgCO2e/kWh,ANNUAL,,MITECO,"MITECO - ""5. Factores Mix Eléctricos"" ""Etiquetado restante de Comercializadoras que no han efectuado GdO""",,1,0,ALCANCE 2,fallback_reason=Último factor disponible para esta comercializadora y etiquetado; proxy_geography=None,Energia_Base_Maestra_y_Contrato_FINAL.xlsx,Factores
ENE_DFCDBE930123B8,ESPAÑA,,ELECTRICIDAD,SUMINISTRO COMERCIALIZADORA,SIN GDO,,MINAI SERVICIOS ENERGÉTICOS S.L.,kWh,2023,,2023,0,kgCO2e/kWh,ANNUAL,,MITECO,"MITECO - ""5. Factores Mix Eléctricos"" ""Etiquetado restante de Comercializadoras que no han efectuado GdO""",,0,0,ALCANCE 2,fallback_reason=None; proxy_geography=None,Energia_Base_Maestra_y_Contrato_FINAL.xlsx,Factores
ENE_55CF197305C10D,ESPAÑA,,ELECTRICIDAD,SUMINISTRO COMERCIALIZADORA,SIN GDO,,MINAI SERVICIOS ENERGÉTICOS S.L.,kWh,2024,,2024,0,kgCO2e/kWh,ANNUAL,,MITECO,"MITECO - ""5. Factores Mix Eléctricos"" ""Etiquetado restante de Comercializadoras que no han efectuado GdO""",,0,0,ALCANCE 2,fallback_reason=None; proxy_geography=None,Energia_Base_Maestra_y_Contrato_FINAL.xlsx,Factores
ENE_50D9D4236D4C01,ESPAÑA,,ELECTRICIDAD,SUMINISTRO COMERCIALIZADORA,SIN GDO,,MINAI SERVICIOS ENERGÉTICOS S.L.,kWh,2026,,2024,0,kgCO2e/kWh,ANNUAL,,MITECO,"MITECO - ""5. Factores Mix Eléctricos"" ""Etiquetado restante de Comercializadoras que no han efectuado GdO""",,1,0,ALCANCE 2,fallback_reason=Último factor disponible para esta comercializadora y etiquetado; proxy_geography=None,Energia_Base_Maestra_y_Contrato_FINAL.xlsx,Factores
ENE_84566CF50FE824,ESPAÑA,,ELECTRICIDAD,SUMINISTRO COMERCIALIZADORA,CON GDO,,"MOEVE GAS AND POWER, S.A.U.",kWh,2025,,2025,0.267,kgCO2e/kWh,ANNUAL,,MITECO,"MITECO - ""5. Factores Mix Eléctricos"" ""Etiquetado restante de Comercializadoras que han efectuado GdO""",,0,0,ALCANCE 2,fallback_reason=None; proxy_geography=None,Energia_Base_Maestra_y_Contrato_FINAL.xlsx,Factores
ENE_7C454A01406A2E,ESPAÑA,,ELECTRICIDAD,SUMINISTRO COMERCIALIZADORA,CON GDO,,"MOEVE GAS AND POWER, S.A.U.",kWh,2026,,2025,0.267,kgCO2e/kWh,ANNUAL,,MITECO,"MITECO - ""5. Factores Mix Eléctricos"" ""Etiquetado restante de Comercializadoras que han efectuado GdO""",,1,0,ALCANCE 2,fallback_reason=Último factor disponible para esta comercializadora y etiquetado; proxy_geography=None,Energia_Base_Maestra_y_Contrato_FINAL.xlsx,Factores
ENE_1D560382A0F292,ESPAÑA,,ELECTRICIDAD,SUMINISTRO COMERCIALIZADORA,SIN GDO,,"MOVIER ENERGIA SOSTENIBLE, S.L.",kWh,2025,,2025,0,kgCO2e/kWh,ANNUAL,,MITECO,"MITECO - ""5. Factores Mix Eléctricos"" ""Etiquetado restante de Comercializadoras que no han efectuado GdO""",,0,0,ALCANCE 2,fallback_reason=None; proxy_geography=None,Energia_Base_Maestra_y_Contrato_FINAL.xlsx,Factores
ENE_48A3BE0A37F0CA,ESPAÑA,,ELECTRICIDAD,SUMINISTRO COMERCIALIZADORA,SIN GDO,,"MOVIER ENERGIA SOSTENIBLE, S.L.",kWh,2026,,2025,0,kgCO2e/kWh,ANNUAL,,MITECO,"MITECO - ""5. Factores Mix Eléctricos"" ""Etiquetado restante de Comercializadoras que no han efectuado GdO""",,1,0,ALCANCE 2,fallback_reason=Último factor disponible para esta comercializadora y etiquetado; proxy_geography=None,Energia_Base_Maestra_y_Contrato_FINAL.xlsx,Factores
ENE_01975ED47BD434,ESPAÑA,,ELECTRICIDAD,SUMINISTRO COMERCIALIZADORA,CON GDO,,"MULTIENERGIAS MLC, S.L.",kWh,2025,,2025,0.258,kgCO2e/kWh,ANNUAL,,MITECO,"MITECO - ""5. Factores Mix Eléctricos"" ""Etiquetado restante de Comercializadoras que han efectuado GdO""",,0,0,ALCANCE 2,fallback_reason=None; proxy_geography=None,Energia_Base_Maestra_y_Contrato_FINAL.xlsx,Factores
ENE_82861959AA3E42,ESPAÑA,,ELECTRICIDAD,SUMINISTRO COMERCIALIZADORA,CON GDO,,"MULTIENERGIAS MLC, S.L.",kWh,2026,,2025,0.258,kgCO2e/kWh,ANNUAL,,MITECO,"MITECO - ""5. Factores Mix Eléctricos"" ""Etiquetado restante de Comercializadoras que han efectuado GdO""",,1,0,ALCANCE 2,fallback_reason=Último factor disponible para esta comercializadora y etiquetado; proxy_geography=None,Energia_Base_Maestra_y_Contrato_FINAL.xlsx,Factores
ENE_7B11E7D354A1CF,ESPAÑA,,ELECTRICIDAD,SUMINISTRO COMERCIALIZADORA,CON GDO,,MY ENERGIA ONER S.L,kWh,2023,,2023,0.212,kgCO2e/kWh,ANNUAL,,MITECO,"MITECO - ""5. Factores Mix Eléctricos"" ""Etiquetado restante de Comercializadoras que han efectuado GdO""",,0,0,ALCANCE 2,fallback_reason=None; proxy_geography=None,Energia_Base_Maestra_y_Contrato_FINAL.xlsx,Factores
ENE_65AD77A24689E7,ESPAÑA,,ELECTRICIDAD,SUMINISTRO COMERCIALIZADORA,CON GDO,,MY ENERGIA ONER S.L,kWh,2024,,2024,0.243,kgCO2e/kWh,ANNUAL,,MITECO,"MITECO - ""5. Factores Mix Eléctricos"" ""Etiquetado restante de Comercializadoras que han efectuado GdO""",,0,0,ALCANCE 2,fallback_reason=None; proxy_geography=None,Energia_Base_Maestra_y_Contrato_FINAL.xlsx,Factores
ENE_809400A45B834E,ESPAÑA,,ELECTRICIDAD,SUMINISTRO COMERCIALIZADORA,CON GDO,,MY ENERGIA ONER S.L,kWh,2025,,2025,0.215,kgCO2e/kWh,ANNUAL,,MITECO,"MITECO - ""5. Factores Mix Eléctricos"" ""Etiquetado restante de Comercializadoras que han efectuado GdO""",,0,0,ALCANCE 2,fallback_reason=None; proxy_geography=None,Energia_Base_Maestra_y_Contrato_FINAL.xlsx,Factores
ENE_3162959F3F5FD9,ESPAÑA,,ELECTRICIDAD,SUMINISTRO COMERCIALIZADORA,CON GDO,,MY ENERGIA ONER S.L,kWh,2026,,2025,0.215,kgCO2e/kWh,ANNUAL,,MITECO,"MITECO - ""5. Factores Mix Eléctricos"" ""Etiquetado restante de Comercializadoras que han efectuado GdO""",,1,0,ALCANCE 2,fallback_reason=Último factor disponible para esta comercializadora y etiquetado; proxy_geography=None,Energia_Base_Maestra_y_Contrato_FINAL.xlsx,Factores
ENE_D8C078EC9B228E,ESPAÑA,,ELECTRICIDAD,SUMINISTRO COMERCIALIZADORA,SIN GDO,,MY ENERGIA ONER S.L,kWh,2022,,2022,0.26,kgCO2e/kWh,ANNUAL,,MITECO,"MITECO - ""5. Factores Mix Eléctricos"" ""Etiquetado restante de Comercializadoras que no han efectuado GdO""",,0,0,ALCANCE 2,fallback_reason=None; proxy_geography=None,Energia_Base_Maestra_y_Contrato_FINAL.xlsx,Factores
ENE_82D037A14571FC,ESPAÑA,,ELECTRICIDAD,SUMINISTRO COMERCIALIZADORA,SIN GDO,,MY ENERGIA ONER S.L,kWh,2026,,2022,0.26,kgCO2e/kWh,ANNUAL,,MITECO,"MITECO - ""5. Factores Mix Eléctricos"" ""Etiquetado restante de Comercializadoras que no han efectuado GdO""",,1,0,ALCANCE 2,fallback_reason=Último factor disponible para esta comercializadora y etiquetado; proxy_geography=None,Energia_Base_Maestra_y_Contrato_FINAL.xlsx,Factores
ENE_3AF950C3A2A290,ESPAÑA,,ELECTRICIDAD,SUMINISTRO COMERCIALIZADORA,CON GDO,,NABALIA ENERGIA 2000 S.A,kWh,2022,,2022,0.266,kgCO2e/kWh,ANNUAL,,MITECO,"MITECO - ""5. Factores Mix Eléctricos"" ""Etiquetado restante de Comercializadoras que han efectuado GdO""",,0,0,ALCANCE 2,fallback_reason=None; proxy_geography=None,Energia_Base_Maestra_y_Contrato_FINAL.xlsx,Factores
ENE_E1EF7409E062C6,ESPAÑA,,ELECTRICIDAD,SUMINISTRO COMERCIALIZADORA,CON GDO,,NABALIA ENERGIA 2000 S.A,kWh,2023,,2023,0.26,kgCO2e/kWh,ANNUAL,,MITECO,"MITECO - ""5. Factores Mix Eléctricos"" ""Etiquetado restante de Comercializadoras que han efectuado GdO""",,0,0,ALCANCE 2,fallback_reason=None; proxy_geography=None,Energia_Base_Maestra_y_Contrato_FINAL.xlsx,Factores
ENE_E83209F901BFCD,ESPAÑA,,ELECTRICIDAD,SUMINISTRO COMERCIALIZADORA,CON GDO,,NABALIA ENERGIA 2000 S.A,kWh,2024,,2024,0.283,kgCO2e/kWh,ANNUAL,,MITECO,"MITECO - ""5. Factores Mix Eléctricos"" ""Etiquetado restante de Comercializadoras que han efectuado GdO""",,0,0,ALCANCE 2,fallback_reason=None; proxy_geography=None,Energia_Base_Maestra_y_Contrato_FINAL.xlsx,Factores
ENE_DE88E4ECCFC2CF,ESPAÑA,,ELECTRICIDAD,SUMINISTRO COMERCIALIZADORA,CON GDO,,NABALIA ENERGIA 2000 S.A,kWh,2025,,2025,0.258,kgCO2e/kWh,ANNUAL,,MITECO,"MITECO - ""5. Factores Mix Eléctricos"" ""Etiquetado restante de Comercializadoras que han efectuado GdO""",,0,0,ALCANCE 2,fallback_reason=None; proxy_geography=None,Energia_Base_Maestra_y_Contrato_FINAL.xlsx,Factores
ENE_0A8BD39BFCB7C7,ESPAÑA,,ELECTRICIDAD,SUMINISTRO COMERCIALIZADORA,CON GDO,,NABALIA ENERGIA 2000 S.A,kWh,2026,,2025,0.258,kgCO2e/kWh,ANNUAL,,MITECO,"MITECO - ""5. Factores Mix Eléctricos"" ""Etiquetado restante de Comercializadoras que han efectuado GdO""",,1,0,ALCANCE 2,fallback_reason=Último factor disponible para esta comercializadora y etiquetado; proxy_geography=None,Energia_Base_Maestra_y_Contrato_FINAL.xlsx,Factores
ENE_BF9AB024A6115F,ESPAÑA,,ELECTRICIDAD,SUMINISTRO COMERCIALIZADORA,SIN GDO,,"NATURA ENERGÍA RENOVABLE EYG, S.L.",kWh,2025,,2025,0,kgCO2e/kWh,ANNUAL,,MITECO,"MITECO - ""5. Factores Mix Eléctricos"" ""Etiquetado restante de Comercializadoras que no han efectuado GdO""",,0,0,ALCANCE 2,fallback_reason=None; proxy_geography=None,Energia_Base_Maestra_y_Contrato_FINAL.xlsx,Factores
ENE_CC5DDB12369E15,ESPAÑA,,ELECTRICIDAD,SUMINISTRO COMERCIALIZADORA,SIN GDO,,"NATURA ENERGÍA RENOVABLE EYG, S.L.",kWh,2026,,2025,0,kgCO2e/kWh,ANNUAL,,MITECO,"MITECO - ""5. Factores Mix Eléctricos"" ""Etiquetado restante de Comercializadoras que no han efectuado GdO""",,1,0,ALCANCE 2,fallback_reason=Último factor disponible para esta comercializadora y etiquetado; proxy_geography=None,Energia_Base_Maestra_y_Contrato_FINAL.xlsx,Factores
ENE_8E627B855B5F9E,ESPAÑA,,ELECTRICIDAD,SUMINISTRO COMERCIALIZADORA,CON GDO,,"NATURGY CLIENTES, S.A.U.",kWh,2022,,2022,0,kgCO2e/kWh,ANNUAL,,MITECO,"MITECO - ""5. Factores Mix Eléctricos"" ""Etiquetado restante de Comercializadoras que han efectuado GdO""",,0,0,ALCANCE 2,fallback_reason=None; proxy_geography=None,Energia_Base_Maestra_y_Contrato_FINAL.xlsx,Factores
ENE_B095FDB1614E04,ESPAÑA,,ELECTRICIDAD,SUMINISTRO COMERCIALIZADORA,CON GDO,,"NATURGY CLIENTES, S.A.U.",kWh,2023,,2023,0,kgCO2e/kWh,ANNUAL,,MITECO,"MITECO - ""5. Factores Mix Eléctricos"" ""Etiquetado restante de Comercializadoras que han efectuado GdO""",,0,0,ALCANCE 2,fallback_reason=None; proxy_geography=None,Energia_Base_Maestra_y_Contrato_FINAL.xlsx,Factores
ENE_7366D03A5CD785,ESPAÑA,,ELECTRICIDAD,SUMINISTRO COMERCIALIZADORA,CON GDO,,"NATURGY CLIENTES, S.A.U.",kWh,2024,,2024,0,kgCO2e/kWh,ANNUAL,,MITECO,"MITECO - ""5. Factores Mix Eléctricos"" ""Etiquetado restante de Comercializadoras que han efectuado GdO""",,0,0,ALCANCE 2,fallback_reason=None; proxy_geography=None,Energia_Base_Maestra_y_Contrato_FINAL.xlsx,Factores
ENE_A0D36CA7A86304,ESPAÑA,,ELECTRICIDAD,SUMINISTRO COMERCIALIZADORA,CON GDO,,"NATURGY CLIENTES, S.A.U.",kWh,2025,,2025,0,kgCO2e/kWh,ANNUAL,,MITECO,"MITECO - ""5. Factores Mix Eléctricos"" ""Etiquetado restante de Comercializadoras que han efectuado GdO""",,0,0,ALCANCE 2,fallback_reason=None; proxy_geography=None,Energia_Base_Maestra_y_Contrato_FINAL.xlsx,Factores
ENE_3A7EF3CC84BBC8,ESPAÑA,,ELECTRICIDAD,SUMINISTRO COMERCIALIZADORA,CON GDO,,"NATURGY CLIENTES, S.A.U.",kWh,2026,,2025,0,kgCO2e/kWh,ANNUAL,,MITECO,"MITECO - ""5. Factores Mix Eléctricos"" ""Etiquetado restante de Comercializadoras que han efectuado GdO""",,1,0,ALCANCE 2,fallback_reason=Último factor disponible para esta comercializadora y etiquetado; proxy_geography=None,Energia_Base_Maestra_y_Contrato_FINAL.xlsx,Factores
ENE_FDDC242067F0A0,ESPAÑA,,ELECTRICIDAD,SUMINISTRO COMERCIALIZADORA,CON GDO,,"NATURGY IBERIA, S.A.",kWh,2022,,2022,0.271,kgCO2e/kWh,ANNUAL,,MITECO,"MITECO - ""5. Factores Mix Eléctricos"" ""Etiquetado restante de Comercializadoras que han efectuado GdO""",,0,0,ALCANCE 2,fallback_reason=None; proxy_geography=None,Energia_Base_Maestra_y_Contrato_FINAL.xlsx,Factores
ENE_A441E7DA4A750E,ESPAÑA,,ELECTRICIDAD,SUMINISTRO COMERCIALIZADORA,CON GDO,,"NATURGY IBERIA, S.A.",kWh,2023,,2023,0.215,kgCO2e/kWh,ANNUAL,,MITECO,"MITECO - ""5. Factores Mix Eléctricos"" ""Etiquetado restante de Comercializadoras que han efectuado GdO""",,0,0,ALCANCE 2,fallback_reason=None; proxy_geography=None,Energia_Base_Maestra_y_Contrato_FINAL.xlsx,Factores
ENE_30C396BA4EF5C3,ESPAÑA,,ELECTRICIDAD,SUMINISTRO COMERCIALIZADORA,CON GDO,,"NATURGY IBERIA, S.A.",kWh,2024,,2024,0.278,kgCO2e/kWh,ANNUAL,,MITECO,"MITECO - ""5. Factores Mix Eléctricos"" ""Etiquetado restante de Comercializadoras que han efectuado GdO""",,0,0,ALCANCE 2,fallback_reason=None; proxy_geography=None,Energia_Base_Maestra_y_Contrato_FINAL.xlsx,Factores
ENE_C67BDAE123FB86,ESPAÑA,,ELECTRICIDAD,SUMINISTRO COMERCIALIZADORA,CON GDO,,"NATURGY IBERIA, S.A.",kWh,2025,,2025,0.252,kgCO2e/kWh,ANNUAL,,MITECO,"MITECO - ""5. Factores Mix Eléctricos"" ""Etiquetado restante de Comercializadoras que han efectuado GdO""",,0,0,ALCANCE 2,fallback_reason=None; proxy_geography=None,Energia_Base_Maestra_y_Contrato_FINAL.xlsx,Factores
ENE_1C2CC229676CBB,ESPAÑA,,ELECTRICIDAD,SUMINISTRO COMERCIALIZADORA,CON GDO,,"NATURGY IBERIA, S.A.",kWh,2026,,2025,0.252,kgCO2e/kWh,ANNUAL,,MITECO,"MITECO - ""5. Factores Mix Eléctricos"" ""Etiquetado restante de Comercializadoras que han efectuado GdO""",,1,0,ALCANCE 2,fallback_reason=Último factor disponible para esta comercializadora y etiquetado; proxy_geography=None,Energia_Base_Maestra_y_Contrato_FINAL.xlsx,Factores
ENE_7524E16949D77A,ESPAÑA,,ELECTRICIDAD,SUMINISTRO COMERCIALIZADORA,SIN GDO,,"NATURGY RENOVABLES, S.LU.",kWh,2022,,2022,0,kgCO2e/kWh,ANNUAL,,MITECO,"MITECO - ""5. Factores Mix Eléctricos"" ""Etiquetado restante de Comercializadoras que no han efectuado GdO""",,0,0,ALCANCE 2,fallback_reason=None; proxy_geography=None,Energia_Base_Maestra_y_Contrato_FINAL.xlsx,Factores
ENE_8BD559D6CCD4E4,ESPAÑA,,ELECTRICIDAD,SUMINISTRO COMERCIALIZADORA,SIN GDO,,"NATURGY RENOVABLES, S.LU.",kWh,2026,,2022,0,kgCO2e/kWh,ANNUAL,,MITECO,"MITECO - ""5. Factores Mix Eléctricos"" ""Etiquetado restante de Comercializadoras que no han efectuado GdO""",,1,0,ALCANCE 2,fallback_reason=Último factor disponible para esta comercializadora y etiquetado; proxy_geography=None,Energia_Base_Maestra_y_Contrato_FINAL.xlsx,Factores
ENE_9BF6315DDE95A0,ESPAÑA,,ELECTRICIDAD,SUMINISTRO COMERCIALIZADORA,CON GDO,,NEOELECTRA  ENERGIA,kWh,2022,,2022,0.273,kgCO2e/kWh,ANNUAL,,MITECO,"MITECO - ""5. Factores Mix Eléctricos"" ""Etiquetado restante de Comercializadoras que han efectuado GdO""",,0,0,ALCANCE 2,fallback_reason=None; proxy_geography=None,Energia_Base_Maestra_y_Contrato_FINAL.xlsx,Factores
ENE_5D7F049073F1C5,ESPAÑA,,ELECTRICIDAD,SUMINISTRO COMERCIALIZADORA,CON GDO,,NEOELECTRA  ENERGIA,kWh,2023,,2023,0.259,kgCO2e/kWh,ANNUAL,,MITECO,"MITECO - ""5. Factores Mix Eléctricos"" ""Etiquetado restante de Comercializadoras que han efectuado GdO""",,0,0,ALCANCE 2,fallback_reason=None; proxy_geography=None,Energia_Base_Maestra_y_Contrato_FINAL.xlsx,Factores
ENE_7D111988DD1DD4,ESPAÑA,,ELECTRICIDAD,SUMINISTRO COMERCIALIZADORA,CON GDO,,NEOELECTRA  ENERGIA,kWh,2024,,2024,0.283,kgCO2e/kWh,ANNUAL,,MITECO,"MITECO - ""5. Factores Mix Eléctricos"" ""Etiquetado restante de Comercializadoras que han efectuado GdO""",,0,0,ALCANCE 2,fallback_reason=None; proxy_geography=None,Energia_Base_Maestra_y_Contrato_FINAL.xlsx,Factores
ENE_81C96A7B3B4674,ESPAÑA,,ELECTRICIDAD,SUMINISTRO COMERCIALIZADORA,CON GDO,,NEOELECTRA  ENERGIA,kWh,2025,,2025,0.255,kgCO2e/kWh,ANNUAL,,MITECO,"MITECO - ""5. Factores Mix Eléctricos"" ""Etiquetado restante de Comercializadoras que han efectuado GdO""",,0,0,ALCANCE 2,fallback_reason=None; proxy_geography=None,Energia_Base_Maestra_y_Contrato_FINAL.xlsx,Factores
ENE_BE235165D6C45E,ESPAÑA,,ELECTRICIDAD,SUMINISTRO COMERCIALIZADORA,CON GDO,,NEOELECTRA  ENERGIA,kWh,2026,,2025,0.255,kgCO2e/kWh,ANNUAL,,MITECO,"MITECO - ""5. Factores Mix Eléctricos"" ""Etiquetado restante de Comercializadoras que han efectuado GdO""",,1,0,ALCANCE 2,fallback_reason=Último factor disponible para esta comercializadora y etiquetado; proxy_geography=None,Energia_Base_Maestra_y_Contrato_FINAL.xlsx,Factores
ENE_A863015D012BC9,ESPAÑA,,ELECTRICIDAD,SUMINISTRO COMERCIALIZADORA,CON GDO,,"NEÓN ENERGÍA EFICIENTE, S.L",kWh,2024,,2024,0.283,kgCO2e/kWh,ANNUAL,,MITECO,"MITECO - ""5. Factores Mix Eléctricos"" ""Etiquetado restante de Comercializadoras que han efectuado GdO""",,0,0,ALCANCE 2,fallback_reason=None; proxy_geography=None,Energia_Base_Maestra_y_Contrato_FINAL.xlsx,Factores
ENE_5E43BFAAF6EB93,ESPAÑA,,ELECTRICIDAD,SUMINISTRO COMERCIALIZADORA,CON GDO,,"NEÓN ENERGÍA EFICIENTE, S.L",kWh,2025,,2025,0.258,kgCO2e/kWh,ANNUAL,,MITECO,"MITECO - ""5. Factores Mix Eléctricos"" ""Etiquetado restante de Comercializadoras que han efectuado GdO""",,0,0,ALCANCE 2,fallback_reason=None; proxy_geography=None,Energia_Base_Maestra_y_Contrato_FINAL.xlsx,Factores
ENE_B737BB9A9EBD4C,ESPAÑA,,ELECTRICIDAD,SUMINISTRO COMERCIALIZADORA,CON GDO,,"NEÓN ENERGÍA EFICIENTE, S.L",kWh,2026,,2025,0.258,kgCO2e/kWh,ANNUAL,,MITECO,"MITECO - ""5. Factores Mix Eléctricos"" ""Etiquetado restante de Comercializadoras que han efectuado GdO""",,1,0,ALCANCE 2,fallback_reason=Último factor disponible para esta comercializadora y etiquetado; proxy_geography=None,Energia_Base_Maestra_y_Contrato_FINAL.xlsx,Factores
ENE_0A3805E9958F24,ESPAÑA,,ELECTRICIDAD,SUMINISTRO COMERCIALIZADORA,CON GDO,,NEXUS ENERGIA SA,kWh,2022,,2022,0,kgCO2e/kWh,ANNUAL,,MITECO,"MITECO - ""5. Factores Mix Eléctricos"" ""Etiquetado restante de Comercializadoras que han efectuado GdO""",,0,0,ALCANCE 2,fallback_reason=None; proxy_geography=None,Energia_Base_Maestra_y_Contrato_FINAL.xlsx,Factores
ENE_AF621E7D87AAA5,ESPAÑA,,ELECTRICIDAD,SUMINISTRO COMERCIALIZADORA,CON GDO,,NEXUS ENERGIA SA,kWh,2023,,2023,0,kgCO2e/kWh,ANNUAL,,MITECO,"MITECO - ""5. Factores Mix Eléctricos"" ""Etiquetado restante de Comercializadoras que han efectuado GdO""",,0,0,ALCANCE 2,fallback_reason=None; proxy_geography=None,Energia_Base_Maestra_y_Contrato_FINAL.xlsx,Factores
ENE_85B672A2257A83,ESPAÑA,,ELECTRICIDAD,SUMINISTRO COMERCIALIZADORA,CON GDO,,NEXUS ENERGIA SA,kWh,2024,,2024,0,kgCO2e/kWh,ANNUAL,,MITECO,"MITECO - ""5. Factores Mix Eléctricos"" ""Etiquetado restante de Comercializadoras que han efectuado GdO""",,0,0,ALCANCE 2,fallback_reason=None; proxy_geography=None,Energia_Base_Maestra_y_Contrato_FINAL.xlsx,Factores
ENE_A1C3443B19B482,ESPAÑA,,ELECTRICIDAD,SUMINISTRO COMERCIALIZADORA,CON GDO,,NEXUS ENERGIA SA,kWh,2025,,2025,0,kgCO2e/kWh,ANNUAL,,MITECO,"MITECO - ""5. Factores Mix Eléctricos"" ""Etiquetado restante de Comercializadoras que han efectuado GdO""",,0,0,ALCANCE 2,fallback_reason=None; proxy_geography=None,Energia_Base_Maestra_y_Contrato_FINAL.xlsx,Factores
ENE_6BA94B3C2450D9,ESPAÑA,,ELECTRICIDAD,SUMINISTRO COMERCIALIZADORA,CON GDO,,NEXUS ENERGIA SA,kWh,2026,,2025,0,kgCO2e/kWh,ANNUAL,,MITECO,"MITECO - ""5. Factores Mix Eléctricos"" ""Etiquetado restante de Comercializadoras que han efectuado GdO""",,1,0,ALCANCE 2,fallback_reason=Último factor disponible para esta comercializadora y etiquetado; proxy_geography=None,Energia_Base_Maestra_y_Contrato_FINAL.xlsx,Factores
ENE_820B9E7265C371,ESPAÑA,,ELECTRICIDAD,SUMINISTRO COMERCIALIZADORA,CON GDO,,"NIEVES ENERGÍA , S.L.",kWh,2024,,2024,0.283,kgCO2e/kWh,ANNUAL,,MITECO,"MITECO - ""5. Factores Mix Eléctricos"" ""Etiquetado restante de Comercializadoras que han efectuado GdO""",,0,0,ALCANCE 2,fallback_reason=None; proxy_geography=None,Energia_Base_Maestra_y_Contrato_FINAL.xlsx,Factores
ENE_8BA0FE6670316B,ESPAÑA,,ELECTRICIDAD,SUMINISTRO COMERCIALIZADORA,CON GDO,,"NIEVES ENERGÍA , S.L.",kWh,2025,,2025,0.257,kgCO2e/kWh,ANNUAL,,MITECO,"MITECO - ""5. Factores Mix Eléctricos"" ""Etiquetado restante de Comercializadoras que han efectuado GdO""",,0,0,ALCANCE 2,fallback_reason=None; proxy_geography=None,Energia_Base_Maestra_y_Contrato_FINAL.xlsx,Factores
ENE_D629E26BC4E126,ESPAÑA,,ELECTRICIDAD,SUMINISTRO COMERCIALIZADORA,CON GDO,,"NIEVES ENERGÍA , S.L.",kWh,2026,,2025,0.257,kgCO2e/kWh,ANNUAL,,MITECO,"MITECO - ""5. Factores Mix Eléctricos"" ""Etiquetado restante de Comercializadoras que han efectuado GdO""",,1,0,ALCANCE 2,fallback_reason=Último factor disponible para esta comercializadora y etiquetado; proxy_geography=None,Energia_Base_Maestra_y_Contrato_FINAL.xlsx,Factores
ENE_4D454DB554733E,ESPAÑA,,ELECTRICIDAD,SUMINISTRO COMERCIALIZADORA,CON GDO,,"NINOBE SERVICIOS ENERGÉTICOS, SL",kWh,2022,,2022,0.271,kgCO2e/kWh,ANNUAL,,MITECO,"MITECO - ""5. Factores Mix Eléctricos"" ""Etiquetado restante de Comercializadoras que han efectuado GdO""",,0,0,ALCANCE 2,fallback_reason=None; proxy_geography=None,Energia_Base_Maestra_y_Contrato_FINAL.xlsx,Factores
ENE_F847AED4B24252,ESPAÑA,,ELECTRICIDAD,SUMINISTRO COMERCIALIZADORA,CON GDO,,"NINOBE SERVICIOS ENERGÉTICOS, SL",kWh,2026,,2022,0.271,kgCO2e/kWh,ANNUAL,,MITECO,"MITECO - ""5. Factores Mix Eléctricos"" ""Etiquetado restante de Comercializadoras que han efectuado GdO""",,1,0,ALCANCE 2,fallback_reason=Último factor disponible para esta comercializadora y etiquetado; proxy_geography=None,Energia_Base_Maestra_y_Contrato_FINAL.xlsx,Factores
ENE_EEB7502393A5FA,ESPAÑA,,ELECTRICIDAD,SUMINISTRO COMERCIALIZADORA,CON GDO,,"NOBE SOLUCIONES Y ENERGÍA, S.L.",kWh,2024,,2024,0.283,kgCO2e/kWh,ANNUAL,,MITECO,"MITECO - ""5. Factores Mix Eléctricos"" ""Etiquetado restante de Comercializadoras que han efectuado GdO""",,0,0,ALCANCE 2,fallback_reason=None; proxy_geography=None,Energia_Base_Maestra_y_Contrato_FINAL.xlsx,Factores
ENE_45743A4E56BAF3,ESPAÑA,,ELECTRICIDAD,SUMINISTRO COMERCIALIZADORA,CON GDO,,"NOBE SOLUCIONES Y ENERGÍA, S.L.",kWh,2025,,2025,0.257,kgCO2e/kWh,ANNUAL,,MITECO,"MITECO - ""5. Factores Mix Eléctricos"" ""Etiquetado restante de Comercializadoras que han efectuado GdO""",,0,0,ALCANCE 2,fallback_reason=None; proxy_geography=None,Energia_Base_Maestra_y_Contrato_FINAL.xlsx,Factores
ENE_B72443E974C546,ESPAÑA,,ELECTRICIDAD,SUMINISTRO COMERCIALIZADORA,CON GDO,,"NOBE SOLUCIONES Y ENERGÍA, S.L.",kWh,2026,,2025,0.257,kgCO2e/kWh,ANNUAL,,MITECO,"MITECO - ""5. Factores Mix Eléctricos"" ""Etiquetado restante de Comercializadoras que han efectuado GdO""",,1,0,ALCANCE 2,fallback_reason=Último factor disponible para esta comercializadora y etiquetado; proxy_geography=None,Energia_Base_Maestra_y_Contrato_FINAL.xlsx,Factores
ENE_ACB186009BB8F6,ESPAÑA,,ELECTRICIDAD,SUMINISTRO COMERCIALIZADORA,SIN GDO,,NOSA ENERXIA SCG,kWh,2022,,2022,0,kgCO2e/kWh,ANNUAL,,MITECO,"MITECO - ""5. Factores Mix Eléctricos"" ""Etiquetado restante de Comercializadoras que no han efectuado GdO""",,0,0,ALCANCE 2,fallback_reason=None; proxy_geography=None,Energia_Base_Maestra_y_Contrato_FINAL.xlsx,Factores
ENE_DE2A066280CCCF,ESPAÑA,,ELECTRICIDAD,SUMINISTRO COMERCIALIZADORA,SIN GDO,,NOSA ENERXIA SCG,kWh,2023,,2023,0,kgCO2e/kWh,ANNUAL,,MITECO,"MITECO - ""5. Factores Mix Eléctricos"" ""Etiquetado restante de Comercializadoras que no han efectuado GdO""",,0,0,ALCANCE 2,fallback_reason=None; proxy_geography=None,Energia_Base_Maestra_y_Contrato_FINAL.xlsx,Factores
ENE_4E2EFD92023653,ESPAÑA,,ELECTRICIDAD,SUMINISTRO COMERCIALIZADORA,SIN GDO,,NOSA ENERXIA SCG,kWh,2024,,2024,0,kgCO2e/kWh,ANNUAL,,MITECO,"MITECO - ""5. Factores Mix Eléctricos"" ""Etiquetado restante de Comercializadoras que no han efectuado GdO""",,0,0,ALCANCE 2,fallback_reason=None; proxy_geography=None,Energia_Base_Maestra_y_Contrato_FINAL.xlsx,Factores
ENE_A31AA4A2AC8D2B,ESPAÑA,,ELECTRICIDAD,SUMINISTRO COMERCIALIZADORA,SIN GDO,,NOSA ENERXIA SCG,kWh,2025,,2025,0,kgCO2e/kWh,ANNUAL,,MITECO,"MITECO - ""5. Factores Mix Eléctricos"" ""Etiquetado restante de Comercializadoras que no han efectuado GdO""",,0,0,ALCANCE 2,fallback_reason=None; proxy_geography=None,Energia_Base_Maestra_y_Contrato_FINAL.xlsx,Factores
ENE_3E56BDA9D621DD,ESPAÑA,,ELECTRICIDAD,SUMINISTRO COMERCIALIZADORA,SIN GDO,,NOSA ENERXIA SCG,kWh,2026,,2025,0,kgCO2e/kWh,ANNUAL,,MITECO,"MITECO - ""5. Factores Mix Eléctricos"" ""Etiquetado restante de Comercializadoras que no han efectuado GdO""",,1,0,ALCANCE 2,fallback_reason=Último factor disponible para esta comercializadora y etiquetado; proxy_geography=None,Energia_Base_Maestra_y_Contrato_FINAL.xlsx,Factores
ENE_2432226D1E4FE2,ESPAÑA,,ELECTRICIDAD,SUMINISTRO COMERCIALIZADORA,CON GDO,,NUEVA COMERCIALIZADORA ESPAÑOLA SL,kWh,2024,,2024,0,kgCO2e/kWh,ANNUAL,,MITECO,"MITECO - ""5. Factores Mix Eléctricos"" ""Etiquetado restante de Comercializadoras que han efectuado GdO""",,0,0,ALCANCE 2,fallback_reason=None; proxy_geography=None,Energia_Base_Maestra_y_Contrato_FINAL.xlsx,Factores
ENE_20E1FAE57400C7,ESPAÑA,,ELECTRICIDAD,SUMINISTRO COMERCIALIZADORA,CON GDO,,NUEVA COMERCIALIZADORA ESPAÑOLA SL,kWh,2025,,2025,0,kgCO2e/kWh,ANNUAL,,MITECO,"MITECO - ""5. Factores Mix Eléctricos"" ""Etiquetado restante de Comercializadoras que han efectuado GdO""",,0,0,ALCANCE 2,fallback_reason=None; proxy_geography=None,Energia_Base_Maestra_y_Contrato_FINAL.xlsx,Factores
ENE_AC0B0C512BC7BD,ESPAÑA,,ELECTRICIDAD,SUMINISTRO COMERCIALIZADORA,CON GDO,,NUEVA COMERCIALIZADORA ESPAÑOLA SL,kWh,2026,,2025,0,kgCO2e/kWh,ANNUAL,,MITECO,"MITECO - ""5. Factores Mix Eléctricos"" ""Etiquetado restante de Comercializadoras que han efectuado GdO""",,1,0,ALCANCE 2,fallback_reason=Último factor disponible para esta comercializadora y etiquetado; proxy_geography=None,Energia_Base_Maestra_y_Contrato_FINAL.xlsx,Factores
ENE_E706636C0B151D,ESPAÑA,,ELECTRICIDAD,SUMINISTRO COMERCIALIZADORA,SIN GDO,,NUEVA COMERCIALIZADORA ESPAÑOLA SL,kWh,2022,,2022,0,kgCO2e/kWh,ANNUAL,,MITECO,"MITECO - ""5. Factores Mix Eléctricos"" ""Etiquetado restante de Comercializadoras que no han efectuado GdO""",,0,0,ALCANCE 2,fallback_reason=None; proxy_geography=None,Energia_Base_Maestra_y_Contrato_FINAL.xlsx,Factores
ENE_5A8DDF379E8267,ESPAÑA,,ELECTRICIDAD,SUMINISTRO COMERCIALIZADORA,SIN GDO,,NUEVA COMERCIALIZADORA ESPAÑOLA SL,kWh,2023,,2023,0,kgCO2e/kWh,ANNUAL,,MITECO,"MITECO - ""5. Factores Mix Eléctricos"" ""Etiquetado restante de Comercializadoras que no han efectuado GdO""",,0,0,ALCANCE 2,fallback_reason=None; proxy_geography=None,Energia_Base_Maestra_y_Contrato_FINAL.xlsx,Factores
ENE_CB5EB25319E581,ESPAÑA,,ELECTRICIDAD,SUMINISTRO COMERCIALIZADORA,SIN GDO,,NUEVA COMERCIALIZADORA ESPAÑOLA SL,kWh,2026,,2023,0,kgCO2e/kWh,ANNUAL,,MITECO,"MITECO - ""5. Factores Mix Eléctricos"" ""Etiquetado restante de Comercializadoras que no han efectuado GdO""",,1,0,ALCANCE 2,fallback_reason=Último factor disponible para esta comercializadora y etiquetado; proxy_geography=None,Energia_Base_Maestra_y_Contrato_FINAL.xlsx,Factores
ENE_4B590BD43F3EEA,ESPAÑA,,ELECTRICIDAD,SUMINISTRO COMERCIALIZADORA,CON GDO,,"OCTOPUS ENERGY ESPAÑA, S.L.U.",kWh,2022,,2022,0.268,kgCO2e/kWh,ANNUAL,,MITECO,"MITECO - ""5. Factores Mix Eléctricos"" ""Etiquetado restante de Comercializadoras que han efectuado GdO""",,0,0,ALCANCE 2,fallback_reason=None; proxy_geography=None,Energia_Base_Maestra_y_Contrato_FINAL.xlsx,Factores
ENE_173940F32C56B1,ESPAÑA,,ELECTRICIDAD,SUMINISTRO COMERCIALIZADORA,CON GDO,,"OCTOPUS ENERGY ESPAÑA, S.L.U.",kWh,2023,,2023,0,kgCO2e/kWh,ANNUAL,,MITECO,"MITECO - ""5. Factores Mix Eléctricos"" ""Etiquetado restante de Comercializadoras que han efectuado GdO""",,0,0,ALCANCE 2,fallback_reason=None; proxy_geography=None,Energia_Base_Maestra_y_Contrato_FINAL.xlsx,Factores
ENE_C448A13F0157F0,ESPAÑA,,ELECTRICIDAD,SUMINISTRO COMERCIALIZADORA,CON GDO,,"OCTOPUS ENERGY ESPAÑA, S.L.U.",kWh,2024,,2024,0,kgCO2e/kWh,ANNUAL,,MITECO,"MITECO - ""5. Factores Mix Eléctricos"" ""Etiquetado restante de Comercializadoras que han efectuado GdO""",,0,0,ALCANCE 2,fallback_reason=None; proxy_geography=None,Energia_Base_Maestra_y_Contrato_FINAL.xlsx,Factores
ENE_959BDE69B2FAF0,ESPAÑA,,ELECTRICIDAD,SUMINISTRO COMERCIALIZADORA,CON GDO,,"OCTOPUS ENERGY ESPAÑA, S.L.U.",kWh,2025,,2025,0,kgCO2e/kWh,ANNUAL,,MITECO,"MITECO - ""5. Factores Mix Eléctricos"" ""Etiquetado restante de Comercializadoras que han efectuado GdO""",,0,0,ALCANCE 2,fallback_reason=None; proxy_geography=None,Energia_Base_Maestra_y_Contrato_FINAL.xlsx,Factores
ENE_9EF6DB38FDFD4B,ESPAÑA,,ELECTRICIDAD,SUMINISTRO COMERCIALIZADORA,CON GDO,,"OCTOPUS ENERGY ESPAÑA, S.L.U.",kWh,2026,,2025,0,kgCO2e/kWh,ANNUAL,,MITECO,"MITECO - ""5. Factores Mix Eléctricos"" ""Etiquetado restante de Comercializadoras que han efectuado GdO""",,1,0,ALCANCE 2,fallback_reason=Último factor disponible para esta comercializadora y etiquetado; proxy_geography=None,Energia_Base_Maestra_y_Contrato_FINAL.xlsx,Factores
ENE_5CB1FA6C9040D8,ESPAÑA,,ELECTRICIDAD,SUMINISTRO COMERCIALIZADORA,SIN GDO,,"OK TU ENERGIA VERDE, S.L.",kWh,2023,,2023,0,kgCO2e/kWh,ANNUAL,,MITECO,"MITECO - ""5. Factores Mix Eléctricos"" ""Etiquetado restante de Comercializadoras que no han efectuado GdO""",,0,0,ALCANCE 2,fallback_reason=None; proxy_geography=None,Energia_Base_Maestra_y_Contrato_FINAL.xlsx,Factores
ENE_E5298E4563F87A,ESPAÑA,,ELECTRICIDAD,SUMINISTRO COMERCIALIZADORA,SIN GDO,,"OK TU ENERGIA VERDE, S.L.",kWh,2026,,2023,0,kgCO2e/kWh,ANNUAL,,MITECO,"MITECO - ""5. Factores Mix Eléctricos"" ""Etiquetado restante de Comercializadoras que no han efectuado GdO""",,1,0,ALCANCE 2,fallback_reason=Último factor disponible para esta comercializadora y etiquetado; proxy_geography=None,Energia_Base_Maestra_y_Contrato_FINAL.xlsx,Factores
ENE_A8027A61447317,ESPAÑA,,ELECTRICIDAD,SUMINISTRO COMERCIALIZADORA,CON GDO,,"ON DEMAND FACILITIES, SLU",kWh,2022,,2022,0.272,kgCO2e/kWh,ANNUAL,,MITECO,"MITECO - ""5. Factores Mix Eléctricos"" ""Etiquetado restante de Comercializadoras que han efectuado GdO""",,0,0,ALCANCE 2,fallback_reason=None; proxy_geography=None,Energia_Base_Maestra_y_Contrato_FINAL.xlsx,Factores
ENE_BD510F992F3DF7,ESPAÑA,,ELECTRICIDAD,SUMINISTRO COMERCIALIZADORA,CON GDO,,"ON DEMAND FACILITIES, SLU",kWh,2023,,2023,0.254,kgCO2e/kWh,ANNUAL,,MITECO,"MITECO - ""5. Factores Mix Eléctricos"" ""Etiquetado restante de Comercializadoras que han efectuado GdO""",,0,0,ALCANCE 2,fallback_reason=None; proxy_geography=None,Energia_Base_Maestra_y_Contrato_FINAL.xlsx,Factores
ENE_8CF434096D25AD,ESPAÑA,,ELECTRICIDAD,SUMINISTRO COMERCIALIZADORA,CON GDO,,"ON DEMAND FACILITIES, SLU",kWh,2024,,2024,0.281,kgCO2e/kWh,ANNUAL,,MITECO,"MITECO - ""5. Factores Mix Eléctricos"" ""Etiquetado restante de Comercializadoras que han efectuado GdO""",,0,0,ALCANCE 2,fallback_reason=None; proxy_geography=None,Energia_Base_Maestra_y_Contrato_FINAL.xlsx,Factores
ENE_B2742EEA6D69D6,ESPAÑA,,ELECTRICIDAD,SUMINISTRO COMERCIALIZADORA,CON GDO,,"ON DEMAND FACILITIES, SLU",kWh,2025,,2025,0.253,kgCO2e/kWh,ANNUAL,,MITECO,"MITECO - ""5. Factores Mix Eléctricos"" ""Etiquetado restante de Comercializadoras que han efectuado GdO""",,0,0,ALCANCE 2,fallback_reason=None; proxy_geography=None,Energia_Base_Maestra_y_Contrato_FINAL.xlsx,Factores
ENE_80A58F0823FA31,ESPAÑA,,ELECTRICIDAD,SUMINISTRO COMERCIALIZADORA,CON GDO,,"ON DEMAND FACILITIES, SLU",kWh,2026,,2025,0.253,kgCO2e/kWh,ANNUAL,,MITECO,"MITECO - ""5. Factores Mix Eléctricos"" ""Etiquetado restante de Comercializadoras que han efectuado GdO""",,1,0,ALCANCE 2,fallback_reason=Último factor disponible para esta comercializadora y etiquetado; proxy_geography=None,Energia_Base_Maestra_y_Contrato_FINAL.xlsx,Factores
ENE_C17E650345D6A5,ESPAÑA,,ELECTRICIDAD,SUMINISTRO COMERCIALIZADORA,SIN GDO,,ORWELL POWER S.L.,kWh,2025,,2025,0,kgCO2e/kWh,ANNUAL,,MITECO,"MITECO - ""5. Factores Mix Eléctricos"" ""Etiquetado restante de Comercializadoras que no han efectuado GdO""",,0,0,ALCANCE 2,fallback_reason=None; proxy_geography=None,Energia_Base_Maestra_y_Contrato_FINAL.xlsx,Factores
ENE_29F1FA3EB9D780,ESPAÑA,,ELECTRICIDAD,SUMINISTRO COMERCIALIZADORA,SIN GDO,,ORWELL POWER S.L.,kWh,2026,,2025,0,kgCO2e/kWh,ANNUAL,,MITECO,"MITECO - ""5. Factores Mix Eléctricos"" ""Etiquetado restante de Comercializadoras que no han efectuado GdO""",,1,0,ALCANCE 2,fallback_reason=Último factor disponible para esta comercializadora y etiquetado; proxy_geography=None,Energia_Base_Maestra_y_Contrato_FINAL.xlsx,Factores
ENE_293886891DE5EE,ESPAÑA,,ELECTRICIDAD,SUMINISTRO COMERCIALIZADORA,SIN GDO,,PARATIENERGÍA S.L.,kWh,2024,,2024,0,kgCO2e/kWh,ANNUAL,,MITECO,"MITECO - ""5. Factores Mix Eléctricos"" ""Etiquetado restante de Comercializadoras que no han efectuado GdO""",,0,0,ALCANCE 2,fallback_reason=None; proxy_geography=None,Energia_Base_Maestra_y_Contrato_FINAL.xlsx,Factores
ENE_BF2945AAF1042B,ESPAÑA,,ELECTRICIDAD,SUMINISTRO COMERCIALIZADORA,SIN GDO,,PARATIENERGÍA S.L.,kWh,2025,,2025,0,kgCO2e/kWh,ANNUAL,,MITECO,"MITECO - ""5. Factores Mix Eléctricos"" ""Etiquetado restante de Comercializadoras que no han efectuado GdO""",,0,0,ALCANCE 2,fallback_reason=None; proxy_geography=None,Energia_Base_Maestra_y_Contrato_FINAL.xlsx,Factores
ENE_D4A1A9C15F42E1,ESPAÑA,,ELECTRICIDAD,SUMINISTRO COMERCIALIZADORA,SIN GDO,,PARATIENERGÍA S.L.,kWh,2026,,2025,0,kgCO2e/kWh,ANNUAL,,MITECO,"MITECO - ""5. Factores Mix Eléctricos"" ""Etiquetado restante de Comercializadoras que no han efectuado GdO""",,1,0,ALCANCE 2,fallback_reason=Último factor disponible para esta comercializadora y etiquetado; proxy_geography=None,Energia_Base_Maestra_y_Contrato_FINAL.xlsx,Factores
ENE_8857F13C0284EB,ESPAÑA,,ELECTRICIDAD,SUMINISTRO COMERCIALIZADORA,CON GDO,,"PASIÓN ENERGÍA, S.L.",kWh,2022,,2022,0,kgCO2e/kWh,ANNUAL,,MITECO,"MITECO - ""5. Factores Mix Eléctricos"" ""Etiquetado restante de Comercializadoras que han efectuado GdO""",,0,0,ALCANCE 2,fallback_reason=None; proxy_geography=None,Energia_Base_Maestra_y_Contrato_FINAL.xlsx,Factores
ENE_3154F56C22DAB8,ESPAÑA,,ELECTRICIDAD,SUMINISTRO COMERCIALIZADORA,CON GDO,,"PASIÓN ENERGÍA, S.L.",kWh,2023,,2023,0.26,kgCO2e/kWh,ANNUAL,,MITECO,"MITECO - ""5. Factores Mix Eléctricos"" ""Etiquetado restante de Comercializadoras que han efectuado GdO""",,0,0,ALCANCE 2,fallback_reason=None; proxy_geography=None,Energia_Base_Maestra_y_Contrato_FINAL.xlsx,Factores
ENE_D39B1C40B614B3,ESPAÑA,,ELECTRICIDAD,SUMINISTRO COMERCIALIZADORA,CON GDO,,"PASIÓN ENERGÍA, S.L.",kWh,2024,,2024,0.283,kgCO2e/kWh,ANNUAL,,MITECO,"MITECO - ""5. Factores Mix Eléctricos"" ""Etiquetado restante de Comercializadoras que han efectuado GdO""",,0,0,ALCANCE 2,fallback_reason=None; proxy_geography=None,Energia_Base_Maestra_y_Contrato_FINAL.xlsx,Factores
ENE_762225BD79DFFB,ESPAÑA,,ELECTRICIDAD,SUMINISTRO COMERCIALIZADORA,CON GDO,,"PASIÓN ENERGÍA, S.L.",kWh,2025,,2025,0.258,kgCO2e/kWh,ANNUAL,,MITECO,"MITECO - ""5. Factores Mix Eléctricos"" ""Etiquetado restante de Comercializadoras que han efectuado GdO""",,0,0,ALCANCE 2,fallback_reason=None; proxy_geography=None,Energia_Base_Maestra_y_Contrato_FINAL.xlsx,Factores
ENE_BE87A2D6A84790,ESPAÑA,,ELECTRICIDAD,SUMINISTRO COMERCIALIZADORA,CON GDO,,"PASIÓN ENERGÍA, S.L.",kWh,2026,,2025,0.258,kgCO2e/kWh,ANNUAL,,MITECO,"MITECO - ""5. Factores Mix Eléctricos"" ""Etiquetado restante de Comercializadoras que han efectuado GdO""",,1,0,ALCANCE 2,fallback_reason=Último factor disponible para esta comercializadora y etiquetado; proxy_geography=None,Energia_Base_Maestra_y_Contrato_FINAL.xlsx,Factores
ENE_03E318F4BC8C5B,ESPAÑA,,ELECTRICIDAD,SUMINISTRO COMERCIALIZADORA,SIN GDO,,"PEPEENERGY, S.L.",kWh,2022,,2022,0,kgCO2e/kWh,ANNUAL,,MITECO,"MITECO - ""5. Factores Mix Eléctricos"" ""Etiquetado restante de Comercializadoras que no han efectuado GdO""",,0,0,ALCANCE 2,fallback_reason=None; proxy_geography=None,Energia_Base_Maestra_y_Contrato_FINAL.xlsx,Factores
ENE_8740273BDDC7E5,ESPAÑA,,ELECTRICIDAD,SUMINISTRO COMERCIALIZADORA,SIN GDO,,"PEPEENERGY, S.L.",kWh,2023,,2023,0,kgCO2e/kWh,ANNUAL,,MITECO,"MITECO - ""5. Factores Mix Eléctricos"" ""Etiquetado restante de Comercializadoras que no han efectuado GdO""",,0,0,ALCANCE 2,fallback_reason=None; proxy_geography=None,Energia_Base_Maestra_y_Contrato_FINAL.xlsx,Factores
ENE_A86E647C7E5AE3,ESPAÑA,,ELECTRICIDAD,SUMINISTRO COMERCIALIZADORA,SIN GDO,,"PEPEENERGY, S.L.",kWh,2026,,2023,0,kgCO2e/kWh,ANNUAL,,MITECO,"MITECO - ""5. Factores Mix Eléctricos"" ""Etiquetado restante de Comercializadoras que no han efectuado GdO""",,1,0,ALCANCE 2,fallback_reason=Último factor disponible para esta comercializadora y etiquetado; proxy_geography=None,Energia_Base_Maestra_y_Contrato_FINAL.xlsx,Factores
ENE_B497F619EE0F7A,ESPAÑA,,ELECTRICIDAD,SUMINISTRO COMERCIALIZADORA,SIN GDO,,PETRO NAVARRA SL,kWh,2025,,2025,0,kgCO2e/kWh,ANNUAL,,MITECO,"MITECO - ""5. Factores Mix Eléctricos"" ""Etiquetado restante de Comercializadoras que no han efectuado GdO""",,0,0,ALCANCE 2,fallback_reason=None; proxy_geography=None,Energia_Base_Maestra_y_Contrato_FINAL.xlsx,Factores
ENE_B34B40532B2B10,ESPAÑA,,ELECTRICIDAD,SUMINISTRO COMERCIALIZADORA,SIN GDO,,PETRO NAVARRA SL,kWh,2026,,2025,0,kgCO2e/kWh,ANNUAL,,MITECO,"MITECO - ""5. Factores Mix Eléctricos"" ""Etiquetado restante de Comercializadoras que no han efectuado GdO""",,1,0,ALCANCE 2,fallback_reason=Último factor disponible para esta comercializadora y etiquetado; proxy_geography=None,Energia_Base_Maestra_y_Contrato_FINAL.xlsx,Factores
ENE_08AB6840D3B256,ESPAÑA,,ELECTRICIDAD,SUMINISTRO COMERCIALIZADORA,CON GDO,,"PETRONIEVES ENERGIA 1, S.L.",kWh,2022,,2022,0.25,kgCO2e/kWh,ANNUAL,,MITECO,"MITECO - ""5. Factores Mix Eléctricos"" ""Etiquetado restante de Comercializadoras que han efectuado GdO""",,0,0,ALCANCE 2,fallback_reason=None; proxy_geography=None,Energia_Base_Maestra_y_Contrato_FINAL.xlsx,Factores
ENE_25D04659B78057,ESPAÑA,,ELECTRICIDAD,SUMINISTRO COMERCIALIZADORA,CON GDO,,"PETRONIEVES ENERGIA 1, S.L.",kWh,2023,,2023,0.26,kgCO2e/kWh,ANNUAL,,MITECO,"MITECO - ""5. Factores Mix Eléctricos"" ""Etiquetado restante de Comercializadoras que han efectuado GdO""",,0,0,ALCANCE 2,fallback_reason=None; proxy_geography=None,Energia_Base_Maestra_y_Contrato_FINAL.xlsx,Factores
ENE_7A6C8F196DD281,ESPAÑA,,ELECTRICIDAD,SUMINISTRO COMERCIALIZADORA,CON GDO,,"PETRONIEVES ENERGIA 1, S.L.",kWh,2026,,2023,0.26,kgCO2e/kWh,ANNUAL,,MITECO,"MITECO - ""5. Factores Mix Eléctricos"" ""Etiquetado restante de Comercializadoras que han efectuado GdO""",,1,0,ALCANCE 2,fallback_reason=Último factor disponible para esta comercializadora y etiquetado; proxy_geography=None,Energia_Base_Maestra_y_Contrato_FINAL.xlsx,Factores
ENE_0B3167F9DC654D,ESPAÑA,,ELECTRICIDAD,SUMINISTRO COMERCIALIZADORA,CON GDO,,"PISUERGA INFRAESTRUCTURAS ENERGETICAS, S.L.",kWh,2025,,2025,0.258,kgCO2e/kWh,ANNUAL,,MITECO,"MITECO - ""5. Factores Mix Eléctricos"" ""Etiquetado restante de Comercializadoras que han efectuado GdO""",,0,0,ALCANCE 2,fallback_reason=None; proxy_geography=None,Energia_Base_Maestra_y_Contrato_FINAL.xlsx,Factores
ENE_1CB8F96A5BA3FC,ESPAÑA,,ELECTRICIDAD,SUMINISTRO COMERCIALIZADORA,CON GDO,,"PISUERGA INFRAESTRUCTURAS ENERGETICAS, S.L.",kWh,2026,,2025,0.258,kgCO2e/kWh,ANNUAL,,MITECO,"MITECO - ""5. Factores Mix Eléctricos"" ""Etiquetado restante de Comercializadoras que han efectuado GdO""",,1,0,ALCANCE 2,fallback_reason=Último factor disponible para esta comercializadora y etiquetado; proxy_geography=None,Energia_Base_Maestra_y_Contrato_FINAL.xlsx,Factores
ENE_BD0E022AF55D37,ESPAÑA,,ELECTRICIDAD,SUMINISTRO COMERCIALIZADORA,SIN GDO,,PLANETGY SL,kWh,2022,,2022,0,kgCO2e/kWh,ANNUAL,,MITECO,"MITECO - ""5. Factores Mix Eléctricos"" ""Etiquetado restante de Comercializadoras que no han efectuado GdO""",,0,0,ALCANCE 2,fallback_reason=None; proxy_geography=None,Energia_Base_Maestra_y_Contrato_FINAL.xlsx,Factores
ENE_5268EA11809FCA,ESPAÑA,,ELECTRICIDAD,SUMINISTRO COMERCIALIZADORA,SIN GDO,,PLANETGY SL,kWh,2026,,2022,0,kgCO2e/kWh,ANNUAL,,MITECO,"MITECO - ""5. Factores Mix Eléctricos"" ""Etiquetado restante de Comercializadoras que no han efectuado GdO""",,1,0,ALCANCE 2,fallback_reason=Último factor disponible para esta comercializadora y etiquetado; proxy_geography=None,Energia_Base_Maestra_y_Contrato_FINAL.xlsx,Factores
ENE_E984F20A6DBEAA,ESPAÑA,,ELECTRICIDAD,SUMINISTRO COMERCIALIZADORA,CON GDO,,"PLENA ENERGIA RENOVABLE, S.L.",kWh,2023,,2023,0.259,kgCO2e/kWh,ANNUAL,,MITECO,"MITECO - ""5. Factores Mix Eléctricos"" ""Etiquetado restante de Comercializadoras que han efectuado GdO""",,0,0,ALCANCE 2,fallback_reason=None; proxy_geography=None,Energia_Base_Maestra_y_Contrato_FINAL.xlsx,Factores
ENE_AD736CA3DCB3E1,ESPAÑA,,ELECTRICIDAD,SUMINISTRO COMERCIALIZADORA,CON GDO,,"PLENA ENERGIA RENOVABLE, S.L.",kWh,2024,,2024,0.283,kgCO2e/kWh,ANNUAL,,MITECO,"MITECO - ""5. Factores Mix Eléctricos"" ""Etiquetado restante de Comercializadoras que han efectuado GdO""",,0,0,ALCANCE 2,fallback_reason=None; proxy_geography=None,Energia_Base_Maestra_y_Contrato_FINAL.xlsx,Factores
ENE_DDB57D36AE37EC,ESPAÑA,,ELECTRICIDAD,SUMINISTRO COMERCIALIZADORA,CON GDO,,"PLENA ENERGIA RENOVABLE, S.L.",kWh,2025,,2025,0.258,kgCO2e/kWh,ANNUAL,,MITECO,"MITECO - ""5. Factores Mix Eléctricos"" ""Etiquetado restante de Comercializadoras que han efectuado GdO""",,0,0,ALCANCE 2,fallback_reason=None; proxy_geography=None,Energia_Base_Maestra_y_Contrato_FINAL.xlsx,Factores
ENE_FD7D19D10FF3BF,ESPAÑA,,ELECTRICIDAD,SUMINISTRO COMERCIALIZADORA,CON GDO,,"PLENA ENERGIA RENOVABLE, S.L.",kWh,2026,,2025,0.258,kgCO2e/kWh,ANNUAL,,MITECO,"MITECO - ""5. Factores Mix Eléctricos"" ""Etiquetado restante de Comercializadoras que han efectuado GdO""",,1,0,ALCANCE 2,fallback_reason=Último factor disponible para esta comercializadora y etiquetado; proxy_geography=None,Energia_Base_Maestra_y_Contrato_FINAL.xlsx,Factores
ENE_E75D1EF4CA7901,ESPAÑA,,ELECTRICIDAD,SUMINISTRO COMERCIALIZADORA,SIN GDO,,"PLENA ENERGIA RENOVABLE, S.L.",kWh,2022,,2022,0.269,kgCO2e/kWh,ANNUAL,,MITECO,"MITECO - ""5. Factores Mix Eléctricos"" ""Etiquetado restante de Comercializadoras que no han efectuado GdO""",,0,0,ALCANCE 2,fallback_reason=None; proxy_geography=None,Energia_Base_Maestra_y_Contrato_FINAL.xlsx,Factores
ENE_41421CDD717AC8,ESPAÑA,,ELECTRICIDAD,SUMINISTRO COMERCIALIZADORA,SIN GDO,,"PLENA ENERGIA RENOVABLE, S.L.",kWh,2026,,2022,0.269,kgCO2e/kWh,ANNUAL,,MITECO,"MITECO - ""5. Factores Mix Eléctricos"" ""Etiquetado restante de Comercializadoras que no han efectuado GdO""",,1,0,ALCANCE 2,fallback_reason=Último factor disponible para esta comercializadora y etiquetado; proxy_geography=None,Energia_Base_Maestra_y_Contrato_FINAL.xlsx,Factores
ENE_BFBBEDD465C044,ESPAÑA,,ELECTRICIDAD,SUMINISTRO COMERCIALIZADORA,CON GDO,,POTENZIA COMERCIALIZADORA SL,kWh,2022,,2022,0.273,kgCO2e/kWh,ANNUAL,,MITECO,"MITECO - ""5. Factores Mix Eléctricos"" ""Etiquetado restante de Comercializadoras que han efectuado GdO""",,0,0,ALCANCE 2,fallback_reason=None; proxy_geography=None,Energia_Base_Maestra_y_Contrato_FINAL.xlsx,Factores
ENE_97F9C3D449A0C6,ESPAÑA,,ELECTRICIDAD,SUMINISTRO COMERCIALIZADORA,CON GDO,,POTENZIA COMERCIALIZADORA SL,kWh,2023,,2023,0.26,kgCO2e/kWh,ANNUAL,,MITECO,"MITECO - ""5. Factores Mix Eléctricos"" ""Etiquetado restante de Comercializadoras que han efectuado GdO""",,0,0,ALCANCE 2,fallback_reason=None; proxy_geography=None,Energia_Base_Maestra_y_Contrato_FINAL.xlsx,Factores
ENE_ECB5F5EA8950FA,ESPAÑA,,ELECTRICIDAD,SUMINISTRO COMERCIALIZADORA,CON GDO,,POTENZIA COMERCIALIZADORA SL,kWh,2024,,2024,0,kgCO2e/kWh,ANNUAL,,MITECO,"MITECO - ""5. Factores Mix Eléctricos"" ""Etiquetado restante de Comercializadoras que han efectuado GdO""",,0,0,ALCANCE 2,fallback_reason=None; proxy_geography=None,Energia_Base_Maestra_y_Contrato_FINAL.xlsx,Factores
ENE_67F9B30714AA26,ESPAÑA,,ELECTRICIDAD,SUMINISTRO COMERCIALIZADORA,CON GDO,,POTENZIA COMERCIALIZADORA SL,kWh,2025,,2025,0,kgCO2e/kWh,ANNUAL,,MITECO,"MITECO - ""5. Factores Mix Eléctricos"" ""Etiquetado restante de Comercializadoras que han efectuado GdO""",,0,0,ALCANCE 2,fallback_reason=None; proxy_geography=None,Energia_Base_Maestra_y_Contrato_FINAL.xlsx,Factores
ENE_6EC6FBFDAE48C8,ESPAÑA,,ELECTRICIDAD,SUMINISTRO COMERCIALIZADORA,CON GDO,,POTENZIA COMERCIALIZADORA SL,kWh,2026,,2025,0,kgCO2e/kWh,ANNUAL,,MITECO,"MITECO - ""5. Factores Mix Eléctricos"" ""Etiquetado restante de Comercializadoras que han efectuado GdO""",,1,0,ALCANCE 2,fallback_reason=Último factor disponible para esta comercializadora y etiquetado; proxy_geography=None,Energia_Base_Maestra_y_Contrato_FINAL.xlsx,Factores
ENE_884D4BCF331509,ESPAÑA,,ELECTRICIDAD,SUMINISTRO COMERCIALIZADORA,SIN GDO,,"POWER WATT ENERGY ISLAND, SL",kWh,2024,,2024,0.006,kgCO2e/kWh,ANNUAL,,MITECO,"MITECO - ""5. Factores Mix Eléctricos"" ""Etiquetado restante de Comercializadoras que no han efectuado GdO""",,0,0,ALCANCE 2,fallback_reason=None; proxy_geography=None,Energia_Base_Maestra_y_Contrato_FINAL.xlsx,Factores
ENE_E5753916405278,ESPAÑA,,ELECTRICIDAD,SUMINISTRO COMERCIALIZADORA,SIN GDO,,"POWER WATT ENERGY ISLAND, SL",kWh,2025,,2025,0,kgCO2e/kWh,ANNUAL,,MITECO,"MITECO - ""5. Factores Mix Eléctricos"" ""Etiquetado restante de Comercializadoras que no han efectuado GdO""",,0,0,ALCANCE 2,fallback_reason=None; proxy_geography=None,Energia_Base_Maestra_y_Contrato_FINAL.xlsx,Factores
ENE_F7F830CFE544A7,ESPAÑA,,ELECTRICIDAD,SUMINISTRO COMERCIALIZADORA,SIN GDO,,"POWER WATT ENERGY ISLAND, SL",kWh,2026,,2025,0,kgCO2e/kWh,ANNUAL,,MITECO,"MITECO - ""5. Factores Mix Eléctricos"" ""Etiquetado restante de Comercializadoras que no han efectuado GdO""",,1,0,ALCANCE 2,fallback_reason=Último factor disponible para esta comercializadora y etiquetado; proxy_geography=None,Energia_Base_Maestra_y_Contrato_FINAL.xlsx,Factores
ENE_FA5909AA43C33F,ESPAÑA,,ELECTRICIDAD,SUMINISTRO COMERCIALIZADORA,SIN GDO,,"PROT ENERGIA COMERCIALIZACION, S.L",kWh,2022,,2022,0,kgCO2e/kWh,ANNUAL,,MITECO,"MITECO - ""5. Factores Mix Eléctricos"" ""Etiquetado restante de Comercializadoras que no han efectuado GdO""",,0,0,ALCANCE 2,fallback_reason=None; proxy_geography=None,Energia_Base_Maestra_y_Contrato_FINAL.xlsx,Factores
ENE_A95A9EF8EB3021,ESPAÑA,,ELECTRICIDAD,SUMINISTRO COMERCIALIZADORA,SIN GDO,,"PROT ENERGIA COMERCIALIZACION, S.L",kWh,2023,,2023,0.004,kgCO2e/kWh,ANNUAL,,MITECO,"MITECO - ""5. Factores Mix Eléctricos"" ""Etiquetado restante de Comercializadoras que no han efectuado GdO""",,0,0,ALCANCE 2,fallback_reason=None; proxy_geography=None,Energia_Base_Maestra_y_Contrato_FINAL.xlsx,Factores
ENE_556A5773DEAC03,ESPAÑA,,ELECTRICIDAD,SUMINISTRO COMERCIALIZADORA,SIN GDO,,"PROT ENERGIA COMERCIALIZACION, S.L",kWh,2024,,2024,0,kgCO2e/kWh,ANNUAL,,MITECO,"MITECO - ""5. Factores Mix Eléctricos"" ""Etiquetado restante de Comercializadoras que no han efectuado GdO""",,0,0,ALCANCE 2,fallback_reason=None; proxy_geography=None,Energia_Base_Maestra_y_Contrato_FINAL.xlsx,Factores
ENE_FFD7963EA216EC,ESPAÑA,,ELECTRICIDAD,SUMINISTRO COMERCIALIZADORA,SIN GDO,,"PROT ENERGIA COMERCIALIZACION, S.L",kWh,2025,,2025,0,kgCO2e/kWh,ANNUAL,,MITECO,"MITECO - ""5. Factores Mix Eléctricos"" ""Etiquetado restante de Comercializadoras que no han efectuado GdO""",,0,0,ALCANCE 2,fallback_reason=None; proxy_geography=None,Energia_Base_Maestra_y_Contrato_FINAL.xlsx,Factores
ENE_86D3B4CD3EBE94,ESPAÑA,,ELECTRICIDAD,SUMINISTRO COMERCIALIZADORA,SIN GDO,,"PROT ENERGIA COMERCIALIZACION, S.L",kWh,2026,,2025,0,kgCO2e/kWh,ANNUAL,,MITECO,"MITECO - ""5. Factores Mix Eléctricos"" ""Etiquetado restante de Comercializadoras que no han efectuado GdO""",,1,0,ALCANCE 2,fallback_reason=Último factor disponible para esta comercializadora y etiquetado; proxy_geography=None,Energia_Base_Maestra_y_Contrato_FINAL.xlsx,Factores
ENE_890AA666D343AD,ESPAÑA,,ELECTRICIDAD,SUMINISTRO COMERCIALIZADORA,SIN GDO,,"QUANTICA COMERCIALIZADORA DE ENERGIA, S.L.",kWh,2025,,2025,0,kgCO2e/kWh,ANNUAL,,MITECO,"MITECO - ""5. Factores Mix Eléctricos"" ""Etiquetado restante de Comercializadoras que no han efectuado GdO""",,0,0,ALCANCE 2,fallback_reason=None; proxy_geography=None,Energia_Base_Maestra_y_Contrato_FINAL.xlsx,Factores
ENE_7C5D6E361B0874,ESPAÑA,,ELECTRICIDAD,SUMINISTRO COMERCIALIZADORA,SIN GDO,,"QUANTICA COMERCIALIZADORA DE ENERGIA, S.L.",kWh,2026,,2025,0,kgCO2e/kWh,ANNUAL,,MITECO,"MITECO - ""5. Factores Mix Eléctricos"" ""Etiquetado restante de Comercializadoras que no han efectuado GdO""",,1,0,ALCANCE 2,fallback_reason=Último factor disponible para esta comercializadora y etiquetado; proxy_geography=None,Energia_Base_Maestra_y_Contrato_FINAL.xlsx,Factores
ENE_FBC44CB59DB83A,ESPAÑA,,ELECTRICIDAD,SUMINISTRO COMERCIALIZADORA,SIN GDO,,"REAZZIONA RENOVABLES, S.L.",kWh,2025,,2025,0,kgCO2e/kWh,ANNUAL,,MITECO,"MITECO - ""5. Factores Mix Eléctricos"" ""Etiquetado restante de Comercializadoras que no han efectuado GdO""",,0,0,ALCANCE 2,fallback_reason=None; proxy_geography=None,Energia_Base_Maestra_y_Contrato_FINAL.xlsx,Factores
ENE_E24815E053F7A5,ESPAÑA,,ELECTRICIDAD,SUMINISTRO COMERCIALIZADORA,SIN GDO,,"REAZZIONA RENOVABLES, S.L.",kWh,2026,,2025,0,kgCO2e/kWh,ANNUAL,,MITECO,"MITECO - ""5. Factores Mix Eléctricos"" ""Etiquetado restante de Comercializadoras que no han efectuado GdO""",,1,0,ALCANCE 2,fallback_reason=Último factor disponible para esta comercializadora y etiquetado; proxy_geography=None,Energia_Base_Maestra_y_Contrato_FINAL.xlsx,Factores
ENE_4369B77206253C,ESPAÑA,,ELECTRICIDAD,SUMINISTRO COMERCIALIZADORA,CON GDO,,"RECICLAJES ECOLOGICOS NAGINI, S.L.",kWh,2022,,2022,0.273,kgCO2e/kWh,ANNUAL,,MITECO,"MITECO - ""5. Factores Mix Eléctricos"" ""Etiquetado restante de Comercializadoras que han efectuado GdO""",,0,0,ALCANCE 2,fallback_reason=None; proxy_geography=None,Energia_Base_Maestra_y_Contrato_FINAL.xlsx,Factores
ENE_4FB1DCAE9957DE,ESPAÑA,,ELECTRICIDAD,SUMINISTRO COMERCIALIZADORA,CON GDO,,"RECICLAJES ECOLOGICOS NAGINI, S.L.",kWh,2023,,2023,0.26,kgCO2e/kWh,ANNUAL,,MITECO,"MITECO - ""5. Factores Mix Eléctricos"" ""Etiquetado restante de Comercializadoras que han efectuado GdO""",,0,0,ALCANCE 2,fallback_reason=None; proxy_geography=None,Energia_Base_Maestra_y_Contrato_FINAL.xlsx,Factores
ENE_C499C0E124AFBF,ESPAÑA,,ELECTRICIDAD,SUMINISTRO COMERCIALIZADORA,CON GDO,,"RECICLAJES ECOLOGICOS NAGINI, S.L.",kWh,2024,,2024,0.283,kgCO2e/kWh,ANNUAL,,MITECO,"MITECO - ""5. Factores Mix Eléctricos"" ""Etiquetado restante de Comercializadoras que han efectuado GdO""",,0,0,ALCANCE 2,fallback_reason=None; proxy_geography=None,Energia_Base_Maestra_y_Contrato_FINAL.xlsx,Factores
ENE_EF7E9444F0302B,ESPAÑA,,ELECTRICIDAD,SUMINISTRO COMERCIALIZADORA,CON GDO,,"RECICLAJES ECOLOGICOS NAGINI, S.L.",kWh,2025,,2025,0.256,kgCO2e/kWh,ANNUAL,,MITECO,"MITECO - ""5. Factores Mix Eléctricos"" ""Etiquetado restante de Comercializadoras que han efectuado GdO""",,0,0,ALCANCE 2,fallback_reason=None; proxy_geography=None,Energia_Base_Maestra_y_Contrato_FINAL.xlsx,Factores
ENE_0DF9A897E5AD26,ESPAÑA,,ELECTRICIDAD,SUMINISTRO COMERCIALIZADORA,CON GDO,,"RECICLAJES ECOLOGICOS NAGINI, S.L.",kWh,2026,,2025,0.256,kgCO2e/kWh,ANNUAL,,MITECO,"MITECO - ""5. Factores Mix Eléctricos"" ""Etiquetado restante de Comercializadoras que han efectuado GdO""",,1,0,ALCANCE 2,fallback_reason=Último factor disponible para esta comercializadora y etiquetado; proxy_geography=None,Energia_Base_Maestra_y_Contrato_FINAL.xlsx,Factores
ENE_DE71E49C07AA01,ESPAÑA,,ELECTRICIDAD,SUMINISTRO COMERCIALIZADORA,CON GDO,,"RELUZCA ENERGÍA, S..L.",kWh,2023,,2023,0.258,kgCO2e/kWh,ANNUAL,,MITECO,"MITECO - ""5. Factores Mix Eléctricos"" ""Etiquetado restante de Comercializadoras que han efectuado GdO""",,0,0,ALCANCE 2,fallback_reason=None; proxy_geography=None,Energia_Base_Maestra_y_Contrato_FINAL.xlsx,Factores
ENE_01A47FB0F2909F,ESPAÑA,,ELECTRICIDAD,SUMINISTRO COMERCIALIZADORA,CON GDO,,"RELUZCA ENERGÍA, S..L.",kWh,2024,,2024,0.271,kgCO2e/kWh,ANNUAL,,MITECO,"MITECO - ""5. Factores Mix Eléctricos"" ""Etiquetado restante de Comercializadoras que han efectuado GdO""",,0,0,ALCANCE 2,fallback_reason=None; proxy_geography=None,Energia_Base_Maestra_y_Contrato_FINAL.xlsx,Factores
ENE_9CE7610D9DCC55,ESPAÑA,,ELECTRICIDAD,SUMINISTRO COMERCIALIZADORA,CON GDO,,"RELUZCA ENERGÍA, S..L.",kWh,2025,,2025,0.258,kgCO2e/kWh,ANNUAL,,MITECO,"MITECO - ""5. Factores Mix Eléctricos"" ""Etiquetado restante de Comercializadoras que han efectuado GdO""",,0,0,ALCANCE 2,fallback_reason=None; proxy_geography=None,Energia_Base_Maestra_y_Contrato_FINAL.xlsx,Factores
ENE_8046C5F0EAC9F4,ESPAÑA,,ELECTRICIDAD,SUMINISTRO COMERCIALIZADORA,CON GDO,,"RELUZCA ENERGÍA, S..L.",kWh,2026,,2025,0.258,kgCO2e/kWh,ANNUAL,,MITECO,"MITECO - ""5. Factores Mix Eléctricos"" ""Etiquetado restante de Comercializadoras que han efectuado GdO""",,1,0,ALCANCE 2,fallback_reason=Último factor disponible para esta comercializadora y etiquetado; proxy_geography=None,Energia_Base_Maestra_y_Contrato_FINAL.xlsx,Factores
ENE_48B13F2165B01C,ESPAÑA,,ELECTRICIDAD,SUMINISTRO COMERCIALIZADORA,CON GDO,,RENEWABLE VENTURES SLU,kWh,2022,,2022,0.269,kgCO2e/kWh,ANNUAL,,MITECO,"MITECO - ""5. Factores Mix Eléctricos"" ""Etiquetado restante de Comercializadoras que han efectuado GdO""",,0,0,ALCANCE 2,fallback_reason=None; proxy_geography=None,Energia_Base_Maestra_y_Contrato_FINAL.xlsx,Factores
ENE_58CB8F67BEF5B8,ESPAÑA,,ELECTRICIDAD,SUMINISTRO COMERCIALIZADORA,CON GDO,,RENEWABLE VENTURES SLU,kWh,2026,,2022,0.269,kgCO2e/kWh,ANNUAL,,MITECO,"MITECO - ""5. Factores Mix Eléctricos"" ""Etiquetado restante de Comercializadoras que han efectuado GdO""",,1,0,ALCANCE 2,fallback_reason=Último factor disponible para esta comercializadora y etiquetado; proxy_geography=None,Energia_Base_Maestra_y_Contrato_FINAL.xlsx,Factores
ENE_2082BC8E8FBB32,ESPAÑA,,ELECTRICIDAD,SUMINISTRO COMERCIALIZADORA,CON GDO,,"RENOVAE CONSULTING, S.L.",kWh,2025,,2025,0.255,kgCO2e/kWh,ANNUAL,,MITECO,"MITECO - ""5. Factores Mix Eléctricos"" ""Etiquetado restante de Comercializadoras que han efectuado GdO""",,0,0,ALCANCE 2,fallback_reason=None; proxy_geography=None,Energia_Base_Maestra_y_Contrato_FINAL.xlsx,Factores
ENE_BD89D48E0DDDD3,ESPAÑA,,ELECTRICIDAD,SUMINISTRO COMERCIALIZADORA,CON GDO,,"RENOVAE CONSULTING, S.L.",kWh,2026,,2025,0.255,kgCO2e/kWh,ANNUAL,,MITECO,"MITECO - ""5. Factores Mix Eléctricos"" ""Etiquetado restante de Comercializadoras que han efectuado GdO""",,1,0,ALCANCE 2,fallback_reason=Último factor disponible para esta comercializadora y etiquetado; proxy_geography=None,Energia_Base_Maestra_y_Contrato_FINAL.xlsx,Factores
ENE_F8D4D0BA9D88B9,ESPAÑA,,ELECTRICIDAD,SUMINISTRO COMERCIALIZADORA,SIN GDO,,"REPRESENTANTES DE CONSUMIDORES EN EL MERCADO ELÉCTRICO, S.L.",kWh,2025,,2025,0,kgCO2e/kWh,ANNUAL,,MITECO,"MITECO - ""5. Factores Mix Eléctricos"" ""Etiquetado restante de Comercializadoras que no han efectuado GdO""",,0,0,ALCANCE 2,fallback_reason=None; proxy_geography=None,Energia_Base_Maestra_y_Contrato_FINAL.xlsx,Factores
ENE_AC49092F2519BB,ESPAÑA,,ELECTRICIDAD,SUMINISTRO COMERCIALIZADORA,SIN GDO,,"REPRESENTANTES DE CONSUMIDORES EN EL MERCADO ELÉCTRICO, S.L.",kWh,2026,,2025,0,kgCO2e/kWh,ANNUAL,,MITECO,"MITECO - ""5. Factores Mix Eléctricos"" ""Etiquetado restante de Comercializadoras que no han efectuado GdO""",,1,0,ALCANCE 2,fallback_reason=Último factor disponible para esta comercializadora y etiquetado; proxy_geography=None,Energia_Base_Maestra_y_Contrato_FINAL.xlsx,Factores
ENE_007DFAB52110DB,ESPAÑA,,ELECTRICIDAD,SUMINISTRO COMERCIALIZADORA,CON GDO,,"REPSOL COMERCIALIZADORA DE ELECTRICIDAD Y GAS, S.L.U",kWh,2022,,2022,0,kgCO2e/kWh,ANNUAL,,MITECO,"MITECO - ""5. Factores Mix Eléctricos"" ""Etiquetado restante de Comercializadoras que han efectuado GdO""",,0,0,ALCANCE 2,fallback_reason=None; proxy_geography=None,Energia_Base_Maestra_y_Contrato_FINAL.xlsx,Factores
ENE_2305377DCD41DE,ESPAÑA,,ELECTRICIDAD,SUMINISTRO COMERCIALIZADORA,CON GDO,,"REPSOL COMERCIALIZADORA DE ELECTRICIDAD Y GAS, S.L.U",kWh,2023,,2023,0.259,kgCO2e/kWh,ANNUAL,,MITECO,"MITECO - ""5. Factores Mix Eléctricos"" ""Etiquetado restante de Comercializadoras que han efectuado GdO""",,0,0,ALCANCE 2,fallback_reason=None; proxy_geography=None,Energia_Base_Maestra_y_Contrato_FINAL.xlsx,Factores
ENE_FCBF02806443FB,ESPAÑA,,ELECTRICIDAD,SUMINISTRO COMERCIALIZADORA,CON GDO,,"REPSOL COMERCIALIZADORA DE ELECTRICIDAD Y GAS, S.L.U",kWh,2024,,2024,0.074,kgCO2e/kWh,ANNUAL,,MITECO,"MITECO - ""5. Factores Mix Eléctricos"" ""Etiquetado restante de Comercializadoras que han efectuado GdO""",,0,0,ALCANCE 2,fallback_reason=None; proxy_geography=None,Energia_Base_Maestra_y_Contrato_FINAL.xlsx,Factores
ENE_DEDEBBB267F677,ESPAÑA,,ELECTRICIDAD,SUMINISTRO COMERCIALIZADORA,CON GDO,,"REPSOL COMERCIALIZADORA DE ELECTRICIDAD Y GAS, S.L.U",kWh,2025,,2025,0.08699999999999999,kgCO2e/kWh,ANNUAL,,MITECO,"MITECO - ""5. Factores Mix Eléctricos"" ""Etiquetado restante de Comercializadoras que han efectuado GdO""",,0,0,ALCANCE 2,fallback_reason=None; proxy_geography=None,Energia_Base_Maestra_y_Contrato_FINAL.xlsx,Factores
ENE_DB40FABF80EC65,ESPAÑA,,ELECTRICIDAD,SUMINISTRO COMERCIALIZADORA,CON GDO,,"REPSOL COMERCIALIZADORA DE ELECTRICIDAD Y GAS, S.L.U",kWh,2026,,2025,0.08699999999999999,kgCO2e/kWh,ANNUAL,,MITECO,"MITECO - ""5. Factores Mix Eléctricos"" ""Etiquetado restante de Comercializadoras que han efectuado GdO""",,1,0,ALCANCE 2,fallback_reason=Último factor disponible para esta comercializadora y etiquetado; proxy_geography=None,Energia_Base_Maestra_y_Contrato_FINAL.xlsx,Factores
ENE_821D32CDBA3843,ESPAÑA,,ELECTRICIDAD,SUMINISTRO COMERCIALIZADORA,CON GDO,,"RESPIRA ENERGÍA ESPAÑA, S.L.",kWh,2022,,2022,0.272,kgCO2e/kWh,ANNUAL,,MITECO,"MITECO - ""5. Factores Mix Eléctricos"" ""Etiquetado restante de Comercializadoras que han efectuado GdO""",,0,0,ALCANCE 2,fallback_reason=None; proxy_geography=None,Energia_Base_Maestra_y_Contrato_FINAL.xlsx,Factores
ENE_5F7FF9320413BA,ESPAÑA,,ELECTRICIDAD,SUMINISTRO COMERCIALIZADORA,CON GDO,,"RESPIRA ENERGÍA ESPAÑA, S.L.",kWh,2023,,2023,0,kgCO2e/kWh,ANNUAL,,MITECO,"MITECO - ""5. Factores Mix Eléctricos"" ""Etiquetado restante de Comercializadoras que han efectuado GdO""",,0,0,ALCANCE 2,fallback_reason=None; proxy_geography=None,Energia_Base_Maestra_y_Contrato_FINAL.xlsx,Factores
ENE_4B58441363E775,ESPAÑA,,ELECTRICIDAD,SUMINISTRO COMERCIALIZADORA,CON GDO,,"RESPIRA ENERGÍA ESPAÑA, S.L.",kWh,2024,,2024,0,kgCO2e/kWh,ANNUAL,,MITECO,"MITECO - ""5. Factores Mix Eléctricos"" ""Etiquetado restante de Comercializadoras que han efectuado GdO""",,0,0,ALCANCE 2,fallback_reason=None; proxy_geography=None,Energia_Base_Maestra_y_Contrato_FINAL.xlsx,Factores
ENE_0A6D8EE24E7192,ESPAÑA,,ELECTRICIDAD,SUMINISTRO COMERCIALIZADORA,CON GDO,,"RESPIRA ENERGÍA ESPAÑA, S.L.",kWh,2025,,2025,0,kgCO2e/kWh,ANNUAL,,MITECO,"MITECO - ""5. Factores Mix Eléctricos"" ""Etiquetado restante de Comercializadoras que han efectuado GdO""",,0,0,ALCANCE 2,fallback_reason=None; proxy_geography=None,Energia_Base_Maestra_y_Contrato_FINAL.xlsx,Factores
ENE_4688EB0514037E,ESPAÑA,,ELECTRICIDAD,SUMINISTRO COMERCIALIZADORA,CON GDO,,"RESPIRA ENERGÍA ESPAÑA, S.L.",kWh,2026,,2025,0,kgCO2e/kWh,ANNUAL,,MITECO,"MITECO - ""5. Factores Mix Eléctricos"" ""Etiquetado restante de Comercializadoras que han efectuado GdO""",,1,0,ALCANCE 2,fallback_reason=Último factor disponible para esta comercializadora y etiquetado; proxy_geography=None,Energia_Base_Maestra_y_Contrato_FINAL.xlsx,Factores
ENE_CEBF2061B67923,ESPAÑA,,ELECTRICIDAD,SUMINISTRO COMERCIALIZADORA,CON GDO,,RESPIRA ENERGÍA S.A,kWh,2022,,2022,0.112,kgCO2e/kWh,ANNUAL,,MITECO,"MITECO - ""5. Factores Mix Eléctricos"" ""Etiquetado restante de Comercializadoras que han efectuado GdO""",,0,0,ALCANCE 2,fallback_reason=None; proxy_geography=None,Energia_Base_Maestra_y_Contrato_FINAL.xlsx,Factores
ENE_4D7D5EBFDDE366,ESPAÑA,,ELECTRICIDAD,SUMINISTRO COMERCIALIZADORA,CON GDO,,RESPIRA ENERGÍA S.A,kWh,2023,,2023,0.008999999999999999,kgCO2e/kWh,ANNUAL,,MITECO,"MITECO - ""5. Factores Mix Eléctricos"" ""Etiquetado restante de Comercializadoras que han efectuado GdO""",,0,0,ALCANCE 2,fallback_reason=None; proxy_geography=None,Energia_Base_Maestra_y_Contrato_FINAL.xlsx,Factores
ENE_3B05040CC8C06A,ESPAÑA,,ELECTRICIDAD,SUMINISTRO COMERCIALIZADORA,CON GDO,,RESPIRA ENERGÍA S.A,kWh,2024,,2024,0,kgCO2e/kWh,ANNUAL,,MITECO,"MITECO - ""5. Factores Mix Eléctricos"" ""Etiquetado restante de Comercializadoras que han efectuado GdO""",,0,0,ALCANCE 2,fallback_reason=None; proxy_geography=None,Energia_Base_Maestra_y_Contrato_FINAL.xlsx,Factores
ENE_1D65938276C912,ESPAÑA,,ELECTRICIDAD,SUMINISTRO COMERCIALIZADORA,CON GDO,,RESPIRA ENERGÍA S.A,kWh,2025,,2025,0,kgCO2e/kWh,ANNUAL,,MITECO,"MITECO - ""5. Factores Mix Eléctricos"" ""Etiquetado restante de Comercializadoras que han efectuado GdO""",,0,0,ALCANCE 2,fallback_reason=None; proxy_geography=None,Energia_Base_Maestra_y_Contrato_FINAL.xlsx,Factores
ENE_04DA6943C17780,ESPAÑA,,ELECTRICIDAD,SUMINISTRO COMERCIALIZADORA,CON GDO,,RESPIRA ENERGÍA S.A,kWh,2026,,2025,0,kgCO2e/kWh,ANNUAL,,MITECO,"MITECO - ""5. Factores Mix Eléctricos"" ""Etiquetado restante de Comercializadoras que han efectuado GdO""",,1,0,ALCANCE 2,fallback_reason=Último factor disponible para esta comercializadora y etiquetado; proxy_geography=None,Energia_Base_Maestra_y_Contrato_FINAL.xlsx,Factores
ENE_17F2D67271A7C5,ESPAÑA,,ELECTRICIDAD,SUMINISTRO COMERCIALIZADORA,SIN GDO,,"REUS SERVEIS MUNICIPALS, S.A.",kWh,2023,,2023,0,kgCO2e/kWh,ANNUAL,,MITECO,"MITECO - ""5. Factores Mix Eléctricos"" ""Etiquetado restante de Comercializadoras que no han efectuado GdO""",,0,0,ALCANCE 2,fallback_reason=None; proxy_geography=None,Energia_Base_Maestra_y_Contrato_FINAL.xlsx,Factores
ENE_3C63D0C94016DA,ESPAÑA,,ELECTRICIDAD,SUMINISTRO COMERCIALIZADORA,SIN GDO,,"REUS SERVEIS MUNICIPALS, S.A.",kWh,2024,,2024,0,kgCO2e/kWh,ANNUAL,,MITECO,"MITECO - ""5. Factores Mix Eléctricos"" ""Etiquetado restante de Comercializadoras que no han efectuado GdO""",,0,0,ALCANCE 2,fallback_reason=None; proxy_geography=None,Energia_Base_Maestra_y_Contrato_FINAL.xlsx,Factores
ENE_7C2DAFBAE8EC63,ESPAÑA,,ELECTRICIDAD,SUMINISTRO COMERCIALIZADORA,SIN GDO,,"REUS SERVEIS MUNICIPALS, S.A.",kWh,2025,,2025,0,kgCO2e/kWh,ANNUAL,,MITECO,"MITECO - ""5. Factores Mix Eléctricos"" ""Etiquetado restante de Comercializadoras que no han efectuado GdO""",,0,0,ALCANCE 2,fallback_reason=None; proxy_geography=None,Energia_Base_Maestra_y_Contrato_FINAL.xlsx,Factores
ENE_34181B09BFDB3E,ESPAÑA,,ELECTRICIDAD,SUMINISTRO COMERCIALIZADORA,SIN GDO,,"REUS SERVEIS MUNICIPALS, S.A.",kWh,2026,,2025,0,kgCO2e/kWh,ANNUAL,,MITECO,"MITECO - ""5. Factores Mix Eléctricos"" ""Etiquetado restante de Comercializadoras que no han efectuado GdO""",,1,0,ALCANCE 2,fallback_reason=Último factor disponible para esta comercializadora y etiquetado; proxy_geography=None,Energia_Base_Maestra_y_Contrato_FINAL.xlsx,Factores
ENE_FFC76F894F9E25,ESPAÑA,,ELECTRICIDAD,SUMINISTRO COMERCIALIZADORA,CON GDO,,"ROFEICA ENERGIA, S.A",kWh,2022,,2022,0.273,kgCO2e/kWh,ANNUAL,,MITECO,"MITECO - ""5. Factores Mix Eléctricos"" ""Etiquetado restante de Comercializadoras que han efectuado GdO""",,0,0,ALCANCE 2,fallback_reason=None; proxy_geography=None,Energia_Base_Maestra_y_Contrato_FINAL.xlsx,Factores
ENE_B5BFA8C61F6BF7,ESPAÑA,,ELECTRICIDAD,SUMINISTRO COMERCIALIZADORA,CON GDO,,"ROFEICA ENERGIA, S.A",kWh,2023,,2023,0.263,kgCO2e/kWh,ANNUAL,,MITECO,"MITECO - ""5. Factores Mix Eléctricos"" ""Etiquetado restante de Comercializadoras que han efectuado GdO""",,0,0,ALCANCE 2,fallback_reason=None; proxy_geography=None,Energia_Base_Maestra_y_Contrato_FINAL.xlsx,Factores
ENE_3667C19508B602,ESPAÑA,,ELECTRICIDAD,SUMINISTRO COMERCIALIZADORA,CON GDO,,"ROFEICA ENERGIA, S.A",kWh,2024,,2024,0.281,kgCO2e/kWh,ANNUAL,,MITECO,"MITECO - ""5. Factores Mix Eléctricos"" ""Etiquetado restante de Comercializadoras que han efectuado GdO""",,0,0,ALCANCE 2,fallback_reason=None; proxy_geography=None,Energia_Base_Maestra_y_Contrato_FINAL.xlsx,Factores
ENE_1EC1F366248CA9,ESPAÑA,,ELECTRICIDAD,SUMINISTRO COMERCIALIZADORA,CON GDO,,"ROFEICA ENERGIA, S.A",kWh,2025,,2025,0.258,kgCO2e/kWh,ANNUAL,,MITECO,"MITECO - ""5. Factores Mix Eléctricos"" ""Etiquetado restante de Comercializadoras que han efectuado GdO""",,0,0,ALCANCE 2,fallback_reason=None; proxy_geography=None,Energia_Base_Maestra_y_Contrato_FINAL.xlsx,Factores
ENE_826F865688B2FC,ESPAÑA,,ELECTRICIDAD,SUMINISTRO COMERCIALIZADORA,CON GDO,,"ROFEICA ENERGIA, S.A",kWh,2026,,2025,0.258,kgCO2e/kWh,ANNUAL,,MITECO,"MITECO - ""5. Factores Mix Eléctricos"" ""Etiquetado restante de Comercializadoras que han efectuado GdO""",,1,0,ALCANCE 2,fallback_reason=Último factor disponible para esta comercializadora y etiquetado; proxy_geography=None,Energia_Base_Maestra_y_Contrato_FINAL.xlsx,Factores
ENE_E97470E498D9CB,ESPAÑA,,ELECTRICIDAD,SUMINISTRO COMERCIALIZADORA,CON GDO,,"RONDA OESTE ENERGÍA, S.L",kWh,2022,,2022,0.271,kgCO2e/kWh,ANNUAL,,MITECO,"MITECO - ""5. Factores Mix Eléctricos"" ""Etiquetado restante de Comercializadoras que han efectuado GdO""",,0,0,ALCANCE 2,fallback_reason=None; proxy_geography=None,Energia_Base_Maestra_y_Contrato_FINAL.xlsx,Factores
ENE_54768A24288F3A,ESPAÑA,,ELECTRICIDAD,SUMINISTRO COMERCIALIZADORA,CON GDO,,"RONDA OESTE ENERGÍA, S.L",kWh,2023,,2023,0.25,kgCO2e/kWh,ANNUAL,,MITECO,"MITECO - ""5. Factores Mix Eléctricos"" ""Etiquetado restante de Comercializadoras que han efectuado GdO""",,0,0,ALCANCE 2,fallback_reason=None; proxy_geography=None,Energia_Base_Maestra_y_Contrato_FINAL.xlsx,Factores
ENE_12C54AF9FB52EB,ESPAÑA,,ELECTRICIDAD,SUMINISTRO COMERCIALIZADORA,CON GDO,,"RONDA OESTE ENERGÍA, S.L",kWh,2024,,2024,0.266,kgCO2e/kWh,ANNUAL,,MITECO,"MITECO - ""5. Factores Mix Eléctricos"" ""Etiquetado restante de Comercializadoras que han efectuado GdO""",,0,0,ALCANCE 2,fallback_reason=None; proxy_geography=None,Energia_Base_Maestra_y_Contrato_FINAL.xlsx,Factores
ENE_CDBB33E53515EB,ESPAÑA,,ELECTRICIDAD,SUMINISTRO COMERCIALIZADORA,CON GDO,,"RONDA OESTE ENERGÍA, S.L",kWh,2025,,2025,0.237,kgCO2e/kWh,ANNUAL,,MITECO,"MITECO - ""5. Factores Mix Eléctricos"" ""Etiquetado restante de Comercializadoras que han efectuado GdO""",,0,0,ALCANCE 2,fallback_reason=None; proxy_geography=None,Energia_Base_Maestra_y_Contrato_FINAL.xlsx,Factores
ENE_DFDC4A1F4215F3,ESPAÑA,,ELECTRICIDAD,SUMINISTRO COMERCIALIZADORA,CON GDO,,"RONDA OESTE ENERGÍA, S.L",kWh,2026,,2025,0.237,kgCO2e/kWh,ANNUAL,,MITECO,"MITECO - ""5. Factores Mix Eléctricos"" ""Etiquetado restante de Comercializadoras que han efectuado GdO""",,1,0,ALCANCE 2,fallback_reason=Último factor disponible para esta comercializadora y etiquetado; proxy_geography=None,Energia_Base_Maestra_y_Contrato_FINAL.xlsx,Factores
ENE_2CB7D4791B4E4A,ESPAÑA,,ELECTRICIDAD,SUMINISTRO COMERCIALIZADORA,SIN GDO,,"SAMARA ENERGIA VPP, S.L.",kWh,2025,,2025,0,kgCO2e/kWh,ANNUAL,,MITECO,"MITECO - ""5. Factores Mix Eléctricos"" ""Etiquetado restante de Comercializadoras que no han efectuado GdO""",,0,0,ALCANCE 2,fallback_reason=None; proxy_geography=None,Energia_Base_Maestra_y_Contrato_FINAL.xlsx,Factores
ENE_0C469264AC5FB6,ESPAÑA,,ELECTRICIDAD,SUMINISTRO COMERCIALIZADORA,SIN GDO,,"SAMARA ENERGIA VPP, S.L.",kWh,2026,,2025,0,kgCO2e/kWh,ANNUAL,,MITECO,"MITECO - ""5. Factores Mix Eléctricos"" ""Etiquetado restante de Comercializadoras que no han efectuado GdO""",,1,0,ALCANCE 2,fallback_reason=Último factor disponible para esta comercializadora y etiquetado; proxy_geography=None,Energia_Base_Maestra_y_Contrato_FINAL.xlsx,Factores
ENE_BFAC30C9F017E9,ESPAÑA,,ELECTRICIDAD,SUMINISTRO COMERCIALIZADORA,CON GDO,,SAMPOL INGENIERIA Y OBRAS SA,kWh,2022,,2022,0.269,kgCO2e/kWh,ANNUAL,,MITECO,"MITECO - ""5. Factores Mix Eléctricos"" ""Etiquetado restante de Comercializadoras que han efectuado GdO""",,0,0,ALCANCE 2,fallback_reason=None; proxy_geography=None,Energia_Base_Maestra_y_Contrato_FINAL.xlsx,Factores
ENE_C99E0AE9B1E9F3,ESPAÑA,,ELECTRICIDAD,SUMINISTRO COMERCIALIZADORA,CON GDO,,SAMPOL INGENIERIA Y OBRAS SA,kWh,2023,,2023,0,kgCO2e/kWh,ANNUAL,,MITECO,"MITECO - ""5. Factores Mix Eléctricos"" ""Etiquetado restante de Comercializadoras que han efectuado GdO""",,0,0,ALCANCE 2,fallback_reason=None; proxy_geography=None,Energia_Base_Maestra_y_Contrato_FINAL.xlsx,Factores
ENE_EFA2EDCBFCAA2E,ESPAÑA,,ELECTRICIDAD,SUMINISTRO COMERCIALIZADORA,CON GDO,,SAMPOL INGENIERIA Y OBRAS SA,kWh,2024,,2024,0,kgCO2e/kWh,ANNUAL,,MITECO,"MITECO - ""5. Factores Mix Eléctricos"" ""Etiquetado restante de Comercializadoras que han efectuado GdO""",,0,0,ALCANCE 2,fallback_reason=None; proxy_geography=None,Energia_Base_Maestra_y_Contrato_FINAL.xlsx,Factores
ENE_C6DC9FC00C77A6,ESPAÑA,,ELECTRICIDAD,SUMINISTRO COMERCIALIZADORA,CON GDO,,SAMPOL INGENIERIA Y OBRAS SA,kWh,2025,,2025,0,kgCO2e/kWh,ANNUAL,,MITECO,"MITECO - ""5. Factores Mix Eléctricos"" ""Etiquetado restante de Comercializadoras que han efectuado GdO""",,0,0,ALCANCE 2,fallback_reason=None; proxy_geography=None,Energia_Base_Maestra_y_Contrato_FINAL.xlsx,Factores
ENE_029EB497D88A3E,ESPAÑA,,ELECTRICIDAD,SUMINISTRO COMERCIALIZADORA,CON GDO,,SAMPOL INGENIERIA Y OBRAS SA,kWh,2026,,2025,0,kgCO2e/kWh,ANNUAL,,MITECO,"MITECO - ""5. Factores Mix Eléctricos"" ""Etiquetado restante de Comercializadoras que han efectuado GdO""",,1,0,ALCANCE 2,fallback_reason=Último factor disponible para esta comercializadora y etiquetado; proxy_geography=None,Energia_Base_Maestra_y_Contrato_FINAL.xlsx,Factores
ENE_B74F6D73DDD6A2,ESPAÑA,,ELECTRICIDAD,SUMINISTRO COMERCIALIZADORA,CON GDO,,"SERVICIOS ENERGETICOS AVANZADOS, S.L.",kWh,2025,,2025,0.25,kgCO2e/kWh,ANNUAL,,MITECO,"MITECO - ""5. Factores Mix Eléctricos"" ""Etiquetado restante de Comercializadoras que han efectuado GdO""",,0,0,ALCANCE 2,fallback_reason=None; proxy_geography=None,Energia_Base_Maestra_y_Contrato_FINAL.xlsx,Factores
ENE_341EA2575103D7,ESPAÑA,,ELECTRICIDAD,SUMINISTRO COMERCIALIZADORA,CON GDO,,"SERVICIOS ENERGETICOS AVANZADOS, S.L.",kWh,2026,,2025,0.25,kgCO2e/kWh,ANNUAL,,MITECO,"MITECO - ""5. Factores Mix Eléctricos"" ""Etiquetado restante de Comercializadoras que han efectuado GdO""",,1,0,ALCANCE 2,fallback_reason=Último factor disponible para esta comercializadora y etiquetado; proxy_geography=None,Energia_Base_Maestra_y_Contrato_FINAL.xlsx,Factores
ENE_6E70EA771C8F90,ESPAÑA,,ELECTRICIDAD,SUMINISTRO COMERCIALIZADORA,CON GDO,,SERVIGAS S XXI SA,kWh,2022,,2022,0.267,kgCO2e/kWh,ANNUAL,,MITECO,"MITECO - ""5. Factores Mix Eléctricos"" ""Etiquetado restante de Comercializadoras que han efectuado GdO""",,0,0,ALCANCE 2,fallback_reason=None; proxy_geography=None,Energia_Base_Maestra_y_Contrato_FINAL.xlsx,Factores
ENE_87BA6292154160,ESPAÑA,,ELECTRICIDAD,SUMINISTRO COMERCIALIZADORA,CON GDO,,SERVIGAS S XXI SA,kWh,2023,,2023,0.257,kgCO2e/kWh,ANNUAL,,MITECO,"MITECO - ""5. Factores Mix Eléctricos"" ""Etiquetado restante de Comercializadoras que han efectuado GdO""",,0,0,ALCANCE 2,fallback_reason=None; proxy_geography=None,Energia_Base_Maestra_y_Contrato_FINAL.xlsx,Factores
ENE_7EA55C30CC1B50,ESPAÑA,,ELECTRICIDAD,SUMINISTRO COMERCIALIZADORA,CON GDO,,SERVIGAS S XXI SA,kWh,2024,,2024,0.283,kgCO2e/kWh,ANNUAL,,MITECO,"MITECO - ""5. Factores Mix Eléctricos"" ""Etiquetado restante de Comercializadoras que han efectuado GdO""",,0,0,ALCANCE 2,fallback_reason=None; proxy_geography=None,Energia_Base_Maestra_y_Contrato_FINAL.xlsx,Factores
ENE_816761802DD5E9,ESPAÑA,,ELECTRICIDAD,SUMINISTRO COMERCIALIZADORA,CON GDO,,SERVIGAS S XXI SA,kWh,2025,,2025,0.258,kgCO2e/kWh,ANNUAL,,MITECO,"MITECO - ""5. Factores Mix Eléctricos"" ""Etiquetado restante de Comercializadoras que han efectuado GdO""",,0,0,ALCANCE 2,fallback_reason=None; proxy_geography=None,Energia_Base_Maestra_y_Contrato_FINAL.xlsx,Factores
ENE_7E89938490E585,ESPAÑA,,ELECTRICIDAD,SUMINISTRO COMERCIALIZADORA,CON GDO,,SERVIGAS S XXI SA,kWh,2026,,2025,0.258,kgCO2e/kWh,ANNUAL,,MITECO,"MITECO - ""5. Factores Mix Eléctricos"" ""Etiquetado restante de Comercializadoras que han efectuado GdO""",,1,0,ALCANCE 2,fallback_reason=Último factor disponible para esta comercializadora y etiquetado; proxy_geography=None,Energia_Base_Maestra_y_Contrato_FINAL.xlsx,Factores
ENE_D925A1CB1813C1,ESPAÑA,,ELECTRICIDAD,SUMINISTRO COMERCIALIZADORA,CON GDO,,"SHELL ESPAÑA, S.A",kWh,2023,,2023,0.26,kgCO2e/kWh,ANNUAL,,MITECO,"MITECO - ""5. Factores Mix Eléctricos"" ""Etiquetado restante de Comercializadoras que han efectuado GdO""",,0,0,ALCANCE 2,fallback_reason=None; proxy_geography=None,Energia_Base_Maestra_y_Contrato_FINAL.xlsx,Factores
ENE_A8DB412992A36E,ESPAÑA,,ELECTRICIDAD,SUMINISTRO COMERCIALIZADORA,CON GDO,,"SHELL ESPAÑA, S.A",kWh,2024,,2024,0.282,kgCO2e/kWh,ANNUAL,,MITECO,"MITECO - ""5. Factores Mix Eléctricos"" ""Etiquetado restante de Comercializadoras que han efectuado GdO""",,0,0,ALCANCE 2,fallback_reason=None; proxy_geography=None,Energia_Base_Maestra_y_Contrato_FINAL.xlsx,Factores
ENE_F171DC1B2DB224,ESPAÑA,,ELECTRICIDAD,SUMINISTRO COMERCIALIZADORA,CON GDO,,"SHELL ESPAÑA, S.A",kWh,2025,,2025,0.257,kgCO2e/kWh,ANNUAL,,MITECO,"MITECO - ""5. Factores Mix Eléctricos"" ""Etiquetado restante de Comercializadoras que han efectuado GdO""",,0,0,ALCANCE 2,fallback_reason=None; proxy_geography=None,Energia_Base_Maestra_y_Contrato_FINAL.xlsx,Factores
ENE_268CA9BCA45E9B,ESPAÑA,,ELECTRICIDAD,SUMINISTRO COMERCIALIZADORA,CON GDO,,"SHELL ESPAÑA, S.A",kWh,2026,,2025,0.257,kgCO2e/kWh,ANNUAL,,MITECO,"MITECO - ""5. Factores Mix Eléctricos"" ""Etiquetado restante de Comercializadoras que han efectuado GdO""",,1,0,ALCANCE 2,fallback_reason=Último factor disponible para esta comercializadora y etiquetado; proxy_geography=None,Energia_Base_Maestra_y_Contrato_FINAL.xlsx,Factores
ENE_96FAE97075E79C,ESPAÑA,,ELECTRICIDAD,SUMINISTRO COMERCIALIZADORA,SIN GDO,,"SHELL ESPAÑA, S.A",kWh,2022,,2022,0.273,kgCO2e/kWh,ANNUAL,,MITECO,"MITECO - ""5. Factores Mix Eléctricos"" ""Etiquetado restante de Comercializadoras que no han efectuado GdO""",,0,0,ALCANCE 2,fallback_reason=None; proxy_geography=None,Energia_Base_Maestra_y_Contrato_FINAL.xlsx,Factores
ENE_8ED2E4C98BC1AB,ESPAÑA,,ELECTRICIDAD,SUMINISTRO COMERCIALIZADORA,SIN GDO,,"SHELL ESPAÑA, S.A",kWh,2026,,2022,0.273,kgCO2e/kWh,ANNUAL,,MITECO,"MITECO - ""5. Factores Mix Eléctricos"" ""Etiquetado restante de Comercializadoras que no han efectuado GdO""",,1,0,ALCANCE 2,fallback_reason=Último factor disponible para esta comercializadora y etiquetado; proxy_geography=None,Energia_Base_Maestra_y_Contrato_FINAL.xlsx,Factores
ENE_BC24507049FD70,ESPAÑA,,ELECTRICIDAD,SUMINISTRO COMERCIALIZADORA,SIN GDO,,"SIMPLIA ENERGIA, S.L",kWh,2025,,2025,0,kgCO2e/kWh,ANNUAL,,MITECO,"MITECO - ""5. Factores Mix Eléctricos"" ""Etiquetado restante de Comercializadoras que no han efectuado GdO""",,0,0,ALCANCE 2,fallback_reason=None; proxy_geography=None,Energia_Base_Maestra_y_Contrato_FINAL.xlsx,Factores
ENE_1C94A01BECC913,ESPAÑA,,ELECTRICIDAD,SUMINISTRO COMERCIALIZADORA,SIN GDO,,"SIMPLIA ENERGIA, S.L",kWh,2026,,2025,0,kgCO2e/kWh,ANNUAL,,MITECO,"MITECO - ""5. Factores Mix Eléctricos"" ""Etiquetado restante de Comercializadoras que no han efectuado GdO""",,1,0,ALCANCE 2,fallback_reason=Último factor disponible para esta comercializadora y etiquetado; proxy_geography=None,Energia_Base_Maestra_y_Contrato_FINAL.xlsx,Factores
ENE_89C309F8EBB94B,ESPAÑA,,ELECTRICIDAD,SUMINISTRO COMERCIALIZADORA,SIN GDO,,"SIRAX ENERGY, S.L.",kWh,2024,,2024,0,kgCO2e/kWh,ANNUAL,,MITECO,"MITECO - ""5. Factores Mix Eléctricos"" ""Etiquetado restante de Comercializadoras que no han efectuado GdO""",,0,0,ALCANCE 2,fallback_reason=None; proxy_geography=None,Energia_Base_Maestra_y_Contrato_FINAL.xlsx,Factores
ENE_72BFD0D6C1D679,ESPAÑA,,ELECTRICIDAD,SUMINISTRO COMERCIALIZADORA,SIN GDO,,"SIRAX ENERGY, S.L.",kWh,2025,,2025,0,kgCO2e/kWh,ANNUAL,,MITECO,"MITECO - ""5. Factores Mix Eléctricos"" ""Etiquetado restante de Comercializadoras que no han efectuado GdO""",,0,0,ALCANCE 2,fallback_reason=None; proxy_geography=None,Energia_Base_Maestra_y_Contrato_FINAL.xlsx,Factores
ENE_AD1481757FEA06,ESPAÑA,,ELECTRICIDAD,SUMINISTRO COMERCIALIZADORA,SIN GDO,,"SIRAX ENERGY, S.L.",kWh,2026,,2025,0,kgCO2e/kWh,ANNUAL,,MITECO,"MITECO - ""5. Factores Mix Eléctricos"" ""Etiquetado restante de Comercializadoras que no han efectuado GdO""",,1,0,ALCANCE 2,fallback_reason=Último factor disponible para esta comercializadora y etiquetado; proxy_geography=None,Energia_Base_Maestra_y_Contrato_FINAL.xlsx,Factores
ENE_4BE9A5F7E958C1,ESPAÑA,,ELECTRICIDAD,SUMINISTRO COMERCIALIZADORA,CON GDO,,SISTEMAS URBANOS DE ENERGÍAS RENOVABLES S.L.,kWh,2022,,2022,0.273,kgCO2e/kWh,ANNUAL,,MITECO,"MITECO - ""5. Factores Mix Eléctricos"" ""Etiquetado restante de Comercializadoras que han efectuado GdO""",,0,0,ALCANCE 2,fallback_reason=None; proxy_geography=None,Energia_Base_Maestra_y_Contrato_FINAL.xlsx,Factores
ENE_75FE454A131D87,ESPAÑA,,ELECTRICIDAD,SUMINISTRO COMERCIALIZADORA,CON GDO,,SISTEMAS URBANOS DE ENERGÍAS RENOVABLES S.L.,kWh,2026,,2022,0.273,kgCO2e/kWh,ANNUAL,,MITECO,"MITECO - ""5. Factores Mix Eléctricos"" ""Etiquetado restante de Comercializadoras que han efectuado GdO""",,1,0,ALCANCE 2,fallback_reason=Último factor disponible para esta comercializadora y etiquetado; proxy_geography=None,Energia_Base_Maestra_y_Contrato_FINAL.xlsx,Factores
ENE_8B1543D93ED81C,ESPAÑA,,ELECTRICIDAD,SUMINISTRO COMERCIALIZADORA,SIN GDO,,SISTEMAS URBANOS DE ENERGÍAS RENOVABLES S.L.,kWh,2023,,2023,0.259,kgCO2e/kWh,ANNUAL,,MITECO,"MITECO - ""5. Factores Mix Eléctricos"" ""Etiquetado restante de Comercializadoras que no han efectuado GdO""",,0,0,ALCANCE 2,fallback_reason=None; proxy_geography=None,Energia_Base_Maestra_y_Contrato_FINAL.xlsx,Factores
ENE_B82EC18059A15F,ESPAÑA,,ELECTRICIDAD,SUMINISTRO COMERCIALIZADORA,SIN GDO,,SISTEMAS URBANOS DE ENERGÍAS RENOVABLES S.L.,kWh,2026,,2023,0.259,kgCO2e/kWh,ANNUAL,,MITECO,"MITECO - ""5. Factores Mix Eléctricos"" ""Etiquetado restante de Comercializadoras que no han efectuado GdO""",,1,0,ALCANCE 2,fallback_reason=Último factor disponible para esta comercializadora y etiquetado; proxy_geography=None,Energia_Base_Maestra_y_Contrato_FINAL.xlsx,Factores
ENE_52AEAB8CDD1D0B,ESPAÑA,,ELECTRICIDAD,SUMINISTRO COMERCIALIZADORA,CON GDO,,SMART ELECTRIC ENGINEERING P2P SL,kWh,2022,,2022,0,kgCO2e/kWh,ANNUAL,,MITECO,"MITECO - ""5. Factores Mix Eléctricos"" ""Etiquetado restante de Comercializadoras que han efectuado GdO""",,0,0,ALCANCE 2,fallback_reason=None; proxy_geography=None,Energia_Base_Maestra_y_Contrato_FINAL.xlsx,Factores
ENE_E18EDD09EF53BD,ESPAÑA,,ELECTRICIDAD,SUMINISTRO COMERCIALIZADORA,CON GDO,,SMART ELECTRIC ENGINEERING P2P SL,kWh,2026,,2022,0,kgCO2e/kWh,ANNUAL,,MITECO,"MITECO - ""5. Factores Mix Eléctricos"" ""Etiquetado restante de Comercializadoras que han efectuado GdO""",,1,0,ALCANCE 2,fallback_reason=Último factor disponible para esta comercializadora y etiquetado; proxy_geography=None,Energia_Base_Maestra_y_Contrato_FINAL.xlsx,Factores
ENE_E8FD08E6192859,ESPAÑA,,ELECTRICIDAD,SUMINISTRO COMERCIALIZADORA,CON GDO,,SOCIEDAD ARAGONESA DE COMERCIALIZACION DE ENERGIA S.L.,kWh,2022,,2022,0.25,kgCO2e/kWh,ANNUAL,,MITECO,"MITECO - ""5. Factores Mix Eléctricos"" ""Etiquetado restante de Comercializadoras que han efectuado GdO""",,0,0,ALCANCE 2,fallback_reason=None; proxy_geography=None,Energia_Base_Maestra_y_Contrato_FINAL.xlsx,Factores
ENE_E147BD24D979CD,ESPAÑA,,ELECTRICIDAD,SUMINISTRO COMERCIALIZADORA,CON GDO,,SOCIEDAD ARAGONESA DE COMERCIALIZACION DE ENERGIA S.L.,kWh,2023,,2023,0.256,kgCO2e/kWh,ANNUAL,,MITECO,"MITECO - ""5. Factores Mix Eléctricos"" ""Etiquetado restante de Comercializadoras que han efectuado GdO""",,0,0,ALCANCE 2,fallback_reason=None; proxy_geography=None,Energia_Base_Maestra_y_Contrato_FINAL.xlsx,Factores
ENE_736FA381E78732,ESPAÑA,,ELECTRICIDAD,SUMINISTRO COMERCIALIZADORA,CON GDO,,SOCIEDAD ARAGONESA DE COMERCIALIZACION DE ENERGIA S.L.,kWh,2024,,2024,0.219,kgCO2e/kWh,ANNUAL,,MITECO,"MITECO - ""5. Factores Mix Eléctricos"" ""Etiquetado restante de Comercializadoras que han efectuado GdO""",,0,0,ALCANCE 2,fallback_reason=None; proxy_geography=None,Energia_Base_Maestra_y_Contrato_FINAL.xlsx,Factores
ENE_097865872023E8,ESPAÑA,,ELECTRICIDAD,SUMINISTRO COMERCIALIZADORA,CON GDO,,SOCIEDAD ARAGONESA DE COMERCIALIZACION DE ENERGIA S.L.,kWh,2026,,2024,0.219,kgCO2e/kWh,ANNUAL,,MITECO,"MITECO - ""5. Factores Mix Eléctricos"" ""Etiquetado restante de Comercializadoras que han efectuado GdO""",,1,0,ALCANCE 2,fallback_reason=Último factor disponible para esta comercializadora y etiquetado; proxy_geography=None,Energia_Base_Maestra_y_Contrato_FINAL.xlsx,Factores
ENE_EEBC22A37526B6,ESPAÑA,,ELECTRICIDAD,SUMINISTRO COMERCIALIZADORA,SIN GDO,,SOLABRIA S.COOP. - ENERPLUS S.C.,kWh,2022,,2022,0.004,kgCO2e/kWh,ANNUAL,,MITECO,"MITECO - ""5. Factores Mix Eléctricos"" ""Etiquetado restante de Comercializadoras que no han efectuado GdO""",,0,0,ALCANCE 2,fallback_reason=None; proxy_geography=None,Energia_Base_Maestra_y_Contrato_FINAL.xlsx,Factores
ENE_D6C1E9A6F1576D,ESPAÑA,,ELECTRICIDAD,SUMINISTRO COMERCIALIZADORA,SIN GDO,,SOLABRIA S.COOP. - ENERPLUS S.C.,kWh,2023,,2023,0,kgCO2e/kWh,ANNUAL,,MITECO,"MITECO - ""5. Factores Mix Eléctricos"" ""Etiquetado restante de Comercializadoras que no han efectuado GdO""",,0,0,ALCANCE 2,fallback_reason=None; proxy_geography=None,Energia_Base_Maestra_y_Contrato_FINAL.xlsx,Factores
ENE_CC86AFF2B14F3F,ESPAÑA,,ELECTRICIDAD,SUMINISTRO COMERCIALIZADORA,SIN GDO,,SOLABRIA S.COOP. - ENERPLUS S.C.,kWh,2024,,2024,0,kgCO2e/kWh,ANNUAL,,MITECO,"MITECO - ""5. Factores Mix Eléctricos"" ""Etiquetado restante de Comercializadoras que no han efectuado GdO""",,0,0,ALCANCE 2,fallback_reason=None; proxy_geography=None,Energia_Base_Maestra_y_Contrato_FINAL.xlsx,Factores
ENE_29413B02C53ADF,ESPAÑA,,ELECTRICIDAD,SUMINISTRO COMERCIALIZADORA,SIN GDO,,SOLABRIA S.COOP. - ENERPLUS S.C.,kWh,2025,,2025,0,kgCO2e/kWh,ANNUAL,,MITECO,"MITECO - ""5. Factores Mix Eléctricos"" ""Etiquetado restante de Comercializadoras que no han efectuado GdO""",,0,0,ALCANCE 2,fallback_reason=None; proxy_geography=None,Energia_Base_Maestra_y_Contrato_FINAL.xlsx,Factores
ENE_48A42029AA35FC,ESPAÑA,,ELECTRICIDAD,SUMINISTRO COMERCIALIZADORA,SIN GDO,,SOLABRIA S.COOP. - ENERPLUS S.C.,kWh,2026,,2025,0,kgCO2e/kWh,ANNUAL,,MITECO,"MITECO - ""5. Factores Mix Eléctricos"" ""Etiquetado restante de Comercializadoras que no han efectuado GdO""",,1,0,ALCANCE 2,fallback_reason=Último factor disponible para esta comercializadora y etiquetado; proxy_geography=None,Energia_Base_Maestra_y_Contrato_FINAL.xlsx,Factores
ENE_393DE41F7CFE58,ESPAÑA,,ELECTRICIDAD,SUMINISTRO COMERCIALIZADORA,SIN GDO,,"SOLAR EAAS, S.L.",kWh,2022,,2022,0,kgCO2e/kWh,ANNUAL,,MITECO,"MITECO - ""5. Factores Mix Eléctricos"" ""Etiquetado restante de Comercializadoras que no han efectuado GdO""",,0,0,ALCANCE 2,fallback_reason=None; proxy_geography=None,Energia_Base_Maestra_y_Contrato_FINAL.xlsx,Factores
ENE_9DA6B74B150C7B,ESPAÑA,,ELECTRICIDAD,SUMINISTRO COMERCIALIZADORA,SIN GDO,,"SOLAR EAAS, S.L.",kWh,2023,,2023,0,kgCO2e/kWh,ANNUAL,,MITECO,"MITECO - ""5. Factores Mix Eléctricos"" ""Etiquetado restante de Comercializadoras que no han efectuado GdO""",,0,0,ALCANCE 2,fallback_reason=None; proxy_geography=None,Energia_Base_Maestra_y_Contrato_FINAL.xlsx,Factores
ENE_A2E9F988806BF4,ESPAÑA,,ELECTRICIDAD,SUMINISTRO COMERCIALIZADORA,SIN GDO,,"SOLAR EAAS, S.L.",kWh,2026,,2023,0,kgCO2e/kWh,ANNUAL,,MITECO,"MITECO - ""5. Factores Mix Eléctricos"" ""Etiquetado restante de Comercializadoras que no han efectuado GdO""",,1,0,ALCANCE 2,fallback_reason=Último factor disponible para esta comercializadora y etiquetado; proxy_geography=None,Energia_Base_Maestra_y_Contrato_FINAL.xlsx,Factores
ENE_9E09446E3AE9F0,ESPAÑA,,ELECTRICIDAD,SUMINISTRO COMERCIALIZADORA,SIN GDO,,"SOLARPACK ENERGY, S.L.",kWh,2022,,2022,0,kgCO2e/kWh,ANNUAL,,MITECO,"MITECO - ""5. Factores Mix Eléctricos"" ""Etiquetado restante de Comercializadoras que no han efectuado GdO""",,0,0,ALCANCE 2,fallback_reason=None; proxy_geography=None,Energia_Base_Maestra_y_Contrato_FINAL.xlsx,Factores
ENE_5969E84319D045,ESPAÑA,,ELECTRICIDAD,SUMINISTRO COMERCIALIZADORA,SIN GDO,,"SOLARPACK ENERGY, S.L.",kWh,2023,,2023,0,kgCO2e/kWh,ANNUAL,,MITECO,"MITECO - ""5. Factores Mix Eléctricos"" ""Etiquetado restante de Comercializadoras que no han efectuado GdO""",,0,0,ALCANCE 2,fallback_reason=None; proxy_geography=None,Energia_Base_Maestra_y_Contrato_FINAL.xlsx,Factores
ENE_0CA3D948F9F71D,ESPAÑA,,ELECTRICIDAD,SUMINISTRO COMERCIALIZADORA,SIN GDO,,"SOLARPACK ENERGY, S.L.",kWh,2024,,2024,0,kgCO2e/kWh,ANNUAL,,MITECO,"MITECO - ""5. Factores Mix Eléctricos"" ""Etiquetado restante de Comercializadoras que no han efectuado GdO""",,0,0,ALCANCE 2,fallback_reason=None; proxy_geography=None,Energia_Base_Maestra_y_Contrato_FINAL.xlsx,Factores
ENE_0F3636E233F253,ESPAÑA,,ELECTRICIDAD,SUMINISTRO COMERCIALIZADORA,SIN GDO,,"SOLARPACK ENERGY, S.L.",kWh,2026,,2024,0,kgCO2e/kWh,ANNUAL,,MITECO,"MITECO - ""5. Factores Mix Eléctricos"" ""Etiquetado restante de Comercializadoras que no han efectuado GdO""",,1,0,ALCANCE 2,fallback_reason=Último factor disponible para esta comercializadora y etiquetado; proxy_geography=None,Energia_Base_Maestra_y_Contrato_FINAL.xlsx,Factores
ENE_3DCF51D7AE422C,ESPAÑA,,ELECTRICIDAD,SUMINISTRO COMERCIALIZADORA,SIN GDO,,"SOLTEC GREEN ENERGY, S.L.",kWh,2023,,2023,0,kgCO2e/kWh,ANNUAL,,MITECO,"MITECO - ""5. Factores Mix Eléctricos"" ""Etiquetado restante de Comercializadoras que no han efectuado GdO""",,0,0,ALCANCE 2,fallback_reason=None; proxy_geography=None,Energia_Base_Maestra_y_Contrato_FINAL.xlsx,Factores
ENE_653CC5C1E13664,ESPAÑA,,ELECTRICIDAD,SUMINISTRO COMERCIALIZADORA,SIN GDO,,"SOLTEC GREEN ENERGY, S.L.",kWh,2026,,2023,0,kgCO2e/kWh,ANNUAL,,MITECO,"MITECO - ""5. Factores Mix Eléctricos"" ""Etiquetado restante de Comercializadoras que no han efectuado GdO""",,1,0,ALCANCE 2,fallback_reason=Último factor disponible para esta comercializadora y etiquetado; proxy_geography=None,Energia_Base_Maestra_y_Contrato_FINAL.xlsx,Factores
ENE_5E410593B31AD2,ESPAÑA,,ELECTRICIDAD,SUMINISTRO COMERCIALIZADORA,SIN GDO,,"SOLWE ENERGIA, S.L.",kWh,2024,,2024,0,kgCO2e/kWh,ANNUAL,,MITECO,"MITECO - ""5. Factores Mix Eléctricos"" ""Etiquetado restante de Comercializadoras que no han efectuado GdO""",,0,0,ALCANCE 2,fallback_reason=None; proxy_geography=None,Energia_Base_Maestra_y_Contrato_FINAL.xlsx,Factores
ENE_43F0A1F4253D47,ESPAÑA,,ELECTRICIDAD,SUMINISTRO COMERCIALIZADORA,SIN GDO,,"SOLWE ENERGIA, S.L.",kWh,2025,,2025,0,kgCO2e/kWh,ANNUAL,,MITECO,"MITECO - ""5. Factores Mix Eléctricos"" ""Etiquetado restante de Comercializadoras que no han efectuado GdO""",,0,0,ALCANCE 2,fallback_reason=None; proxy_geography=None,Energia_Base_Maestra_y_Contrato_FINAL.xlsx,Factores
ENE_DD306CA3F2D9E1,ESPAÑA,,ELECTRICIDAD,SUMINISTRO COMERCIALIZADORA,SIN GDO,,"SOLWE ENERGIA, S.L.",kWh,2026,,2025,0,kgCO2e/kWh,ANNUAL,,MITECO,"MITECO - ""5. Factores Mix Eléctricos"" ""Etiquetado restante de Comercializadoras que no han efectuado GdO""",,1,0,ALCANCE 2,fallback_reason=Último factor disponible para esta comercializadora y etiquetado; proxy_geography=None,Energia_Base_Maestra_y_Contrato_FINAL.xlsx,Factores
ENE_DF6AF3958D51C8,ESPAÑA,,ELECTRICIDAD,SUMINISTRO COMERCIALIZADORA,SIN GDO,,SOM ENERGIA SCCL,kWh,2022,,2022,0,kgCO2e/kWh,ANNUAL,,MITECO,"MITECO - ""5. Factores Mix Eléctricos"" ""Etiquetado restante de Comercializadoras que no han efectuado GdO""",,0,0,ALCANCE 2,fallback_reason=None; proxy_geography=None,Energia_Base_Maestra_y_Contrato_FINAL.xlsx,Factores
ENE_22592974FFD37B,ESPAÑA,,ELECTRICIDAD,SUMINISTRO COMERCIALIZADORA,SIN GDO,,SOM ENERGIA SCCL,kWh,2023,,2023,0,kgCO2e/kWh,ANNUAL,,MITECO,"MITECO - ""5. Factores Mix Eléctricos"" ""Etiquetado restante de Comercializadoras que no han efectuado GdO""",,0,0,ALCANCE 2,fallback_reason=None; proxy_geography=None,Energia_Base_Maestra_y_Contrato_FINAL.xlsx,Factores
ENE_5FFFC61FC53E42,ESPAÑA,,ELECTRICIDAD,SUMINISTRO COMERCIALIZADORA,SIN GDO,,SOM ENERGIA SCCL,kWh,2024,,2024,0,kgCO2e/kWh,ANNUAL,,MITECO,"MITECO - ""5. Factores Mix Eléctricos"" ""Etiquetado restante de Comercializadoras que no han efectuado GdO""",,0,0,ALCANCE 2,fallback_reason=None; proxy_geography=None,Energia_Base_Maestra_y_Contrato_FINAL.xlsx,Factores
ENE_F388171D73F245,ESPAÑA,,ELECTRICIDAD,SUMINISTRO COMERCIALIZADORA,SIN GDO,,SOM ENERGIA SCCL,kWh,2025,,2025,0,kgCO2e/kWh,ANNUAL,,MITECO,"MITECO - ""5. Factores Mix Eléctricos"" ""Etiquetado restante de Comercializadoras que no han efectuado GdO""",,0,0,ALCANCE 2,fallback_reason=None; proxy_geography=None,Energia_Base_Maestra_y_Contrato_FINAL.xlsx,Factores
ENE_678F97B0A60047,ESPAÑA,,ELECTRICIDAD,SUMINISTRO COMERCIALIZADORA,SIN GDO,,SOM ENERGIA SCCL,kWh,2026,,2025,0,kgCO2e/kWh,ANNUAL,,MITECO,"MITECO - ""5. Factores Mix Eléctricos"" ""Etiquetado restante de Comercializadoras que no han efectuado GdO""",,1,0,ALCANCE 2,fallback_reason=Último factor disponible para esta comercializadora y etiquetado; proxy_geography=None,Energia_Base_Maestra_y_Contrato_FINAL.xlsx,Factores
ENE_112CB8F7F57170,ESPAÑA,,ELECTRICIDAD,SUMINISTRO COMERCIALIZADORA,CON GDO,,STIN S.A,kWh,2025,,2025,0.254,kgCO2e/kWh,ANNUAL,,MITECO,"MITECO - ""5. Factores Mix Eléctricos"" ""Etiquetado restante de Comercializadoras que han efectuado GdO""",,0,0,ALCANCE 2,fallback_reason=None; proxy_geography=None,Energia_Base_Maestra_y_Contrato_FINAL.xlsx,Factores
ENE_F3C1A891C7A4AE,ESPAÑA,,ELECTRICIDAD,SUMINISTRO COMERCIALIZADORA,CON GDO,,STIN S.A,kWh,2026,,2025,0.254,kgCO2e/kWh,ANNUAL,,MITECO,"MITECO - ""5. Factores Mix Eléctricos"" ""Etiquetado restante de Comercializadoras que han efectuado GdO""",,1,0,ALCANCE 2,fallback_reason=Último factor disponible para esta comercializadora y etiquetado; proxy_geography=None,Energia_Base_Maestra_y_Contrato_FINAL.xlsx,Factores
ENE_85085C24168976,ESPAÑA,,ELECTRICIDAD,SUMINISTRO COMERCIALIZADORA,SIN GDO,,STIN S.A,kWh,2022,,2022,0.273,kgCO2e/kWh,ANNUAL,,MITECO,"MITECO - ""5. Factores Mix Eléctricos"" ""Etiquetado restante de Comercializadoras que no han efectuado GdO""",,0,0,ALCANCE 2,fallback_reason=None; proxy_geography=None,Energia_Base_Maestra_y_Contrato_FINAL.xlsx,Factores
ENE_9A505E1F04161E,ESPAÑA,,ELECTRICIDAD,SUMINISTRO COMERCIALIZADORA,SIN GDO,,STIN S.A,kWh,2023,,2023,0.259,kgCO2e/kWh,ANNUAL,,MITECO,"MITECO - ""5. Factores Mix Eléctricos"" ""Etiquetado restante de Comercializadoras que no han efectuado GdO""",,0,0,ALCANCE 2,fallback_reason=None; proxy_geography=None,Energia_Base_Maestra_y_Contrato_FINAL.xlsx,Factores
ENE_565819E3275B45,ESPAÑA,,ELECTRICIDAD,SUMINISTRO COMERCIALIZADORA,SIN GDO,,STIN S.A,kWh,2024,,2024,0.283,kgCO2e/kWh,ANNUAL,,MITECO,"MITECO - ""5. Factores Mix Eléctricos"" ""Etiquetado restante de Comercializadoras que no han efectuado GdO""",,0,0,ALCANCE 2,fallback_reason=None; proxy_geography=None,Energia_Base_Maestra_y_Contrato_FINAL.xlsx,Factores
ENE_DB78E13CD87B6D,ESPAÑA,,ELECTRICIDAD,SUMINISTRO COMERCIALIZADORA,SIN GDO,,STIN S.A,kWh,2026,,2024,0.283,kgCO2e/kWh,ANNUAL,,MITECO,"MITECO - ""5. Factores Mix Eléctricos"" ""Etiquetado restante de Comercializadoras que no han efectuado GdO""",,1,0,ALCANCE 2,fallback_reason=Último factor disponible para esta comercializadora y etiquetado; proxy_geography=None,Energia_Base_Maestra_y_Contrato_FINAL.xlsx,Factores
ENE_A224AB2D32F944,ESPAÑA,,ELECTRICIDAD,SUMINISTRO COMERCIALIZADORA,SIN GDO,,SUMINISTROS ESPECIALES ALGINETENSES S.COOP V.,kWh,2024,,2024,0,kgCO2e/kWh,ANNUAL,,MITECO,"MITECO - ""5. Factores Mix Eléctricos"" ""Etiquetado restante de Comercializadoras que no han efectuado GdO""",,0,0,ALCANCE 2,fallback_reason=None; proxy_geography=None,Energia_Base_Maestra_y_Contrato_FINAL.xlsx,Factores
ENE_89ECEA1D685D2E,ESPAÑA,,ELECTRICIDAD,SUMINISTRO COMERCIALIZADORA,SIN GDO,,SUMINISTROS ESPECIALES ALGINETENSES S.COOP V.,kWh,2025,,2025,0,kgCO2e/kWh,ANNUAL,,MITECO,"MITECO - ""5. Factores Mix Eléctricos"" ""Etiquetado restante de Comercializadoras que no han efectuado GdO""",,0,0,ALCANCE 2,fallback_reason=None; proxy_geography=None,Energia_Base_Maestra_y_Contrato_FINAL.xlsx,Factores
ENE_37150B25C85FA6,ESPAÑA,,ELECTRICIDAD,SUMINISTRO COMERCIALIZADORA,SIN GDO,,SUMINISTROS ESPECIALES ALGINETENSES S.COOP V.,kWh,2026,,2025,0,kgCO2e/kWh,ANNUAL,,MITECO,"MITECO - ""5. Factores Mix Eléctricos"" ""Etiquetado restante de Comercializadoras que no han efectuado GdO""",,1,0,ALCANCE 2,fallback_reason=Último factor disponible para esta comercializadora y etiquetado; proxy_geography=None,Energia_Base_Maestra_y_Contrato_FINAL.xlsx,Factores
ENE_8D31ADF78FABC6,ESPAÑA,,ELECTRICIDAD,SUMINISTRO COMERCIALIZADORA,CON GDO,,SUNAIR ONE ENERGY S.L,kWh,2022,,2022,0.273,kgCO2e/kWh,ANNUAL,,MITECO,"MITECO - ""5. Factores Mix Eléctricos"" ""Etiquetado restante de Comercializadoras que han efectuado GdO""",,0,0,ALCANCE 2,fallback_reason=None; proxy_geography=None,Energia_Base_Maestra_y_Contrato_FINAL.xlsx,Factores
ENE_6DDBE41040FB31,ESPAÑA,,ELECTRICIDAD,SUMINISTRO COMERCIALIZADORA,CON GDO,,SUNAIR ONE ENERGY S.L,kWh,2025,,2025,0.258,kgCO2e/kWh,ANNUAL,,MITECO,"MITECO - ""5. Factores Mix Eléctricos"" ""Etiquetado restante de Comercializadoras que han efectuado GdO""",,0,0,ALCANCE 2,fallback_reason=None; proxy_geography=None,Energia_Base_Maestra_y_Contrato_FINAL.xlsx,Factores
ENE_71B48E36371FE7,ESPAÑA,,ELECTRICIDAD,SUMINISTRO COMERCIALIZADORA,CON GDO,,SUNAIR ONE ENERGY S.L,kWh,2026,,2025,0.258,kgCO2e/kWh,ANNUAL,,MITECO,"MITECO - ""5. Factores Mix Eléctricos"" ""Etiquetado restante de Comercializadoras que han efectuado GdO""",,1,0,ALCANCE 2,fallback_reason=Último factor disponible para esta comercializadora y etiquetado; proxy_geography=None,Energia_Base_Maestra_y_Contrato_FINAL.xlsx,Factores
ENE_B42E54A4889177,ESPAÑA,,ELECTRICIDAD,SUMINISTRO COMERCIALIZADORA,CON GDO,,SUNAIR ONE HOME S.L.U,kWh,2025,,2025,0.258,kgCO2e/kWh,ANNUAL,,MITECO,"MITECO - ""5. Factores Mix Eléctricos"" ""Etiquetado restante de Comercializadoras que han efectuado GdO""",,0,0,ALCANCE 2,fallback_reason=None; proxy_geography=None,Energia_Base_Maestra_y_Contrato_FINAL.xlsx,Factores
ENE_081327D680856F,ESPAÑA,,ELECTRICIDAD,SUMINISTRO COMERCIALIZADORA,CON GDO,,SUNAIR ONE HOME S.L.U,kWh,2026,,2025,0.258,kgCO2e/kWh,ANNUAL,,MITECO,"MITECO - ""5. Factores Mix Eléctricos"" ""Etiquetado restante de Comercializadoras que han efectuado GdO""",,1,0,ALCANCE 2,fallback_reason=Último factor disponible para esta comercializadora y etiquetado; proxy_geography=None,Energia_Base_Maestra_y_Contrato_FINAL.xlsx,Factores
ENE_1852ADF651276D,ESPAÑA,,ELECTRICIDAD,SUMINISTRO COMERCIALIZADORA,CON GDO,,SWAP ENERGIA SA,kWh,2023,,2023,0.26,kgCO2e/kWh,ANNUAL,,MITECO,"MITECO - ""5. Factores Mix Eléctricos"" ""Etiquetado restante de Comercializadoras que han efectuado GdO""",,0,0,ALCANCE 2,fallback_reason=None; proxy_geography=None,Energia_Base_Maestra_y_Contrato_FINAL.xlsx,Factores
ENE_38E2ACCE1C8DF0,ESPAÑA,,ELECTRICIDAD,SUMINISTRO COMERCIALIZADORA,CON GDO,,SWAP ENERGIA SA,kWh,2024,,2024,0.283,kgCO2e/kWh,ANNUAL,,MITECO,"MITECO - ""5. Factores Mix Eléctricos"" ""Etiquetado restante de Comercializadoras que han efectuado GdO""",,0,0,ALCANCE 2,fallback_reason=None; proxy_geography=None,Energia_Base_Maestra_y_Contrato_FINAL.xlsx,Factores
ENE_5890DEF3C00B07,ESPAÑA,,ELECTRICIDAD,SUMINISTRO COMERCIALIZADORA,CON GDO,,SWAP ENERGIA SA,kWh,2025,,2025,0.257,kgCO2e/kWh,ANNUAL,,MITECO,"MITECO - ""5. Factores Mix Eléctricos"" ""Etiquetado restante de Comercializadoras que han efectuado GdO""",,0,0,ALCANCE 2,fallback_reason=None; proxy_geography=None,Energia_Base_Maestra_y_Contrato_FINAL.xlsx,Factores
ENE_F747594C76C941,ESPAÑA,,ELECTRICIDAD,SUMINISTRO COMERCIALIZADORA,CON GDO,,SWAP ENERGIA SA,kWh,2026,,2025,0.257,kgCO2e/kWh,ANNUAL,,MITECO,"MITECO - ""5. Factores Mix Eléctricos"" ""Etiquetado restante de Comercializadoras que han efectuado GdO""",,1,0,ALCANCE 2,fallback_reason=Último factor disponible para esta comercializadora y etiquetado; proxy_geography=None,Energia_Base_Maestra_y_Contrato_FINAL.xlsx,Factores
ENE_C9572366694B1F,ESPAÑA,,ELECTRICIDAD,SUMINISTRO COMERCIALIZADORA,CON GDO,,SYDER COMERCIALIZADORA VERDE SL,kWh,2022,,2022,0.258,kgCO2e/kWh,ANNUAL,,MITECO,"MITECO - ""5. Factores Mix Eléctricos"" ""Etiquetado restante de Comercializadoras que han efectuado GdO""",,0,0,ALCANCE 2,fallback_reason=None; proxy_geography=None,Energia_Base_Maestra_y_Contrato_FINAL.xlsx,Factores
ENE_184D96F563C24D,ESPAÑA,,ELECTRICIDAD,SUMINISTRO COMERCIALIZADORA,CON GDO,,SYDER COMERCIALIZADORA VERDE SL,kWh,2023,,2023,0.26,kgCO2e/kWh,ANNUAL,,MITECO,"MITECO - ""5. Factores Mix Eléctricos"" ""Etiquetado restante de Comercializadoras que han efectuado GdO""",,0,0,ALCANCE 2,fallback_reason=None; proxy_geography=None,Energia_Base_Maestra_y_Contrato_FINAL.xlsx,Factores
ENE_2C8DB42BBD6A67,ESPAÑA,,ELECTRICIDAD,SUMINISTRO COMERCIALIZADORA,CON GDO,,SYDER COMERCIALIZADORA VERDE SL,kWh,2026,,2023,0.26,kgCO2e/kWh,ANNUAL,,MITECO,"MITECO - ""5. Factores Mix Eléctricos"" ""Etiquetado restante de Comercializadoras que han efectuado GdO""",,1,0,ALCANCE 2,fallback_reason=Último factor disponible para esta comercializadora y etiquetado; proxy_geography=None,Energia_Base_Maestra_y_Contrato_FINAL.xlsx,Factores
ENE_BDE25C80374C6E,ESPAÑA,,ELECTRICIDAD,SUMINISTRO COMERCIALIZADORA,CON GDO,,TELECOR S.A. UNIPERSONAL,kWh,2022,,2022,0,kgCO2e/kWh,ANNUAL,,MITECO,"MITECO - ""5. Factores Mix Eléctricos"" ""Etiquetado restante de Comercializadoras que han efectuado GdO""",,0,0,ALCANCE 2,fallback_reason=None; proxy_geography=None,Energia_Base_Maestra_y_Contrato_FINAL.xlsx,Factores
ENE_28954E1D2E4D2B,ESPAÑA,,ELECTRICIDAD,SUMINISTRO COMERCIALIZADORA,CON GDO,,TELECOR S.A. UNIPERSONAL,kWh,2026,,2022,0,kgCO2e/kWh,ANNUAL,,MITECO,"MITECO - ""5. Factores Mix Eléctricos"" ""Etiquetado restante de Comercializadoras que han efectuado GdO""",,1,0,ALCANCE 2,fallback_reason=Último factor disponible para esta comercializadora y etiquetado; proxy_geography=None,Energia_Base_Maestra_y_Contrato_FINAL.xlsx,Factores
ENE_4330AA6036EE37,ESPAÑA,,ELECTRICIDAD,SUMINISTRO COMERCIALIZADORA,SIN GDO,,TELECOR S.A. UNIPERSONAL,kWh,2023,,2023,0,kgCO2e/kWh,ANNUAL,,MITECO,"MITECO - ""5. Factores Mix Eléctricos"" ""Etiquetado restante de Comercializadoras que no han efectuado GdO""",,0,0,ALCANCE 2,fallback_reason=None; proxy_geography=None,Energia_Base_Maestra_y_Contrato_FINAL.xlsx,Factores
ENE_75B0E8B604AA24,ESPAÑA,,ELECTRICIDAD,SUMINISTRO COMERCIALIZADORA,SIN GDO,,TELECOR S.A. UNIPERSONAL,kWh,2024,,2024,0,kgCO2e/kWh,ANNUAL,,MITECO,"MITECO - ""5. Factores Mix Eléctricos"" ""Etiquetado restante de Comercializadoras que no han efectuado GdO""",,0,0,ALCANCE 2,fallback_reason=None; proxy_geography=None,Energia_Base_Maestra_y_Contrato_FINAL.xlsx,Factores
ENE_AA2ADE831F7AFA,ESPAÑA,,ELECTRICIDAD,SUMINISTRO COMERCIALIZADORA,SIN GDO,,TELECOR S.A. UNIPERSONAL,kWh,2025,,2025,0,kgCO2e/kWh,ANNUAL,,MITECO,"MITECO - ""5. Factores Mix Eléctricos"" ""Etiquetado restante de Comercializadoras que no han efectuado GdO""",,0,0,ALCANCE 2,fallback_reason=None; proxy_geography=None,Energia_Base_Maestra_y_Contrato_FINAL.xlsx,Factores
ENE_F1706B2791ADA8,ESPAÑA,,ELECTRICIDAD,SUMINISTRO COMERCIALIZADORA,SIN GDO,,TELECOR S.A. UNIPERSONAL,kWh,2026,,2025,0,kgCO2e/kWh,ANNUAL,,MITECO,"MITECO - ""5. Factores Mix Eléctricos"" ""Etiquetado restante de Comercializadoras que no han efectuado GdO""",,1,0,ALCANCE 2,fallback_reason=Último factor disponible para esta comercializadora y etiquetado; proxy_geography=None,Energia_Base_Maestra_y_Contrato_FINAL.xlsx,Factores
ENE_A87CB67FE61503,ESPAÑA,,ELECTRICIDAD,SUMINISTRO COMERCIALIZADORA,CON GDO,,"TELEFÓNICA SOLUCIONES DE INFORMÁTICA Y COMUNICACIONES DE ESPAÑA, S.A.U",kWh,2023,,2023,0,kgCO2e/kWh,ANNUAL,,MITECO,"MITECO - ""5. Factores Mix Eléctricos"" ""Etiquetado restante de Comercializadoras que han efectuado GdO""",,0,0,ALCANCE 2,fallback_reason=None; proxy_geography=None,Energia_Base_Maestra_y_Contrato_FINAL.xlsx,Factores
ENE_F2169A35DF9991,ESPAÑA,,ELECTRICIDAD,SUMINISTRO COMERCIALIZADORA,CON GDO,,"TELEFÓNICA SOLUCIONES DE INFORMÁTICA Y COMUNICACIONES DE ESPAÑA, S.A.U",kWh,2024,,2024,0,kgCO2e/kWh,ANNUAL,,MITECO,"MITECO - ""5. Factores Mix Eléctricos"" ""Etiquetado restante de Comercializadoras que han efectuado GdO""",,0,0,ALCANCE 2,fallback_reason=None; proxy_geography=None,Energia_Base_Maestra_y_Contrato_FINAL.xlsx,Factores
ENE_7D5479B42AB8D4,ESPAÑA,,ELECTRICIDAD,SUMINISTRO COMERCIALIZADORA,CON GDO,,"TELEFÓNICA SOLUCIONES DE INFORMÁTICA Y COMUNICACIONES DE ESPAÑA, S.A.U",kWh,2025,,2025,0,kgCO2e/kWh,ANNUAL,,MITECO,"MITECO - ""5. Factores Mix Eléctricos"" ""Etiquetado restante de Comercializadoras que han efectuado GdO""",,0,0,ALCANCE 2,fallback_reason=None; proxy_geography=None,Energia_Base_Maestra_y_Contrato_FINAL.xlsx,Factores
ENE_EE4D7AF3393ECD,ESPAÑA,,ELECTRICIDAD,SUMINISTRO COMERCIALIZADORA,CON GDO,,"TELEFÓNICA SOLUCIONES DE INFORMÁTICA Y COMUNICACIONES DE ESPAÑA, S.A.U",kWh,2026,,2025,0,kgCO2e/kWh,ANNUAL,,MITECO,"MITECO - ""5. Factores Mix Eléctricos"" ""Etiquetado restante de Comercializadoras que han efectuado GdO""",,1,0,ALCANCE 2,fallback_reason=Último factor disponible para esta comercializadora y etiquetado; proxy_geography=None,Energia_Base_Maestra_y_Contrato_FINAL.xlsx,Factores
ENE_1A0F4BEB6D1FB3,ESPAÑA,,ELECTRICIDAD,SUMINISTRO COMERCIALIZADORA,CON GDO,,"TENSINA DE ENERGÍA Y SERVICIOS, S.L.",kWh,2023,,2023,0.26,kgCO2e/kWh,ANNUAL,,MITECO,"MITECO - ""5. Factores Mix Eléctricos"" ""Etiquetado restante de Comercializadoras que han efectuado GdO""",,0,0,ALCANCE 2,fallback_reason=None; proxy_geography=None,Energia_Base_Maestra_y_Contrato_FINAL.xlsx,Factores
ENE_1172F393901928,ESPAÑA,,ELECTRICIDAD,SUMINISTRO COMERCIALIZADORA,CON GDO,,"TENSINA DE ENERGÍA Y SERVICIOS, S.L.",kWh,2024,,2024,0.283,kgCO2e/kWh,ANNUAL,,MITECO,"MITECO - ""5. Factores Mix Eléctricos"" ""Etiquetado restante de Comercializadoras que han efectuado GdO""",,0,0,ALCANCE 2,fallback_reason=None; proxy_geography=None,Energia_Base_Maestra_y_Contrato_FINAL.xlsx,Factores
ENE_0423DD206D97B0,ESPAÑA,,ELECTRICIDAD,SUMINISTRO COMERCIALIZADORA,CON GDO,,"TENSINA DE ENERGÍA Y SERVICIOS, S.L.",kWh,2025,,2025,0.258,kgCO2e/kWh,ANNUAL,,MITECO,"MITECO - ""5. Factores Mix Eléctricos"" ""Etiquetado restante de Comercializadoras que han efectuado GdO""",,0,0,ALCANCE 2,fallback_reason=None; proxy_geography=None,Energia_Base_Maestra_y_Contrato_FINAL.xlsx,Factores
ENE_A571CD506B14D8,ESPAÑA,,ELECTRICIDAD,SUMINISTRO COMERCIALIZADORA,CON GDO,,"TENSINA DE ENERGÍA Y SERVICIOS, S.L.",kWh,2026,,2025,0.258,kgCO2e/kWh,ANNUAL,,MITECO,"MITECO - ""5. Factores Mix Eléctricos"" ""Etiquetado restante de Comercializadoras que han efectuado GdO""",,1,0,ALCANCE 2,fallback_reason=Último factor disponible para esta comercializadora y etiquetado; proxy_geography=None,Energia_Base_Maestra_y_Contrato_FINAL.xlsx,Factores
ENE_60BB7AA62E86CE,ESPAÑA,,ELECTRICIDAD,SUMINISTRO COMERCIALIZADORA,SIN GDO,,"TH ELECTRICITY GAS, S.L.",kWh,2025,,2025,0.172,kgCO2e/kWh,ANNUAL,,MITECO,"MITECO - ""5. Factores Mix Eléctricos"" ""Etiquetado restante de Comercializadoras que no han efectuado GdO""",,0,0,ALCANCE 2,fallback_reason=None; proxy_geography=None,Energia_Base_Maestra_y_Contrato_FINAL.xlsx,Factores
ENE_989016DD5B10AB,ESPAÑA,,ELECTRICIDAD,SUMINISTRO COMERCIALIZADORA,SIN GDO,,"TH ELECTRICITY GAS, S.L.",kWh,2026,,2025,0.172,kgCO2e/kWh,ANNUAL,,MITECO,"MITECO - ""5. Factores Mix Eléctricos"" ""Etiquetado restante de Comercializadoras que no han efectuado GdO""",,1,0,ALCANCE 2,fallback_reason=Último factor disponible para esta comercializadora y etiquetado; proxy_geography=None,Energia_Base_Maestra_y_Contrato_FINAL.xlsx,Factores
ENE_B4F082357BEBBD,ESPAÑA,,ELECTRICIDAD,SUMINISTRO COMERCIALIZADORA,CON GDO,,"THE YELLOW ENERGY, S.L",kWh,2022,,2022,0.273,kgCO2e/kWh,ANNUAL,,MITECO,"MITECO - ""5. Factores Mix Eléctricos"" ""Etiquetado restante de Comercializadoras que han efectuado GdO""",,0,0,ALCANCE 2,fallback_reason=None; proxy_geography=None,Energia_Base_Maestra_y_Contrato_FINAL.xlsx,Factores
ENE_8B8F666C11E2FF,ESPAÑA,,ELECTRICIDAD,SUMINISTRO COMERCIALIZADORA,CON GDO,,"THE YELLOW ENERGY, S.L",kWh,2023,,2023,0.26,kgCO2e/kWh,ANNUAL,,MITECO,"MITECO - ""5. Factores Mix Eléctricos"" ""Etiquetado restante de Comercializadoras que han efectuado GdO""",,0,0,ALCANCE 2,fallback_reason=None; proxy_geography=None,Energia_Base_Maestra_y_Contrato_FINAL.xlsx,Factores
ENE_CACD4BBA94606A,ESPAÑA,,ELECTRICIDAD,SUMINISTRO COMERCIALIZADORA,CON GDO,,"THE YELLOW ENERGY, S.L",kWh,2024,,2024,0.283,kgCO2e/kWh,ANNUAL,,MITECO,"MITECO - ""5. Factores Mix Eléctricos"" ""Etiquetado restante de Comercializadoras que han efectuado GdO""",,0,0,ALCANCE 2,fallback_reason=None; proxy_geography=None,Energia_Base_Maestra_y_Contrato_FINAL.xlsx,Factores
ENE_E516938ECA5122,ESPAÑA,,ELECTRICIDAD,SUMINISTRO COMERCIALIZADORA,CON GDO,,"THE YELLOW ENERGY, S.L",kWh,2025,,2025,0.258,kgCO2e/kWh,ANNUAL,,MITECO,"MITECO - ""5. Factores Mix Eléctricos"" ""Etiquetado restante de Comercializadoras que han efectuado GdO""",,0,0,ALCANCE 2,fallback_reason=None; proxy_geography=None,Energia_Base_Maestra_y_Contrato_FINAL.xlsx,Factores
ENE_8E29E2E6C19A9F,ESPAÑA,,ELECTRICIDAD,SUMINISTRO COMERCIALIZADORA,CON GDO,,"THE YELLOW ENERGY, S.L",kWh,2026,,2025,0.258,kgCO2e/kWh,ANNUAL,,MITECO,"MITECO - ""5. Factores Mix Eléctricos"" ""Etiquetado restante de Comercializadoras que han efectuado GdO""",,1,0,ALCANCE 2,fallback_reason=Último factor disponible para esta comercializadora y etiquetado; proxy_geography=None,Energia_Base_Maestra_y_Contrato_FINAL.xlsx,Factores
ENE_3689167DA5B0B2,ESPAÑA,,ELECTRICIDAD,SUMINISTRO COMERCIALIZADORA,CON GDO,,TOTALENERGIES CLIENTES S.A.U.,kWh,2022,,2022,0.051,kgCO2e/kWh,ANNUAL,,MITECO,"MITECO - ""5. Factores Mix Eléctricos"" ""Etiquetado restante de Comercializadoras que han efectuado GdO""",,0,0,ALCANCE 2,fallback_reason=None; proxy_geography=None,Energia_Base_Maestra_y_Contrato_FINAL.xlsx,Factores
ENE_3D242E2BE67F2A,ESPAÑA,,ELECTRICIDAD,SUMINISTRO COMERCIALIZADORA,CON GDO,,TOTALENERGIES CLIENTES S.A.U.,kWh,2023,,2023,0,kgCO2e/kWh,ANNUAL,,MITECO,"MITECO - ""5. Factores Mix Eléctricos"" ""Etiquetado restante de Comercializadoras que han efectuado GdO""",,0,0,ALCANCE 2,fallback_reason=None; proxy_geography=None,Energia_Base_Maestra_y_Contrato_FINAL.xlsx,Factores
ENE_01D4C4CDCDC506,ESPAÑA,,ELECTRICIDAD,SUMINISTRO COMERCIALIZADORA,CON GDO,,TOTALENERGIES CLIENTES S.A.U.,kWh,2024,,2024,0,kgCO2e/kWh,ANNUAL,,MITECO,"MITECO - ""5. Factores Mix Eléctricos"" ""Etiquetado restante de Comercializadoras que han efectuado GdO""",,0,0,ALCANCE 2,fallback_reason=None; proxy_geography=None,Energia_Base_Maestra_y_Contrato_FINAL.xlsx,Factores
ENE_4EA39345028A2C,ESPAÑA,,ELECTRICIDAD,SUMINISTRO COMERCIALIZADORA,CON GDO,,TOTALENERGIES CLIENTES S.A.U.,kWh,2025,,2025,0.256,kgCO2e/kWh,ANNUAL,,MITECO,"MITECO - ""5. Factores Mix Eléctricos"" ""Etiquetado restante de Comercializadoras que han efectuado GdO""",,0,0,ALCANCE 2,fallback_reason=None; proxy_geography=None,Energia_Base_Maestra_y_Contrato_FINAL.xlsx,Factores
ENE_E1DB5CCDA015AB,ESPAÑA,,ELECTRICIDAD,SUMINISTRO COMERCIALIZADORA,CON GDO,,TOTALENERGIES CLIENTES S.A.U.,kWh,2026,,2025,0.256,kgCO2e/kWh,ANNUAL,,MITECO,"MITECO - ""5. Factores Mix Eléctricos"" ""Etiquetado restante de Comercializadoras que han efectuado GdO""",,1,0,ALCANCE 2,fallback_reason=Último factor disponible para esta comercializadora y etiquetado; proxy_geography=None,Energia_Base_Maestra_y_Contrato_FINAL.xlsx,Factores
ENE_AF7FBAB303A5E5,ESPAÑA,,ELECTRICIDAD,SUMINISTRO COMERCIALIZADORA,CON GDO,,"TOTALENERGIES ELECTRICIDAD Y GAS ESPAÑA, S.A.U.",kWh,2022,,2022,0.27,kgCO2e/kWh,ANNUAL,,MITECO,"MITECO - ""5. Factores Mix Eléctricos"" ""Etiquetado restante de Comercializadoras que han efectuado GdO""",,0,0,ALCANCE 2,fallback_reason=None; proxy_geography=None,Energia_Base_Maestra_y_Contrato_FINAL.xlsx,Factores
ENE_E164FC0D066E42,ESPAÑA,,ELECTRICIDAD,SUMINISTRO COMERCIALIZADORA,CON GDO,,"TOTALENERGIES ELECTRICIDAD Y GAS ESPAÑA, S.A.U.",kWh,2023,,2023,0.249,kgCO2e/kWh,ANNUAL,,MITECO,"MITECO - ""5. Factores Mix Eléctricos"" ""Etiquetado restante de Comercializadoras que han efectuado GdO""",,0,0,ALCANCE 2,fallback_reason=None; proxy_geography=None,Energia_Base_Maestra_y_Contrato_FINAL.xlsx,Factores
ENE_A58048A2A944E1,ESPAÑA,,ELECTRICIDAD,SUMINISTRO COMERCIALIZADORA,CON GDO,,"TOTALENERGIES ELECTRICIDAD Y GAS ESPAÑA, S.A.U.",kWh,2024,,2024,0.283,kgCO2e/kWh,ANNUAL,,MITECO,"MITECO - ""5. Factores Mix Eléctricos"" ""Etiquetado restante de Comercializadoras que han efectuado GdO""",,0,0,ALCANCE 2,fallback_reason=None; proxy_geography=None,Energia_Base_Maestra_y_Contrato_FINAL.xlsx,Factores
ENE_935858ECD30247,ESPAÑA,,ELECTRICIDAD,SUMINISTRO COMERCIALIZADORA,CON GDO,,"TOTALENERGIES ELECTRICIDAD Y GAS ESPAÑA, S.A.U.",kWh,2025,,2025,0.254,kgCO2e/kWh,ANNUAL,,MITECO,"MITECO - ""5. Factores Mix Eléctricos"" ""Etiquetado restante de Comercializadoras que han efectuado GdO""",,0,0,ALCANCE 2,fallback_reason=None; proxy_geography=None,Energia_Base_Maestra_y_Contrato_FINAL.xlsx,Factores
ENE_28DDCBE9718380,ESPAÑA,,ELECTRICIDAD,SUMINISTRO COMERCIALIZADORA,CON GDO,,"TOTALENERGIES ELECTRICIDAD Y GAS ESPAÑA, S.A.U.",kWh,2026,,2025,0.254,kgCO2e/kWh,ANNUAL,,MITECO,"MITECO - ""5. Factores Mix Eléctricos"" ""Etiquetado restante de Comercializadoras que han efectuado GdO""",,1,0,ALCANCE 2,fallback_reason=Último factor disponible para esta comercializadora y etiquetado; proxy_geography=None,Energia_Base_Maestra_y_Contrato_FINAL.xlsx,Factores
ENE_D37CE492DDB15E,ESPAÑA,,ELECTRICIDAD,SUMINISTRO COMERCIALIZADORA,CON GDO,,"TOTALENERGIES MERCADO ESPAÑA, S.A.U",kWh,2022,,2022,0.23,kgCO2e/kWh,ANNUAL,,MITECO,"MITECO - ""5. Factores Mix Eléctricos"" ""Etiquetado restante de Comercializadoras que han efectuado GdO""",,0,0,ALCANCE 2,fallback_reason=None; proxy_geography=None,Energia_Base_Maestra_y_Contrato_FINAL.xlsx,Factores
ENE_26549C77C86B07,ESPAÑA,,ELECTRICIDAD,SUMINISTRO COMERCIALIZADORA,CON GDO,,"TOTALENERGIES MERCADO ESPAÑA, S.A.U",kWh,2023,,2023,0.247,kgCO2e/kWh,ANNUAL,,MITECO,"MITECO - ""5. Factores Mix Eléctricos"" ""Etiquetado restante de Comercializadoras que han efectuado GdO""",,0,0,ALCANCE 2,fallback_reason=None; proxy_geography=None,Energia_Base_Maestra_y_Contrato_FINAL.xlsx,Factores
ENE_4D61A92A633C9D,ESPAÑA,,ELECTRICIDAD,SUMINISTRO COMERCIALIZADORA,CON GDO,,"TOTALENERGIES MERCADO ESPAÑA, S.A.U",kWh,2024,,2024,0.26,kgCO2e/kWh,ANNUAL,,MITECO,"MITECO - ""5. Factores Mix Eléctricos"" ""Etiquetado restante de Comercializadoras que han efectuado GdO""",,0,0,ALCANCE 2,fallback_reason=None; proxy_geography=None,Energia_Base_Maestra_y_Contrato_FINAL.xlsx,Factores
ENE_20CA907D853E24,ESPAÑA,,ELECTRICIDAD,SUMINISTRO COMERCIALIZADORA,CON GDO,,"TOTALENERGIES MERCADO ESPAÑA, S.A.U",kWh,2026,,2024,0.26,kgCO2e/kWh,ANNUAL,,MITECO,"MITECO - ""5. Factores Mix Eléctricos"" ""Etiquetado restante de Comercializadoras que han efectuado GdO""",,1,0,ALCANCE 2,fallback_reason=Último factor disponible para esta comercializadora y etiquetado; proxy_geography=None,Energia_Base_Maestra_y_Contrato_FINAL.xlsx,Factores
ENE_AD925DE24369DF,ESPAÑA,,ELECTRICIDAD,SUMINISTRO COMERCIALIZADORA,SIN GDO,,"TRACTAMENT I SELECCIÓ DE RESIDUS, S.A.",kWh,2022,,2022,0,kgCO2e/kWh,ANNUAL,,MITECO,"MITECO - ""5. Factores Mix Eléctricos"" ""Etiquetado restante de Comercializadoras que no han efectuado GdO""",,0,0,ALCANCE 2,fallback_reason=None; proxy_geography=None,Energia_Base_Maestra_y_Contrato_FINAL.xlsx,Factores
ENE_6AEF5ED3B3D0C7,ESPAÑA,,ELECTRICIDAD,SUMINISTRO COMERCIALIZADORA,SIN GDO,,"TRACTAMENT I SELECCIÓ DE RESIDUS, S.A.",kWh,2023,,2023,0,kgCO2e/kWh,ANNUAL,,MITECO,"MITECO - ""5. Factores Mix Eléctricos"" ""Etiquetado restante de Comercializadoras que no han efectuado GdO""",,0,0,ALCANCE 2,fallback_reason=None; proxy_geography=None,Energia_Base_Maestra_y_Contrato_FINAL.xlsx,Factores
ENE_5A0FE1961749B4,ESPAÑA,,ELECTRICIDAD,SUMINISTRO COMERCIALIZADORA,SIN GDO,,"TRACTAMENT I SELECCIÓ DE RESIDUS, S.A.",kWh,2024,,2024,0,kgCO2e/kWh,ANNUAL,,MITECO,"MITECO - ""5. Factores Mix Eléctricos"" ""Etiquetado restante de Comercializadoras que no han efectuado GdO""",,0,0,ALCANCE 2,fallback_reason=None; proxy_geography=None,Energia_Base_Maestra_y_Contrato_FINAL.xlsx,Factores
ENE_DDD908573D368F,ESPAÑA,,ELECTRICIDAD,SUMINISTRO COMERCIALIZADORA,SIN GDO,,"TRACTAMENT I SELECCIÓ DE RESIDUS, S.A.",kWh,2025,,2025,0,kgCO2e/kWh,ANNUAL,,MITECO,"MITECO - ""5. Factores Mix Eléctricos"" ""Etiquetado restante de Comercializadoras que no han efectuado GdO""",,0,0,ALCANCE 2,fallback_reason=None; proxy_geography=None,Energia_Base_Maestra_y_Contrato_FINAL.xlsx,Factores
ENE_F4E9536CAE13F1,ESPAÑA,,ELECTRICIDAD,SUMINISTRO COMERCIALIZADORA,SIN GDO,,"TRACTAMENT I SELECCIÓ DE RESIDUS, S.A.",kWh,2026,,2025,0,kgCO2e/kWh,ANNUAL,,MITECO,"MITECO - ""5. Factores Mix Eléctricos"" ""Etiquetado restante de Comercializadoras que no han efectuado GdO""",,1,0,ALCANCE 2,fallback_reason=Último factor disponible para esta comercializadora y etiquetado; proxy_geography=None,Energia_Base_Maestra_y_Contrato_FINAL.xlsx,Factores
ENE_79222BB0624879,ESPAÑA,,ELECTRICIDAD,SUMINISTRO COMERCIALIZADORA,SIN GDO,,"TU COMERCIALIZADORA DE ENERGÍA LUZ, DOS, TRES, S.L.",kWh,2022,,2022,0,kgCO2e/kWh,ANNUAL,,MITECO,"MITECO - ""5. Factores Mix Eléctricos"" ""Etiquetado restante de Comercializadoras que no han efectuado GdO""",,0,0,ALCANCE 2,fallback_reason=None; proxy_geography=None,Energia_Base_Maestra_y_Contrato_FINAL.xlsx,Factores
ENE_A0233749B7AB2B,ESPAÑA,,ELECTRICIDAD,SUMINISTRO COMERCIALIZADORA,SIN GDO,,"TU COMERCIALIZADORA DE ENERGÍA LUZ, DOS, TRES, S.L.",kWh,2026,,2022,0,kgCO2e/kWh,ANNUAL,,MITECO,"MITECO - ""5. Factores Mix Eléctricos"" ""Etiquetado restante de Comercializadoras que no han efectuado GdO""",,1,0,ALCANCE 2,fallback_reason=Último factor disponible para esta comercializadora y etiquetado; proxy_geography=None,Energia_Base_Maestra_y_Contrato_FINAL.xlsx,Factores
ENE_259A180D162D7F,ESPAÑA,,ELECTRICIDAD,SUMINISTRO COMERCIALIZADORA,SIN GDO,,"TU ELECTRICA, S.L.",kWh,2025,,2025,0.248,kgCO2e/kWh,ANNUAL,,MITECO,"MITECO - ""5. Factores Mix Eléctricos"" ""Etiquetado restante de Comercializadoras que no han efectuado GdO""",,0,0,ALCANCE 2,fallback_reason=None; proxy_geography=None,Energia_Base_Maestra_y_Contrato_FINAL.xlsx,Factores
ENE_47310807995E46,ESPAÑA,,ELECTRICIDAD,SUMINISTRO COMERCIALIZADORA,SIN GDO,,"TU ELECTRICA, S.L.",kWh,2026,,2025,0.248,kgCO2e/kWh,ANNUAL,,MITECO,"MITECO - ""5. Factores Mix Eléctricos"" ""Etiquetado restante de Comercializadoras que no han efectuado GdO""",,1,0,ALCANCE 2,fallback_reason=Último factor disponible para esta comercializadora y etiquetado; proxy_geography=None,Energia_Base_Maestra_y_Contrato_FINAL.xlsx,Factores
ENE_1612DE98FEA691,ESPAÑA,,ELECTRICIDAD,SUMINISTRO COMERCIALIZADORA,CON GDO,,"TUNERGIA EFICIENCIA ENERGETICA Y RENOVABLE, S.L.",kWh,2023,,2023,0.26,kgCO2e/kWh,ANNUAL,,MITECO,"MITECO - ""5. Factores Mix Eléctricos"" ""Etiquetado restante de Comercializadoras que han efectuado GdO""",,0,0,ALCANCE 2,fallback_reason=None; proxy_geography=None,Energia_Base_Maestra_y_Contrato_FINAL.xlsx,Factores
ENE_F7503087E8F807,ESPAÑA,,ELECTRICIDAD,SUMINISTRO COMERCIALIZADORA,CON GDO,,"TUNERGIA EFICIENCIA ENERGETICA Y RENOVABLE, S.L.",kWh,2024,,2024,0.283,kgCO2e/kWh,ANNUAL,,MITECO,"MITECO - ""5. Factores Mix Eléctricos"" ""Etiquetado restante de Comercializadoras que han efectuado GdO""",,0,0,ALCANCE 2,fallback_reason=None; proxy_geography=None,Energia_Base_Maestra_y_Contrato_FINAL.xlsx,Factores
ENE_93387D07C4F44D,ESPAÑA,,ELECTRICIDAD,SUMINISTRO COMERCIALIZADORA,CON GDO,,"TUNERGIA EFICIENCIA ENERGETICA Y RENOVABLE, S.L.",kWh,2025,,2025,0.258,kgCO2e/kWh,ANNUAL,,MITECO,"MITECO - ""5. Factores Mix Eléctricos"" ""Etiquetado restante de Comercializadoras que han efectuado GdO""",,0,0,ALCANCE 2,fallback_reason=None; proxy_geography=None,Energia_Base_Maestra_y_Contrato_FINAL.xlsx,Factores
ENE_230F3BE7BD06C8,ESPAÑA,,ELECTRICIDAD,SUMINISTRO COMERCIALIZADORA,CON GDO,,"TUNERGIA EFICIENCIA ENERGETICA Y RENOVABLE, S.L.",kWh,2026,,2025,0.258,kgCO2e/kWh,ANNUAL,,MITECO,"MITECO - ""5. Factores Mix Eléctricos"" ""Etiquetado restante de Comercializadoras que han efectuado GdO""",,1,0,ALCANCE 2,fallback_reason=Último factor disponible para esta comercializadora y etiquetado; proxy_geography=None,Energia_Base_Maestra_y_Contrato_FINAL.xlsx,Factores
ENE_606D44775518E7,ESPAÑA,,ELECTRICIDAD,SUMINISTRO COMERCIALIZADORA,CON GDO,,"UNIELECTRICA ENERGIA, S.A",kWh,2024,,2024,0.07099999999999999,kgCO2e/kWh,ANNUAL,,MITECO,"MITECO - ""5. Factores Mix Eléctricos"" ""Etiquetado restante de Comercializadoras que han efectuado GdO""",,0,0,ALCANCE 2,fallback_reason=None; proxy_geography=None,Energia_Base_Maestra_y_Contrato_FINAL.xlsx,Factores
ENE_AAEDD14F1C7477,ESPAÑA,,ELECTRICIDAD,SUMINISTRO COMERCIALIZADORA,CON GDO,,"UNIELECTRICA ENERGIA, S.A",kWh,2025,,2025,0.258,kgCO2e/kWh,ANNUAL,,MITECO,"MITECO - ""5. Factores Mix Eléctricos"" ""Etiquetado restante de Comercializadoras que han efectuado GdO""",,0,0,ALCANCE 2,fallback_reason=None; proxy_geography=None,Energia_Base_Maestra_y_Contrato_FINAL.xlsx,Factores
ENE_714EC0FE7047A6,ESPAÑA,,ELECTRICIDAD,SUMINISTRO COMERCIALIZADORA,CON GDO,,"UNIELECTRICA ENERGIA, S.A",kWh,2026,,2025,0.258,kgCO2e/kWh,ANNUAL,,MITECO,"MITECO - ""5. Factores Mix Eléctricos"" ""Etiquetado restante de Comercializadoras que han efectuado GdO""",,1,0,ALCANCE 2,fallback_reason=Último factor disponible para esta comercializadora y etiquetado; proxy_geography=None,Energia_Base_Maestra_y_Contrato_FINAL.xlsx,Factores
ENE_263F9025A87328,ESPAÑA,,ELECTRICIDAD,SUMINISTRO COMERCIALIZADORA,SIN GDO,,"UNIELECTRICA ENERGIA, S.A",kWh,2022,,2022,0,kgCO2e/kWh,ANNUAL,,MITECO,"MITECO - ""5. Factores Mix Eléctricos"" ""Etiquetado restante de Comercializadoras que no han efectuado GdO""",,0,0,ALCANCE 2,fallback_reason=None; proxy_geography=None,Energia_Base_Maestra_y_Contrato_FINAL.xlsx,Factores
ENE_759574EAF69B8E,ESPAÑA,,ELECTRICIDAD,SUMINISTRO COMERCIALIZADORA,SIN GDO,,"UNIELECTRICA ENERGIA, S.A",kWh,2023,,2023,0,kgCO2e/kWh,ANNUAL,,MITECO,"MITECO - ""5. Factores Mix Eléctricos"" ""Etiquetado restante de Comercializadoras que no han efectuado GdO""",,0,0,ALCANCE 2,fallback_reason=None; proxy_geography=None,Energia_Base_Maestra_y_Contrato_FINAL.xlsx,Factores
ENE_4A30B933461542,ESPAÑA,,ELECTRICIDAD,SUMINISTRO COMERCIALIZADORA,SIN GDO,,"UNIELECTRICA ENERGIA, S.A",kWh,2026,,2023,0,kgCO2e/kWh,ANNUAL,,MITECO,"MITECO - ""5. Factores Mix Eléctricos"" ""Etiquetado restante de Comercializadoras que no han efectuado GdO""",,1,0,ALCANCE 2,fallback_reason=Último factor disponible para esta comercializadora y etiquetado; proxy_geography=None,Energia_Base_Maestra_y_Contrato_FINAL.xlsx,Factores
ENE_A0BEE731C5FCDE,ESPAÑA,,ELECTRICIDAD,SUMINISTRO COMERCIALIZADORA,SIN GDO,,"V3J INGENIERIA Y SERVICIOS, S.L",kWh,2022,,2022,0,kgCO2e/kWh,ANNUAL,,MITECO,"MITECO - ""5. Factores Mix Eléctricos"" ""Etiquetado restante de Comercializadoras que no han efectuado GdO""",,0,0,ALCANCE 2,fallback_reason=None; proxy_geography=None,Energia_Base_Maestra_y_Contrato_FINAL.xlsx,Factores
ENE_E0E9A86EFA8D70,ESPAÑA,,ELECTRICIDAD,SUMINISTRO COMERCIALIZADORA,SIN GDO,,"V3J INGENIERIA Y SERVICIOS, S.L",kWh,2026,,2022,0,kgCO2e/kWh,ANNUAL,,MITECO,"MITECO - ""5. Factores Mix Eléctricos"" ""Etiquetado restante de Comercializadoras que no han efectuado GdO""",,1,0,ALCANCE 2,fallback_reason=Último factor disponible para esta comercializadora y etiquetado; proxy_geography=None,Energia_Base_Maestra_y_Contrato_FINAL.xlsx,Factores
ENE_73084729DA8F5B,ESPAÑA,,ELECTRICIDAD,SUMINISTRO COMERCIALIZADORA,SIN GDO,,VIMCOMEL SL,kWh,2025,,2025,0,kgCO2e/kWh,ANNUAL,,MITECO,"MITECO - ""5. Factores Mix Eléctricos"" ""Etiquetado restante de Comercializadoras que no han efectuado GdO""",,0,0,ALCANCE 2,fallback_reason=None; proxy_geography=None,Energia_Base_Maestra_y_Contrato_FINAL.xlsx,Factores
ENE_BCCE697D5E01AB,ESPAÑA,,ELECTRICIDAD,SUMINISTRO COMERCIALIZADORA,SIN GDO,,VIMCOMEL SL,kWh,2026,,2025,0,kgCO2e/kWh,ANNUAL,,MITECO,"MITECO - ""5. Factores Mix Eléctricos"" ""Etiquetado restante de Comercializadoras que no han efectuado GdO""",,1,0,ALCANCE 2,fallback_reason=Último factor disponible para esta comercializadora y etiquetado; proxy_geography=None,Energia_Base_Maestra_y_Contrato_FINAL.xlsx,Factores
ENE_CAA0455172B7F0,ESPAÑA,,ELECTRICIDAD,SUMINISTRO COMERCIALIZADORA,CON GDO,,VISALIA ENERGIA S.L.,kWh,2022,,2022,0.273,kgCO2e/kWh,ANNUAL,,MITECO,"MITECO - ""5. Factores Mix Eléctricos"" ""Etiquetado restante de Comercializadoras que han efectuado GdO""",,0,0,ALCANCE 2,fallback_reason=None; proxy_geography=None,Energia_Base_Maestra_y_Contrato_FINAL.xlsx,Factores
ENE_930288DE8C8A09,ESPAÑA,,ELECTRICIDAD,SUMINISTRO COMERCIALIZADORA,CON GDO,,VISALIA ENERGIA S.L.,kWh,2024,,2024,0,kgCO2e/kWh,ANNUAL,,MITECO,"MITECO - ""5. Factores Mix Eléctricos"" ""Etiquetado restante de Comercializadoras que han efectuado GdO""",,0,0,ALCANCE 2,fallback_reason=None; proxy_geography=None,Energia_Base_Maestra_y_Contrato_FINAL.xlsx,Factores
ENE_BC598B730B5B89,ESPAÑA,,ELECTRICIDAD,SUMINISTRO COMERCIALIZADORA,CON GDO,,VISALIA ENERGIA S.L.,kWh,2025,,2025,0.258,kgCO2e/kWh,ANNUAL,,MITECO,"MITECO - ""5. Factores Mix Eléctricos"" ""Etiquetado restante de Comercializadoras que han efectuado GdO""",,0,0,ALCANCE 2,fallback_reason=None; proxy_geography=None,Energia_Base_Maestra_y_Contrato_FINAL.xlsx,Factores
ENE_8D92BEC2C474EF,ESPAÑA,,ELECTRICIDAD,SUMINISTRO COMERCIALIZADORA,CON GDO,,VISALIA ENERGIA S.L.,kWh,2026,,2025,0.258,kgCO2e/kWh,ANNUAL,,MITECO,"MITECO - ""5. Factores Mix Eléctricos"" ""Etiquetado restante de Comercializadoras que han efectuado GdO""",,1,0,ALCANCE 2,fallback_reason=Último factor disponible para esta comercializadora y etiquetado; proxy_geography=None,Energia_Base_Maestra_y_Contrato_FINAL.xlsx,Factores
ENE_58BC7B474A6E3C,ESPAÑA,,ELECTRICIDAD,SUMINISTRO COMERCIALIZADORA,CON GDO,,VIVO ENERGIA FUTURA S.A,kWh,2022,,2022,0.272,kgCO2e/kWh,ANNUAL,,MITECO,"MITECO - ""5. Factores Mix Eléctricos"" ""Etiquetado restante de Comercializadoras que han efectuado GdO""",,0,0,ALCANCE 2,fallback_reason=None; proxy_geography=None,Energia_Base_Maestra_y_Contrato_FINAL.xlsx,Factores
ENE_C747EECF0BFD62,ESPAÑA,,ELECTRICIDAD,SUMINISTRO COMERCIALIZADORA,CON GDO,,VIVO ENERGIA FUTURA S.A,kWh,2023,,2023,0.26,kgCO2e/kWh,ANNUAL,,MITECO,"MITECO - ""5. Factores Mix Eléctricos"" ""Etiquetado restante de Comercializadoras que han efectuado GdO""",,0,0,ALCANCE 2,fallback_reason=None; proxy_geography=None,Energia_Base_Maestra_y_Contrato_FINAL.xlsx,Factores
ENE_4A6CF79F5C3F28,ESPAÑA,,ELECTRICIDAD,SUMINISTRO COMERCIALIZADORA,CON GDO,,VIVO ENERGIA FUTURA S.A,kWh,2024,,2024,0.283,kgCO2e/kWh,ANNUAL,,MITECO,"MITECO - ""5. Factores Mix Eléctricos"" ""Etiquetado restante de Comercializadoras que han efectuado GdO""",,0,0,ALCANCE 2,fallback_reason=None; proxy_geography=None,Energia_Base_Maestra_y_Contrato_FINAL.xlsx,Factores
ENE_D40052203927FB,ESPAÑA,,ELECTRICIDAD,SUMINISTRO COMERCIALIZADORA,CON GDO,,VIVO ENERGIA FUTURA S.A,kWh,2025,,2025,0.258,kgCO2e/kWh,ANNUAL,,MITECO,"MITECO - ""5. Factores Mix Eléctricos"" ""Etiquetado restante de Comercializadoras que han efectuado GdO""",,0,0,ALCANCE 2,fallback_reason=None; proxy_geography=None,Energia_Base_Maestra_y_Contrato_FINAL.xlsx,Factores
ENE_E509BCFEB50CFF,ESPAÑA,,ELECTRICIDAD,SUMINISTRO COMERCIALIZADORA,CON GDO,,VIVO ENERGIA FUTURA S.A,kWh,2026,,2025,0.258,kgCO2e/kWh,ANNUAL,,MITECO,"MITECO - ""5. Factores Mix Eléctricos"" ""Etiquetado restante de Comercializadoras que han efectuado GdO""",,1,0,ALCANCE 2,fallback_reason=Último factor disponible para esta comercializadora y etiquetado; proxy_geography=None,Energia_Base_Maestra_y_Contrato_FINAL.xlsx,Factores
ENE_F6BDEF39A57512,ESPAÑA,,ELECTRICIDAD,SUMINISTRO COMERCIALIZADORA,SIN GDO,,"VODAFONE ENERGÍA, S.L.",kWh,2022,,2022,0,kgCO2e/kWh,ANNUAL,,MITECO,"MITECO - ""5. Factores Mix Eléctricos"" ""Etiquetado restante de Comercializadoras que no han efectuado GdO""",,0,0,ALCANCE 2,fallback_reason=None; proxy_geography=None,Energia_Base_Maestra_y_Contrato_FINAL.xlsx,Factores
ENE_4C5104302D25DD,ESPAÑA,,ELECTRICIDAD,SUMINISTRO COMERCIALIZADORA,SIN GDO,,"VODAFONE ENERGÍA, S.L.",kWh,2023,,2023,0,kgCO2e/kWh,ANNUAL,,MITECO,"MITECO - ""5. Factores Mix Eléctricos"" ""Etiquetado restante de Comercializadoras que no han efectuado GdO""",,0,0,ALCANCE 2,fallback_reason=None; proxy_geography=None,Energia_Base_Maestra_y_Contrato_FINAL.xlsx,Factores
ENE_F54E713F4C5F94,ESPAÑA,,ELECTRICIDAD,SUMINISTRO COMERCIALIZADORA,SIN GDO,,"VODAFONE ENERGÍA, S.L.",kWh,2026,,2023,0,kgCO2e/kWh,ANNUAL,,MITECO,"MITECO - ""5. Factores Mix Eléctricos"" ""Etiquetado restante de Comercializadoras que no han efectuado GdO""",,1,0,ALCANCE 2,fallback_reason=Último factor disponible para esta comercializadora y etiquetado; proxy_geography=None,Energia_Base_Maestra_y_Contrato_FINAL.xlsx,Factores
ENE_9028A7C79E14C3,ESPAÑA,,ELECTRICIDAD,SUMINISTRO COMERCIALIZADORA,CON GDO,,"WATIO WHOLESALE, S.L",kWh,2022,,2022,0.273,kgCO2e/kWh,ANNUAL,,MITECO,"MITECO - ""5. Factores Mix Eléctricos"" ""Etiquetado restante de Comercializadoras que han efectuado GdO""",,0,0,ALCANCE 2,fallback_reason=None; proxy_geography=None,Energia_Base_Maestra_y_Contrato_FINAL.xlsx,Factores
ENE_8283282B80E477,ESPAÑA,,ELECTRICIDAD,SUMINISTRO COMERCIALIZADORA,CON GDO,,"WATIO WHOLESALE, S.L",kWh,2023,,2023,0.26,kgCO2e/kWh,ANNUAL,,MITECO,"MITECO - ""5. Factores Mix Eléctricos"" ""Etiquetado restante de Comercializadoras que han efectuado GdO""",,0,0,ALCANCE 2,fallback_reason=None; proxy_geography=None,Energia_Base_Maestra_y_Contrato_FINAL.xlsx,Factores
ENE_A1EF67965360FA,ESPAÑA,,ELECTRICIDAD,SUMINISTRO COMERCIALIZADORA,CON GDO,,"WATIO WHOLESALE, S.L",kWh,2026,,2023,0.26,kgCO2e/kWh,ANNUAL,,MITECO,"MITECO - ""5. Factores Mix Eléctricos"" ""Etiquetado restante de Comercializadoras que han efectuado GdO""",,1,0,ALCANCE 2,fallback_reason=Último factor disponible para esta comercializadora y etiquetado; proxy_geography=None,Energia_Base_Maestra_y_Contrato_FINAL.xlsx,Factores
ENE_E5304D67D96F46,ESPAÑA,,ELECTRICIDAD,SUMINISTRO COMERCIALIZADORA,CON GDO,,"WATIUM, S.L.",kWh,2022,,2022,0.273,kgCO2e/kWh,ANNUAL,,MITECO,"MITECO - ""5. Factores Mix Eléctricos"" ""Etiquetado restante de Comercializadoras que han efectuado GdO""",,0,0,ALCANCE 2,fallback_reason=None; proxy_geography=None,Energia_Base_Maestra_y_Contrato_FINAL.xlsx,Factores
ENE_13E92CAA8A8F14,ESPAÑA,,ELECTRICIDAD,SUMINISTRO COMERCIALIZADORA,CON GDO,,"WATIUM, S.L.",kWh,2023,,2023,0.26,kgCO2e/kWh,ANNUAL,,MITECO,"MITECO - ""5. Factores Mix Eléctricos"" ""Etiquetado restante de Comercializadoras que han efectuado GdO""",,0,0,ALCANCE 2,fallback_reason=None; proxy_geography=None,Energia_Base_Maestra_y_Contrato_FINAL.xlsx,Factores
ENE_C1B676C9C348BA,ESPAÑA,,ELECTRICIDAD,SUMINISTRO COMERCIALIZADORA,CON GDO,,"WATIUM, S.L.",kWh,2026,,2023,0.26,kgCO2e/kWh,ANNUAL,,MITECO,"MITECO - ""5. Factores Mix Eléctricos"" ""Etiquetado restante de Comercializadoras que han efectuado GdO""",,1,0,ALCANCE 2,fallback_reason=Último factor disponible para esta comercializadora y etiquetado; proxy_geography=None,Energia_Base_Maestra_y_Contrato_FINAL.xlsx,Factores
ENE_1CC74BCC6F44D1,ESPAÑA,,ELECTRICIDAD,SUMINISTRO COMERCIALIZADORA,CON GDO,,"WEKIWI, S.L.",kWh,2024,,2024,0.268,kgCO2e/kWh,ANNUAL,,MITECO,"MITECO - ""5. Factores Mix Eléctricos"" ""Etiquetado restante de Comercializadoras que han efectuado GdO""",,0,0,ALCANCE 2,fallback_reason=None; proxy_geography=None,Energia_Base_Maestra_y_Contrato_FINAL.xlsx,Factores
ENE_BE29225CC12BB1,ESPAÑA,,ELECTRICIDAD,SUMINISTRO COMERCIALIZADORA,CON GDO,,"WEKIWI, S.L.",kWh,2025,,2025,0.258,kgCO2e/kWh,ANNUAL,,MITECO,"MITECO - ""5. Factores Mix Eléctricos"" ""Etiquetado restante de Comercializadoras que han efectuado GdO""",,0,0,ALCANCE 2,fallback_reason=None; proxy_geography=None,Energia_Base_Maestra_y_Contrato_FINAL.xlsx,Factores
ENE_A9014BFD962BF1,ESPAÑA,,ELECTRICIDAD,SUMINISTRO COMERCIALIZADORA,CON GDO,,"WEKIWI, S.L.",kWh,2026,,2025,0.258,kgCO2e/kWh,ANNUAL,,MITECO,"MITECO - ""5. Factores Mix Eléctricos"" ""Etiquetado restante de Comercializadoras que han efectuado GdO""",,1,0,ALCANCE 2,fallback_reason=Último factor disponible para esta comercializadora y etiquetado; proxy_geography=None,Energia_Base_Maestra_y_Contrato_FINAL.xlsx,Factores
ENE_5D02AF1389AE49,ESPAÑA,,ELECTRICIDAD,SUMINISTRO COMERCIALIZADORA,CON GDO,,WIND TO MARKET S.A,kWh,2022,,2022,0.261,kgCO2e/kWh,ANNUAL,,MITECO,"MITECO - ""5. Factores Mix Eléctricos"" ""Etiquetado restante de Comercializadoras que han efectuado GdO""",,0,0,ALCANCE 2,fallback_reason=None; proxy_geography=None,Energia_Base_Maestra_y_Contrato_FINAL.xlsx,Factores
ENE_7246E362758616,ESPAÑA,,ELECTRICIDAD,SUMINISTRO COMERCIALIZADORA,CON GDO,,WIND TO MARKET S.A,kWh,2023,,2023,0.254,kgCO2e/kWh,ANNUAL,,MITECO,"MITECO - ""5. Factores Mix Eléctricos"" ""Etiquetado restante de Comercializadoras que han efectuado GdO""",,0,0,ALCANCE 2,fallback_reason=None; proxy_geography=None,Energia_Base_Maestra_y_Contrato_FINAL.xlsx,Factores
ENE_63BB37625A139F,ESPAÑA,,ELECTRICIDAD,SUMINISTRO COMERCIALIZADORA,CON GDO,,WIND TO MARKET S.A,kWh,2024,,2024,0.196,kgCO2e/kWh,ANNUAL,,MITECO,"MITECO - ""5. Factores Mix Eléctricos"" ""Etiquetado restante de Comercializadoras que han efectuado GdO""",,0,0,ALCANCE 2,fallback_reason=None; proxy_geography=None,Energia_Base_Maestra_y_Contrato_FINAL.xlsx,Factores
ENE_5577B43156E833,ESPAÑA,,ELECTRICIDAD,SUMINISTRO COMERCIALIZADORA,CON GDO,,WIND TO MARKET S.A,kWh,2025,,2025,0.246,kgCO2e/kWh,ANNUAL,,MITECO,"MITECO - ""5. Factores Mix Eléctricos"" ""Etiquetado restante de Comercializadoras que han efectuado GdO""",,0,0,ALCANCE 2,fallback_reason=None; proxy_geography=None,Energia_Base_Maestra_y_Contrato_FINAL.xlsx,Factores
ENE_A12CEC1C01AD24,ESPAÑA,,ELECTRICIDAD,SUMINISTRO COMERCIALIZADORA,CON GDO,,WIND TO MARKET S.A,kWh,2026,,2025,0.246,kgCO2e/kWh,ANNUAL,,MITECO,"MITECO - ""5. Factores Mix Eléctricos"" ""Etiquetado restante de Comercializadoras que han efectuado GdO""",,1,0,ALCANCE 2,fallback_reason=Último factor disponible para esta comercializadora y etiquetado; proxy_geography=None,Energia_Base_Maestra_y_Contrato_FINAL.xlsx,Factores
ENE_5AA215E94EB91F,ESPAÑA,,ELECTRICIDAD,SUMINISTRO COMERCIALIZADORA,SIN GDO,,"ZETA ENERXÍA GALEGA, S.L.",kWh,2024,,2024,0,kgCO2e/kWh,ANNUAL,,MITECO,"MITECO - ""5. Factores Mix Eléctricos"" ""Etiquetado restante de Comercializadoras que no han efectuado GdO""",,0,0,ALCANCE 2,fallback_reason=None; proxy_geography=None,Energia_Base_Maestra_y_Contrato_FINAL.xlsx,Factores
ENE_4B8DAA21A641D1,ESPAÑA,,ELECTRICIDAD,SUMINISTRO COMERCIALIZADORA,SIN GDO,,"ZETA ENERXÍA GALEGA, S.L.",kWh,2025,,2025,0,kgCO2e/kWh,ANNUAL,,MITECO,"MITECO - ""5. Factores Mix Eléctricos"" ""Etiquetado restante de Comercializadoras que no han efectuado GdO""",,0,0,ALCANCE 2,fallback_reason=None; proxy_geography=None,Energia_Base_Maestra_y_Contrato_FINAL.xlsx,Factores
ENE_3A0E82B358F047,ESPAÑA,,ELECTRICIDAD,SUMINISTRO COMERCIALIZADORA,SIN GDO,,"ZETA ENERXÍA GALEGA, S.L.",kWh,2026,,2025,0,kgCO2e/kWh,ANNUAL,,MITECO,"MITECO - ""5. Factores Mix Eléctricos"" ""Etiquetado restante de Comercializadoras que no han efectuado GdO""",,1,0,ALCANCE 2,fallback_reason=Último factor disponible para esta comercializadora y etiquetado; proxy_geography=None,Energia_Base_Maestra_y_Contrato_FINAL.xlsx,Factores
ENE_069996FE847407,ESPAÑA,,ELECTRICIDAD,SUMINISTRO COMERCIALIZADORA,SIN GDO,,"CENTRAL HIDROELÉCTRICA SAN PEDRO DE ARAIA, S.A.",kWh,2025,,2025,0,kgCO2e/kWh,ANNUAL,,MITECO,"MITECO - ""5. Factores Mix Eléctricos"" ""Etiquetado restante de Comercializadoras que no han efectuado GdO""",,0,0,ALCANCE 2,fallback_reason=None; proxy_geography=None,Energia_Base_Maestra_y_Contrato_FINAL.xlsx,Factores
ENE_E1223A54E9E3B6,ESPAÑA,,ELECTRICIDAD,SUMINISTRO COMERCIALIZADORA,SIN GDO,,"CENTRAL HIDROELÉCTRICA SAN PEDRO DE ARAIA, S.A.",kWh,2026,,2025,0,kgCO2e/kWh,ANNUAL,,MITECO,"MITECO - ""5. Factores Mix Eléctricos"" ""Etiquetado restante de Comercializadoras que no han efectuado GdO""",,1,0,ALCANCE 2,fallback_reason=Último factor disponible para esta comercializadora y etiquetado; proxy_geography=None,Energia_Base_Maestra_y_Contrato_FINAL.xlsx,Factores
ENE_E283CCA202420D,ESPAÑA,,ELECTRICIDAD,SUMINISTRO COMERCIALIZADORA,CON GDO,,ENERGIA OPERATIVA SL,kWh,2025,,2025,0.104,kgCO2e/kWh,ANNUAL,,MITECO,"MITECO - ""5. Factores Mix Eléctricos"" ""Etiquetado restante de Comercializadoras que han efectuado GdO""",,0,0,ALCANCE 2,fallback_reason=None; proxy_geography=None,Energia_Base_Maestra_y_Contrato_FINAL.xlsx,Factores
ENE_D1A3673456D7E0,ESPAÑA,,ELECTRICIDAD,SUMINISTRO COMERCIALIZADORA,CON GDO,,ENERGIA OPERATIVA SL,kWh,2026,,2025,0.104,kgCO2e/kWh,ANNUAL,,MITECO,"MITECO - ""5. Factores Mix Eléctricos"" ""Etiquetado restante de Comercializadoras que han efectuado GdO""",,1,0,ALCANCE 2,fallback_reason=Último factor disponible para esta comercializadora y etiquetado; proxy_geography=None,Energia_Base_Maestra_y_Contrato_FINAL.xlsx,Factores
ENE_38433E8821BE66,ESPAÑA,,ELECTRICIDAD,SUMINISTRO COMERCIALIZADORA,SIN GDO,,"GREEN ENERGY 360, S.L.",kWh,2025,,2025,0.21,kgCO2e/kWh,ANNUAL,,MITECO,"MITECO - ""5. Factores Mix Eléctricos"" ""Etiquetado restante de Comercializadoras que no han efectuado GdO""",,0,0,ALCANCE 2,fallback_reason=None; proxy_geography=None,Energia_Base_Maestra_y_Contrato_FINAL.xlsx,Factores
ENE_C245BA3120B9E8,ESPAÑA,,ELECTRICIDAD,SUMINISTRO COMERCIALIZADORA,SIN GDO,,"GREEN ENERGY 360, S.L.",kWh,2026,,2025,0.21,kgCO2e/kWh,ANNUAL,,MITECO,"MITECO - ""5. Factores Mix Eléctricos"" ""Etiquetado restante de Comercializadoras que no han efectuado GdO""",,1,0,ALCANCE 2,fallback_reason=Último factor disponible para esta comercializadora y etiquetado; proxy_geography=None,Energia_Base_Maestra_y_Contrato_FINAL.xlsx,Factores
ENE_201D1F2D0103AF,ESPAÑA,,ELECTRICIDAD,SUMINISTRO COMERCIALIZADORA,CON GDO,,"HAFESA MOBILITY ELC, S.L.",kWh,2025,,2025,0.258,kgCO2e/kWh,ANNUAL,,MITECO,"MITECO - ""5. Factores Mix Eléctricos"" ""Etiquetado restante de Comercializadoras que han efectuado GdO""",,0,0,ALCANCE 2,fallback_reason=None; proxy_geography=None,Energia_Base_Maestra_y_Contrato_FINAL.xlsx,Factores
ENE_0955704AE28623,ESPAÑA,,ELECTRICIDAD,SUMINISTRO COMERCIALIZADORA,CON GDO,,"HAFESA MOBILITY ELC, S.L.",kWh,2026,,2025,0.258,kgCO2e/kWh,ANNUAL,,MITECO,"MITECO - ""5. Factores Mix Eléctricos"" ""Etiquetado restante de Comercializadoras que han efectuado GdO""",,1,0,ALCANCE 2,fallback_reason=Último factor disponible para esta comercializadora y etiquetado; proxy_geography=None,Energia_Base_Maestra_y_Contrato_FINAL.xlsx,Factores
ENE_46B5A78AFB7190,ESPAÑA,,ELECTRICIDAD,SUMINISTRO COMERCIALIZADORA,SIN GDO,,"JOVE ENERGIA RENOVABLE, S.L.",kWh,2025,,2025,0,kgCO2e/kWh,ANNUAL,,MITECO,"MITECO - ""5. Factores Mix Eléctricos"" ""Etiquetado restante de Comercializadoras que no han efectuado GdO""",,0,0,ALCANCE 2,fallback_reason=None; proxy_geography=None,Energia_Base_Maestra_y_Contrato_FINAL.xlsx,Factores
ENE_70F8370DC8EE6D,ESPAÑA,,ELECTRICIDAD,SUMINISTRO COMERCIALIZADORA,SIN GDO,,"JOVE ENERGIA RENOVABLE, S.L.",kWh,2026,,2025,0,kgCO2e/kWh,ANNUAL,,MITECO,"MITECO - ""5. Factores Mix Eléctricos"" ""Etiquetado restante de Comercializadoras que no han efectuado GdO""",,1,0,ALCANCE 2,fallback_reason=Último factor disponible para esta comercializadora y etiquetado; proxy_geography=None,Energia_Base_Maestra_y_Contrato_FINAL.xlsx,Factores
ENE_E44EF31AE3344D,ESPAÑA,,ELECTRICIDAD,SUMINISTRO COMERCIALIZADORA,SIN GDO,,"KARMA ALIMUR, S.L.",kWh,2025,,2025,0,kgCO2e/kWh,ANNUAL,,MITECO,"MITECO - ""5. Factores Mix Eléctricos"" ""Etiquetado restante de Comercializadoras que no han efectuado GdO""",,0,0,ALCANCE 2,fallback_reason=None; proxy_geography=None,Energia_Base_Maestra_y_Contrato_FINAL.xlsx,Factores
ENE_9405707BD60D73,ESPAÑA,,ELECTRICIDAD,SUMINISTRO COMERCIALIZADORA,SIN GDO,,"KARMA ALIMUR, S.L.",kWh,2026,,2025,0,kgCO2e/kWh,ANNUAL,,MITECO,"MITECO - ""5. Factores Mix Eléctricos"" ""Etiquetado restante de Comercializadoras que no han efectuado GdO""",,1,0,ALCANCE 2,fallback_reason=Último factor disponible para esta comercializadora y etiquetado; proxy_geography=None,Energia_Base_Maestra_y_Contrato_FINAL.xlsx,Factores
ENE_C347361BB7D38B,FUERA DE ESPAÑA,,ELECTRICIDAD,PROMEDIO NACIONAL,,,,kWh,2023,,2023,0.207074288590604,kgCO2e/kWh,ANNUAL,,DEFRA,"DEFRA - ""UK Electricity""",,0,1,ALCANCE 2,fallback_reason=None; proxy_geography=Reino Unido,Energia_Base_Maestra_y_Contrato_FINAL.xlsx,Factores
ENE_D67F3FD7FF63CD,FUERA DE ESPAÑA,,ELECTRICIDAD,PROMEDIO NACIONAL,,,,kWh,2024,,2024,0.20705,kgCO2e/kWh,ANNUAL,,DEFRA,"DEFRA - ""UK Electricity""",,0,1,ALCANCE 2,fallback_reason=None; proxy_geography=Reino Unido,Energia_Base_Maestra_y_Contrato_FINAL.xlsx,Factores
ENE_BD10BB8B03E3A3,FUERA DE ESPAÑA,,ELECTRICIDAD,PROMEDIO NACIONAL,,,,kWh,2025,,2025,0.177,kgCO2e/kWh,ANNUAL,,DEFRA,"DEFRA - ""UK Electricity""",,0,1,ALCANCE 2,fallback_reason=None; proxy_geography=Reino Unido,Energia_Base_Maestra_y_Contrato_FINAL.xlsx,Factores
ENE_5F9341797320C8,FUERA DE ESPAÑA,,ELECTRICIDAD,PROMEDIO NACIONAL,,,,kWh,2026,,2026,0.13096,kgCO2e/kWh,ANNUAL,,DEFRA,"DEFRA - ""UK Electricity""",,0,1,ALCANCE 2,fallback_reason=None; proxy_geography=Reino Unido,Energia_Base_Maestra_y_Contrato_FINAL.xlsx,Factores
ENE_FF815D457E3B92,TODOS,,ELECTRICIDAD_COMPONENTE,Electricidad,,,,kWh,2023,,2023,0.207074288590604,kgCO2e/kWh,ANNUAL,,DEFRA,"Defra - "" UK electricity""",,0,1,ALCANCE 2/3 según componente,fallback_reason=None; proxy_geography=Reino Unido,Energia_Base_Maestra_y_Contrato_FINAL.xlsx,Factores
ENE_5CE097465839CB,TODOS,,ELECTRICIDAD_COMPONENTE,Electricidad,,,,kWh,2024,,2024,0.20705,kgCO2e/kWh,ANNUAL,,DEFRA,"Defra - "" UK electricity""",,0,1,ALCANCE 2/3 según componente,fallback_reason=None; proxy_geography=Reino Unido,Energia_Base_Maestra_y_Contrato_FINAL.xlsx,Factores
ENE_C19A30C2AAC7DA,TODOS,,ELECTRICIDAD_COMPONENTE,Electricidad,,,,kWh,2025,,2025,0.177,kgCO2e/kWh,ANNUAL,,DEFRA,"Defra - "" UK electricity""",,0,1,ALCANCE 2/3 según componente,fallback_reason=None; proxy_geography=Reino Unido,Energia_Base_Maestra_y_Contrato_FINAL.xlsx,Factores
ENE_4E405DE9C60DFE,TODOS,,ELECTRICIDAD_COMPONENTE,Electricidad,,,,kWh,2026,,2026,0.13096,kgCO2e/kWh,ANNUAL,,DEFRA,"Defra - "" UK electricity""",,0,1,ALCANCE 2/3 según componente,fallback_reason=None; proxy_geography=Reino Unido,Energia_Base_Maestra_y_Contrato_FINAL.xlsx,Factores
ENE_2A997497035211,TODOS,,ELECTRICIDAD_COMPONENTE,Transmisión y Distribución de electricidad,,,,kWh,2023,,2023,0.017915111409396,kgCO2e/kWh,ANNUAL,,DEFRA,"Defra - ""Transmision and Distribution: T&D - UK electricity"" ",,0,1,ALCANCE 2/3 según componente,fallback_reason=None; proxy_geography=Reino Unido,Energia_Base_Maestra_y_Contrato_FINAL.xlsx,Factores
ENE_68D2A77E91A86A,TODOS,,ELECTRICIDAD_COMPONENTE,Transmisión y Distribución de electricidad,,,,kWh,2024,,2024,0.0183,kgCO2e/kWh,ANNUAL,,DEFRA,"Defra - ""Transmision and Distribution: T&D - UK electricity"" ",,0,1,ALCANCE 2/3 según componente,fallback_reason=None; proxy_geography=Reino Unido,Energia_Base_Maestra_y_Contrato_FINAL.xlsx,Factores
ENE_9D8CE984023547,TODOS,,ELECTRICIDAD_COMPONENTE,Transmisión y Distribución de electricidad,,,,kWh,2025,,2025,0.01853,kgCO2e/kWh,ANNUAL,,DEFRA,"Defra - ""Transmision and Distribution: T&D - UK electricity"" ",,0,1,ALCANCE 2/3 según componente,fallback_reason=None; proxy_geography=Reino Unido,Energia_Base_Maestra_y_Contrato_FINAL.xlsx,Factores
ENE_E68C5E5256DB8D,TODOS,,ELECTRICIDAD_COMPONENTE,Transmisión y Distribución de electricidad,,,,kWh,2026,,2026,0.01299,kgCO2e/kWh,ANNUAL,,DEFRA,"Defra - ""Transmision and Distribution: T&D - UK electricity"" ",,0,1,ALCANCE 2/3 según componente,fallback_reason=None; proxy_geography=Reino Unido,Energia_Base_Maestra_y_Contrato_FINAL.xlsx,Factores
ENE_21F6DB8364B04D,TODOS,,ELECTRICIDAD_COMPONENTE,WTT - Electricidad (generación),,,,kWh,2023,,2023,0.0459,kgCO2e/kWh,ANNUAL,,DEFRA,Defra - UK electricity: WTT- UK electricity (generation),,0,1,ALCANCE 2/3 según componente,fallback_reason=None; proxy_geography=Reino Unido,Energia_Base_Maestra_y_Contrato_FINAL.xlsx,Factores
ENE_66C70A70C9BB9D,TODOS,,ELECTRICIDAD_COMPONENTE,WTT - Electricidad (generación),,,,kWh,2024,,2024,0.0459,kgCO2e/kWh,ANNUAL,,DEFRA,Defra - UK electricity: WTT- UK electricity (generation),,0,1,ALCANCE 2/3 según componente,fallback_reason=None; proxy_geography=Reino Unido,Energia_Base_Maestra_y_Contrato_FINAL.xlsx,Factores
ENE_12B6D420FB4B1E,TODOS,,ELECTRICIDAD_COMPONENTE,WTT - Electricidad (generación),,,,kWh,2025,,2025,0.0459,kgCO2e/kWh,ANNUAL,,DEFRA,Defra - UK electricity: WTT- UK electricity (generation),,0,1,ALCANCE 2/3 según componente,fallback_reason=None; proxy_geography=Reino Unido,Energia_Base_Maestra_y_Contrato_FINAL.xlsx,Factores
ENE_E36B64241D3FCA,TODOS,,ELECTRICIDAD_COMPONENTE,WTT - Electricidad (generación),,,,kWh,2026,,2026,0.03682,kgCO2e/kWh,ANNUAL,,DEFRA,Defra - UK electricity: WTT- UK electricity (generation),,0,1,ALCANCE 2/3 según componente,fallback_reason=None; proxy_geography=Reino Unido,Energia_Base_Maestra_y_Contrato_FINAL.xlsx,Factores
ENE_BD27ACD1EDEBFE,TODOS,,ELECTRICIDAD_COMPONENTE,WTT - Electricidad (Transmisión y Distribución),,,,kWh,2023,,2023,0.00359,kgCO2e/kWh,ANNUAL,,DEFRA,Defra - UK electricity: WTT- UK electricity (T&D),,0,1,ALCANCE 2/3 según componente,fallback_reason=None; proxy_geography=Reino Unido,Energia_Base_Maestra_y_Contrato_FINAL.xlsx,Factores
ENE_69C3F4B7EDB7EA,TODOS,,ELECTRICIDAD_COMPONENTE,WTT - Electricidad (Transmisión y Distribución),,,,kWh,2024,,2024,0.00397,kgCO2e/kWh,ANNUAL,,DEFRA,Defra - UK electricity: WTT- UK electricity (T&D),,0,1,ALCANCE 2/3 según componente,fallback_reason=None; proxy_geography=Reino Unido,Energia_Base_Maestra_y_Contrato_FINAL.xlsx,Factores
ENE_D28A20FEBED1DE,TODOS,,ELECTRICIDAD_COMPONENTE,WTT - Electricidad (Transmisión y Distribución),,,,kWh,2025,,2025,0.00397,kgCO2e/kWh,ANNUAL,,DEFRA,Defra - UK electricity: WTT- UK electricity (T&D),,0,1,ALCANCE 2/3 según componente,fallback_reason=None; proxy_geography=Reino Unido,Energia_Base_Maestra_y_Contrato_FINAL.xlsx,Factores
ENE_FC08E4435AEDE4,TODOS,,ELECTRICIDAD_COMPONENTE,WTT - Electricidad (Transmisión y Distribución),,,,kWh,2026,,2026,0.00359,kgCO2e/kWh,ANNUAL,,DEFRA,Defra - UK electricity: WTT- UK electricity (T&D),,0,1,ALCANCE 2/3 según componente,fallback_reason=None; proxy_geography=Reino Unido,Energia_Base_Maestra_y_Contrato_FINAL.xlsx,Factores
