activity,subproduct,origin,unit,factor_value,factor_year,factor_unit,source_file,source_sheet,factor_basis,is_temporal_fallback,fallback_reason,temporal_type,factor_version,source_row
Cartón,,"Producción de materia prima",kg,0.80152176549811,2022,kgCO2e/kg,"CATEGORÍA MATERIALES Y PRODUCTOS_CARTÓN_REGISTRO PARA CÁLCULO_TABLAS_FACTORES DE EMISIÓN.xlsx",CARTÓN_FE,"FE explícito",FALSE,,ANNUAL,,2
Cartón,,"Producción de materia prima",kg,1.19396586,2023,kgCO2e/kg,"CATEGORÍA MATERIALES Y PRODUCTOS_CARTÓN_REGISTRO PARA CÁLCULO_TABLAS_FACTORES DE EMISIÓN.xlsx",CARTÓN_FE,"FE explícito",FALSE,,ANNUAL,,3
Cartón,,"Producción de materia prima",kg,1.19972542,2024,kgCO2e/kg,"CATEGORÍA MATERIALES Y PRODUCTOS_CARTÓN_REGISTRO PARA CÁLCULO_TABLAS_FACTORES DE EMISIÓN.xlsx",CARTÓN_FE,"FE explícito",FALSE,,ANNUAL,,4
Cartón,,"Producción de materia prima",kg,1.19823866,2025,kgCO2e/kg,"CATEGORÍA MATERIALES Y PRODUCTOS_CARTÓN_REGISTRO PARA CÁLCULO_TABLAS_FACTORES DE EMISIÓN.xlsx",CARTÓN_FE,"FE explícito",FALSE,,ANNUAL,,5
Cartón,,"Producción de materia prima",kg,1.19823866,2026,kgCO2e/kg,"CATEGORÍA MATERIALES Y PRODUCTOS_CARTÓN_REGISTRO PARA CÁLCULO_TABLAS_FACTORES DE EMISIÓN.xlsx",CARTÓN_FE,"FE explícito",FALSE,"DEFRA 2026 exacto; se corrige la cabecera temporal de la referencia.",ANNUAL,"DEFRA 2026",6
Cartón,,"Reciclado (Circuito cerrado)",kg,0.69988183601895,2022,kgCO2e/kg,"CATEGORÍA MATERIALES Y PRODUCTOS_CARTÓN_REGISTRO PARA CÁLCULO_TABLAS_FACTORES DE EMISIÓN.xlsx",CARTÓN_FE,"FE explícito",FALSE,,ANNUAL,,7
Cartón,,"Reciclado (Circuito cerrado)",kg,1.09235486,2023,kgCO2e/kg,"CATEGORÍA MATERIALES Y PRODUCTOS_CARTÓN_REGISTRO PARA CÁLCULO_TABLAS_FACTORES DE EMISIÓN.xlsx",CARTÓN_FE,"FE explícito",FALSE,,ANNUAL,,8
Cartón,,"Reciclado (Circuito cerrado)",kg,1.09811442,2024,kgCO2e/kg,"CATEGORÍA MATERIALES Y PRODUCTOS_CARTÓN_REGISTRO PARA CÁLCULO_TABLAS_FACTORES DE EMISIÓN.xlsx",CARTÓN_FE,"FE explícito",FALSE,,ANNUAL,,9
Cartón,,"Reciclado (Circuito cerrado)",kg,1.09662766,2025,kgCO2e/kg,"CATEGORÍA MATERIALES Y PRODUCTOS_CARTÓN_REGISTRO PARA CÁLCULO_TABLAS_FACTORES DE EMISIÓN.xlsx",CARTÓN_FE,"FE explícito",FALSE,,ANNUAL,,10
Cartón,,"Reciclado (Circuito cerrado)",kg,1.09662766,2026,kgCO2e/kg,"CATEGORÍA MATERIALES Y PRODUCTOS_CARTÓN_REGISTRO PARA CÁLCULO_TABLAS_FACTORES DE EMISIÓN.xlsx",CARTÓN_FE,"FE explícito",FALSE,"DEFRA 2026 exacto; se corrige la cabecera temporal de la referencia.",ANNUAL,"DEFRA 2026",11
Madera,,"Producción de materia prima",kg,0.31261,2022,kgCO2e/kg,"CATEGORÍA MATERIALES Y PRODUCTOS_MADERAS_CÁLCULO_TABLAS_FACTORES DE EMISIÓN.xlsx",MADERA_FE,"FE explícito",FALSE,,ANNUAL,,12
Madera,,"Producción de materia prima",kg,0.269504,2023,kgCO2e/kg,"CATEGORÍA MATERIALES Y PRODUCTOS_MADERAS_CÁLCULO_TABLAS_FACTORES DE EMISIÓN.xlsx",MADERA_FE,"FE explícito",FALSE,,ANNUAL,,13
Madera,,"Producción de materia prima",kg,0.269504,2024,kgCO2e/kg,"CATEGORÍA MATERIALES Y PRODUCTOS_MADERAS_CÁLCULO_TABLAS_FACTORES DE EMISIÓN.xlsx",MADERA_FE,"FE explícito",FALSE,,ANNUAL,,14
Madera,,"Producción de materia prima",kg,0.26950416,2025,kgCO2e/kg,"CATEGORÍA MATERIALES Y PRODUCTOS_MADERAS_CÁLCULO_TABLAS_FACTORES DE EMISIÓN.xlsx",MADERA_FE,"FE explícito",FALSE,,ANNUAL,,15
Madera,,"Producción de materia prima",kg,0.26950416,2026,kgCO2e/kg,"CATEGORÍA MATERIALES Y PRODUCTOS_MADERAS_CÁLCULO_TABLAS_FACTORES DE EMISIÓN.xlsx",MADERA_FE,"FE explícito",FALSE,"DEFRA 2026 exacto; se corrige la cabecera temporal de la referencia.",ANNUAL,"DEFRA 2026",16
Madera,,"Reciclado (Circuito cerrado)",kg,0.11296968372342,2022,kgCO2e/kg,"CATEGORÍA MATERIALES Y PRODUCTOS_MADERAS_CÁLCULO_TABLAS_FACTORES DE EMISIÓN.xlsx",MADERA_FE,"FE explícito",FALSE,,ANNUAL,,17
Madera,,"Reciclado (Circuito cerrado)",kg,0,2023,kgCO2e/kg,"CATEGORÍA MATERIALES Y PRODUCTOS_MADERAS_CÁLCULO_TABLAS_FACTORES DE EMISIÓN.xlsx",MADERA_FE,"FE explícito",FALSE,,ANNUAL,,18
Madera,,"Reciclado (Circuito cerrado)",kg,0,2024,kgCO2e/kg,"CATEGORÍA MATERIALES Y PRODUCTOS_MADERAS_CÁLCULO_TABLAS_FACTORES DE EMISIÓN.xlsx",MADERA_FE,"FE explícito",FALSE,,ANNUAL,,19
Madera,,"Reciclado (Circuito cerrado)",kg,0,2025,kgCO2e/kg,"CATEGORÍA MATERIALES Y PRODUCTOS_MADERAS_CÁLCULO_TABLAS_FACTORES DE EMISIÓN.xlsx",MADERA_FE,"FE explícito",FALSE,,ANNUAL,,20
Madera,,"Reciclado (Circuito cerrado)",kg,0,2026,kgCO2e/kg,"CATEGORÍA MATERIALES Y PRODUCTOS_MADERAS_CÁLCULO_TABLAS_FACTORES DE EMISIÓN.xlsx",MADERA_FE,"FE explícito",FALSE,"DEFRA 2026 exacto; se corrige la cabecera temporal de la referencia.",ANNUAL,"DEFRA 2026",21
Madera,,Reutilizado,kg,0.03854,2022,kgCO2e/kg,"CATEGORÍA MATERIALES Y PRODUCTOS_MADERAS_CÁLCULO_TABLAS_FACTORES DE EMISIÓN.xlsx",MADERA_FE,"FE explícito",FALSE,,ANNUAL,,22
Madera,,Reutilizado,kg,0.03854,2023,kgCO2e/kg,"CATEGORÍA MATERIALES Y PRODUCTOS_MADERAS_CÁLCULO_TABLAS_FACTORES DE EMISIÓN.xlsx",MADERA_FE,"FE explícito",FALSE,,ANNUAL,,23
Madera,,Reutilizado,kg,0.03854,2024,kgCO2e/kg,"CATEGORÍA MATERIALES Y PRODUCTOS_MADERAS_CÁLCULO_TABLAS_FACTORES DE EMISIÓN.xlsx",MADERA_FE,"FE explícito",FALSE,,ANNUAL,,24
Madera,,Reutilizado,kg,0.03854288,2025,kgCO2e/kg,"CATEGORÍA MATERIALES Y PRODUCTOS_MADERAS_CÁLCULO_TABLAS_FACTORES DE EMISIÓN.xlsx",MADERA_FE,"FE explícito",FALSE,,ANNUAL,,25
Madera,,Reutilizado,kg,0.03854288,2026,kgCO2e/kg,"CATEGORÍA MATERIALES Y PRODUCTOS_MADERAS_CÁLCULO_TABLAS_FACTORES DE EMISIÓN.xlsx",MADERA_FE,"FE explícito",FALSE,"DEFRA 2026 exacto; se corrige la cabecera temporal de la referencia.",ANNUAL,"DEFRA 2026",26
"Metal para estructuras (perfiles, rieles)",,"Producción de materia prima",kg,4.005137774724,2022,kgCO2e/kg,"CATEGORÍA MATERIALES Y PRODUCTOS_METAL PARA ESTRUCTURAS_REGISTRO PARA CÁLCULO_TABLAS_FACTORES DE EMISIÓN.xlsx",METAL_FE,"FE explícito",FALSE,,ANNUAL,,27
"Metal para estructuras (perfiles, rieles)",,"Producción de materia prima",kg,3.81578473,2023,kgCO2e/kg,"CATEGORÍA MATERIALES Y PRODUCTOS_METAL PARA ESTRUCTURAS_REGISTRO PARA CÁLCULO_TABLAS_FACTORES DE EMISIÓN.xlsx",METAL_FE,"FE explícito",FALSE,,ANNUAL,,28
"Metal para estructuras (perfiles, rieles)",,"Producción de materia prima",kg,3.82409335,2024,kgCO2e/kg,"CATEGORÍA MATERIALES Y PRODUCTOS_METAL PARA ESTRUCTURAS_REGISTRO PARA CÁLCULO_TABLAS_FACTORES DE EMISIÓN.xlsx",METAL_FE,"FE explícito",FALSE,,ANNUAL,,29
"Metal para estructuras (perfiles, rieles)",,"Producción de materia prima",kg,3.82194858,2025,kgCO2e/kg,"CATEGORÍA MATERIALES Y PRODUCTOS_METAL PARA ESTRUCTURAS_REGISTRO PARA CÁLCULO_TABLAS_FACTORES DE EMISIÓN.xlsx",METAL_FE,"FE explícito",FALSE,,ANNUAL,,30
"Metal para estructuras (perfiles, rieles)",,"Producción de materia prima",kg,3.82194858,2026,kgCO2e/kg,"CATEGORÍA MATERIALES Y PRODUCTOS_METAL PARA ESTRUCTURAS_REGISTRO PARA CÁLCULO_TABLAS_FACTORES DE EMISIÓN.xlsx",METAL_FE,"FE explícito",FALSE,"DEFRA 2026 exacto; se corrige la cabecera temporal de la referencia.",ANNUAL,"DEFRA 2026",31
"Metal para estructuras (perfiles, rieles)",,"Reciclado (Circuito cerrado)",kg,1.5589489396634,2022,kgCO2e/kg,"CATEGORÍA MATERIALES Y PRODUCTOS_METAL PARA ESTRUCTURAS_REGISTRO PARA CÁLCULO_TABLAS_FACTORES DE EMISIÓN.xlsx",METAL_FE,"FE explícito",FALSE,,ANNUAL,,32
"Metal para estructuras (perfiles, rieles)",,"Reciclado (Circuito cerrado)",kg,1.63078661,2023,kgCO2e/kg,"CATEGORÍA MATERIALES Y PRODUCTOS_METAL PARA ESTRUCTURAS_REGISTRO PARA CÁLCULO_TABLAS_FACTORES DE EMISIÓN.xlsx",METAL_FE,"FE explícito",FALSE,,ANNUAL,,33
"Metal para estructuras (perfiles, rieles)",,"Reciclado (Circuito cerrado)",kg,1.63874406,2024,kgCO2e/kg,"CATEGORÍA MATERIALES Y PRODUCTOS_METAL PARA ESTRUCTURAS_REGISTRO PARA CÁLCULO_TABLAS_FACTORES DE EMISIÓN.xlsx",METAL_FE,"FE explícito",FALSE,,ANNUAL,,34
"Metal para estructuras (perfiles, rieles)",,"Reciclado (Circuito cerrado)",kg,1.63668994,2025,kgCO2e/kg,"CATEGORÍA MATERIALES Y PRODUCTOS_METAL PARA ESTRUCTURAS_REGISTRO PARA CÁLCULO_TABLAS_FACTORES DE EMISIÓN.xlsx",METAL_FE,"FE explícito",FALSE,,ANNUAL,,35
"Metal para estructuras (perfiles, rieles)",,"Reciclado (Circuito cerrado)",kg,1.63668994,2026,kgCO2e/kg,"CATEGORÍA MATERIALES Y PRODUCTOS_METAL PARA ESTRUCTURAS_REGISTRO PARA CÁLCULO_TABLAS_FACTORES DE EMISIÓN.xlsx",METAL_FE,"FE explícito",FALSE,"DEFRA 2026 exacto; se corrige la cabecera temporal de la referencia.",ANNUAL,"DEFRA 2026",36
Papel,,"Producción de materia prima",kg,0.9104780978094,2022,kgCO2e/kg,"CATEGORÍA MATERIALES Y PRODUCTOS_PAPEL_REGISTRO PARA CÁLCULO_TABLAS_FACTORES DE EMISIÓN.xlsx",PAPEL_FE,"FE explícito",FALSE,,ANNUAL,,37
Papel,,"Producción de materia prima",kg,1.33931834,2023,kgCO2e/kg,"CATEGORÍA MATERIALES Y PRODUCTOS_PAPEL_REGISTRO PARA CÁLCULO_TABLAS_FACTORES DE EMISIÓN.xlsx",PAPEL_FE,"FE explícito",FALSE,,ANNUAL,,38
Papel,,"Producción de materia prima",kg,1.3450779,2024,kgCO2e/kg,"CATEGORÍA MATERIALES Y PRODUCTOS_PAPEL_REGISTRO PARA CÁLCULO_TABLAS_FACTORES DE EMISIÓN.xlsx",PAPEL_FE,"FE explícito",FALSE,,ANNUAL,,39
Papel,,"Producción de materia prima",kg,1.34359114,2025,kgCO2e/kg,"CATEGORÍA MATERIALES Y PRODUCTOS_PAPEL_REGISTRO PARA CÁLCULO_TABLAS_FACTORES DE EMISIÓN.xlsx",PAPEL_FE,"FE explícito",FALSE,,ANNUAL,,40
Papel,,"Producción de materia prima",kg,1.34359114,2026,kgCO2e/kg,"CATEGORÍA MATERIALES Y PRODUCTOS_PAPEL_REGISTRO PARA CÁLCULO_TABLAS_FACTORES DE EMISIÓN.xlsx",PAPEL_FE,"FE explícito",FALSE,"DEFRA 2026 exacto; se corrige la cabecera temporal de la referencia.",ANNUAL,"DEFRA 2026",41
Papel,,"Reciclado (Circuito cerrado)",kg,0.7304780978094,2022,kgCO2e/kg,"CATEGORÍA MATERIALES Y PRODUCTOS_PAPEL_REGISTRO PARA CÁLCULO_TABLAS_FACTORES DE EMISIÓN.xlsx",PAPEL_FE,"FE explícito",FALSE,,ANNUAL,,42
Papel,,"Reciclado (Circuito cerrado)",kg,1.04431834,2023,kgCO2e/kg,"CATEGORÍA MATERIALES Y PRODUCTOS_PAPEL_REGISTRO PARA CÁLCULO_TABLAS_FACTORES DE EMISIÓN.xlsx",PAPEL_FE,"FE explícito",FALSE,,ANNUAL,,43
Papel,,"Reciclado (Circuito cerrado)",kg,1.0500779,2024,kgCO2e/kg,"CATEGORÍA MATERIALES Y PRODUCTOS_PAPEL_REGISTRO PARA CÁLCULO_TABLAS_FACTORES DE EMISIÓN.xlsx",PAPEL_FE,"FE explícito",FALSE,,ANNUAL,,44
Papel,,"Reciclado (Circuito cerrado)",kg,1.04859114,2025,kgCO2e/kg,"CATEGORÍA MATERIALES Y PRODUCTOS_PAPEL_REGISTRO PARA CÁLCULO_TABLAS_FACTORES DE EMISIÓN.xlsx",PAPEL_FE,"FE explícito",FALSE,,ANNUAL,,45
Papel,,"Reciclado (Circuito cerrado)",kg,1.04859114,2026,kgCO2e/kg,"CATEGORÍA MATERIALES Y PRODUCTOS_PAPEL_REGISTRO PARA CÁLCULO_TABLAS_FACTORES DE EMISIÓN.xlsx",PAPEL_FE,"FE explícito",FALSE,"DEFRA 2026 exacto; se corrige la cabecera temporal de la referencia.",ANNUAL,"DEFRA 2026",46
"Pilas, baterías","Pila/batería Alcalina","Producción de materia prima",kg,4.633478,,kgCO2e/kg,"CATEGORÍA MATERIALES Y PRODUCTOS_PILAS Y BATERÍAS_REGISTRO PARA CÁLCULO_TABLAS_FACTORES DE EMISIÓN.xlsx","PILAS BATERÍAS_FE","FE explícito",FALSE,"Fuente versionada/no anual: aplicable a 2026 sin fingir factor_year.",VERSIONED,"Versión de la fuente incluida en el fichero de origen",51
"Pilas, baterías","Pila/batería de Ion de litio","Producción de materia prima",kg,6.308,,kgCO2e/kg,"CATEGORÍA MATERIALES Y PRODUCTOS_PILAS Y BATERÍAS_REGISTRO PARA CÁLCULO_TABLAS_FACTORES DE EMISIÓN.xlsx","PILAS BATERÍAS_FE","FE explícito",FALSE,"Fuente versionada/no anual: aplicable a 2026 sin fingir factor_year.",VERSIONED,"Versión de la fuente incluida en el fichero de origen",56
"Pilas, baterías","Batería NiMh","Producción de materia prima",kg,28.38,,kgCO2e/kg,"CATEGORÍA MATERIALES Y PRODUCTOS_PILAS Y BATERÍAS_REGISTRO PARA CÁLCULO_TABLAS_FACTORES DE EMISIÓN.xlsx","PILAS BATERÍAS_FE","FE explícito",FALSE,"Fuente versionada/no anual: aplicable a 2026 sin fingir factor_year.",VERSIONED,"Versión de la fuente incluida en el fichero de origen",61
"Placas de yeso",,"Producción de materia prima",kg,0.12005,,kgCO2e/kg,"CATEGORÍA MATERIALES Y PRODUCTOS_PLACAS DE YESO_REGISTRO PARA CÁLCULO_TABLAS_FACTORES DE EMISIÓN.xlsx","PLACA YESO_FE","FE explícito",FALSE,"Fuente versionada/no anual: aplicable a 2026 sin fingir factor_year.",VERSIONED,"Versión de la fuente incluida en el fichero de origen",66
"Placas de yeso",,"Reciclado (Circuito cerrado)",kg,0.03217,,kgCO2e/kg,"CATEGORÍA MATERIALES Y PRODUCTOS_PLACAS DE YESO_REGISTRO PARA CÁLCULO_TABLAS_FACTORES DE EMISIÓN.xlsx","PLACA YESO_FE","FE explícito",FALSE,"Fuente versionada/no anual: aplicable a 2026 sin fingir factor_year.",VERSIONED,"Versión de la fuente incluida en el fichero de origen",71
"Plástico promedio",,"Producción de materia prima",kg,3.1024485054403,2022,kgCO2e/kg,"CATEGORÍA MATERIALES Y PRODUCTOS_PLÁSTICO_REGISTRO PARA CÁLCULO_TABLAS_FACTORES DE EMISIÓN.xlsx",PLÁSTICO_FE,"FE explícito",FALSE,,ANNUAL,,72
"Plástico promedio",,"Producción de materia prima",kg,3.16478049,2023,kgCO2e/kg,"CATEGORÍA MATERIALES Y PRODUCTOS_PLÁSTICO_REGISTRO PARA CÁLCULO_TABLAS_FACTORES DE EMISIÓN.xlsx",PLÁSTICO_FE,"FE explícito",FALSE,,ANNUAL,,73
"Plástico promedio",,"Producción de materia prima",kg,3.17249932,2024,kgCO2e/kg,"CATEGORÍA MATERIALES Y PRODUCTOS_PLÁSTICO_REGISTRO PARA CÁLCULO_TABLAS_FACTORES DE EMISIÓN.xlsx",PLÁSTICO_FE,"FE explícito",FALSE,,ANNUAL,,74
"Plástico promedio",,"Producción de materia prima",kg,3.1705068,2025,kgCO2e/kg,"CATEGORÍA MATERIALES Y PRODUCTOS_PLÁSTICO_REGISTRO PARA CÁLCULO_TABLAS_FACTORES DE EMISIÓN.xlsx",PLÁSTICO_FE,"FE explícito",FALSE,,ANNUAL,,75
"Plástico promedio",,"Producción de materia prima",kg,3.1705068,2026,kgCO2e/kg,"CATEGORÍA MATERIALES Y PRODUCTOS_PLÁSTICO_REGISTRO PARA CÁLCULO_TABLAS_FACTORES DE EMISIÓN.xlsx",PLÁSTICO_FE,"FE explícito",FALSE,"DEFRA 2026 exacto; se corrige la cabecera temporal de la referencia.",ANNUAL,"DEFRA 2026",76
"Plástico promedio",,"Reciclado (Circuito cerrado)",kg,2.3222242490188,2022,kgCO2e/kg,"CATEGORÍA MATERIALES Y PRODUCTOS_PLÁSTICO_REGISTRO PARA CÁLCULO_TABLAS_FACTORES DE EMISIÓN.xlsx",PLÁSTICO_FE,"FE explícito",FALSE,,ANNUAL,,77
"Plástico promedio",,"Reciclado (Circuito cerrado)",kg,1.56638638,2023,kgCO2e/kg,"CATEGORÍA MATERIALES Y PRODUCTOS_PLÁSTICO_REGISTRO PARA CÁLCULO_TABLAS_FACTORES DE EMISIÓN.xlsx",PLÁSTICO_FE,"FE explícito",FALSE,,ANNUAL,,78
"Plástico promedio",,"Reciclado (Circuito cerrado)",kg,1.57539106,2024,kgCO2e/kg,"CATEGORÍA MATERIALES Y PRODUCTOS_PLÁSTICO_REGISTRO PARA CÁLCULO_TABLAS_FACTORES DE EMISIÓN.xlsx",PLÁSTICO_FE,"FE explícito",FALSE,,ANNUAL,,79
"Plástico promedio",,"Reciclado (Circuito cerrado)",kg,1.57306661,2025,kgCO2e/kg,"CATEGORÍA MATERIALES Y PRODUCTOS_PLÁSTICO_REGISTRO PARA CÁLCULO_TABLAS_FACTORES DE EMISIÓN.xlsx",PLÁSTICO_FE,"FE explícito",FALSE,,ANNUAL,,80
"Plástico promedio",,"Reciclado (Circuito cerrado)",kg,1.57306661,2026,kgCO2e/kg,"CATEGORÍA MATERIALES Y PRODUCTOS_PLÁSTICO_REGISTRO PARA CÁLCULO_TABLAS_FACTORES DE EMISIÓN.xlsx",PLÁSTICO_FE,"FE explícito",FALSE,"DEFRA 2026 exacto; se corrige la cabecera temporal de la referencia.",ANNUAL,"DEFRA 2026",81
"Película de plástico promedio",,"Producción de materia prima",kg,2.5602556613454,2022,kgCO2e/kg,"CATEGORÍA MATERIALES Y PRODUCTOS_PLÁSTICO_REGISTRO PARA CÁLCULO_TABLAS_FACTORES DE EMISIÓN.xlsx",PLÁSTICO_FE,"FE explícito",FALSE,,ANNUAL,,82
"Película de plástico promedio",,"Producción de materia prima",kg,2.91046529,2023,kgCO2e/kg,"CATEGORÍA MATERIALES Y PRODUCTOS_PLÁSTICO_REGISTRO PARA CÁLCULO_TABLAS_FACTORES DE EMISIÓN.xlsx",PLÁSTICO_FE,"FE explícito",FALSE,,ANNUAL,,83
"Película de plástico promedio",,"Producción de materia prima",kg,2.91650513,2024,kgCO2e/kg,"CATEGORÍA MATERIALES Y PRODUCTOS_PLÁSTICO_REGISTRO PARA CÁLCULO_TABLAS_FACTORES DE EMISIÓN.xlsx",PLÁSTICO_FE,"FE explícito",FALSE,,ANNUAL,,84
"Película de plástico promedio",,"Producción de materia prima",kg,2.91494602,2025,kgCO2e/kg,"CATEGORÍA MATERIALES Y PRODUCTOS_PLÁSTICO_REGISTRO PARA CÁLCULO_TABLAS_FACTORES DE EMISIÓN.xlsx",PLÁSTICO_FE,"FE explícito",FALSE,,ANNUAL,,85
"Película de plástico promedio",,"Producción de materia prima",kg,2.91494602,2026,kgCO2e/kg,"CATEGORÍA MATERIALES Y PRODUCTOS_PLÁSTICO_REGISTRO PARA CÁLCULO_TABLAS_FACTORES DE EMISIÓN.xlsx",PLÁSTICO_FE,"FE explícito",FALSE,"DEFRA 2026 exacto; se corrige la cabecera temporal de la referencia.",ANNUAL,"DEFRA 2026",86
"Película de plástico promedio",,"Reciclado (Circuito cerrado)",kg,1.8907013543175,2022,kgCO2e/kg,"CATEGORÍA MATERIALES Y PRODUCTOS_PLÁSTICO_REGISTRO PARA CÁLCULO_TABLAS_FACTORES DE EMISIÓN.xlsx",PLÁSTICO_FE,"FE explícito",FALSE,,ANNUAL,,87
"Película de plástico promedio",,"Reciclado (Circuito cerrado)",kg,1.09458257,2023,kgCO2e/kg,"CATEGORÍA MATERIALES Y PRODUCTOS_PLÁSTICO_REGISTRO PARA CÁLCULO_TABLAS_FACTORES DE EMISIÓN.xlsx",PLÁSTICO_FE,"FE explícito",FALSE,,ANNUAL,,88
"Película de plástico promedio",,"Reciclado (Circuito cerrado)",kg,1.10356537,2024,kgCO2e/kg,"CATEGORÍA MATERIALES Y PRODUCTOS_PLÁSTICO_REGISTRO PARA CÁLCULO_TABLAS_FACTORES DE EMISIÓN.xlsx",PLÁSTICO_FE,"FE explícito",FALSE,,ANNUAL,,89
"Película de plástico promedio",,"Reciclado (Circuito cerrado)",kg,1.10124657,2025,kgCO2e/kg,"CATEGORÍA MATERIALES Y PRODUCTOS_PLÁSTICO_REGISTRO PARA CÁLCULO_TABLAS_FACTORES DE EMISIÓN.xlsx",PLÁSTICO_FE,"FE explícito",FALSE,,ANNUAL,,90
"Película de plástico promedio",,"Reciclado (Circuito cerrado)",kg,1.10124657,2026,kgCO2e/kg,"CATEGORÍA MATERIALES Y PRODUCTOS_PLÁSTICO_REGISTRO PARA CÁLCULO_TABLAS_FACTORES DE EMISIÓN.xlsx",PLÁSTICO_FE,"FE explícito",FALSE,"DEFRA 2026 exacto; se corrige la cabecera temporal de la referencia.",ANNUAL,"DEFRA 2026",91
"Plástico rígido promedio",,"Producción de materia prima",kg,3.2639220153902,2022,kgCO2e/kg,"CATEGORÍA MATERIALES Y PRODUCTOS_PLÁSTICO_REGISTRO PARA CÁLCULO_TABLAS_FACTORES DE EMISIÓN.xlsx",PLÁSTICO_FE,"FE explícito",FALSE,,ANNUAL,,92
"Plástico rígido promedio",,"Producción de materia prima",kg,3.34530837,2023,kgCO2e/kg,"CATEGORÍA MATERIALES Y PRODUCTOS_PLÁSTICO_REGISTRO PARA CÁLCULO_TABLAS_FACTORES DE EMISIÓN.xlsx",PLÁSTICO_FE,"FE explícito",FALSE,,ANNUAL,,93
"Plástico rígido promedio",,"Producción de materia prima",kg,3.35428062,2024,kgCO2e/kg,"CATEGORÍA MATERIALES Y PRODUCTOS_PLÁSTICO_REGISTRO PARA CÁLCULO_TABLAS_FACTORES DE EMISIÓN.xlsx",PLÁSTICO_FE,"FE explícito",FALSE,,ANNUAL,,94
"Plástico rígido promedio",,"Producción de materia prima",kg,3.35196455,2025,kgCO2e/kg,"CATEGORÍA MATERIALES Y PRODUCTOS_PLÁSTICO_REGISTRO PARA CÁLCULO_TABLAS_FACTORES DE EMISIÓN.xlsx",PLÁSTICO_FE,"FE explícito",FALSE,,ANNUAL,,95
"Plástico rígido promedio",,"Producción de materia prima",kg,3.35196455,2026,kgCO2e/kg,"CATEGORÍA MATERIALES Y PRODUCTOS_PLÁSTICO_REGISTRO PARA CÁLCULO_TABLAS_FACTORES DE EMISIÓN.xlsx",PLÁSTICO_FE,"FE explícito",FALSE,"DEFRA 2026 exacto; se corrige la cabecera temporal de la referencia.",ANNUAL,"DEFRA 2026",96
"Plástico rígido promedio",,"Reciclado (Circuito cerrado)",kg,2.7440924767186,2022,kgCO2e/kg,"CATEGORÍA MATERIALES Y PRODUCTOS_PLÁSTICO_REGISTRO PARA CÁLCULO_TABLAS_FACTORES DE EMISIÓN.xlsx",PLÁSTICO_FE,"FE explícito",FALSE,,ANNUAL,,97
"Plástico rígido promedio",,"Reciclado (Circuito cerrado)",kg,1.90670384,2023,kgCO2e/kg,"CATEGORÍA MATERIALES Y PRODUCTOS_PLÁSTICO_REGISTRO PARA CÁLCULO_TABLAS_FACTORES DE EMISIÓN.xlsx",PLÁSTICO_FE,"FE explícito",FALSE,,ANNUAL,,98
"Plástico rígido promedio",,"Reciclado (Circuito cerrado)",kg,1.91572549,2024,kgCO2e/kg,"CATEGORÍA MATERIALES Y PRODUCTOS_PLÁSTICO_REGISTRO PARA CÁLCULO_TABLAS_FACTORES DE EMISIÓN.xlsx",PLÁSTICO_FE,"FE explícito",FALSE,,ANNUAL,,99
"Plástico rígido promedio",,"Reciclado (Circuito cerrado)",kg,1.91339666,2025,kgCO2e/kg,"CATEGORÍA MATERIALES Y PRODUCTOS_PLÁSTICO_REGISTRO PARA CÁLCULO_TABLAS_FACTORES DE EMISIÓN.xlsx",PLÁSTICO_FE,"FE explícito",FALSE,,ANNUAL,,100
"Plástico rígido promedio",,"Reciclado (Circuito cerrado)",kg,1.91339666,2026,kgCO2e/kg,"CATEGORÍA MATERIALES Y PRODUCTOS_PLÁSTICO_REGISTRO PARA CÁLCULO_TABLAS_FACTORES DE EMISIÓN.xlsx",PLÁSTICO_FE,"FE explícito",FALSE,"DEFRA 2026 exacto; se corrige la cabecera temporal de la referencia.",ANNUAL,"DEFRA 2026",101
"Polietileno de alta densidad (HDPE/PEAD)",,"Producción de materia prima",kg,3.2559298007219,2022,kgCO2e/kg,"CATEGORÍA MATERIALES Y PRODUCTOS_PLÁSTICO_REGISTRO PARA CÁLCULO_TABLAS_FACTORES DE EMISIÓN.xlsx",PLÁSTICO_FE,"FE explícito",FALSE,,ANNUAL,,102
"Polietileno de alta densidad (HDPE/PEAD)",,"Producción de materia prima",kg,3.08639038,2023,kgCO2e/kg,"CATEGORÍA MATERIALES Y PRODUCTOS_PLÁSTICO_REGISTRO PARA CÁLCULO_TABLAS_FACTORES DE EMISIÓN.xlsx",PLÁSTICO_FE,"FE explícito",FALSE,,ANNUAL,,103
"Polietileno de alta densidad (HDPE/PEAD)",,"Producción de materia prima",kg,3.09515524,2024,kgCO2e/kg,"CATEGORÍA MATERIALES Y PRODUCTOS_PLÁSTICO_REGISTRO PARA CÁLCULO_TABLAS_FACTORES DE EMISIÓN.xlsx",PLÁSTICO_FE,"FE explícito",FALSE,,ANNUAL,,104
"Polietileno de alta densidad (HDPE/PEAD)",,"Producción de materia prima",kg,3.0928927,2025,kgCO2e/kg,"CATEGORÍA MATERIALES Y PRODUCTOS_PLÁSTICO_REGISTRO PARA CÁLCULO_TABLAS_FACTORES DE EMISIÓN.xlsx",PLÁSTICO_FE,"FE explícito",FALSE,,ANNUAL,,105
"Polietileno de alta densidad (HDPE/PEAD)",,"Producción de materia prima",kg,3.0928927,2026,kgCO2e/kg,"CATEGORÍA MATERIALES Y PRODUCTOS_PLÁSTICO_REGISTRO PARA CÁLCULO_TABLAS_FACTORES DE EMISIÓN.xlsx",PLÁSTICO_FE,"FE explícito",FALSE,"DEFRA 2026 exacto; se corrige la cabecera temporal de la referencia.",ANNUAL,"DEFRA 2026",106
"Polietileno de alta densidad (HDPE/PEAD)",,"Reciclado (Circuito cerrado)",kg,2.3466890688089,2022,kgCO2e/kg,"CATEGORÍA MATERIALES Y PRODUCTOS_PLÁSTICO_REGISTRO PARA CÁLCULO_TABLAS_FACTORES DE EMISIÓN.xlsx",PLÁSTICO_FE,"FE explícito",FALSE,,ANNUAL,,107
"Polietileno de alta densidad (HDPE/PEAD)",,"Reciclado (Circuito cerrado)",kg,1.76180819,2023,kgCO2e/kg,"CATEGORÍA MATERIALES Y PRODUCTOS_PLÁSTICO_REGISTRO PARA CÁLCULO_TABLAS_FACTORES DE EMISIÓN.xlsx",PLÁSTICO_FE,"FE explícito",FALSE,,ANNUAL,,108
"Polietileno de alta densidad (HDPE/PEAD)",,"Reciclado (Circuito cerrado)",kg,1.77079099,2024,kgCO2e/kg,"CATEGORÍA MATERIALES Y PRODUCTOS_PLÁSTICO_REGISTRO PARA CÁLCULO_TABLAS_FACTORES DE EMISIÓN.xlsx",PLÁSTICO_FE,"FE explícito",FALSE,,ANNUAL,,109
"Polietileno de alta densidad (HDPE/PEAD)",,"Reciclado (Circuito cerrado)",kg,1.76847219,2025,kgCO2e/kg,"CATEGORÍA MATERIALES Y PRODUCTOS_PLÁSTICO_REGISTRO PARA CÁLCULO_TABLAS_FACTORES DE EMISIÓN.xlsx",PLÁSTICO_FE,"FE explícito",FALSE,,ANNUAL,,110
"Polietileno de alta densidad (HDPE/PEAD)",,"Reciclado (Circuito cerrado)",kg,1.76847219,2026,kgCO2e/kg,"CATEGORÍA MATERIALES Y PRODUCTOS_PLÁSTICO_REGISTRO PARA CÁLCULO_TABLAS_FACTORES DE EMISIÓN.xlsx",PLÁSTICO_FE,"FE explícito",FALSE,"DEFRA 2026 exacto; se corrige la cabecera temporal de la referencia.",ANNUAL,"DEFRA 2026",111
"Polietileno de baja densidad (LPDE/PEBD y LLPDE/PELBD)",,"Producción de materia prima",kg,2.5867273085101,2022,kgCO2e/kg,"CATEGORÍA MATERIALES Y PRODUCTOS_PLÁSTICO_REGISTRO PARA CÁLCULO_TABLAS_FACTORES DE EMISIÓN.xlsx",PLÁSTICO_FE,"FE explícito",FALSE,,ANNUAL,,112
"Polietileno de baja densidad (LPDE/PEBD y LLPDE/PELBD)",,"Producción de materia prima",kg,2.95931834,2023,kgCO2e/kg,"CATEGORÍA MATERIALES Y PRODUCTOS_PLÁSTICO_REGISTRO PARA CÁLCULO_TABLAS_FACTORES DE EMISIÓN.xlsx",PLÁSTICO_FE,"FE explícito",FALSE,,ANNUAL,,113
"Polietileno de baja densidad (LPDE/PEBD y LLPDE/PELBD)",,"Producción de materia prima",kg,2.9650779,2024,kgCO2e/kg,"CATEGORÍA MATERIALES Y PRODUCTOS_PLÁSTICO_REGISTRO PARA CÁLCULO_TABLAS_FACTORES DE EMISIÓN.xlsx",PLÁSTICO_FE,"FE explícito",FALSE,,ANNUAL,,114
"Polietileno de baja densidad (LPDE/PEBD y LLPDE/PELBD)",,"Producción de materia prima",kg,2.96359114,2025,kgCO2e/kg,"CATEGORÍA MATERIALES Y PRODUCTOS_PLÁSTICO_REGISTRO PARA CÁLCULO_TABLAS_FACTORES DE EMISIÓN.xlsx",PLÁSTICO_FE,"FE explícito",FALSE,,ANNUAL,,115
"Polietileno de baja densidad (LPDE/PEBD y LLPDE/PELBD)",,"Producción de materia prima",kg,2.96359114,2026,kgCO2e/kg,"CATEGORÍA MATERIALES Y PRODUCTOS_PLÁSTICO_REGISTRO PARA CÁLCULO_TABLAS_FACTORES DE EMISIÓN.xlsx",PLÁSTICO_FE,"FE explícito",FALSE,"DEFRA 2026 exacto; se corrige la cabecera temporal de la referencia.",ANNUAL,"DEFRA 2026",116
"Polietileno de baja densidad (LPDE/PEBD y LLPDE/PELBD)",,"Reciclado (Circuito cerrado)",kg,1.7932954051855,2022,kgCO2e/kg,"CATEGORÍA MATERIALES Y PRODUCTOS_PLÁSTICO_REGISTRO PARA CÁLCULO_TABLAS_FACTORES DE EMISIÓN.xlsx",PLÁSTICO_FE,"FE explícito",FALSE,,ANNUAL,,117
"Polietileno de baja densidad (LPDE/PEBD y LLPDE/PELBD)",,"Reciclado (Circuito cerrado)",kg,1.08891851,2023,kgCO2e/kg,"CATEGORÍA MATERIALES Y PRODUCTOS_PLÁSTICO_REGISTRO PARA CÁLCULO_TABLAS_FACTORES DE EMISIÓN.xlsx",PLÁSTICO_FE,"FE explícito",FALSE,,ANNUAL,,118
"Polietileno de baja densidad (LPDE/PEBD y LLPDE/PELBD)",,"Reciclado (Circuito cerrado)",kg,1.09790131,2024,kgCO2e/kg,"CATEGORÍA MATERIALES Y PRODUCTOS_PLÁSTICO_REGISTRO PARA CÁLCULO_TABLAS_FACTORES DE EMISIÓN.xlsx",PLÁSTICO_FE,"FE explícito",FALSE,,ANNUAL,,119
"Polietileno de baja densidad (LPDE/PEBD y LLPDE/PELBD)",,"Reciclado (Circuito cerrado)",kg,1.09558251,2025,kgCO2e/kg,"CATEGORÍA MATERIALES Y PRODUCTOS_PLÁSTICO_REGISTRO PARA CÁLCULO_TABLAS_FACTORES DE EMISIÓN.xlsx",PLÁSTICO_FE,"FE explícito",FALSE,,ANNUAL,,120
"Polietileno de baja densidad (LPDE/PEBD y LLPDE/PELBD)",,"Reciclado (Circuito cerrado)",kg,1.09558251,2026,kgCO2e/kg,"CATEGORÍA MATERIALES Y PRODUCTOS_PLÁSTICO_REGISTRO PARA CÁLCULO_TABLAS_FACTORES DE EMISIÓN.xlsx",PLÁSTICO_FE,"FE explícito",FALSE,"DEFRA 2026 exacto; se corrige la cabecera temporal de la referencia.",ANNUAL,"DEFRA 2026",121
"Tereftalato de polietileno (PET)",,"Producción de materia prima",kg,4.018483406071,2022,kgCO2e/kg,"CATEGORÍA MATERIALES Y PRODUCTOS_PLÁSTICO_REGISTRO PARA CÁLCULO_TABLAS_FACTORES DE EMISIÓN.xlsx",PLÁSTICO_FE,"FE explícito",FALSE,,ANNUAL,,122
"Tereftalato de polietileno (PET)",,"Producción de materia prima",kg,3.85491851,2023,kgCO2e/kg,"CATEGORÍA MATERIALES Y PRODUCTOS_PLÁSTICO_REGISTRO PARA CÁLCULO_TABLAS_FACTORES DE EMISIÓN.xlsx",PLÁSTICO_FE,"FE explícito",FALSE,,ANNUAL,,123
"Tereftalato de polietileno (PET)",,"Producción de materia prima",kg,3.86390131,2024,kgCO2e/kg,"CATEGORÍA MATERIALES Y PRODUCTOS_PLÁSTICO_REGISTRO PARA CÁLCULO_TABLAS_FACTORES DE EMISIÓN.xlsx",PLÁSTICO_FE,"FE explícito",FALSE,,ANNUAL,,124
"Tereftalato de polietileno (PET)",,"Producción de materia prima",kg,3.86158251,2025,kgCO2e/kg,"CATEGORÍA MATERIALES Y PRODUCTOS_PLÁSTICO_REGISTRO PARA CÁLCULO_TABLAS_FACTORES DE EMISIÓN.xlsx",PLÁSTICO_FE,"FE explícito",FALSE,,ANNUAL,,125
"Tereftalato de polietileno (PET)",,"Producción de materia prima",kg,3.86158251,2026,kgCO2e/kg,"CATEGORÍA MATERIALES Y PRODUCTOS_PLÁSTICO_REGISTRO PARA CÁLCULO_TABLAS_FACTORES DE EMISIÓN.xlsx",PLÁSTICO_FE,"FE explícito",FALSE,"DEFRA 2026 exacto; se corrige la cabecera temporal de la referencia.",ANNUAL,"DEFRA 2026",126
"Tereftalato de polietileno (PET)",,"Reciclado (Circuito cerrado)",kg,3.1213442943976,2022,kgCO2e/kg,"CATEGORÍA MATERIALES Y PRODUCTOS_PLÁSTICO_REGISTRO PARA CÁLCULO_TABLAS_FACTORES DE EMISIÓN.xlsx",PLÁSTICO_FE,"FE explícito",FALSE,,ANNUAL,,127
"Tereftalato de polietileno (PET)",,"Reciclado (Circuito cerrado)",kg,2.20491851,2023,kgCO2e/kg,"CATEGORÍA MATERIALES Y PRODUCTOS_PLÁSTICO_REGISTRO PARA CÁLCULO_TABLAS_FACTORES DE EMISIÓN.xlsx",PLÁSTICO_FE,"FE explícito",FALSE,,ANNUAL,,128
"Tereftalato de polietileno (PET)",,"Reciclado (Circuito cerrado)",kg,2.21390131,2024,kgCO2e/kg,"CATEGORÍA MATERIALES Y PRODUCTOS_PLÁSTICO_REGISTRO PARA CÁLCULO_TABLAS_FACTORES DE EMISIÓN.xlsx",PLÁSTICO_FE,"FE explícito",FALSE,,ANNUAL,,129
"Tereftalato de polietileno (PET)",,"Reciclado (Circuito cerrado)",kg,2.21158251,2025,kgCO2e/kg,"CATEGORÍA MATERIALES Y PRODUCTOS_PLÁSTICO_REGISTRO PARA CÁLCULO_TABLAS_FACTORES DE EMISIÓN.xlsx",PLÁSTICO_FE,"FE explícito",FALSE,,ANNUAL,,130
"Tereftalato de polietileno (PET)",,"Reciclado (Circuito cerrado)",kg,2.21158251,2026,kgCO2e/kg,"CATEGORÍA MATERIALES Y PRODUCTOS_PLÁSTICO_REGISTRO PARA CÁLCULO_TABLAS_FACTORES DE EMISIÓN.xlsx",PLÁSTICO_FE,"FE explícito",FALSE,"DEFRA 2026 exacto; se corrige la cabecera temporal de la referencia.",ANNUAL,"DEFRA 2026",131
"Polipropileno (PP)",,"Producción de materia prima",kg,3.0908179008446,2022,kgCO2e/kg,"CATEGORÍA MATERIALES Y PRODUCTOS_PLÁSTICO_REGISTRO PARA CÁLCULO_TABLAS_FACTORES DE EMISIÓN.xlsx",PLÁSTICO_FE,"FE explícito",FALSE,,ANNUAL,,132
"Polipropileno (PP)",,"Producción de materia prima",kg,2.56858892,2023,kgCO2e/kg,"CATEGORÍA MATERIALES Y PRODUCTOS_PLÁSTICO_REGISTRO PARA CÁLCULO_TABLAS_FACTORES DE EMISIÓN.xlsx",PLÁSTICO_FE,"FE explícito",FALSE,,ANNUAL,,133
"Polipropileno (PP)",,"Producción de materia prima",kg,2.57757172,2024,kgCO2e/kg,"CATEGORÍA MATERIALES Y PRODUCTOS_PLÁSTICO_REGISTRO PARA CÁLCULO_TABLAS_FACTORES DE EMISIÓN.xlsx",PLÁSTICO_FE,"FE explícito",FALSE,,ANNUAL,,134
"Polipropileno (PP)",,"Producción de materia prima",kg,2.57525292,2025,kgCO2e/kg,"CATEGORÍA MATERIALES Y PRODUCTOS_PLÁSTICO_REGISTRO PARA CÁLCULO_TABLAS_FACTORES DE EMISIÓN.xlsx",PLÁSTICO_FE,"FE explícito",FALSE,,ANNUAL,,135
"Polipropileno (PP)",,"Producción de materia prima",kg,2.57525292,2026,kgCO2e/kg,"CATEGORÍA MATERIALES Y PRODUCTOS_PLÁSTICO_REGISTRO PARA CÁLCULO_TABLAS_FACTORES DE EMISIÓN.xlsx",PLÁSTICO_FE,"FE explícito",FALSE,"DEFRA 2026 exacto; se corrige la cabecera temporal de la referencia.",ANNUAL,"DEFRA 2026",136
"Polipropileno (PP)",,"Reciclado (Circuito cerrado)",kg,2.53738599752,2022,kgCO2e/kg,"CATEGORÍA MATERIALES Y PRODUCTOS_PLÁSTICO_REGISTRO PARA CÁLCULO_TABLAS_FACTORES DE EMISIÓN.xlsx",PLÁSTICO_FE,"FE explícito",FALSE,,ANNUAL,,137
"Polipropileno (PP)",,"Reciclado (Circuito cerrado)",kg,1.30358892,2023,kgCO2e/kg,"CATEGORÍA MATERIALES Y PRODUCTOS_PLÁSTICO_REGISTRO PARA CÁLCULO_TABLAS_FACTORES DE EMISIÓN.xlsx",PLÁSTICO_FE,"FE explícito",FALSE,,ANNUAL,,138
"Polipropileno (PP)",,"Reciclado (Circuito cerrado)",kg,1.31257172,2024,kgCO2e/kg,"CATEGORÍA MATERIALES Y PRODUCTOS_PLÁSTICO_REGISTRO PARA CÁLCULO_TABLAS_FACTORES DE EMISIÓN.xlsx",PLÁSTICO_FE,"FE explícito",FALSE,,ANNUAL,,139
"Polipropileno (PP)",,"Reciclado (Circuito cerrado)",kg,1.31025292,2025,kgCO2e/kg,"CATEGORÍA MATERIALES Y PRODUCTOS_PLÁSTICO_REGISTRO PARA CÁLCULO_TABLAS_FACTORES DE EMISIÓN.xlsx",PLÁSTICO_FE,"FE explícito",FALSE,,ANNUAL,,140
"Polipropileno (PP)",,"Reciclado (Circuito cerrado)",kg,1.31025292,2026,kgCO2e/kg,"CATEGORÍA MATERIALES Y PRODUCTOS_PLÁSTICO_REGISTRO PARA CÁLCULO_TABLAS_FACTORES DE EMISIÓN.xlsx",PLÁSTICO_FE,"FE explícito",FALSE,"DEFRA 2026 exacto; se corrige la cabecera temporal de la referencia.",ANNUAL,"DEFRA 2026",141
"Poliestireno (PS)",,"Producción de materia prima",kg,3.7640398085101,2022,kgCO2e/kg,"CATEGORÍA MATERIALES Y PRODUCTOS_PLÁSTICO_REGISTRO PARA CÁLCULO_TABLAS_FACTORES DE EMISIÓN.xlsx",PLÁSTICO_FE,"FE explícito",FALSE,,ANNUAL,,142
"Poliestireno (PS)",,"Producción de materia prima",kg,4.36744048,2023,kgCO2e/kg,"CATEGORÍA MATERIALES Y PRODUCTOS_PLÁSTICO_REGISTRO PARA CÁLCULO_TABLAS_FACTORES DE EMISIÓN.xlsx",PLÁSTICO_FE,"FE explícito",FALSE,,ANNUAL,,143
"Poliestireno (PS)",,"Producción de materia prima",kg,4.37680391,2024,kgCO2e/kg,"CATEGORÍA MATERIALES Y PRODUCTOS_PLÁSTICO_REGISTRO PARA CÁLCULO_TABLAS_FACTORES DE EMISIÓN.xlsx",PLÁSTICO_FE,"FE explícito",FALSE,,ANNUAL,,144
"Poliestireno (PS)",,"Producción de materia prima",kg,4.37438685,2025,kgCO2e/kg,"CATEGORÍA MATERIALES Y PRODUCTOS_PLÁSTICO_REGISTRO PARA CÁLCULO_TABLAS_FACTORES DE EMISIÓN.xlsx",PLÁSTICO_FE,"FE explícito",FALSE,,ANNUAL,,145
"Poliestireno (PS)",,"Producción de materia prima",kg,4.37438685,2026,kgCO2e/kg,"CATEGORÍA MATERIALES Y PRODUCTOS_PLÁSTICO_REGISTRO PARA CÁLCULO_TABLAS_FACTORES DE EMISIÓN.xlsx",PLÁSTICO_FE,"FE explícito",FALSE,"DEFRA 2026 exacto; se corrige la cabecera temporal de la referencia.",ANNUAL,"DEFRA 2026",146
"Poliestireno (PS)",,"Reciclado (Circuito cerrado)",kg,3.1870819919716,2022,kgCO2e/kg,"CATEGORÍA MATERIALES Y PRODUCTOS_PLÁSTICO_REGISTRO PARA CÁLCULO_TABLAS_FACTORES DE EMISIÓN.xlsx",PLÁSTICO_FE,"FE explícito",FALSE,,ANNUAL,,147
"Poliestireno (PS)",,"Reciclado (Circuito cerrado)",kg,2.66039912,2023,kgCO2e/kg,"CATEGORÍA MATERIALES Y PRODUCTOS_PLÁSTICO_REGISTRO PARA CÁLCULO_TABLAS_FACTORES DE EMISIÓN.xlsx",PLÁSTICO_FE,"FE explícito",FALSE,,ANNUAL,,148
"Poliestireno (PS)",,"Reciclado (Circuito cerrado)",kg,2.66976255,2024,kgCO2e/kg,"CATEGORÍA MATERIALES Y PRODUCTOS_PLÁSTICO_REGISTRO PARA CÁLCULO_TABLAS_FACTORES DE EMISIÓN.xlsx",PLÁSTICO_FE,"FE explícito",FALSE,,ANNUAL,,149
"Poliestireno (PS)",,"Reciclado (Circuito cerrado)",kg,2.66734549,2025,kgCO2e/kg,"CATEGORÍA MATERIALES Y PRODUCTOS_PLÁSTICO_REGISTRO PARA CÁLCULO_TABLAS_FACTORES DE EMISIÓN.xlsx",PLÁSTICO_FE,"FE explícito",FALSE,,ANNUAL,,150
"Poliestireno (PS)",,"Reciclado (Circuito cerrado)",kg,2.66734549,2026,kgCO2e/kg,"CATEGORÍA MATERIALES Y PRODUCTOS_PLÁSTICO_REGISTRO PARA CÁLCULO_TABLAS_FACTORES DE EMISIÓN.xlsx",PLÁSTICO_FE,"FE explícito",FALSE,"DEFRA 2026 exacto; se corrige la cabecera temporal de la referencia.",ANNUAL,"DEFRA 2026",151
"Policloruro de vinilo (PVC)",,"Producción de materia prima",kg,3.3991750697041,2022,kgCO2e/kg,"CATEGORÍA MATERIALES Y PRODUCTOS_PLÁSTICO_REGISTRO PARA CÁLCULO_TABLAS_FACTORES DE EMISIÓN.xlsx",PLÁSTICO_FE,"FE explícito",FALSE,,ANNUAL,,152
"Policloruro de vinilo (PVC)",,"Producción de materia prima",kg,2.93577335,2023,kgCO2e/kg,"CATEGORÍA MATERIALES Y PRODUCTOS_PLÁSTICO_REGISTRO PARA CÁLCULO_TABLAS_FACTORES DE EMISIÓN.xlsx",PLÁSTICO_FE,"FE explícito",FALSE,,ANNUAL,,153
"Policloruro de vinilo (PVC)",,"Producción de materia prima",kg,2.94475615,2024,kgCO2e/kg,"CATEGORÍA MATERIALES Y PRODUCTOS_PLÁSTICO_REGISTRO PARA CÁLCULO_TABLAS_FACTORES DE EMISIÓN.xlsx",PLÁSTICO_FE,"FE explícito",FALSE,,ANNUAL,,154
"Policloruro de vinilo (PVC)",,"Producción de materia prima",kg,2.94243735,2025,kgCO2e/kg,"CATEGORÍA MATERIALES Y PRODUCTOS_PLÁSTICO_REGISTRO PARA CÁLCULO_TABLAS_FACTORES DE EMISIÓN.xlsx",PLÁSTICO_FE,"FE explícito",FALSE,,ANNUAL,,155
"Policloruro de vinilo (PVC)",,"Producción de materia prima",kg,2.94243735,2026,kgCO2e/kg,"CATEGORÍA MATERIALES Y PRODUCTOS_PLÁSTICO_REGISTRO PARA CÁLCULO_TABLAS_FACTORES DE EMISIÓN.xlsx",PLÁSTICO_FE,"FE explícito",FALSE,"DEFRA 2026 exacto; se corrige la cabecera temporal de la referencia.",ANNUAL,"DEFRA 2026",156
"Policloruro de vinilo (PVC)",,"Reciclado (Circuito cerrado)",kg,2.4857431663795,2022,kgCO2e/kg,"CATEGORÍA MATERIALES Y PRODUCTOS_PLÁSTICO_REGISTRO PARA CÁLCULO_TABLAS_FACTORES DE EMISIÓN.xlsx",PLÁSTICO_FE,"FE explícito",FALSE,,ANNUAL,,157
"Policloruro de vinilo (PVC)",,"Reciclado (Circuito cerrado)",kg,1.83883987,2023,kgCO2e/kg,"CATEGORÍA MATERIALES Y PRODUCTOS_PLÁSTICO_REGISTRO PARA CÁLCULO_TABLAS_FACTORES DE EMISIÓN.xlsx",PLÁSTICO_FE,"FE explícito",FALSE,,ANNUAL,,158
"Policloruro de vinilo (PVC)",,"Reciclado (Circuito cerrado)",kg,1.84782267,2024,kgCO2e/kg,"CATEGORÍA MATERIALES Y PRODUCTOS_PLÁSTICO_REGISTRO PARA CÁLCULO_TABLAS_FACTORES DE EMISIÓN.xlsx",PLÁSTICO_FE,"FE explícito",FALSE,,ANNUAL,,159
"Policloruro de vinilo (PVC)",,"Reciclado (Circuito cerrado)",kg,1.84550387,2025,kgCO2e/kg,"CATEGORÍA MATERIALES Y PRODUCTOS_PLÁSTICO_REGISTRO PARA CÁLCULO_TABLAS_FACTORES DE EMISIÓN.xlsx",PLÁSTICO_FE,"FE explícito",FALSE,,ANNUAL,,160
"Policloruro de vinilo (PVC)",,"Reciclado (Circuito cerrado)",kg,1.84550387,2026,kgCO2e/kg,"CATEGORÍA MATERIALES Y PRODUCTOS_PLÁSTICO_REGISTRO PARA CÁLCULO_TABLAS_FACTORES DE EMISIÓN.xlsx",PLÁSTICO_FE,"FE explícito",FALSE,"DEFRA 2026 exacto; se corrige la cabecera temporal de la referencia.",ANNUAL,"DEFRA 2026",161
"Fibras textiles",Seda,"Materia prima virgen",kg,221.7,,kgCO2e/kg,"FE_ CATEGORÍA MATERIALES Y PRODUCTOS_FIBRAS TEXTILES_REGISTRO PARA CÁLCULO_FACTORES DE EMISIÓN.xlsx","FIBRAS TEXTILES_FE","FE explícito",FALSE,"Fuente versionada/no anual: aplicable a 2026 sin fingir factor_year.",VERSIONED,"Versión de la fuente incluida en el fichero de origen",166
"Fibras textiles","Lana alpaca","Materia prima virgen",kg,80.6,,kgCO2e/kg,"FE_ CATEGORÍA MATERIALES Y PRODUCTOS_FIBRAS TEXTILES_REGISTRO PARA CÁLCULO_FACTORES DE EMISIÓN.xlsx","FIBRAS TEXTILES_FE","FE explícito",FALSE,"Fuente versionada/no anual: aplicable a 2026 sin fingir factor_year.",VERSIONED,"Versión de la fuente incluida en el fichero de origen",171
"Fibras textiles","Lana cachemir","Materia prima virgen",kg,684.2,,kgCO2e/kg,"FE_ CATEGORÍA MATERIALES Y PRODUCTOS_FIBRAS TEXTILES_REGISTRO PARA CÁLCULO_FACTORES DE EMISIÓN.xlsx","FIBRAS TEXTILES_FE","FE explícito",FALSE,"Fuente versionada/no anual: aplicable a 2026 sin fingir factor_year.",VERSIONED,"Versión de la fuente incluida en el fichero de origen",176
"Fibras textiles","Lana mohair","Materia prima virgen",kg,105.3,,kgCO2e/kg,"FE_ CATEGORÍA MATERIALES Y PRODUCTOS_FIBRAS TEXTILES_REGISTRO PARA CÁLCULO_FACTORES DE EMISIÓN.xlsx","FIBRAS TEXTILES_FE","FE explícito",FALSE,"Fuente versionada/no anual: aplicable a 2026 sin fingir factor_year.",VERSIONED,"Versión de la fuente incluida en el fichero de origen",181
"Fibras textiles","Lana oveja","Materia prima virgen",kg,129,,kgCO2e/kg,"FE_ CATEGORÍA MATERIALES Y PRODUCTOS_FIBRAS TEXTILES_REGISTRO PARA CÁLCULO_FACTORES DE EMISIÓN.xlsx","FIBRAS TEXTILES_FE","FE explícito",FALSE,"Fuente versionada/no anual: aplicable a 2026 sin fingir factor_year.",VERSIONED,"Versión de la fuente incluida en el fichero de origen",186
"Fibras textiles","Cuero oveja","Materia prima virgen",kg,21.3,,kgCO2e/kg,"FE_ CATEGORÍA MATERIALES Y PRODUCTOS_FIBRAS TEXTILES_REGISTRO PARA CÁLCULO_FACTORES DE EMISIÓN.xlsx","FIBRAS TEXTILES_FE","FE explícito",FALSE,"Fuente versionada/no anual: aplicable a 2026 sin fingir factor_year.",VERSIONED,"Versión de la fuente incluida en el fichero de origen",191
"Fibras textiles","Cuero vaca","Materia prima virgen",kg,56.1,,kgCO2e/kg,"FE_ CATEGORÍA MATERIALES Y PRODUCTOS_FIBRAS TEXTILES_REGISTRO PARA CÁLCULO_FACTORES DE EMISIÓN.xlsx","FIBRAS TEXTILES_FE","FE explícito",FALSE,"Fuente versionada/no anual: aplicable a 2026 sin fingir factor_year.",VERSIONED,"Versión de la fuente incluida en el fichero de origen",196
"Fibras textiles","Cuero vaca ternero","Materia prima virgen",kg,58.5,,kgCO2e/kg,"FE_ CATEGORÍA MATERIALES Y PRODUCTOS_FIBRAS TEXTILES_REGISTRO PARA CÁLCULO_FACTORES DE EMISIÓN.xlsx","FIBRAS TEXTILES_FE","FE explícito",FALSE,"Fuente versionada/no anual: aplicable a 2026 sin fingir factor_year.",VERSIONED,"Versión de la fuente incluida en el fichero de origen",201
"Fibras textiles","Perlas cultivadas con ostras","Materia prima virgen",kg,126.1,,kgCO2e/kg,"FE_ CATEGORÍA MATERIALES Y PRODUCTOS_FIBRAS TEXTILES_REGISTRO PARA CÁLCULO_FACTORES DE EMISIÓN.xlsx","FIBRAS TEXTILES_FE","FE explícito",FALSE,"Fuente versionada/no anual: aplicable a 2026 sin fingir factor_year.",VERSIONED,"Versión de la fuente incluida en el fichero de origen",206
"Fibras textiles","Hierba de elefante","Materia prima virgen",kg,27.1,,kgCO2e/kg,"FE_ CATEGORÍA MATERIALES Y PRODUCTOS_FIBRAS TEXTILES_REGISTRO PARA CÁLCULO_FACTORES DE EMISIÓN.xlsx","FIBRAS TEXTILES_FE","FE explícito",FALSE,"Fuente versionada/no anual: aplicable a 2026 sin fingir factor_year.",VERSIONED,"Versión de la fuente incluida en el fichero de origen",211
"Fibras textiles","Plumón pato","Materia prima virgen",kg,3.5,,kgCO2e/kg,"FE_ CATEGORÍA MATERIALES Y PRODUCTOS_FIBRAS TEXTILES_REGISTRO PARA CÁLCULO_FACTORES DE EMISIÓN.xlsx","FIBRAS TEXTILES_FE","FE explícito",FALSE,"Fuente versionada/no anual: aplicable a 2026 sin fingir factor_year.",VERSIONED,"Versión de la fuente incluida en el fichero de origen",216
"Fibras textiles","Plumón de ganso","Materia prima virgen",kg,4.2,,kgCO2e/kg,"FE_ CATEGORÍA MATERIALES Y PRODUCTOS_FIBRAS TEXTILES_REGISTRO PARA CÁLCULO_FACTORES DE EMISIÓN.xlsx","FIBRAS TEXTILES_FE","FE explícito",FALSE,"Fuente versionada/no anual: aplicable a 2026 sin fingir factor_year.",VERSIONED,"Versión de la fuente incluida en el fichero de origen",221
"Fibras textiles","Resina poliuretano","Materia prima virgen",kg,2.3,,kgCO2e/kg,"FE_ CATEGORÍA MATERIALES Y PRODUCTOS_FIBRAS TEXTILES_REGISTRO PARA CÁLCULO_FACTORES DE EMISIÓN.xlsx","FIBRAS TEXTILES_FE","FE explícito",FALSE,"Fuente versionada/no anual: aplicable a 2026 sin fingir factor_year.",VERSIONED,"Versión de la fuente incluida en el fichero de origen",226
"Fibras textiles",Bambú,"Materia prima virgen",kg,27.5,,kgCO2e/kg,"FE_ CATEGORÍA MATERIALES Y PRODUCTOS_FIBRAS TEXTILES_REGISTRO PARA CÁLCULO_FACTORES DE EMISIÓN.xlsx","FIBRAS TEXTILES_FE","FE explícito",FALSE,"Fuente versionada/no anual: aplicable a 2026 sin fingir factor_year.",VERSIONED,"Versión de la fuente incluida en el fichero de origen",231
"Fibras textiles","Madera de bambú","Materia prima virgen",kg,0.5,,kgCO2e/kg,"FE_ CATEGORÍA MATERIALES Y PRODUCTOS_FIBRAS TEXTILES_REGISTRO PARA CÁLCULO_FACTORES DE EMISIÓN.xlsx","FIBRAS TEXTILES_FE","FE explícito",FALSE,"Fuente versionada/no anual: aplicable a 2026 sin fingir factor_year.",VERSIONED,"Versión de la fuente incluida en el fichero de origen",236
"Fibras textiles",Algodón,"Materia prima virgen",kg,29.1,,kgCO2e/kg,"FE_ CATEGORÍA MATERIALES Y PRODUCTOS_FIBRAS TEXTILES_REGISTRO PARA CÁLCULO_FACTORES DE EMISIÓN.xlsx","FIBRAS TEXTILES_FE","FE explícito",FALSE,"Fuente versionada/no anual: aplicable a 2026 sin fingir factor_year.",VERSIONED,"Versión de la fuente incluida en el fichero de origen",241
"Fibras textiles",Cáñamo,"Materia prima virgen",kg,24.4,,kgCO2e/kg,"FE_ CATEGORÍA MATERIALES Y PRODUCTOS_FIBRAS TEXTILES_REGISTRO PARA CÁLCULO_FACTORES DE EMISIÓN.xlsx","FIBRAS TEXTILES_FE","FE explícito",FALSE,"Fuente versionada/no anual: aplicable a 2026 sin fingir factor_year.",VERSIONED,"Versión de la fuente incluida en el fichero de origen",246
"Fibras textiles",Yute,"Materia prima virgen",kg,26.1,,kgCO2e/kg,"FE_ CATEGORÍA MATERIALES Y PRODUCTOS_FIBRAS TEXTILES_REGISTRO PARA CÁLCULO_FACTORES DE EMISIÓN.xlsx","FIBRAS TEXTILES_FE","FE explícito",FALSE,"Fuente versionada/no anual: aplicable a 2026 sin fingir factor_year.",VERSIONED,"Versión de la fuente incluida en el fichero de origen",251
"Fibras textiles",Lino,"Materia prima virgen",kg,27.4,,kgCO2e/kg,"FE_ CATEGORÍA MATERIALES Y PRODUCTOS_FIBRAS TEXTILES_REGISTRO PARA CÁLCULO_FACTORES DE EMISIÓN.xlsx","FIBRAS TEXTILES_FE","FE explícito",FALSE,"Fuente versionada/no anual: aplicable a 2026 sin fingir factor_year.",VERSIONED,"Versión de la fuente incluida en el fichero de origen",256
"Fibras textiles","Polibutileno tereftalato (PBT)","Materia prima virgen",kg,6.1,,kgCO2e/kg,"FE_ CATEGORÍA MATERIALES Y PRODUCTOS_FIBRAS TEXTILES_REGISTRO PARA CÁLCULO_FACTORES DE EMISIÓN.xlsx","FIBRAS TEXTILES_FE","FE explícito",FALSE,"Fuente versionada/no anual: aplicable a 2026 sin fingir factor_year.",VERSIONED,"Versión de la fuente incluida en el fichero de origen",261
"Fibras textiles","Teraftalato de Polietileno (PET)","Materia prima virgen",kg,6.5,,kgCO2e/kg,"FE_ CATEGORÍA MATERIALES Y PRODUCTOS_FIBRAS TEXTILES_REGISTRO PARA CÁLCULO_FACTORES DE EMISIÓN.xlsx","FIBRAS TEXTILES_FE","FE explícito",FALSE,"Fuente versionada/no anual: aplicable a 2026 sin fingir factor_year.",VERSIONED,"Versión de la fuente incluida en el fichero de origen",266
"Fibras textiles","Polietileno (PE)","Materia prima virgen",kg,4.1,,kgCO2e/kg,"FE_ CATEGORÍA MATERIALES Y PRODUCTOS_FIBRAS TEXTILES_REGISTRO PARA CÁLCULO_FACTORES DE EMISIÓN.xlsx","FIBRAS TEXTILES_FE","FE explícito",FALSE,"Fuente versionada/no anual: aplicable a 2026 sin fingir factor_year.",VERSIONED,"Versión de la fuente incluida en el fichero de origen",271
"Fibras textiles",Poliacrilamida,"Materia prima virgen",kg,4.8,,kgCO2e/kg,"FE_ CATEGORÍA MATERIALES Y PRODUCTOS_FIBRAS TEXTILES_REGISTRO PARA CÁLCULO_FACTORES DE EMISIÓN.xlsx","FIBRAS TEXTILES_FE","FE explícito",FALSE,"Fuente versionada/no anual: aplicable a 2026 sin fingir factor_year.",VERSIONED,"Versión de la fuente incluida en el fichero de origen",276
"Fibras textiles","Policarbonato (PC)","Materia prima virgen",kg,5.4,,kgCO2e/kg,"FE_ CATEGORÍA MATERIALES Y PRODUCTOS_FIBRAS TEXTILES_REGISTRO PARA CÁLCULO_FACTORES DE EMISIÓN.xlsx","FIBRAS TEXTILES_FE","FE explícito",FALSE,"Fuente versionada/no anual: aplicable a 2026 sin fingir factor_year.",VERSIONED,"Versión de la fuente incluida en el fichero de origen",281
"Fibras textiles","Polioximetileno (POM)","Materia prima virgen",kg,7.3,,kgCO2e/kg,"FE_ CATEGORÍA MATERIALES Y PRODUCTOS_FIBRAS TEXTILES_REGISTRO PARA CÁLCULO_FACTORES DE EMISIÓN.xlsx","FIBRAS TEXTILES_FE","FE explícito",FALSE,"Fuente versionada/no anual: aplicable a 2026 sin fingir factor_year.",VERSIONED,"Versión de la fuente incluida en el fichero de origen",286
"Fibras textiles","Polipropileno (PP)","Materia prima virgen",kg,4.2,,kgCO2e/kg,"FE_ CATEGORÍA MATERIALES Y PRODUCTOS_FIBRAS TEXTILES_REGISTRO PARA CÁLCULO_FACTORES DE EMISIÓN.xlsx","FIBRAS TEXTILES_FE","FE explícito",FALSE,"Fuente versionada/no anual: aplicable a 2026 sin fingir factor_year.",VERSIONED,"Versión de la fuente incluida en el fichero de origen",291
"Fibras textiles","Poliestireno (PES)","Materia prima virgen",kg,5.8,,kgCO2e/kg,"FE_ CATEGORÍA MATERIALES Y PRODUCTOS_FIBRAS TEXTILES_REGISTRO PARA CÁLCULO_FACTORES DE EMISIÓN.xlsx","FIBRAS TEXTILES_FE","FE explícito",FALSE,"Fuente versionada/no anual: aplicable a 2026 sin fingir factor_year.",VERSIONED,"Versión de la fuente incluida en el fichero de origen",296
"Fibras textiles","Politetrafluoroetileno (PTFE)","Materia prima virgen",kg,133,,kgCO2e/kg,"FE_ CATEGORÍA MATERIALES Y PRODUCTOS_FIBRAS TEXTILES_REGISTRO PARA CÁLCULO_FACTORES DE EMISIÓN.xlsx","FIBRAS TEXTILES_FE","FE explícito",FALSE,"Fuente versionada/no anual: aplicable a 2026 sin fingir factor_year.",VERSIONED,"Versión de la fuente incluida en el fichero de origen",301
"Fibras textiles","Poliuretano (PU)","Materia prima virgen",kg,5.9,,kgCO2e/kg,"FE_ CATEGORÍA MATERIALES Y PRODUCTOS_FIBRAS TEXTILES_REGISTRO PARA CÁLCULO_FACTORES DE EMISIÓN.xlsx","FIBRAS TEXTILES_FE","FE explícito",FALSE,"Fuente versionada/no anual: aplicable a 2026 sin fingir factor_year.",VERSIONED,"Versión de la fuente incluida en el fichero de origen",306
"Fibras textiles","Poliuretano termoplástico (PU)","Materia prima virgen",kg,9.8,,kgCO2e/kg,"FE_ CATEGORÍA MATERIALES Y PRODUCTOS_FIBRAS TEXTILES_REGISTRO PARA CÁLCULO_FACTORES DE EMISIÓN.xlsx","FIBRAS TEXTILES_FE","FE explícito",FALSE,"Fuente versionada/no anual: aplicable a 2026 sin fingir factor_year.",VERSIONED,"Versión de la fuente incluida en el fichero de origen",311
"Fibras textiles","Coloruro de polivinilo (PVC)","Materia prima virgen",kg,4.3,,kgCO2e/kg,"FE_ CATEGORÍA MATERIALES Y PRODUCTOS_FIBRAS TEXTILES_REGISTRO PARA CÁLCULO_FACTORES DE EMISIÓN.xlsx","FIBRAS TEXTILES_FE","FE explícito",FALSE,"Fuente versionada/no anual: aplicable a 2026 sin fingir factor_year.",VERSIONED,"Versión de la fuente incluida en el fichero de origen",316
"Fibras textiles","Carbono de silicio","Materia prima virgen",kg,16.2,,kgCO2e/kg,"FE_ CATEGORÍA MATERIALES Y PRODUCTOS_FIBRAS TEXTILES_REGISTRO PARA CÁLCULO_FACTORES DE EMISIÓN.xlsx","FIBRAS TEXTILES_FE","FE explícito",FALSE,"Fuente versionada/no anual: aplicable a 2026 sin fingir factor_year.",VERSIONED,"Versión de la fuente incluida en el fichero de origen",321
"Fibras textiles","Caucho natural","Materia prima virgen",kg,8.3,,kgCO2e/kg,"FE_ CATEGORÍA MATERIALES Y PRODUCTOS_FIBRAS TEXTILES_REGISTRO PARA CÁLCULO_FACTORES DE EMISIÓN.xlsx","FIBRAS TEXTILES_FE","FE explícito",FALSE,"Fuente versionada/no anual: aplicable a 2026 sin fingir factor_year.",VERSIONED,"Versión de la fuente incluida en el fichero de origen",326
"Fibras textiles",Acetal,"Materia prima virgen",kg,6.8,,kgCO2e/kg,"FE_ CATEGORÍA MATERIALES Y PRODUCTOS_FIBRAS TEXTILES_REGISTRO PARA CÁLCULO_FACTORES DE EMISIÓN.xlsx","FIBRAS TEXTILES_FE","FE explícito",FALSE,"Fuente versionada/no anual: aplicable a 2026 sin fingir factor_year.",VERSIONED,"Versión de la fuente incluida en el fichero de origen",331
"Fibras textiles","Caucho sintético ABS","Materia prima virgen",kg,6.9,,kgCO2e/kg,"FE_ CATEGORÍA MATERIALES Y PRODUCTOS_FIBRAS TEXTILES_REGISTRO PARA CÁLCULO_FACTORES DE EMISIÓN.xlsx","FIBRAS TEXTILES_FE","FE explícito",FALSE,"Fuente versionada/no anual: aplicable a 2026 sin fingir factor_year.",VERSIONED,"Versión de la fuente incluida en el fichero de origen",336
"Fibras textiles","Caucho sintético neopreno","Materia prima virgen",kg,6,,kgCO2e/kg,"FE_ CATEGORÍA MATERIALES Y PRODUCTOS_FIBRAS TEXTILES_REGISTRO PARA CÁLCULO_FACTORES DE EMISIÓN.xlsx","FIBRAS TEXTILES_FE","FE explícito",FALSE,"Fuente versionada/no anual: aplicable a 2026 sin fingir factor_year.",VERSIONED,"Versión de la fuente incluida en el fichero de origen",341
"Fibras textiles","Caucho sintético SBR","Materia prima virgen",kg,2.2,,kgCO2e/kg,"FE_ CATEGORÍA MATERIALES Y PRODUCTOS_FIBRAS TEXTILES_REGISTRO PARA CÁLCULO_FACTORES DE EMISIÓN.xlsx","FIBRAS TEXTILES_FE","FE explícito",FALSE,"Fuente versionada/no anual: aplicable a 2026 sin fingir factor_year.",VERSIONED,"Versión de la fuente incluida en el fichero de origen",346
"Fibras textiles","Caucho sintético TPR","Materia prima virgen",kg,4.7,,kgCO2e/kg,"FE_ CATEGORÍA MATERIALES Y PRODUCTOS_FIBRAS TEXTILES_REGISTRO PARA CÁLCULO_FACTORES DE EMISIÓN.xlsx","FIBRAS TEXTILES_FE","FE explícito",FALSE,"Fuente versionada/no anual: aplicable a 2026 sin fingir factor_year.",VERSIONED,"Versión de la fuente incluida en el fichero de origen",351
"Fibras textiles",Acrílico,"Materia prima virgen",kg,27,,kgCO2e/kg,"FE_ CATEGORÍA MATERIALES Y PRODUCTOS_FIBRAS TEXTILES_REGISTRO PARA CÁLCULO_FACTORES DE EMISIÓN.xlsx","FIBRAS TEXTILES_FE","FE explícito",FALSE,"Fuente versionada/no anual: aplicable a 2026 sin fingir factor_year.",VERSIONED,"Versión de la fuente incluida en el fichero de origen",356
"Fibras textiles",Aramida,"Materia prima virgen",kg,55.8,,kgCO2e/kg,"FE_ CATEGORÍA MATERIALES Y PRODUCTOS_FIBRAS TEXTILES_REGISTRO PARA CÁLCULO_FACTORES DE EMISIÓN.xlsx","FIBRAS TEXTILES_FE","FE explícito",FALSE,"Fuente versionada/no anual: aplicable a 2026 sin fingir factor_year.",VERSIONED,"Versión de la fuente incluida en el fichero de origen",361
"Fibras textiles","Elastano, licra o Spandex","Materia prima virgen",kg,24.6,,kgCO2e/kg,"FE_ CATEGORÍA MATERIALES Y PRODUCTOS_FIBRAS TEXTILES_REGISTRO PARA CÁLCULO_FACTORES DE EMISIÓN.xlsx","FIBRAS TEXTILES_FE","FE explícito",FALSE,"Fuente versionada/no anual: aplicable a 2026 sin fingir factor_year.",VERSIONED,"Versión de la fuente incluida en el fichero de origen",366
"Fibras textiles",Vidrio,"Materia prima virgen",kg,21.8,,kgCO2e/kg,"FE_ CATEGORÍA MATERIALES Y PRODUCTOS_FIBRAS TEXTILES_REGISTRO PARA CÁLCULO_FACTORES DE EMISIÓN.xlsx","FIBRAS TEXTILES_FE","FE explícito",FALSE,"Fuente versionada/no anual: aplicable a 2026 sin fingir factor_year.",VERSIONED,"Versión de la fuente incluida en el fichero de origen",371
"Fibras textiles","Nylon Poliamida 6","Materia prima virgen",kg,32,,kgCO2e/kg,"FE_ CATEGORÍA MATERIALES Y PRODUCTOS_FIBRAS TEXTILES_REGISTRO PARA CÁLCULO_FACTORES DE EMISIÓN.xlsx","FIBRAS TEXTILES_FE","FE explícito",FALSE,"Fuente versionada/no anual: aplicable a 2026 sin fingir factor_year.",VERSIONED,"Versión de la fuente incluida en el fichero de origen",376
"Fibras textiles","Nylon Poliamida 66","Materia prima virgen",kg,32.9,,kgCO2e/kg,"FE_ CATEGORÍA MATERIALES Y PRODUCTOS_FIBRAS TEXTILES_REGISTRO PARA CÁLCULO_FACTORES DE EMISIÓN.xlsx","FIBRAS TEXTILES_FE","FE explícito",FALSE,"Fuente versionada/no anual: aplicable a 2026 sin fingir factor_year.",VERSIONED,"Versión de la fuente incluida en el fichero de origen",381
"Fibras textiles","Nylon Poliamida 12","Materia prima virgen",kg,25.4,,kgCO2e/kg,"FE_ CATEGORÍA MATERIALES Y PRODUCTOS_FIBRAS TEXTILES_REGISTRO PARA CÁLCULO_FACTORES DE EMISIÓN.xlsx","FIBRAS TEXTILES_FE","FE explícito",FALSE,"Fuente versionada/no anual: aplicable a 2026 sin fingir factor_year.",VERSIONED,"Versión de la fuente incluida en el fichero de origen",386
"Fibras textiles","Conchas marinas","Materia prima virgen",kg,0.5,,kgCO2e/kg,"FE_ CATEGORÍA MATERIALES Y PRODUCTOS_FIBRAS TEXTILES_REGISTRO PARA CÁLCULO_FACTORES DE EMISIÓN.xlsx","FIBRAS TEXTILES_FE","FE explícito",FALSE,"Fuente versionada/no anual: aplicable a 2026 sin fingir factor_year.",VERSIONED,"Versión de la fuente incluida en el fichero de origen",391
"Fibras textiles",Corcho,"Materia prima virgen",kg,3.3,,kgCO2e/kg,"FE_ CATEGORÍA MATERIALES Y PRODUCTOS_FIBRAS TEXTILES_REGISTRO PARA CÁLCULO_FACTORES DE EMISIÓN.xlsx","FIBRAS TEXTILES_FE","FE explícito",FALSE,"Fuente versionada/no anual: aplicable a 2026 sin fingir factor_year.",VERSIONED,"Versión de la fuente incluida en el fichero de origen",396
"Loneta, loneta",PVC,"Materia prima virgen",kg,4.5,,kgCO2e/kg,"FE_ CATEGORÍA MATERIALES Y PRODUCTOS_LONA LONETA_REGISTRO PARA CÁLCULO_FACTORES DE EMISIÓN.xlsx","LONA O LONETA_FE","FE explícito",FALSE,"Fuente versionada/no anual: aplicable a 2026 sin fingir factor_year.",VERSIONED,"Versión de la fuente incluida en el fichero de origen",401
"Loneta, loneta","Poliéster (PET)","Materia prima virgen",kg,6.5,,kgCO2e/kg,"FE_ CATEGORÍA MATERIALES Y PRODUCTOS_LONA LONETA_REGISTRO PARA CÁLCULO_FACTORES DE EMISIÓN.xlsx","LONA O LONETA_FE","FE explícito",FALSE,"Fuente versionada/no anual: aplicable a 2026 sin fingir factor_year.",VERSIONED,"Versión de la fuente incluida en el fichero de origen",406
"Loneta, loneta","Poliéster (PET)","Materia prima reciclada",kg,4.3,,kgCO2e/kg,"FE_ CATEGORÍA MATERIALES Y PRODUCTOS_LONA LONETA_REGISTRO PARA CÁLCULO_FACTORES DE EMISIÓN.xlsx","LONA O LONETA_FE","FE explícito",FALSE,"Fuente versionada/no anual: aplicable a 2026 sin fingir factor_year.",VERSIONED,"Versión de la fuente incluida en el fichero de origen",411
"Loneta, loneta","Polietileno (PE)","Materia prima virgen",kg,4.1,,kgCO2e/kg,"FE_ CATEGORÍA MATERIALES Y PRODUCTOS_LONA LONETA_REGISTRO PARA CÁLCULO_FACTORES DE EMISIÓN.xlsx","LONA O LONETA_FE","FE explícito",FALSE,"Fuente versionada/no anual: aplicable a 2026 sin fingir factor_year.",VERSIONED,"Versión de la fuente incluida en el fichero de origen",416
"Loneta, loneta","Polietileno (PE)","Materia prima reciclada",kg,2.6,,kgCO2e/kg,"FE_ CATEGORÍA MATERIALES Y PRODUCTOS_LONA LONETA_REGISTRO PARA CÁLCULO_FACTORES DE EMISIÓN.xlsx","LONA O LONETA_FE","FE explícito",FALSE,"Fuente versionada/no anual: aplicable a 2026 sin fingir factor_year.",VERSIONED,"Versión de la fuente incluida en el fichero de origen",421
"Loneta, loneta","Polipropileno (PP)","Materia prima virgen",kg,4.2,,kgCO2e/kg,"FE_ CATEGORÍA MATERIALES Y PRODUCTOS_LONA LONETA_REGISTRO PARA CÁLCULO_FACTORES DE EMISIÓN.xlsx","LONA O LONETA_FE","FE explícito",FALSE,"Fuente versionada/no anual: aplicable a 2026 sin fingir factor_year.",VERSIONED,"Versión de la fuente incluida en el fichero de origen",426
"Loneta, loneta","Polipropileno (PP)","Materia prima reciclada",kg,1.9,,kgCO2e/kg,"FE_ CATEGORÍA MATERIALES Y PRODUCTOS_LONA LONETA_REGISTRO PARA CÁLCULO_FACTORES DE EMISIÓN.xlsx","LONA O LONETA_FE","FE explícito",FALSE,"Fuente versionada/no anual: aplicable a 2026 sin fingir factor_year.",VERSIONED,"Versión de la fuente incluida en el fichero de origen",431
"Loneta, loneta",Acrílica,"Materia prima virgen",kg,27,,kgCO2e/kg,"FE_ CATEGORÍA MATERIALES Y PRODUCTOS_LONA LONETA_REGISTRO PARA CÁLCULO_FACTORES DE EMISIÓN.xlsx","LONA O LONETA_FE","FE explícito",FALSE,"Fuente versionada/no anual: aplicable a 2026 sin fingir factor_year.",VERSIONED,"Versión de la fuente incluida en el fichero de origen",436
"Loneta, loneta",Acrílica,"Materia prima reciclada",kg,14.7,,kgCO2e/kg,"FE_ CATEGORÍA MATERIALES Y PRODUCTOS_LONA LONETA_REGISTRO PARA CÁLCULO_FACTORES DE EMISIÓN.xlsx","LONA O LONETA_FE","FE explícito",FALSE,"Fuente versionada/no anual: aplicable a 2026 sin fingir factor_year.",VERSIONED,"Versión de la fuente incluida en el fichero de origen",441
"Loneta, loneta",Algodón,"Producción de materia prima",kg,29.1,,kgCO2e/kg,"FE_ CATEGORÍA MATERIALES Y PRODUCTOS_LONA LONETA_REGISTRO PARA CÁLCULO_FACTORES DE EMISIÓN.xlsx","LONA O LONETA_FE","FE explícito",FALSE,"Fuente versionada/no anual: aplicable a 2026 sin fingir factor_year.",VERSIONED,"Versión de la fuente incluida en el fichero de origen",446
"Loneta, loneta",Algodón,"Materia prima reciclada",kg,17.8,,kgCO2e/kg,"FE_ CATEGORÍA MATERIALES Y PRODUCTOS_LONA LONETA_REGISTRO PARA CÁLCULO_FACTORES DE EMISIÓN.xlsx","LONA O LONETA_FE","FE explícito",FALSE,"Fuente versionada/no anual: aplicable a 2026 sin fingir factor_year.",VERSIONED,"Versión de la fuente incluida en el fichero de origen",451
Moqueta,Estándar,"Materia prima virgen",m²,8.918125799,,kgCO2e/m²,"FE_ CATEGORÍA MATERIALES Y PRODUCTOS_MOQUETA_REGISTRO PARA CÁLCULO_FACTORES DE EMISIÓN.xlsx",MOQUETA_FE,"FE explícito",FALSE,"Fuente versionada/no anual: aplicable a 2026 sin fingir factor_year.",VERSIONED,"Versión de la fuente incluida en el fichero de origen",456
Moqueta,Sostenible,"Materia prima virgen",m²,3.494,,kgCO2e/m²,"FE_ CATEGORÍA MATERIALES Y PRODUCTOS_MOQUETA_REGISTRO PARA CÁLCULO_FACTORES DE EMISIÓN.xlsx",MOQUETA_FE,"FE explícito",FALSE,"Fuente versionada/no anual: aplicable a 2026 sin fingir factor_year.",VERSIONED,"Versión de la fuente incluida en el fichero de origen",461
Barniz,"Barniz con base al agua",,kg,1.510907933,,kgCO2e/kg,"FE_ CATEGORÍA MATERIALES Y PRODUCTOS_PRODUCTOS_BARNIZ BASE AL AGUA_REGISTRO PARA CÁLCULO_VALORES PREDET_FACTORES DE EMISIÓN.xlsx","BARNIZ AL AGUA_FE","FE explícito",FALSE,"Fuente versionada/no anual: aplicable a 2026 sin fingir factor_year.",VERSIONED,"Versión de la fuente incluida en el fichero de origen",466
Disolvente,"Aguarrás mineral",,l,0.619,,kgCO2e/l,"FE_ CATEGORÍA MATERIALES Y PRODUCTOS_PRODUCTOS_DISOLVENTE AGUARRÁS_REGISTRO PARA CÁLCULO_FACTORES DE EMISIÓN.xlsx","DISOLVENTE AGUARRÁS_FE","FE explícito",FALSE,"Fuente versionada/no anual: aplicable a 2026 sin fingir factor_year.",VERSIONED,"Versión de la fuente incluida en el fichero de origen",471
Pintura,"Pintura con base al agua",,kg,2.15367487,,kgCO2e/kg,"FE_ CATEGORÍA MATERIALES Y PRODUCTOS_PRODUCTOS_PINTURA BASE AL AGUA_REGISTRO PARA CÁLCULO_VALORES PREDET_FACTORES DE EMISIÓN.xlsx",PINTURA_FE,"FE explícito",FALSE,"Fuente versionada/no anual: aplicable a 2026 sin fingir factor_year.",VERSIONED,"Versión de la fuente incluida en el fichero de origen",476
"Ropa y accesorios","Ropa y accesorios",Reutilizado,ud,0.15225,,kgCO2e/ud,"FE_ CATEGORÍA MATERIALES Y PRODUCTOS_ROPA Y ACCESORIOS_REGISTRO PARA CÁLCULO_FACTORES DE EMISIÓN.xlsx","ROPA Y ACCESORIOS_FE","FE explícito",FALSE,"Fuente versionada/no anual: aplicable a 2026 sin fingir factor_year.",VERSIONED,"Versión de la fuente incluida en el fichero de origen",481
"Ropa y accesorios","Top tirantes","Materia prima virgen",ud,10.84,,kgCO2e/ud,"FE_ CATEGORÍA MATERIALES Y PRODUCTOS_ROPA Y ACCESORIOS_REGISTRO PARA CÁLCULO_FACTORES DE EMISIÓN.xlsx","ROPA Y ACCESORIOS_FE","FE explícito",FALSE,"Fuente versionada/no anual: aplicable a 2026 sin fingir factor_year.",VERSIONED,"Versión de la fuente incluida en el fichero de origen",486
"Ropa y accesorios",Corsé,"Materia prima virgen",ud,6.69,,kgCO2e/ud,"FE_ CATEGORÍA MATERIALES Y PRODUCTOS_ROPA Y ACCESORIOS_REGISTRO PARA CÁLCULO_FACTORES DE EMISIÓN.xlsx","ROPA Y ACCESORIOS_FE","FE explícito",FALSE,"Fuente versionada/no anual: aplicable a 2026 sin fingir factor_year.",VERSIONED,"Versión de la fuente incluida en el fichero de origen",491
"Ropa y accesorios","Camiseta tirantes, sin mangas","Materia prima virgen",ud,6.91,,kgCO2e/ud,"FE_ CATEGORÍA MATERIALES Y PRODUCTOS_ROPA Y ACCESORIOS_REGISTRO PARA CÁLCULO_FACTORES DE EMISIÓN.xlsx","ROPA Y ACCESORIOS_FE","FE explícito",FALSE,"Fuente versionada/no anual: aplicable a 2026 sin fingir factor_year.",VERSIONED,"Versión de la fuente incluida en el fichero de origen",496
"Ropa y accesorios","Camiseta manga corta","Materia prima virgen",ud,10.6,,kgCO2e/ud,"FE_ CATEGORÍA MATERIALES Y PRODUCTOS_ROPA Y ACCESORIOS_REGISTRO PARA CÁLCULO_FACTORES DE EMISIÓN.xlsx","ROPA Y ACCESORIOS_FE","FE explícito",FALSE,"Fuente versionada/no anual: aplicable a 2026 sin fingir factor_year.",VERSIONED,"Versión de la fuente incluida en el fichero de origen",501
"Ropa y accesorios","Camiseta manga larga","Materia prima virgen",ud,9.76,,kgCO2e/ud,"FE_ CATEGORÍA MATERIALES Y PRODUCTOS_ROPA Y ACCESORIOS_REGISTRO PARA CÁLCULO_FACTORES DE EMISIÓN.xlsx","ROPA Y ACCESORIOS_FE","FE explícito",FALSE,"Fuente versionada/no anual: aplicable a 2026 sin fingir factor_year.",VERSIONED,"Versión de la fuente incluida en el fichero de origen",506
"Ropa y accesorios","Camisa, camiseta polo","Materia prima virgen",ud,11.98,,kgCO2e/ud,"FE_ CATEGORÍA MATERIALES Y PRODUCTOS_ROPA Y ACCESORIOS_REGISTRO PARA CÁLCULO_FACTORES DE EMISIÓN.xlsx","ROPA Y ACCESORIOS_FE","FE explícito",FALSE,"Fuente versionada/no anual: aplicable a 2026 sin fingir factor_year.",VERSIONED,"Versión de la fuente incluida en el fichero de origen",511
"Ropa y accesorios","Pantalón vaquero, jeans","Materia prima virgen",ud,16.34,,kgCO2e/ud,"FE_ CATEGORÍA MATERIALES Y PRODUCTOS_ROPA Y ACCESORIOS_REGISTRO PARA CÁLCULO_FACTORES DE EMISIÓN.xlsx","ROPA Y ACCESORIOS_FE","FE explícito",FALSE,"Fuente versionada/no anual: aplicable a 2026 sin fingir factor_year.",VERSIONED,"Versión de la fuente incluida en el fichero de origen",516
"Ropa y accesorios",Pantalón,"Materia prima virgen",ud,27.5,,kgCO2e/ud,"FE_ CATEGORÍA MATERIALES Y PRODUCTOS_ROPA Y ACCESORIOS_REGISTRO PARA CÁLCULO_FACTORES DE EMISIÓN.xlsx","ROPA Y ACCESORIOS_FE","FE explícito",FALSE,"Fuente versionada/no anual: aplicable a 2026 sin fingir factor_year.",VERSIONED,"Versión de la fuente incluida en el fichero de origen",521
"Ropa y accesorios","Mallas, leggins","Materia prima virgen",ud,6.16,,kgCO2e/ud,"FE_ CATEGORÍA MATERIALES Y PRODUCTOS_ROPA Y ACCESORIOS_REGISTRO PARA CÁLCULO_FACTORES DE EMISIÓN.xlsx","ROPA Y ACCESORIOS_FE","FE explícito",FALSE,"Fuente versionada/no anual: aplicable a 2026 sin fingir factor_year.",VERSIONED,"Versión de la fuente incluida en el fichero de origen",526
"Ropa y accesorios",Falda,"Materia prima virgen",ud,11.15,,kgCO2e/ud,"FE_ CATEGORÍA MATERIALES Y PRODUCTOS_ROPA Y ACCESORIOS_REGISTRO PARA CÁLCULO_FACTORES DE EMISIÓN.xlsx","ROPA Y ACCESORIOS_FE","FE explícito",FALSE,"Fuente versionada/no anual: aplicable a 2026 sin fingir factor_year.",VERSIONED,"Versión de la fuente incluida en el fichero de origen",531
"Ropa y accesorios",Vestido,"Materia prima virgen",ud,14.24,,kgCO2e/ud,"FE_ CATEGORÍA MATERIALES Y PRODUCTOS_ROPA Y ACCESORIOS_REGISTRO PARA CÁLCULO_FACTORES DE EMISIÓN.xlsx","ROPA Y ACCESORIOS_FE","FE explícito",FALSE,"Fuente versionada/no anual: aplicable a 2026 sin fingir factor_year.",VERSIONED,"Versión de la fuente incluida en el fichero de origen",536
"Ropa y accesorios","Mono de trabajo","Materia prima virgen",ud,33.74,,kgCO2e/ud,"FE_ CATEGORÍA MATERIALES Y PRODUCTOS_ROPA Y ACCESORIOS_REGISTRO PARA CÁLCULO_FACTORES DE EMISIÓN.xlsx","ROPA Y ACCESORIOS_FE","FE explícito",FALSE,"Fuente versionada/no anual: aplicable a 2026 sin fingir factor_year.",VERSIONED,"Versión de la fuente incluida en el fichero de origen",541
"Ropa y accesorios",Cardigan,"Materia prima virgen",ud,26.85,,kgCO2e/ud,"FE_ CATEGORÍA MATERIALES Y PRODUCTOS_ROPA Y ACCESORIOS_REGISTRO PARA CÁLCULO_FACTORES DE EMISIÓN.xlsx","ROPA Y ACCESORIOS_FE","FE explícito",FALSE,"Fuente versionada/no anual: aplicable a 2026 sin fingir factor_year.",VERSIONED,"Versión de la fuente incluida en el fichero de origen",546
"Ropa y accesorios","Sudadera capucha","Materia prima virgen",ud,18.97,,kgCO2e/ud,"FE_ CATEGORÍA MATERIALES Y PRODUCTOS_ROPA Y ACCESORIOS_REGISTRO PARA CÁLCULO_FACTORES DE EMISIÓN.xlsx","ROPA Y ACCESORIOS_FE","FE explícito",FALSE,"Fuente versionada/no anual: aplicable a 2026 sin fingir factor_year.",VERSIONED,"Versión de la fuente incluida en el fichero de origen",551
"Ropa y accesorios","Jersey, suéter","Materia prima virgen",ud,19.05,,kgCO2e/ud,"FE_ CATEGORÍA MATERIALES Y PRODUCTOS_ROPA Y ACCESORIOS_REGISTRO PARA CÁLCULO_FACTORES DE EMISIÓN.xlsx","ROPA Y ACCESORIOS_FE","FE explícito",FALSE,"Fuente versionada/no anual: aplicable a 2026 sin fingir factor_year.",VERSIONED,"Versión de la fuente incluida en el fichero de origen",556
"Ropa y accesorios","Capa capucha","Materia prima virgen",ud,27.74,,kgCO2e/ud,"FE_ CATEGORÍA MATERIALES Y PRODUCTOS_ROPA Y ACCESORIOS_REGISTRO PARA CÁLCULO_FACTORES DE EMISIÓN.xlsx","ROPA Y ACCESORIOS_FE","FE explícito",FALSE,"Fuente versionada/no anual: aplicable a 2026 sin fingir factor_year.",VERSIONED,"Versión de la fuente incluida en el fichero de origen",561
"Ropa y accesorios","Chaqueta forro polar","Materia prima virgen",ud,18,,kgCO2e/ud,"FE_ CATEGORÍA MATERIALES Y PRODUCTOS_ROPA Y ACCESORIOS_REGISTRO PARA CÁLCULO_FACTORES DE EMISIÓN.xlsx","ROPA Y ACCESORIOS_FE","FE explícito",FALSE,"Fuente versionada/no anual: aplicable a 2026 sin fingir factor_year.",VERSIONED,"Versión de la fuente incluida en el fichero de origen",566
"Ropa y accesorios","Chaqueta, cazadora","Materia prima virgen",ud,29.72,,kgCO2e/ud,"FE_ CATEGORÍA MATERIALES Y PRODUCTOS_ROPA Y ACCESORIOS_REGISTRO PARA CÁLCULO_FACTORES DE EMISIÓN.xlsx","ROPA Y ACCESORIOS_FE","FE explícito",FALSE,"Fuente versionada/no anual: aplicable a 2026 sin fingir factor_year.",VERSIONED,"Versión de la fuente incluida en el fichero de origen",571
"Ropa y accesorios","Chaleco acolchado","Materia prima virgen",ud,20.95,,kgCO2e/ud,"FE_ CATEGORÍA MATERIALES Y PRODUCTOS_ROPA Y ACCESORIOS_REGISTRO PARA CÁLCULO_FACTORES DE EMISIÓN.xlsx","ROPA Y ACCESORIOS_FE","FE explícito",FALSE,"Fuente versionada/no anual: aplicable a 2026 sin fingir factor_year.",VERSIONED,"Versión de la fuente incluida en el fichero de origen",576
"Ropa y accesorios","Bañador hombre","Materia prima virgen",ud,5.78,,kgCO2e/ud,"FE_ CATEGORÍA MATERIALES Y PRODUCTOS_ROPA Y ACCESORIOS_REGISTRO PARA CÁLCULO_FACTORES DE EMISIÓN.xlsx","ROPA Y ACCESORIOS_FE","FE explícito",FALSE,"Fuente versionada/no anual: aplicable a 2026 sin fingir factor_year.",VERSIONED,"Versión de la fuente incluida en el fichero de origen",581
"Ropa y accesorios","Bañador de dos piezas mujer, bikini","Materia prima virgen",ud,4.78,,kgCO2e/ud,"FE_ CATEGORÍA MATERIALES Y PRODUCTOS_ROPA Y ACCESORIOS_REGISTRO PARA CÁLCULO_FACTORES DE EMISIÓN.xlsx","ROPA Y ACCESORIOS_FE","FE explícito",FALSE,"Fuente versionada/no anual: aplicable a 2026 sin fingir factor_year.",VERSIONED,"Versión de la fuente incluida en el fichero de origen",586
"Ropa y accesorios","Bañador mujer","Materia prima virgen",ud,4.9,,kgCO2e/ud,"FE_ CATEGORÍA MATERIALES Y PRODUCTOS_ROPA Y ACCESORIOS_REGISTRO PARA CÁLCULO_FACTORES DE EMISIÓN.xlsx","ROPA Y ACCESORIOS_FE","FE explícito",FALSE,"Fuente versionada/no anual: aplicable a 2026 sin fingir factor_year.",VERSIONED,"Versión de la fuente incluida en el fichero de origen",591
"Ropa y accesorios","Traje buceo neopreno","Materia prima virgen",ud,77.29,,kgCO2e/ud,"FE_ CATEGORÍA MATERIALES Y PRODUCTOS_ROPA Y ACCESORIOS_REGISTRO PARA CÁLCULO_FACTORES DE EMISIÓN.xlsx","ROPA Y ACCESORIOS_FE","FE explícito",FALSE,"Fuente versionada/no anual: aplicable a 2026 sin fingir factor_year.",VERSIONED,"Versión de la fuente incluida en el fichero de origen",596
"Ropa y accesorios","Zapato tacón verano","Materia prima virgen",ud,33.5,,kgCO2e/ud,"FE_ CATEGORÍA MATERIALES Y PRODUCTOS_ROPA Y ACCESORIOS_REGISTRO PARA CÁLCULO_FACTORES DE EMISIÓN.xlsx","ROPA Y ACCESORIOS_FE","FE explícito",FALSE,"Fuente versionada/no anual: aplicable a 2026 sin fingir factor_year.",VERSIONED,"Versión de la fuente incluida en el fichero de origen",601
"Ropa y accesorios","Zapato tacón","Materia prima virgen",ud,62.42,,kgCO2e/ud,"FE_ CATEGORÍA MATERIALES Y PRODUCTOS_ROPA Y ACCESORIOS_REGISTRO PARA CÁLCULO_FACTORES DE EMISIÓN.xlsx","ROPA Y ACCESORIOS_FE","FE explícito",FALSE,"Fuente versionada/no anual: aplicable a 2026 sin fingir factor_year.",VERSIONED,"Versión de la fuente incluida en el fichero de origen",606
"Ropa y accesorios","Zapato plano mujer","Materia prima virgen",ud,37.95,,kgCO2e/ud,"FE_ CATEGORÍA MATERIALES Y PRODUCTOS_ROPA Y ACCESORIOS_REGISTRO PARA CÁLCULO_FACTORES DE EMISIÓN.xlsx","ROPA Y ACCESORIOS_FE","FE explícito",FALSE,"Fuente versionada/no anual: aplicable a 2026 sin fingir factor_year.",VERSIONED,"Versión de la fuente incluida en el fichero de origen",611
"Ropa y accesorios","Zapato mocasín","Materia prima virgen",ud,68.33,,kgCO2e/ud,"FE_ CATEGORÍA MATERIALES Y PRODUCTOS_ROPA Y ACCESORIOS_REGISTRO PARA CÁLCULO_FACTORES DE EMISIÓN.xlsx","ROPA Y ACCESORIOS_FE","FE explícito",FALSE,"Fuente versionada/no anual: aplicable a 2026 sin fingir factor_year.",VERSIONED,"Versión de la fuente incluida en el fichero de origen",616
"Ropa y accesorios","Zapato, zapatilla vestir hombre","Materia prima virgen",ud,27.17,,kgCO2e/ud,"FE_ CATEGORÍA MATERIALES Y PRODUCTOS_ROPA Y ACCESORIOS_REGISTRO PARA CÁLCULO_FACTORES DE EMISIÓN.xlsx","ROPA Y ACCESORIOS_FE","FE explícito",FALSE,"Fuente versionada/no anual: aplicable a 2026 sin fingir factor_year.",VERSIONED,"Versión de la fuente incluida en el fichero de origen",621
"Ropa y accesorios","Zapatillas deportivas","Materia prima virgen",ud,12.09,,kgCO2e/ud,"FE_ CATEGORÍA MATERIALES Y PRODUCTOS_ROPA Y ACCESORIOS_REGISTRO PARA CÁLCULO_FACTORES DE EMISIÓN.xlsx","ROPA Y ACCESORIOS_FE","FE explícito",FALSE,"Fuente versionada/no anual: aplicable a 2026 sin fingir factor_year.",VERSIONED,"Versión de la fuente incluida en el fichero de origen",626
"Ropa y accesorios",Botas,"Materia prima virgen",ud,79.97,,kgCO2e/ud,"FE_ CATEGORÍA MATERIALES Y PRODUCTOS_ROPA Y ACCESORIOS_REGISTRO PARA CÁLCULO_FACTORES DE EMISIÓN.xlsx","ROPA Y ACCESORIOS_FE","FE explícito",FALSE,"Fuente versionada/no anual: aplicable a 2026 sin fingir factor_year.",VERSIONED,"Versión de la fuente incluida en el fichero de origen",631
"Ropa y accesorios","Suela calzado","Materia prima virgen",ud,2.01,,kgCO2e/ud,"FE_ CATEGORÍA MATERIALES Y PRODUCTOS_ROPA Y ACCESORIOS_REGISTRO PARA CÁLCULO_FACTORES DE EMISIÓN.xlsx","ROPA Y ACCESORIOS_FE","FE explícito",FALSE,"Fuente versionada/no anual: aplicable a 2026 sin fingir factor_year.",VERSIONED,"Versión de la fuente incluida en el fichero de origen",636
"Ropa y accesorios",Plantilla,"Materia prima virgen",ud,0.72,,kgCO2e/ud,"FE_ CATEGORÍA MATERIALES Y PRODUCTOS_ROPA Y ACCESORIOS_REGISTRO PARA CÁLCULO_FACTORES DE EMISIÓN.xlsx","ROPA Y ACCESORIOS_FE","FE explícito",FALSE,"Fuente versionada/no anual: aplicable a 2026 sin fingir factor_year.",VERSIONED,"Versión de la fuente incluida en el fichero de origen",641
"Ropa y accesorios",Calcetines,"Materia prima virgen",ud,1.83,,kgCO2e/ud,"FE_ CATEGORÍA MATERIALES Y PRODUCTOS_ROPA Y ACCESORIOS_REGISTRO PARA CÁLCULO_FACTORES DE EMISIÓN.xlsx","ROPA Y ACCESORIOS_FE","FE explícito",FALSE,"Fuente versionada/no anual: aplicable a 2026 sin fingir factor_year.",VERSIONED,"Versión de la fuente incluida en el fichero de origen",646
"Ropa y accesorios","Medias, leotardos","Materia prima virgen",ud,5.91,,kgCO2e/ud,"FE_ CATEGORÍA MATERIALES Y PRODUCTOS_ROPA Y ACCESORIOS_REGISTRO PARA CÁLCULO_FACTORES DE EMISIÓN.xlsx","ROPA Y ACCESORIOS_FE","FE explícito",FALSE,"Fuente versionada/no anual: aplicable a 2026 sin fingir factor_year.",VERSIONED,"Versión de la fuente incluida en el fichero de origen",651
"Ropa y accesorios",Sujetador,"Materia prima virgen",ud,4.9,,kgCO2e/ud,"FE_ CATEGORÍA MATERIALES Y PRODUCTOS_ROPA Y ACCESORIOS_REGISTRO PARA CÁLCULO_FACTORES DE EMISIÓN.xlsx","ROPA Y ACCESORIOS_FE","FE explícito",FALSE,"Fuente versionada/no anual: aplicable a 2026 sin fingir factor_year.",VERSIONED,"Versión de la fuente incluida en el fichero de origen",656
"Ropa y accesorios","Ropa interior mujer","Materia prima virgen",ud,4.08,,kgCO2e/ud,"FE_ CATEGORÍA MATERIALES Y PRODUCTOS_ROPA Y ACCESORIOS_REGISTRO PARA CÁLCULO_FACTORES DE EMISIÓN.xlsx","ROPA Y ACCESORIOS_FE","FE explícito",FALSE,"Fuente versionada/no anual: aplicable a 2026 sin fingir factor_year.",VERSIONED,"Versión de la fuente incluida en el fichero de origen",661
"Ropa y accesorios","Ropa interior hombre boxers","Materia prima virgen",ud,5.77,,kgCO2e/ud,"FE_ CATEGORÍA MATERIALES Y PRODUCTOS_ROPA Y ACCESORIOS_REGISTRO PARA CÁLCULO_FACTORES DE EMISIÓN.xlsx","ROPA Y ACCESORIOS_FE","FE explícito",FALSE,"Fuente versionada/no anual: aplicable a 2026 sin fingir factor_year.",VERSIONED,"Versión de la fuente incluida en el fichero de origen",666
"Ropa y accesorios","Ropa interior hombre slips","Materia prima virgen",ud,10.71,,kgCO2e/ud,"FE_ CATEGORÍA MATERIALES Y PRODUCTOS_ROPA Y ACCESORIOS_REGISTRO PARA CÁLCULO_FACTORES DE EMISIÓN.xlsx","ROPA Y ACCESORIOS_FE","FE explícito",FALSE,"Fuente versionada/no anual: aplicable a 2026 sin fingir factor_year.",VERSIONED,"Versión de la fuente incluida en el fichero de origen",671
"Ropa y accesorios","Bata mujer","Materia prima virgen",ud,16.63,,kgCO2e/ud,"FE_ CATEGORÍA MATERIALES Y PRODUCTOS_ROPA Y ACCESORIOS_REGISTRO PARA CÁLCULO_FACTORES DE EMISIÓN.xlsx","ROPA Y ACCESORIOS_FE","FE explícito",FALSE,"Fuente versionada/no anual: aplicable a 2026 sin fingir factor_year.",VERSIONED,"Versión de la fuente incluida en el fichero de origen",676
"Ropa y accesorios","Pijama hombre","Materia prima virgen",ud,13.48,,kgCO2e/ud,"FE_ CATEGORÍA MATERIALES Y PRODUCTOS_ROPA Y ACCESORIOS_REGISTRO PARA CÁLCULO_FACTORES DE EMISIÓN.xlsx","ROPA Y ACCESORIOS_FE","FE explícito",FALSE,"Fuente versionada/no anual: aplicable a 2026 sin fingir factor_year.",VERSIONED,"Versión de la fuente incluida en el fichero de origen",681
"Ropa y accesorios",Delantal,"Materia prima virgen",ud,16.38,,kgCO2e/ud,"FE_ CATEGORÍA MATERIALES Y PRODUCTOS_ROPA Y ACCESORIOS_REGISTRO PARA CÁLCULO_FACTORES DE EMISIÓN.xlsx","ROPA Y ACCESORIOS_FE","FE explícito",FALSE,"Fuente versionada/no anual: aplicable a 2026 sin fingir factor_year.",VERSIONED,"Versión de la fuente incluida en el fichero de origen",686
"Ropa y accesorios","Ropa trabajo","Materia prima virgen",ud,30.06,,kgCO2e/ud,"FE_ CATEGORÍA MATERIALES Y PRODUCTOS_ROPA Y ACCESORIOS_REGISTRO PARA CÁLCULO_FACTORES DE EMISIÓN.xlsx","ROPA Y ACCESORIOS_FE","FE explícito",FALSE,"Fuente versionada/no anual: aplicable a 2026 sin fingir factor_year.",VERSIONED,"Versión de la fuente incluida en el fichero de origen",691
"Ropa y accesorios","Sombrero para el sol","Materia prima virgen",ud,5.02,,kgCO2e/ud,"FE_ CATEGORÍA MATERIALES Y PRODUCTOS_ROPA Y ACCESORIOS_REGISTRO PARA CÁLCULO_FACTORES DE EMISIÓN.xlsx","ROPA Y ACCESORIOS_FE","FE explícito",FALSE,"Fuente versionada/no anual: aplicable a 2026 sin fingir factor_year.",VERSIONED,"Versión de la fuente incluida en el fichero de origen",696
"Ropa y accesorios","Gorra deportiva, beisbol","Materia prima virgen",ud,4.22,,kgCO2e/ud,"FE_ CATEGORÍA MATERIALES Y PRODUCTOS_ROPA Y ACCESORIOS_REGISTRO PARA CÁLCULO_FACTORES DE EMISIÓN.xlsx","ROPA Y ACCESORIOS_FE","FE explícito",FALSE,"Fuente versionada/no anual: aplicable a 2026 sin fingir factor_year.",VERSIONED,"Versión de la fuente incluida en el fichero de origen",701
"Ropa y accesorios","Sombrero, gorra de vestir","Materia prima virgen",ud,4,,kgCO2e/ud,"FE_ CATEGORÍA MATERIALES Y PRODUCTOS_ROPA Y ACCESORIOS_REGISTRO PARA CÁLCULO_FACTORES DE EMISIÓN.xlsx","ROPA Y ACCESORIOS_FE","FE explícito",FALSE,"Fuente versionada/no anual: aplicable a 2026 sin fingir factor_year.",VERSIONED,"Versión de la fuente incluida en el fichero de origen",706
"Ropa y accesorios",Gorro,"Materia prima virgen",ud,5.15,,kgCO2e/ud,"FE_ CATEGORÍA MATERIALES Y PRODUCTOS_ROPA Y ACCESORIOS_REGISTRO PARA CÁLCULO_FACTORES DE EMISIÓN.xlsx","ROPA Y ACCESORIOS_FE","FE explícito",FALSE,"Fuente versionada/no anual: aplicable a 2026 sin fingir factor_year.",VERSIONED,"Versión de la fuente incluida en el fichero de origen",711
"Ropa y accesorios","Casco moto","Materia prima virgen",ud,4.03,,kgCO2e/ud,"FE_ CATEGORÍA MATERIALES Y PRODUCTOS_ROPA Y ACCESORIOS_REGISTRO PARA CÁLCULO_FACTORES DE EMISIÓN.xlsx","ROPA Y ACCESORIOS_FE","FE explícito",FALSE,"Fuente versionada/no anual: aplicable a 2026 sin fingir factor_year.",VERSIONED,"Versión de la fuente incluida en el fichero de origen",716
"Ropa y accesorios",Diadema,"Materia prima virgen",ud,3.92,,kgCO2e/ud,"FE_ CATEGORÍA MATERIALES Y PRODUCTOS_ROPA Y ACCESORIOS_REGISTRO PARA CÁLCULO_FACTORES DE EMISIÓN.xlsx","ROPA Y ACCESORIOS_FE","FE explícito",FALSE,"Fuente versionada/no anual: aplicable a 2026 sin fingir factor_year.",VERSIONED,"Versión de la fuente incluida en el fichero de origen",721
"Ropa y accesorios","Coletero, goma para el pelo","Materia prima virgen",ud,2.29,,kgCO2e/ud,"FE_ CATEGORÍA MATERIALES Y PRODUCTOS_ROPA Y ACCESORIOS_REGISTRO PARA CÁLCULO_FACTORES DE EMISIÓN.xlsx","ROPA Y ACCESORIOS_FE","FE explícito",FALSE,"Fuente versionada/no anual: aplicable a 2026 sin fingir factor_year.",VERSIONED,"Versión de la fuente incluida en el fichero de origen",726
"Ropa y accesorios",Cinturón,"Materia prima virgen",ud,11.19,,kgCO2e/ud,"FE_ CATEGORÍA MATERIALES Y PRODUCTOS_ROPA Y ACCESORIOS_REGISTRO PARA CÁLCULO_FACTORES DE EMISIÓN.xlsx","ROPA Y ACCESORIOS_FE","FE explícito",FALSE,"Fuente versionada/no anual: aplicable a 2026 sin fingir factor_year.",VERSIONED,"Versión de la fuente incluida en el fichero de origen",731
"Ropa y accesorios",Gafas,"Materia prima virgen",ud,5.45,,kgCO2e/ud,"FE_ CATEGORÍA MATERIALES Y PRODUCTOS_ROPA Y ACCESORIOS_REGISTRO PARA CÁLCULO_FACTORES DE EMISIÓN.xlsx","ROPA Y ACCESORIOS_FE","FE explícito",FALSE,"Fuente versionada/no anual: aplicable a 2026 sin fingir factor_year.",VERSIONED,"Versión de la fuente incluida en el fichero de origen",736
"Ropa y accesorios",Corbata,"Materia prima virgen",ud,4.25,,kgCO2e/ud,"FE_ CATEGORÍA MATERIALES Y PRODUCTOS_ROPA Y ACCESORIOS_REGISTRO PARA CÁLCULO_FACTORES DE EMISIÓN.xlsx","ROPA Y ACCESORIOS_FE","FE explícito",FALSE,"Fuente versionada/no anual: aplicable a 2026 sin fingir factor_year.",VERSIONED,"Versión de la fuente incluida en el fichero de origen",741
"Ropa y accesorios",Bufanda,"Materia prima virgen",ud,8.6,,kgCO2e/ud,"FE_ CATEGORÍA MATERIALES Y PRODUCTOS_ROPA Y ACCESORIOS_REGISTRO PARA CÁLCULO_FACTORES DE EMISIÓN.xlsx","ROPA Y ACCESORIOS_FE","FE explícito",FALSE,"Fuente versionada/no anual: aplicable a 2026 sin fingir factor_year.",VERSIONED,"Versión de la fuente incluida en el fichero de origen",746
"Ropa y accesorios",Guantes,"Materia prima virgen",ud,4.67,,kgCO2e/ud,"FE_ CATEGORÍA MATERIALES Y PRODUCTOS_ROPA Y ACCESORIOS_REGISTRO PARA CÁLCULO_FACTORES DE EMISIÓN.xlsx","ROPA Y ACCESORIOS_FE","FE explícito",FALSE,"Fuente versionada/no anual: aplicable a 2026 sin fingir factor_year.",VERSIONED,"Versión de la fuente incluida en el fichero de origen",751
"Ropa y accesorios","Guantes trabajo","Materia prima virgen",ud,4.5,,kgCO2e/ud,"FE_ CATEGORÍA MATERIALES Y PRODUCTOS_ROPA Y ACCESORIOS_REGISTRO PARA CÁLCULO_FACTORES DE EMISIÓN.xlsx","ROPA Y ACCESORIOS_FE","FE explícito",FALSE,"Fuente versionada/no anual: aplicable a 2026 sin fingir factor_year.",VERSIONED,"Versión de la fuente incluida en el fichero de origen",756
"Ropa y accesorios","Calentadores brazos","Materia prima virgen",ud,1.96,,kgCO2e/ud,"FE_ CATEGORÍA MATERIALES Y PRODUCTOS_ROPA Y ACCESORIOS_REGISTRO PARA CÁLCULO_FACTORES DE EMISIÓN.xlsx","ROPA Y ACCESORIOS_FE","FE explícito",FALSE,"Fuente versionada/no anual: aplicable a 2026 sin fingir factor_year.",VERSIONED,"Versión de la fuente incluida en el fichero de origen",761
"Ropa y accesorios",Bolso,"Materia prima virgen",ud,11.78,,kgCO2e/ud,"FE_ CATEGORÍA MATERIALES Y PRODUCTOS_ROPA Y ACCESORIOS_REGISTRO PARA CÁLCULO_FACTORES DE EMISIÓN.xlsx","ROPA Y ACCESORIOS_FE","FE explícito",FALSE,"Fuente versionada/no anual: aplicable a 2026 sin fingir factor_year.",VERSIONED,"Versión de la fuente incluida en el fichero de origen",766
"Ropa y accesorios","Cartera billetera","Materia prima virgen",ud,6.83,,kgCO2e/ud,"FE_ CATEGORÍA MATERIALES Y PRODUCTOS_ROPA Y ACCESORIOS_REGISTRO PARA CÁLCULO_FACTORES DE EMISIÓN.xlsx","ROPA Y ACCESORIOS_FE","FE explícito",FALSE,"Fuente versionada/no anual: aplicable a 2026 sin fingir factor_year.",VERSIONED,"Versión de la fuente incluida en el fichero de origen",771
"Ropa y accesorios",Pendientes,"Materia prima virgen",ud,0.36,,kgCO2e/ud,"FE_ CATEGORÍA MATERIALES Y PRODUCTOS_ROPA Y ACCESORIOS_REGISTRO PARA CÁLCULO_FACTORES DE EMISIÓN.xlsx","ROPA Y ACCESORIOS_FE","FE explícito",FALSE,"Fuente versionada/no anual: aplicable a 2026 sin fingir factor_year.",VERSIONED,"Versión de la fuente incluida en el fichero de origen",776
"Ropa y accesorios","Top tirantes",Reutilizado,ud,0.15225,,kgCO2e/ud,"FE_ CATEGORÍA MATERIALES Y PRODUCTOS_ROPA Y ACCESORIOS_REGISTRO PARA CÁLCULO_FACTORES DE EMISIÓN.xlsx","ROPA Y ACCESORIOS_FE","FE genérico reutilizado de la hoja FE",FALSE,"Fuente versionada/no anual: aplicable a 2026 sin fingir factor_year.",VERSIONED,"Versión de la fuente incluida en el fichero de origen",1101
"Ropa y accesorios",Corsé,Reutilizado,ud,0.15225,,kgCO2e/ud,"FE_ CATEGORÍA MATERIALES Y PRODUCTOS_ROPA Y ACCESORIOS_REGISTRO PARA CÁLCULO_FACTORES DE EMISIÓN.xlsx","ROPA Y ACCESORIOS_FE","FE genérico reutilizado de la hoja FE",FALSE,"Fuente versionada/no anual: aplicable a 2026 sin fingir factor_year.",VERSIONED,"Versión de la fuente incluida en el fichero de origen",1116
"Ropa y accesorios","Camiseta tirantes, sin mangas",Reutilizado,ud,0.15225,,kgCO2e/ud,"FE_ CATEGORÍA MATERIALES Y PRODUCTOS_ROPA Y ACCESORIOS_REGISTRO PARA CÁLCULO_FACTORES DE EMISIÓN.xlsx","ROPA Y ACCESORIOS_FE","FE genérico reutilizado de la hoja FE",FALSE,"Fuente versionada/no anual: aplicable a 2026 sin fingir factor_year.",VERSIONED,"Versión de la fuente incluida en el fichero de origen",1131
"Ropa y accesorios","Camiseta manga corta",Reutilizado,ud,0.15225,,kgCO2e/ud,"FE_ CATEGORÍA MATERIALES Y PRODUCTOS_ROPA Y ACCESORIOS_REGISTRO PARA CÁLCULO_FACTORES DE EMISIÓN.xlsx","ROPA Y ACCESORIOS_FE","FE genérico reutilizado de la hoja FE",FALSE,"Fuente versionada/no anual: aplicable a 2026 sin fingir factor_year.",VERSIONED,"Versión de la fuente incluida en el fichero de origen",1146
"Ropa y accesorios","Camiseta manga larga",Reutilizado,ud,0.15225,,kgCO2e/ud,"FE_ CATEGORÍA MATERIALES Y PRODUCTOS_ROPA Y ACCESORIOS_REGISTRO PARA CÁLCULO_FACTORES DE EMISIÓN.xlsx","ROPA Y ACCESORIOS_FE","FE genérico reutilizado de la hoja FE",FALSE,"Fuente versionada/no anual: aplicable a 2026 sin fingir factor_year.",VERSIONED,"Versión de la fuente incluida en el fichero de origen",1161
"Ropa y accesorios","Camisa, camiseta polo",Reutilizado,ud,0.15225,,kgCO2e/ud,"FE_ CATEGORÍA MATERIALES Y PRODUCTOS_ROPA Y ACCESORIOS_REGISTRO PARA CÁLCULO_FACTORES DE EMISIÓN.xlsx","ROPA Y ACCESORIOS_FE","FE genérico reutilizado de la hoja FE",FALSE,"Fuente versionada/no anual: aplicable a 2026 sin fingir factor_year.",VERSIONED,"Versión de la fuente incluida en el fichero de origen",1176
"Ropa y accesorios","Pantalón vaquero, jeans",Reutilizado,ud,0.15225,,kgCO2e/ud,"FE_ CATEGORÍA MATERIALES Y PRODUCTOS_ROPA Y ACCESORIOS_REGISTRO PARA CÁLCULO_FACTORES DE EMISIÓN.xlsx","ROPA Y ACCESORIOS_FE","FE genérico reutilizado de la hoja FE",FALSE,"Fuente versionada/no anual: aplicable a 2026 sin fingir factor_year.",VERSIONED,"Versión de la fuente incluida en el fichero de origen",1191
"Ropa y accesorios",Pantalón,Reutilizado,ud,0.15225,,kgCO2e/ud,"FE_ CATEGORÍA MATERIALES Y PRODUCTOS_ROPA Y ACCESORIOS_REGISTRO PARA CÁLCULO_FACTORES DE EMISIÓN.xlsx","ROPA Y ACCESORIOS_FE","FE genérico reutilizado de la hoja FE",FALSE,"Fuente versionada/no anual: aplicable a 2026 sin fingir factor_year.",VERSIONED,"Versión de la fuente incluida en el fichero de origen",1206
"Ropa y accesorios","Mallas, leggins",Reutilizado,ud,0.15225,,kgCO2e/ud,"FE_ CATEGORÍA MATERIALES Y PRODUCTOS_ROPA Y ACCESORIOS_REGISTRO PARA CÁLCULO_FACTORES DE EMISIÓN.xlsx","ROPA Y ACCESORIOS_FE","FE genérico reutilizado de la hoja FE",FALSE,"Fuente versionada/no anual: aplicable a 2026 sin fingir factor_year.",VERSIONED,"Versión de la fuente incluida en el fichero de origen",1221
"Ropa y accesorios",Falda,Reutilizado,ud,0.15225,,kgCO2e/ud,"FE_ CATEGORÍA MATERIALES Y PRODUCTOS_ROPA Y ACCESORIOS_REGISTRO PARA CÁLCULO_FACTORES DE EMISIÓN.xlsx","ROPA Y ACCESORIOS_FE","FE genérico reutilizado de la hoja FE",FALSE,"Fuente versionada/no anual: aplicable a 2026 sin fingir factor_year.",VERSIONED,"Versión de la fuente incluida en el fichero de origen",1236
"Ropa y accesorios",Vestido,Reutilizado,ud,0.15225,,kgCO2e/ud,"FE_ CATEGORÍA MATERIALES Y PRODUCTOS_ROPA Y ACCESORIOS_REGISTRO PARA CÁLCULO_FACTORES DE EMISIÓN.xlsx","ROPA Y ACCESORIOS_FE","FE genérico reutilizado de la hoja FE",FALSE,"Fuente versionada/no anual: aplicable a 2026 sin fingir factor_year.",VERSIONED,"Versión de la fuente incluida en el fichero de origen",1251
"Ropa y accesorios","Mono de trabajo",Reutilizado,ud,0.15225,,kgCO2e/ud,"FE_ CATEGORÍA MATERIALES Y PRODUCTOS_ROPA Y ACCESORIOS_REGISTRO PARA CÁLCULO_FACTORES DE EMISIÓN.xlsx","ROPA Y ACCESORIOS_FE","FE genérico reutilizado de la hoja FE",FALSE,"Fuente versionada/no anual: aplicable a 2026 sin fingir factor_year.",VERSIONED,"Versión de la fuente incluida en el fichero de origen",1266
"Ropa y accesorios",Cardigan,Reutilizado,ud,0.15225,,kgCO2e/ud,"FE_ CATEGORÍA MATERIALES Y PRODUCTOS_ROPA Y ACCESORIOS_REGISTRO PARA CÁLCULO_FACTORES DE EMISIÓN.xlsx","ROPA Y ACCESORIOS_FE","FE genérico reutilizado de la hoja FE",FALSE,"Fuente versionada/no anual: aplicable a 2026 sin fingir factor_year.",VERSIONED,"Versión de la fuente incluida en el fichero de origen",1281
"Ropa y accesorios","Sudadera capucha",Reutilizado,ud,0.15225,,kgCO2e/ud,"FE_ CATEGORÍA MATERIALES Y PRODUCTOS_ROPA Y ACCESORIOS_REGISTRO PARA CÁLCULO_FACTORES DE EMISIÓN.xlsx","ROPA Y ACCESORIOS_FE","FE genérico reutilizado de la hoja FE",FALSE,"Fuente versionada/no anual: aplicable a 2026 sin fingir factor_year.",VERSIONED,"Versión de la fuente incluida en el fichero de origen",1296
"Ropa y accesorios","Jersey, suéter",Reutilizado,ud,0.15225,,kgCO2e/ud,"FE_ CATEGORÍA MATERIALES Y PRODUCTOS_ROPA Y ACCESORIOS_REGISTRO PARA CÁLCULO_FACTORES DE EMISIÓN.xlsx","ROPA Y ACCESORIOS_FE","FE genérico reutilizado de la hoja FE",FALSE,"Fuente versionada/no anual: aplicable a 2026 sin fingir factor_year.",VERSIONED,"Versión de la fuente incluida en el fichero de origen",1311
"Ropa y accesorios","Capa capucha",Reutilizado,ud,0.15225,,kgCO2e/ud,"FE_ CATEGORÍA MATERIALES Y PRODUCTOS_ROPA Y ACCESORIOS_REGISTRO PARA CÁLCULO_FACTORES DE EMISIÓN.xlsx","ROPA Y ACCESORIOS_FE","FE genérico reutilizado de la hoja FE",FALSE,"Fuente versionada/no anual: aplicable a 2026 sin fingir factor_year.",VERSIONED,"Versión de la fuente incluida en el fichero de origen",1326
"Ropa y accesorios","Chaqueta forro polar",Reutilizado,ud,0.15225,,kgCO2e/ud,"FE_ CATEGORÍA MATERIALES Y PRODUCTOS_ROPA Y ACCESORIOS_REGISTRO PARA CÁLCULO_FACTORES DE EMISIÓN.xlsx","ROPA Y ACCESORIOS_FE","FE genérico reutilizado de la hoja FE",FALSE,"Fuente versionada/no anual: aplicable a 2026 sin fingir factor_year.",VERSIONED,"Versión de la fuente incluida en el fichero de origen",1341
"Ropa y accesorios","Chaqueta, cazadora",Reutilizado,ud,0.15225,,kgCO2e/ud,"FE_ CATEGORÍA MATERIALES Y PRODUCTOS_ROPA Y ACCESORIOS_REGISTRO PARA CÁLCULO_FACTORES DE EMISIÓN.xlsx","ROPA Y ACCESORIOS_FE","FE genérico reutilizado de la hoja FE",FALSE,"Fuente versionada/no anual: aplicable a 2026 sin fingir factor_year.",VERSIONED,"Versión de la fuente incluida en el fichero de origen",1356
"Ropa y accesorios","Chaleco acolchado",Reutilizado,ud,0.15225,,kgCO2e/ud,"FE_ CATEGORÍA MATERIALES Y PRODUCTOS_ROPA Y ACCESORIOS_REGISTRO PARA CÁLCULO_FACTORES DE EMISIÓN.xlsx","ROPA Y ACCESORIOS_FE","FE genérico reutilizado de la hoja FE",FALSE,"Fuente versionada/no anual: aplicable a 2026 sin fingir factor_year.",VERSIONED,"Versión de la fuente incluida en el fichero de origen",1371
"Ropa y accesorios","Bañador hombre",Reutilizado,ud,0.15225,,kgCO2e/ud,"FE_ CATEGORÍA MATERIALES Y PRODUCTOS_ROPA Y ACCESORIOS_REGISTRO PARA CÁLCULO_FACTORES DE EMISIÓN.xlsx","ROPA Y ACCESORIOS_FE","FE genérico reutilizado de la hoja FE",FALSE,"Fuente versionada/no anual: aplicable a 2026 sin fingir factor_year.",VERSIONED,"Versión de la fuente incluida en el fichero de origen",1386
"Ropa y accesorios","Bañador de dos piezas mujer, bikini",Reutilizado,ud,0.15225,,kgCO2e/ud,"FE_ CATEGORÍA MATERIALES Y PRODUCTOS_ROPA Y ACCESORIOS_REGISTRO PARA CÁLCULO_FACTORES DE EMISIÓN.xlsx","ROPA Y ACCESORIOS_FE","FE genérico reutilizado de la hoja FE",FALSE,"Fuente versionada/no anual: aplicable a 2026 sin fingir factor_year.",VERSIONED,"Versión de la fuente incluida en el fichero de origen",1401
"Ropa y accesorios","Bañador mujer",Reutilizado,ud,0.15225,,kgCO2e/ud,"FE_ CATEGORÍA MATERIALES Y PRODUCTOS_ROPA Y ACCESORIOS_REGISTRO PARA CÁLCULO_FACTORES DE EMISIÓN.xlsx","ROPA Y ACCESORIOS_FE","FE genérico reutilizado de la hoja FE",FALSE,"Fuente versionada/no anual: aplicable a 2026 sin fingir factor_year.",VERSIONED,"Versión de la fuente incluida en el fichero de origen",1416
"Ropa y accesorios","Traje buceo neopreno",Reutilizado,ud,0.15225,,kgCO2e/ud,"FE_ CATEGORÍA MATERIALES Y PRODUCTOS_ROPA Y ACCESORIOS_REGISTRO PARA CÁLCULO_FACTORES DE EMISIÓN.xlsx","ROPA Y ACCESORIOS_FE","FE genérico reutilizado de la hoja FE",FALSE,"Fuente versionada/no anual: aplicable a 2026 sin fingir factor_year.",VERSIONED,"Versión de la fuente incluida en el fichero de origen",1431
"Ropa y accesorios","Zapato tacón verano",Reutilizado,ud,0.15225,,kgCO2e/ud,"FE_ CATEGORÍA MATERIALES Y PRODUCTOS_ROPA Y ACCESORIOS_REGISTRO PARA CÁLCULO_FACTORES DE EMISIÓN.xlsx","ROPA Y ACCESORIOS_FE","FE genérico reutilizado de la hoja FE",FALSE,"Fuente versionada/no anual: aplicable a 2026 sin fingir factor_year.",VERSIONED,"Versión de la fuente incluida en el fichero de origen",1446
"Ropa y accesorios","Zapato tacón",Reutilizado,ud,0.15225,,kgCO2e/ud,"FE_ CATEGORÍA MATERIALES Y PRODUCTOS_ROPA Y ACCESORIOS_REGISTRO PARA CÁLCULO_FACTORES DE EMISIÓN.xlsx","ROPA Y ACCESORIOS_FE","FE genérico reutilizado de la hoja FE",FALSE,"Fuente versionada/no anual: aplicable a 2026 sin fingir factor_year.",VERSIONED,"Versión de la fuente incluida en el fichero de origen",1461
"Ropa y accesorios","Zapato plano mujer",Reutilizado,ud,0.15225,,kgCO2e/ud,"FE_ CATEGORÍA MATERIALES Y PRODUCTOS_ROPA Y ACCESORIOS_REGISTRO PARA CÁLCULO_FACTORES DE EMISIÓN.xlsx","ROPA Y ACCESORIOS_FE","FE genérico reutilizado de la hoja FE",FALSE,"Fuente versionada/no anual: aplicable a 2026 sin fingir factor_year.",VERSIONED,"Versión de la fuente incluida en el fichero de origen",1476
"Ropa y accesorios","Zapato mocasín",Reutilizado,ud,0.15225,,kgCO2e/ud,"FE_ CATEGORÍA MATERIALES Y PRODUCTOS_ROPA Y ACCESORIOS_REGISTRO PARA CÁLCULO_FACTORES DE EMISIÓN.xlsx","ROPA Y ACCESORIOS_FE","FE genérico reutilizado de la hoja FE",FALSE,"Fuente versionada/no anual: aplicable a 2026 sin fingir factor_year.",VERSIONED,"Versión de la fuente incluida en el fichero de origen",1491
"Ropa y accesorios","Zapato, zapatilla vestir hombre",Reutilizado,ud,0.15225,,kgCO2e/ud,"FE_ CATEGORÍA MATERIALES Y PRODUCTOS_ROPA Y ACCESORIOS_REGISTRO PARA CÁLCULO_FACTORES DE EMISIÓN.xlsx","ROPA Y ACCESORIOS_FE","FE genérico reutilizado de la hoja FE",FALSE,"Fuente versionada/no anual: aplicable a 2026 sin fingir factor_year.",VERSIONED,"Versión de la fuente incluida en el fichero de origen",1506
"Ropa y accesorios","Zapatillas deportivas",Reutilizado,ud,0.15225,,kgCO2e/ud,"FE_ CATEGORÍA MATERIALES Y PRODUCTOS_ROPA Y ACCESORIOS_REGISTRO PARA CÁLCULO_FACTORES DE EMISIÓN.xlsx","ROPA Y ACCESORIOS_FE","FE genérico reutilizado de la hoja FE",FALSE,"Fuente versionada/no anual: aplicable a 2026 sin fingir factor_year.",VERSIONED,"Versión de la fuente incluida en el fichero de origen",1521
"Ropa y accesorios",Botas,Reutilizado,ud,0.15225,,kgCO2e/ud,"FE_ CATEGORÍA MATERIALES Y PRODUCTOS_ROPA Y ACCESORIOS_REGISTRO PARA CÁLCULO_FACTORES DE EMISIÓN.xlsx","ROPA Y ACCESORIOS_FE","FE genérico reutilizado de la hoja FE",FALSE,"Fuente versionada/no anual: aplicable a 2026 sin fingir factor_year.",VERSIONED,"Versión de la fuente incluida en el fichero de origen",1536
"Ropa y accesorios","Suela calzado",Reutilizado,ud,0.15225,,kgCO2e/ud,"FE_ CATEGORÍA MATERIALES Y PRODUCTOS_ROPA Y ACCESORIOS_REGISTRO PARA CÁLCULO_FACTORES DE EMISIÓN.xlsx","ROPA Y ACCESORIOS_FE","FE genérico reutilizado de la hoja FE",FALSE,"Fuente versionada/no anual: aplicable a 2026 sin fingir factor_year.",VERSIONED,"Versión de la fuente incluida en el fichero de origen",1551
"Ropa y accesorios",Plantilla,Reutilizado,ud,0.15225,,kgCO2e/ud,"FE_ CATEGORÍA MATERIALES Y PRODUCTOS_ROPA Y ACCESORIOS_REGISTRO PARA CÁLCULO_FACTORES DE EMISIÓN.xlsx","ROPA Y ACCESORIOS_FE","FE genérico reutilizado de la hoja FE",FALSE,"Fuente versionada/no anual: aplicable a 2026 sin fingir factor_year.",VERSIONED,"Versión de la fuente incluida en el fichero de origen",1566
"Ropa y accesorios",Calcetines,Reutilizado,ud,0.15225,,kgCO2e/ud,"FE_ CATEGORÍA MATERIALES Y PRODUCTOS_ROPA Y ACCESORIOS_REGISTRO PARA CÁLCULO_FACTORES DE EMISIÓN.xlsx","ROPA Y ACCESORIOS_FE","FE genérico reutilizado de la hoja FE",FALSE,"Fuente versionada/no anual: aplicable a 2026 sin fingir factor_year.",VERSIONED,"Versión de la fuente incluida en el fichero de origen",1581
"Ropa y accesorios","Medias, leotardos",Reutilizado,ud,0.15225,,kgCO2e/ud,"FE_ CATEGORÍA MATERIALES Y PRODUCTOS_ROPA Y ACCESORIOS_REGISTRO PARA CÁLCULO_FACTORES DE EMISIÓN.xlsx","ROPA Y ACCESORIOS_FE","FE genérico reutilizado de la hoja FE",FALSE,"Fuente versionada/no anual: aplicable a 2026 sin fingir factor_year.",VERSIONED,"Versión de la fuente incluida en el fichero de origen",1596
"Ropa y accesorios",Sujetador,Reutilizado,ud,0.15225,,kgCO2e/ud,"FE_ CATEGORÍA MATERIALES Y PRODUCTOS_ROPA Y ACCESORIOS_REGISTRO PARA CÁLCULO_FACTORES DE EMISIÓN.xlsx","ROPA Y ACCESORIOS_FE","FE genérico reutilizado de la hoja FE",FALSE,"Fuente versionada/no anual: aplicable a 2026 sin fingir factor_year.",VERSIONED,"Versión de la fuente incluida en el fichero de origen",1611
"Ropa y accesorios","Ropa interior mujer",Reutilizado,ud,0.15225,,kgCO2e/ud,"FE_ CATEGORÍA MATERIALES Y PRODUCTOS_ROPA Y ACCESORIOS_REGISTRO PARA CÁLCULO_FACTORES DE EMISIÓN.xlsx","ROPA Y ACCESORIOS_FE","FE genérico reutilizado de la hoja FE",FALSE,"Fuente versionada/no anual: aplicable a 2026 sin fingir factor_year.",VERSIONED,"Versión de la fuente incluida en el fichero de origen",1626
"Ropa y accesorios","Ropa interior hombre boxers",Reutilizado,ud,0.15225,,kgCO2e/ud,"FE_ CATEGORÍA MATERIALES Y PRODUCTOS_ROPA Y ACCESORIOS_REGISTRO PARA CÁLCULO_FACTORES DE EMISIÓN.xlsx","ROPA Y ACCESORIOS_FE","FE genérico reutilizado de la hoja FE",FALSE,"Fuente versionada/no anual: aplicable a 2026 sin fingir factor_year.",VERSIONED,"Versión de la fuente incluida en el fichero de origen",1641
"Ropa y accesorios","Ropa interior hombre slips",Reutilizado,ud,0.15225,,kgCO2e/ud,"FE_ CATEGORÍA MATERIALES Y PRODUCTOS_ROPA Y ACCESORIOS_REGISTRO PARA CÁLCULO_FACTORES DE EMISIÓN.xlsx","ROPA Y ACCESORIOS_FE","FE genérico reutilizado de la hoja FE",FALSE,"Fuente versionada/no anual: aplicable a 2026 sin fingir factor_year.",VERSIONED,"Versión de la fuente incluida en el fichero de origen",1656
"Ropa y accesorios","Bata mujer",Reutilizado,ud,0.15225,,kgCO2e/ud,"FE_ CATEGORÍA MATERIALES Y PRODUCTOS_ROPA Y ACCESORIOS_REGISTRO PARA CÁLCULO_FACTORES DE EMISIÓN.xlsx","ROPA Y ACCESORIOS_FE","FE genérico reutilizado de la hoja FE",FALSE,"Fuente versionada/no anual: aplicable a 2026 sin fingir factor_year.",VERSIONED,"Versión de la fuente incluida en el fichero de origen",1671
"Ropa y accesorios","Pijama hombre",Reutilizado,ud,0.15225,,kgCO2e/ud,"FE_ CATEGORÍA MATERIALES Y PRODUCTOS_ROPA Y ACCESORIOS_REGISTRO PARA CÁLCULO_FACTORES DE EMISIÓN.xlsx","ROPA Y ACCESORIOS_FE","FE genérico reutilizado de la hoja FE",FALSE,"Fuente versionada/no anual: aplicable a 2026 sin fingir factor_year.",VERSIONED,"Versión de la fuente incluida en el fichero de origen",1686
"Ropa y accesorios",Delantal,Reutilizado,ud,0.15225,,kgCO2e/ud,"FE_ CATEGORÍA MATERIALES Y PRODUCTOS_ROPA Y ACCESORIOS_REGISTRO PARA CÁLCULO_FACTORES DE EMISIÓN.xlsx","ROPA Y ACCESORIOS_FE","FE genérico reutilizado de la hoja FE",FALSE,"Fuente versionada/no anual: aplicable a 2026 sin fingir factor_year.",VERSIONED,"Versión de la fuente incluida en el fichero de origen",1701
"Ropa y accesorios","Ropa trabajo",Reutilizado,ud,0.15225,,kgCO2e/ud,"FE_ CATEGORÍA MATERIALES Y PRODUCTOS_ROPA Y ACCESORIOS_REGISTRO PARA CÁLCULO_FACTORES DE EMISIÓN.xlsx","ROPA Y ACCESORIOS_FE","FE genérico reutilizado de la hoja FE",FALSE,"Fuente versionada/no anual: aplicable a 2026 sin fingir factor_year.",VERSIONED,"Versión de la fuente incluida en el fichero de origen",1716
"Ropa y accesorios","Sombrero para el sol",Reutilizado,ud,0.15225,,kgCO2e/ud,"FE_ CATEGORÍA MATERIALES Y PRODUCTOS_ROPA Y ACCESORIOS_REGISTRO PARA CÁLCULO_FACTORES DE EMISIÓN.xlsx","ROPA Y ACCESORIOS_FE","FE genérico reutilizado de la hoja FE",FALSE,"Fuente versionada/no anual: aplicable a 2026 sin fingir factor_year.",VERSIONED,"Versión de la fuente incluida en el fichero de origen",1731
"Ropa y accesorios","Gorra deportiva, beisbol",Reutilizado,ud,0.15225,,kgCO2e/ud,"FE_ CATEGORÍA MATERIALES Y PRODUCTOS_ROPA Y ACCESORIOS_REGISTRO PARA CÁLCULO_FACTORES DE EMISIÓN.xlsx","ROPA Y ACCESORIOS_FE","FE genérico reutilizado de la hoja FE",FALSE,"Fuente versionada/no anual: aplicable a 2026 sin fingir factor_year.",VERSIONED,"Versión de la fuente incluida en el fichero de origen",1746
"Ropa y accesorios","Sombrero, gorra de vestir",Reutilizado,ud,0.15225,,kgCO2e/ud,"FE_ CATEGORÍA MATERIALES Y PRODUCTOS_ROPA Y ACCESORIOS_REGISTRO PARA CÁLCULO_FACTORES DE EMISIÓN.xlsx","ROPA Y ACCESORIOS_FE","FE genérico reutilizado de la hoja FE",FALSE,"Fuente versionada/no anual: aplicable a 2026 sin fingir factor_year.",VERSIONED,"Versión de la fuente incluida en el fichero de origen",1761
"Ropa y accesorios",Gorro,Reutilizado,ud,0.15225,,kgCO2e/ud,"FE_ CATEGORÍA MATERIALES Y PRODUCTOS_ROPA Y ACCESORIOS_REGISTRO PARA CÁLCULO_FACTORES DE EMISIÓN.xlsx","ROPA Y ACCESORIOS_FE","FE genérico reutilizado de la hoja FE",FALSE,"Fuente versionada/no anual: aplicable a 2026 sin fingir factor_year.",VERSIONED,"Versión de la fuente incluida en el fichero de origen",1776
"Ropa y accesorios","Casco moto",Reutilizado,ud,0.15225,,kgCO2e/ud,"FE_ CATEGORÍA MATERIALES Y PRODUCTOS_ROPA Y ACCESORIOS_REGISTRO PARA CÁLCULO_FACTORES DE EMISIÓN.xlsx","ROPA Y ACCESORIOS_FE","FE genérico reutilizado de la hoja FE",FALSE,"Fuente versionada/no anual: aplicable a 2026 sin fingir factor_year.",VERSIONED,"Versión de la fuente incluida en el fichero de origen",1791
"Ropa y accesorios",Diadema,Reutilizado,ud,0.15225,,kgCO2e/ud,"FE_ CATEGORÍA MATERIALES Y PRODUCTOS_ROPA Y ACCESORIOS_REGISTRO PARA CÁLCULO_FACTORES DE EMISIÓN.xlsx","ROPA Y ACCESORIOS_FE","FE genérico reutilizado de la hoja FE",FALSE,"Fuente versionada/no anual: aplicable a 2026 sin fingir factor_year.",VERSIONED,"Versión de la fuente incluida en el fichero de origen",1806
"Ropa y accesorios","Coletero, goma para el pelo",Reutilizado,ud,0.15225,,kgCO2e/ud,"FE_ CATEGORÍA MATERIALES Y PRODUCTOS_ROPA Y ACCESORIOS_REGISTRO PARA CÁLCULO_FACTORES DE EMISIÓN.xlsx","ROPA Y ACCESORIOS_FE","FE genérico reutilizado de la hoja FE",FALSE,"Fuente versionada/no anual: aplicable a 2026 sin fingir factor_year.",VERSIONED,"Versión de la fuente incluida en el fichero de origen",1821
"Ropa y accesorios",Cinturón,Reutilizado,ud,0.15225,,kgCO2e/ud,"FE_ CATEGORÍA MATERIALES Y PRODUCTOS_ROPA Y ACCESORIOS_REGISTRO PARA CÁLCULO_FACTORES DE EMISIÓN.xlsx","ROPA Y ACCESORIOS_FE","FE genérico reutilizado de la hoja FE",FALSE,"Fuente versionada/no anual: aplicable a 2026 sin fingir factor_year.",VERSIONED,"Versión de la fuente incluida en el fichero de origen",1836
"Ropa y accesorios",Gafas,Reutilizado,ud,0.15225,,kgCO2e/ud,"FE_ CATEGORÍA MATERIALES Y PRODUCTOS_ROPA Y ACCESORIOS_REGISTRO PARA CÁLCULO_FACTORES DE EMISIÓN.xlsx","ROPA Y ACCESORIOS_FE","FE genérico reutilizado de la hoja FE",FALSE,"Fuente versionada/no anual: aplicable a 2026 sin fingir factor_year.",VERSIONED,"Versión de la fuente incluida en el fichero de origen",1851
"Ropa y accesorios",Corbata,Reutilizado,ud,0.15225,,kgCO2e/ud,"FE_ CATEGORÍA MATERIALES Y PRODUCTOS_ROPA Y ACCESORIOS_REGISTRO PARA CÁLCULO_FACTORES DE EMISIÓN.xlsx","ROPA Y ACCESORIOS_FE","FE genérico reutilizado de la hoja FE",FALSE,"Fuente versionada/no anual: aplicable a 2026 sin fingir factor_year.",VERSIONED,"Versión de la fuente incluida en el fichero de origen",1866
"Ropa y accesorios",Bufanda,Reutilizado,ud,0.15225,,kgCO2e/ud,"FE_ CATEGORÍA MATERIALES Y PRODUCTOS_ROPA Y ACCESORIOS_REGISTRO PARA CÁLCULO_FACTORES DE EMISIÓN.xlsx","ROPA Y ACCESORIOS_FE","FE genérico reutilizado de la hoja FE",FALSE,"Fuente versionada/no anual: aplicable a 2026 sin fingir factor_year.",VERSIONED,"Versión de la fuente incluida en el fichero de origen",1881
"Ropa y accesorios",Guantes,Reutilizado,ud,0.15225,,kgCO2e/ud,"FE_ CATEGORÍA MATERIALES Y PRODUCTOS_ROPA Y ACCESORIOS_REGISTRO PARA CÁLCULO_FACTORES DE EMISIÓN.xlsx","ROPA Y ACCESORIOS_FE","FE genérico reutilizado de la hoja FE",FALSE,"Fuente versionada/no anual: aplicable a 2026 sin fingir factor_year.",VERSIONED,"Versión de la fuente incluida en el fichero de origen",1896
"Ropa y accesorios","Guantes trabajo",Reutilizado,ud,0.15225,,kgCO2e/ud,"FE_ CATEGORÍA MATERIALES Y PRODUCTOS_ROPA Y ACCESORIOS_REGISTRO PARA CÁLCULO_FACTORES DE EMISIÓN.xlsx","ROPA Y ACCESORIOS_FE","FE genérico reutilizado de la hoja FE",FALSE,"Fuente versionada/no anual: aplicable a 2026 sin fingir factor_year.",VERSIONED,"Versión de la fuente incluida en el fichero de origen",1911
"Ropa y accesorios","Calentadores brazos",Reutilizado,ud,0.15225,,kgCO2e/ud,"FE_ CATEGORÍA MATERIALES Y PRODUCTOS_ROPA Y ACCESORIOS_REGISTRO PARA CÁLCULO_FACTORES DE EMISIÓN.xlsx","ROPA Y ACCESORIOS_FE","FE genérico reutilizado de la hoja FE",FALSE,"Fuente versionada/no anual: aplicable a 2026 sin fingir factor_year.",VERSIONED,"Versión de la fuente incluida en el fichero de origen",1926
"Ropa y accesorios",Bolso,Reutilizado,ud,0.15225,,kgCO2e/ud,"FE_ CATEGORÍA MATERIALES Y PRODUCTOS_ROPA Y ACCESORIOS_REGISTRO PARA CÁLCULO_FACTORES DE EMISIÓN.xlsx","ROPA Y ACCESORIOS_FE","FE genérico reutilizado de la hoja FE",FALSE,"Fuente versionada/no anual: aplicable a 2026 sin fingir factor_year.",VERSIONED,"Versión de la fuente incluida en el fichero de origen",1941
"Ropa y accesorios","Cartera billetera",Reutilizado,ud,0.15225,,kgCO2e/ud,"FE_ CATEGORÍA MATERIALES Y PRODUCTOS_ROPA Y ACCESORIOS_REGISTRO PARA CÁLCULO_FACTORES DE EMISIÓN.xlsx","ROPA Y ACCESORIOS_FE","FE genérico reutilizado de la hoja FE",FALSE,"Fuente versionada/no anual: aplicable a 2026 sin fingir factor_year.",VERSIONED,"Versión de la fuente incluida en el fichero de origen",1956
"Ropa y accesorios",Pendientes,Reutilizado,ud,0.15225,,kgCO2e/ud,"FE_ CATEGORÍA MATERIALES Y PRODUCTOS_ROPA Y ACCESORIOS_REGISTRO PARA CÁLCULO_FACTORES DE EMISIÓN.xlsx","ROPA Y ACCESORIOS_FE","FE genérico reutilizado de la hoja FE",FALSE,"Fuente versionada/no anual: aplicable a 2026 sin fingir factor_year.",VERSIONED,"Versión de la fuente incluida en el fichero de origen",1971
