factor_id,area,category,subcategory,activity,fuel,unit,method,activity_year,factor_year,factor_value,temporal_type,factor_version,source,source_detail,source_url,is_temporal_fallback,is_geographic_proxy,quality_status,notes,source_workbook,source_sheet
TRA_D35D89F312B4D5,ESPAÑA,Transporte,PRIVADO,Ciclomotores (50cc),Gasolina,litros,combustible,2022,2022,2.308,ANNUAL,,MITECO,"MITECO - ""3. Vehículos y maquinaria"" ""A. Transporte por carretera"" ""Opción A1. Cantidad de combustible o aditivo consumido"" ""E5 (l)"" ""Ciclomotores (L1e, L2e)""",,0,0,,,Transporte_Base_Maestra_y_Contrato_V2_CORREGIDA.xlsx,Factores
TRA_C8972210F93B2D,ESPAÑA,Transporte,PRIVADO,Ciclomotores (50cc),Gasolina,litros,combustible,2023,2023,2.308,ANNUAL,,MITECO,"MITECO - ""3. Vehículos y maquinaria"" ""A. Transporte por carretera"" ""Opción A1. Cantidad de combustible o aditivo consumido"" ""E5 (l)"" ""Ciclomotores (L1e, L2e)""",,0,0,,,Transporte_Base_Maestra_y_Contrato_V2_CORREGIDA.xlsx,Factores
TRA_E60B627EBCA00F,ESPAÑA,Transporte,PRIVADO,Ciclomotores (50cc),Gasolina,litros,combustible,2024,2024,2.308,ANNUAL,,MITECO,"MITECO - ""3. Vehículos y maquinaria"" ""A. Transporte por carretera"" ""Opción A1. Cantidad de combustible o aditivo consumido"" ""E5 (l)"" ""Ciclomotores (L1e, L2e)""",,0,0,,,Transporte_Base_Maestra_y_Contrato_V2_CORREGIDA.xlsx,Factores
TRA_6374C685063590,ESPAÑA,Transporte,PRIVADO,Ciclomotores (50cc),Gasolina,litros,combustible,2025,2025,2.308,ANNUAL,,MITECO,"MITECO - ""3. Vehículos y maquinaria"" ""A. Transporte por carretera"" ""Opción A1. Cantidad de combustible o aditivo consumido"" ""E5 (l)"" ""Ciclomotores (L1e, L2e)""",,0,0,,,Transporte_Base_Maestra_y_Contrato_V2_CORREGIDA.xlsx,Factores
TRA_0CDF0A5EC566F0,ESPAÑA,Transporte,PRIVADO,Ciclomotores (50cc),Bioetanol 100% (E100),litros,combustible,2022,2022,0.078,ANNUAL,,MITECO,"MITECO - ""3. Vehículos y maquinaria"" ""A. Transporte por carretera"" ""Opción A1. Cantidad de combustible o aditivo consumido"" ""E100 (l)"" ""Ciclomotores (L1e, L2e)""",,0,0,,,Transporte_Base_Maestra_y_Contrato_V2_CORREGIDA.xlsx,Factores
TRA_A554AE8F194228,ESPAÑA,Transporte,PRIVADO,Ciclomotores (50cc),Bioetanol 100% (E100),litros,combustible,2023,2023,0.078,ANNUAL,,MITECO,"MITECO - ""3. Vehículos y maquinaria"" ""A. Transporte por carretera"" ""Opción A1. Cantidad de combustible o aditivo consumido"" ""E100 (l)"" ""Ciclomotores (L1e, L2e)""",,0,0,,,Transporte_Base_Maestra_y_Contrato_V2_CORREGIDA.xlsx,Factores
TRA_66EF77AF65BB40,ESPAÑA,Transporte,PRIVADO,Ciclomotores (50cc),Bioetanol 100% (E100),litros,combustible,2024,2024,0.078,ANNUAL,,MITECO,"MITECO - ""3. Vehículos y maquinaria"" ""A. Transporte por carretera"" ""Opción A1. Cantidad de combustible o aditivo consumido"" ""E100 (l)"" ""Ciclomotores (L1e, L2e)""",,0,0,,,Transporte_Base_Maestra_y_Contrato_V2_CORREGIDA.xlsx,Factores
TRA_0E37F430ACBE83,ESPAÑA,Transporte,PRIVADO,Ciclomotores (50cc),Bioetanol 100% (E100),litros,combustible,2025,2025,0.078,ANNUAL,,MITECO,"MITECO - ""3. Vehículos y maquinaria"" ""A. Transporte por carretera"" ""Opción A1. Cantidad de combustible o aditivo consumido"" ""E100 (l)"" ""Ciclomotores (L1e, L2e)""",,0,0,,,Transporte_Base_Maestra_y_Contrato_V2_CORREGIDA.xlsx,Factores
TRA_489D641532C8AF,ESPAÑA,Transporte,PRIVADO,Ciclomotores (50cc),XTL (Biodiésel HVO),litros,combustible,2022,2022,0.03558,ANNUAL,,DEFRA,"DEFRA - ""Bioenergy"" ""Biofuel"" ""Biodiesel HVO""",,0,0,,,Transporte_Base_Maestra_y_Contrato_V2_CORREGIDA.xlsx,Factores
TRA_292B6E9857DE57,ESPAÑA,Transporte,PRIVADO,Ciclomotores (50cc),XTL (Biodiésel HVO),litros,combustible,2023,2023,0.03558,ANNUAL,,DEFRA,"DEFRA - ""Bioenergy"" ""Biofuel"" ""Biodiesel HVO""",,0,0,,,Transporte_Base_Maestra_y_Contrato_V2_CORREGIDA.xlsx,Factores
TRA_F15F650FAB3878,ESPAÑA,Transporte,PRIVADO,Ciclomotores (50cc),XTL (Biodiésel HVO),litros,combustible,2024,2024,0.03558,ANNUAL,,DEFRA,"DEFRA - ""Bioenergy"" ""Biofuel"" ""Biodiesel HVO""",,0,0,,,Transporte_Base_Maestra_y_Contrato_V2_CORREGIDA.xlsx,Factores
TRA_A711B63B5EA7FA,ESPAÑA,Transporte,PRIVADO,Ciclomotores (50cc),XTL (Biodiésel HVO),litros,combustible,2025,2025,0.03558,ANNUAL,,DEFRA,"DEFRA - ""Bioenergy"" ""Biofuel"" ""Biodiesel HVO""",,0,0,,,Transporte_Base_Maestra_y_Contrato_V2_CORREGIDA.xlsx,Factores
TRA_3F8D0F2E98FE6F,ESPAÑA,Transporte,PRIVADO,Motocicletas (> 50cc),Gasolina 95 o 98,litros,combustible,2022,2022,2.339,ANNUAL,,MITECO,"MITECO - ""3. Vehículos y maquinaria"" ""A. Transporte por carretera"" ""Opción A1. Cantidad de combustible o aditivo consumido"" ""E5 (l)"" ""Motocicletas (L3e, L4e, L5, L6, L7 )""",,0,0,,,Transporte_Base_Maestra_y_Contrato_V2_CORREGIDA.xlsx,Factores
TRA_12BFD80030BC11,ESPAÑA,Transporte,PRIVADO,Motocicletas (> 50cc),Gasolina 95 o 98,litros,combustible,2023,2023,2.337,ANNUAL,,MITECO,"MITECO - ""3. Vehículos y maquinaria"" ""A. Transporte por carretera"" ""Opción A1. Cantidad de combustible o aditivo consumido"" ""E5 (l)"" ""Motocicletas (L3e, L4e, L5, L6, L7 )""",,0,0,,,Transporte_Base_Maestra_y_Contrato_V2_CORREGIDA.xlsx,Factores
TRA_B057091826472F,ESPAÑA,Transporte,PRIVADO,Motocicletas (> 50cc),Gasolina 95 o 98,litros,combustible,2024,2024,2.334,ANNUAL,,MITECO,"MITECO - ""3. Vehículos y maquinaria"" ""A. Transporte por carretera"" ""Opción A1. Cantidad de combustible o aditivo consumido"" ""E5 (l)"" ""Motocicletas (L3e, L4e, L5, L6, L7 )""",,0,0,,,Transporte_Base_Maestra_y_Contrato_V2_CORREGIDA.xlsx,Factores
TRA_5F598C4CD320DF,ESPAÑA,Transporte,PRIVADO,Motocicletas (> 50cc),Gasolina 95 o 98,litros,combustible,2025,2025,2.336,ANNUAL,,MITECO,"MITECO - ""3. Vehículos y maquinaria"" ""A. Transporte por carretera"" ""Opción A1. Cantidad de combustible o aditivo consumido"" ""E5 (l)"" ""Motocicletas (L3e, L4e, L5, L6, L7 )""",,0,0,,,Transporte_Base_Maestra_y_Contrato_V2_CORREGIDA.xlsx,Factores
TRA_DFC7EFD511991C,ESPAÑA,Transporte,PRIVADO,Motocicletas (> 50cc),Bioetanol 100%  (E100),litros,combustible,2022,2022,0.109,ANNUAL,,MITECO,"MITECO - ""3. Vehículos y maquinaria"" ""A. Transporte por carretera"" ""Opción A1. Cantidad de combustible o aditivo consumido"" ""E100 (l)"" ""Motocicletas (L3e, L4e, L5, L6, L7 )""",,0,0,,,Transporte_Base_Maestra_y_Contrato_V2_CORREGIDA.xlsx,Factores
TRA_6729517AEA64C9,ESPAÑA,Transporte,PRIVADO,Motocicletas (> 50cc),Bioetanol 100%  (E100),litros,combustible,2023,2023,0.107,ANNUAL,,MITECO,"MITECO - ""3. Vehículos y maquinaria"" ""A. Transporte por carretera"" ""Opción A1. Cantidad de combustible o aditivo consumido"" ""E100 (l)"" ""Motocicletas (L3e, L4e, L5, L6, L7 )""",,0,0,,,Transporte_Base_Maestra_y_Contrato_V2_CORREGIDA.xlsx,Factores
TRA_5A1A402D43E9B7,ESPAÑA,Transporte,PRIVADO,Motocicletas (> 50cc),Bioetanol 100%  (E100),litros,combustible,2024,2024,0.104,ANNUAL,,MITECO,"MITECO - ""3. Vehículos y maquinaria"" ""A. Transporte por carretera"" ""Opción A1. Cantidad de combustible o aditivo consumido"" ""E100 (l)"" ""Motocicletas (L3e, L4e, L5, L6, L7 )""",,0,0,,,Transporte_Base_Maestra_y_Contrato_V2_CORREGIDA.xlsx,Factores
TRA_6628AD0A53AADE,ESPAÑA,Transporte,PRIVADO,Motocicletas (> 50cc),Bioetanol 100%  (E100),litros,combustible,2025,2025,0.106,ANNUAL,,MITECO,"MITECO - ""3. Vehículos y maquinaria"" ""A. Transporte por carretera"" ""Opción A1. Cantidad de combustible o aditivo consumido"" ""E100 (l)"" ""Motocicletas (L3e, L4e, L5, L6, L7 )""",,0,0,,,Transporte_Base_Maestra_y_Contrato_V2_CORREGIDA.xlsx,Factores
TRA_B359DD449C1BAB,ESPAÑA,Transporte,PRIVADO,Motocicletas (> 50cc),XTL (Biodiésel HVO),litros,combustible,2022,2022,0.03558,ANNUAL,,DEFRA,"DEFRA - ""Bioenergy"" ""Biofuel"" ""Biodiesel HVO""",,0,0,,,Transporte_Base_Maestra_y_Contrato_V2_CORREGIDA.xlsx,Factores
TRA_D8049551DEC03A,ESPAÑA,Transporte,PRIVADO,Motocicletas (> 50cc),XTL (Biodiésel HVO),litros,combustible,2023,2023,0.03558,ANNUAL,,DEFRA,"DEFRA - ""Bioenergy"" ""Biofuel"" ""Biodiesel HVO""",,0,0,,,Transporte_Base_Maestra_y_Contrato_V2_CORREGIDA.xlsx,Factores
TRA_7DE2B57B16C1FF,ESPAÑA,Transporte,PRIVADO,Motocicletas (> 50cc),XTL (Biodiésel HVO),litros,combustible,2024,2024,0.03558,ANNUAL,,DEFRA,"DEFRA - ""Bioenergy"" ""Biofuel"" ""Biodiesel HVO""",,0,0,,,Transporte_Base_Maestra_y_Contrato_V2_CORREGIDA.xlsx,Factores
TRA_8A2D435FD3AF72,ESPAÑA,Transporte,PRIVADO,Motocicletas (> 50cc),XTL (Biodiésel HVO),litros,combustible,2025,2025,0.03558,ANNUAL,,DEFRA,"DEFRA - ""Bioenergy"" ""Biofuel"" ""Biodiesel HVO""",,0,0,,,Transporte_Base_Maestra_y_Contrato_V2_CORREGIDA.xlsx,Factores
TRA_2BC32C03F0A477,ESPAÑA,Transporte,PRIVADO,Turismos (hasta 8 asientos) / Taxis,Gasolina,litros,combustible,2022,2022,2.249,ANNUAL,,MITECO,"MITECO - ""3. Vehículos y maquinaria"" ""A. Transporte por carretera"" ""Opción A1. Cantidad de combustible o aditivo consumido"" ""E5 (l)"" ""Turismos (M1)""",,0,0,,,Transporte_Base_Maestra_y_Contrato_V2_CORREGIDA.xlsx,Factores
TRA_3FA2DEFE11EF1B,ESPAÑA,Transporte,PRIVADO,Turismos (hasta 8 asientos) / Taxis,Gasolina,litros,combustible,2023,2023,2.249,ANNUAL,,MITECO,"MITECO - ""3. Vehículos y maquinaria"" ""A. Transporte por carretera"" ""Opción A1. Cantidad de combustible o aditivo consumido"" ""E5 (l)"" ""Turismos (M1)""",,0,0,,,Transporte_Base_Maestra_y_Contrato_V2_CORREGIDA.xlsx,Factores
TRA_B76E4DA8B818BD,ESPAÑA,Transporte,PRIVADO,Turismos (hasta 8 asientos) / Taxis,Gasolina,litros,combustible,2024,2024,2.249,ANNUAL,,MITECO,"MITECO - ""3. Vehículos y maquinaria"" ""A. Transporte por carretera"" ""Opción A1. Cantidad de combustible o aditivo consumido"" ""E5 (l)"" ""Turismos (M1)""",,0,0,,,Transporte_Base_Maestra_y_Contrato_V2_CORREGIDA.xlsx,Factores
TRA_57D9544AE0D7C9,ESPAÑA,Transporte,PRIVADO,Turismos (hasta 8 asientos) / Taxis,Gasolina,litros,combustible,2025,2025,2.249,ANNUAL,,MITECO,"MITECO - ""3. Vehículos y maquinaria"" ""A. Transporte por carretera"" ""Opción A1. Cantidad de combustible o aditivo consumido"" ""E5 (l)"" ""Turismos (M1)""",,0,0,,,Transporte_Base_Maestra_y_Contrato_V2_CORREGIDA.xlsx,Factores
TRA_2289801765EEB2,ESPAÑA,Transporte,PRIVADO,Turismos (hasta 8 asientos) / Taxis,Bioetanol 100% (E100),litros,combustible,2022,2022,0.019,ANNUAL,,MITECO,"MITECO - ""3. Vehículos y maquinaria"" ""A. Transporte por carretera"" ""Opción A1. Cantidad de combustible o aditivo consumido"" ""E100 (l)"" ""Turismos (M1)""",,0,0,,,Transporte_Base_Maestra_y_Contrato_V2_CORREGIDA.xlsx,Factores
TRA_EAE9163155CDC1,ESPAÑA,Transporte,PRIVADO,Turismos (hasta 8 asientos) / Taxis,Bioetanol 100% (E100),litros,combustible,2023,2023,0.019,ANNUAL,,MITECO,"MITECO - ""3. Vehículos y maquinaria"" ""A. Transporte por carretera"" ""Opción A1. Cantidad de combustible o aditivo consumido"" ""E100 (l)"" ""Turismos (M1)""",,0,0,,,Transporte_Base_Maestra_y_Contrato_V2_CORREGIDA.xlsx,Factores
TRA_DFB4113A7141AD,ESPAÑA,Transporte,PRIVADO,Turismos (hasta 8 asientos) / Taxis,Bioetanol 100% (E100),litros,combustible,2024,2024,0.019,ANNUAL,,MITECO,"MITECO - ""3. Vehículos y maquinaria"" ""A. Transporte por carretera"" ""Opción A1. Cantidad de combustible o aditivo consumido"" ""E100 (l)"" ""Turismos (M1)""",,0,0,,,Transporte_Base_Maestra_y_Contrato_V2_CORREGIDA.xlsx,Factores
TRA_53BEA4BB0646F8,ESPAÑA,Transporte,PRIVADO,Turismos (hasta 8 asientos) / Taxis,Bioetanol 100% (E100),litros,combustible,2025,2025,0.019,ANNUAL,,MITECO,"MITECO - ""3. Vehículos y maquinaria"" ""A. Transporte por carretera"" ""Opción A1. Cantidad de combustible o aditivo consumido"" ""E100 (l)"" ""Turismos (M1)""",,0,0,,,Transporte_Base_Maestra_y_Contrato_V2_CORREGIDA.xlsx,Factores
TRA_04D29D659E1A70,ESPAÑA,Transporte,PRIVADO,Turismos (hasta 8 asientos) / Taxis,Diésel,litros,combustible,2022,2022,2.515,ANNUAL,,MITECO,"MITECO - ""3. Vehículos y maquinaria"" ""A. Transporte por carretera"" ""Opción A1. Cantidad de combustible o aditivo consumido"" ""B7 (l)"" ""Turismos (M1)""",,0,0,,,Transporte_Base_Maestra_y_Contrato_V2_CORREGIDA.xlsx,Factores
TRA_33174B5E615E2A,ESPAÑA,Transporte,PRIVADO,Turismos (hasta 8 asientos) / Taxis,Diésel,litros,combustible,2023,2023,2.516,ANNUAL,,MITECO,"MITECO - ""3. Vehículos y maquinaria"" ""A. Transporte por carretera"" ""Opción A1. Cantidad de combustible o aditivo consumido"" ""B7 (l)"" ""Turismos (M1)""",,0,0,,,Transporte_Base_Maestra_y_Contrato_V2_CORREGIDA.xlsx,Factores
TRA_97330222E73D51,ESPAÑA,Transporte,PRIVADO,Turismos (hasta 8 asientos) / Taxis,Diésel,litros,combustible,2024,2024,2.517,ANNUAL,,MITECO,"MITECO - ""3. Vehículos y maquinaria"" ""A. Transporte por carretera"" ""Opción A1. Cantidad de combustible o aditivo consumido"" ""B7 (l)"" ""Turismos (M1)""",,0,0,,,Transporte_Base_Maestra_y_Contrato_V2_CORREGIDA.xlsx,Factores
TRA_8F6D0D77AF5C8C,ESPAÑA,Transporte,PRIVADO,Turismos (hasta 8 asientos) / Taxis,Diésel,litros,combustible,2025,2025,2.516,ANNUAL,,MITECO,"MITECO - ""3. Vehículos y maquinaria"" ""A. Transporte por carretera"" ""Opción A1. Cantidad de combustible o aditivo consumido"" ""B7 (l)"" ""Turismos (M1)""",,0,0,,,Transporte_Base_Maestra_y_Contrato_V2_CORREGIDA.xlsx,Factores
TRA_F4970F6AB36618,ESPAÑA,Transporte,PRIVADO,Turismos (hasta 8 asientos) / Taxis,Biodiésel 100% (B100),litros,combustible,2022,2022,0.153,ANNUAL,,MITECO,"MITECO - ""3. Vehículos y maquinaria"" ""A. Transporte por carretera"" ""Opción A1. Cantidad de combustible o aditivo consumido"" ""EB100 (l)"" ""Turismos (M1)""",,0,0,,,Transporte_Base_Maestra_y_Contrato_V2_CORREGIDA.xlsx,Factores
TRA_71275AA80003A3,ESPAÑA,Transporte,PRIVADO,Turismos (hasta 8 asientos) / Taxis,Biodiésel 100% (B100),litros,combustible,2023,2023,0.172,ANNUAL,,MITECO,"MITECO - ""3. Vehículos y maquinaria"" ""A. Transporte por carretera"" ""Opción A1. Cantidad de combustible o aditivo consumido"" ""EB100 (l)"" ""Turismos (M1)""",,0,0,,,Transporte_Base_Maestra_y_Contrato_V2_CORREGIDA.xlsx,Factores
TRA_ECB98C019E93C9,ESPAÑA,Transporte,PRIVADO,Turismos (hasta 8 asientos) / Taxis,Biodiésel 100% (B100),litros,combustible,2024,2024,0.172,ANNUAL,,MITECO,"MITECO - ""3. Vehículos y maquinaria"" ""A. Transporte por carretera"" ""Opción A1. Cantidad de combustible o aditivo consumido"" ""EB100 (l)"" ""Turismos (M1)""",,0,0,,,Transporte_Base_Maestra_y_Contrato_V2_CORREGIDA.xlsx,Factores
TRA_121489B4541EEF,ESPAÑA,Transporte,PRIVADO,Turismos (hasta 8 asientos) / Taxis,Biodiésel 100% (B100),litros,combustible,2025,2025,0.172,ANNUAL,,MITECO,"MITECO - ""3. Vehículos y maquinaria"" ""A. Transporte por carretera"" ""Opción A1. Cantidad de combustible o aditivo consumido"" ""EB100 (l)"" ""Turismos (M1)""",,0,0,,,Transporte_Base_Maestra_y_Contrato_V2_CORREGIDA.xlsx,Factores
TRA_B665E6F6AA22A7,ESPAÑA,Transporte,PRIVADO,Turismos (hasta 8 asientos) / Taxis,AdBlue,litros,combustible,2022,2022,0.26,ANNUAL,,MITECO,"MITECO - ""3. Vehículos y maquinaria"" ""A. Transporte por carretera"" ""Opción A1. Cantidad de combustible o aditivo consumido"" ""AdBlue (l)"" ""Turismos (M1)""",,0,0,,,Transporte_Base_Maestra_y_Contrato_V2_CORREGIDA.xlsx,Factores
TRA_39132FEEA3EA2B,ESPAÑA,Transporte,PRIVADO,Turismos (hasta 8 asientos) / Taxis,AdBlue,litros,combustible,2023,2023,0.26,ANNUAL,,MITECO,"MITECO - ""3. Vehículos y maquinaria"" ""A. Transporte por carretera"" ""Opción A1. Cantidad de combustible o aditivo consumido"" ""AdBlue (l)"" ""Turismos (M1)""",,0,0,,,Transporte_Base_Maestra_y_Contrato_V2_CORREGIDA.xlsx,Factores
TRA_5A86BB9394E5F5,ESPAÑA,Transporte,PRIVADO,Turismos (hasta 8 asientos) / Taxis,AdBlue,litros,combustible,2024,2024,0.26,ANNUAL,,MITECO,"MITECO - ""3. Vehículos y maquinaria"" ""A. Transporte por carretera"" ""Opción A1. Cantidad de combustible o aditivo consumido"" ""AdBlue (l)"" ""Turismos (M1)""",,0,0,,,Transporte_Base_Maestra_y_Contrato_V2_CORREGIDA.xlsx,Factores
TRA_A495E2FEDA2E5A,ESPAÑA,Transporte,PRIVADO,Turismos (hasta 8 asientos) / Taxis,AdBlue,litros,combustible,2025,2025,0.26,ANNUAL,,MITECO,"MITECO - ""3. Vehículos y maquinaria"" ""A. Transporte por carretera"" ""Opción A1. Cantidad de combustible o aditivo consumido"" ""AdBlue (l)"" ""Turismos (M1)""",,0,0,,,Transporte_Base_Maestra_y_Contrato_V2_CORREGIDA.xlsx,Factores
TRA_6EB8AA26281B2E,ESPAÑA,Transporte,PRIVADO,Turismos (hasta 8 asientos) / Taxis,GLP,litros,combustible,2022,2022,1.661,ANNUAL,,MITECO,"MITECO - ""3. Vehículos y maquinaria"" ""A. Transporte por carretera"" ""Opción A1. Cantidad de combustible o aditivo consumido"" ""GLP (l)"" ""Turismos (M1)""",,0,0,,,Transporte_Base_Maestra_y_Contrato_V2_CORREGIDA.xlsx,Factores
TRA_C0E2249B8C1154,ESPAÑA,Transporte,PRIVADO,Turismos (hasta 8 asientos) / Taxis,GLP,litros,combustible,2023,2023,1.661,ANNUAL,,MITECO,"MITECO - ""3. Vehículos y maquinaria"" ""A. Transporte por carretera"" ""Opción A1. Cantidad de combustible o aditivo consumido"" ""GLP (l)"" ""Turismos (M1)""",,0,0,,,Transporte_Base_Maestra_y_Contrato_V2_CORREGIDA.xlsx,Factores
TRA_D478FB93960754,ESPAÑA,Transporte,PRIVADO,Turismos (hasta 8 asientos) / Taxis,GLP,litros,combustible,2024,2024,1.661,ANNUAL,,MITECO,"MITECO - ""3. Vehículos y maquinaria"" ""A. Transporte por carretera"" ""Opción A1. Cantidad de combustible o aditivo consumido"" ""GLP (l)"" ""Turismos (M1)""",,0,0,,,Transporte_Base_Maestra_y_Contrato_V2_CORREGIDA.xlsx,Factores
TRA_B105719C07A5E2,ESPAÑA,Transporte,PRIVADO,Turismos (hasta 8 asientos) / Taxis,GLP,litros,combustible,2025,2025,1.661,ANNUAL,,MITECO,"MITECO - ""3. Vehículos y maquinaria"" ""A. Transporte por carretera"" ""Opción A1. Cantidad de combustible o aditivo consumido"" ""GLP (l)"" ""Turismos (M1)""",,0,0,,,Transporte_Base_Maestra_y_Contrato_V2_CORREGIDA.xlsx,Factores
TRA_FA3FED90291F47,ESPAÑA,Transporte,PRIVADO,Turismos (hasta 8 asientos) / Taxis,CNG,kg,combustible,2022,2022,2.755,ANNUAL,,MITECO,"MITECO - ""3. Vehículos y maquinaria"" ""A. Transporte por carretera"" ""Opción A1. Cantidad de combustible o aditivo consumido"" ""GNC (kg)"" ""Turismos (M1)""",,0,0,,,Transporte_Base_Maestra_y_Contrato_V2_CORREGIDA.xlsx,Factores
TRA_4EBD512454F180,ESPAÑA,Transporte,PRIVADO,Turismos (hasta 8 asientos) / Taxis,CNG,kg,combustible,2023,2023,2.769,ANNUAL,,MITECO,"MITECO - ""3. Vehículos y maquinaria"" ""A. Transporte por carretera"" ""Opción A1. Cantidad de combustible o aditivo consumido"" ""GNC (kg)"" ""Turismos (M1)""",,0,0,,,Transporte_Base_Maestra_y_Contrato_V2_CORREGIDA.xlsx,Factores
TRA_D77CA5D08537B8,ESPAÑA,Transporte,PRIVADO,Turismos (hasta 8 asientos) / Taxis,CNG,kg,combustible,2024,2024,2.77,ANNUAL,,MITECO,"MITECO - ""3. Vehículos y maquinaria"" ""A. Transporte por carretera"" ""Opción A1. Cantidad de combustible o aditivo consumido"" ""GNC (kg)"" ""Turismos (M1)""",,0,0,,,Transporte_Base_Maestra_y_Contrato_V2_CORREGIDA.xlsx,Factores
TRA_C427294A09A4A1,ESPAÑA,Transporte,PRIVADO,Turismos (hasta 8 asientos) / Taxis,CNG,kg,combustible,2025,2025,2.757,ANNUAL,,MITECO,"MITECO - ""3. Vehículos y maquinaria"" ""A. Transporte por carretera"" ""Opción A1. Cantidad de combustible o aditivo consumido"" ""GNC (kg)"" ""Turismos (M1)""",,0,0,,,Transporte_Base_Maestra_y_Contrato_V2_CORREGIDA.xlsx,Factores
TRA_94B07FEAE3A322,ESPAÑA,Transporte,PRIVADO,Turismos (hasta 8 asientos) / Taxis,XTL (Biodiésel HVO),litros,combustible,2022,2022,0.03558,ANNUAL,,DEFRA,"DEFRA - ""Bioenergy"" ""Biofuel"" ""Biodiesel HVO""",,0,0,,,Transporte_Base_Maestra_y_Contrato_V2_CORREGIDA.xlsx,Factores
TRA_FE2EB2BBADA4FF,ESPAÑA,Transporte,PRIVADO,Turismos (hasta 8 asientos) / Taxis,XTL (Biodiésel HVO),litros,combustible,2023,2023,0.03558,ANNUAL,,DEFRA,"DEFRA - ""Bioenergy"" ""Biofuel"" ""Biodiesel HVO""",,0,0,,,Transporte_Base_Maestra_y_Contrato_V2_CORREGIDA.xlsx,Factores
TRA_D671FBAEE6B827,ESPAÑA,Transporte,PRIVADO,Turismos (hasta 8 asientos) / Taxis,XTL (Biodiésel HVO),litros,combustible,2024,2024,0.03558,ANNUAL,,DEFRA,"DEFRA - ""Bioenergy"" ""Biofuel"" ""Biodiesel HVO""",,0,0,,,Transporte_Base_Maestra_y_Contrato_V2_CORREGIDA.xlsx,Factores
TRA_5CEC6367488A72,ESPAÑA,Transporte,PRIVADO,Turismos (hasta 8 asientos) / Taxis,XTL (Biodiésel HVO),litros,combustible,2025,2025,0.03558,ANNUAL,,DEFRA,"DEFRA - ""Bioenergy"" ""Biofuel"" ""Biodiesel HVO""",,0,0,,,Transporte_Base_Maestra_y_Contrato_V2_CORREGIDA.xlsx,Factores
TRA_1D6A27535B17F8,ESPAÑA,Transporte,PRIVADO,Turismos (hasta 8 asientos) / Taxis,Híbrido gasolina,litros,combustible,2022,2022,2.249,ANNUAL,,MITECO,"MITECO - ""3. Vehículos y maquinaria"" ""A. Transporte por carretera"" ""Opción A1. Cantidad de combustible o aditivo consumido"" ""E5 (l)"" ""Turismos (M1)""",,0,0,,,Transporte_Base_Maestra_y_Contrato_V2_CORREGIDA.xlsx,Factores
TRA_0A8EFAA5BF0F0A,ESPAÑA,Transporte,PRIVADO,Turismos (hasta 8 asientos) / Taxis,Híbrido gasolina,litros,combustible,2023,2023,2.249,ANNUAL,,MITECO,"MITECO - ""3. Vehículos y maquinaria"" ""A. Transporte por carretera"" ""Opción A1. Cantidad de combustible o aditivo consumido"" ""E5 (l)"" ""Turismos (M1)""",,0,0,,,Transporte_Base_Maestra_y_Contrato_V2_CORREGIDA.xlsx,Factores
TRA_EA2F97F105ECFC,ESPAÑA,Transporte,PRIVADO,Turismos (hasta 8 asientos) / Taxis,Híbrido gasolina,litros,combustible,2024,2024,2.249,ANNUAL,,MITECO,"MITECO - ""3. Vehículos y maquinaria"" ""A. Transporte por carretera"" ""Opción A1. Cantidad de combustible o aditivo consumido"" ""E5 (l)"" ""Turismos (M1)""",,0,0,,,Transporte_Base_Maestra_y_Contrato_V2_CORREGIDA.xlsx,Factores
TRA_7FDD3E12994821,ESPAÑA,Transporte,PRIVADO,Turismos (hasta 8 asientos) / Taxis,Híbrido gasolina,litros,combustible,2025,2025,2.249,ANNUAL,,MITECO,"MITECO - ""3. Vehículos y maquinaria"" ""A. Transporte por carretera"" ""Opción A1. Cantidad de combustible o aditivo consumido"" ""E5 (l)"" ""Turismos (M1)""",,0,0,,,Transporte_Base_Maestra_y_Contrato_V2_CORREGIDA.xlsx,Factores
TRA_5F1AD6B3CE9700,ESPAÑA,Transporte,PRIVADO,Turismos (hasta 8 asientos) / Taxis,Híbrido diésel,litros,combustible,2022,2022,2.515,ANNUAL,,MITECO,"MITECO - ""3. Vehículos y maquinaria"" ""A. Transporte por carretera"" ""Opción A1. Cantidad de combustible o aditivo consumido"" ""B7 (l)"" ""Turismos (M1)""",,0,0,,,Transporte_Base_Maestra_y_Contrato_V2_CORREGIDA.xlsx,Factores
TRA_002156CAFD1B40,ESPAÑA,Transporte,PRIVADO,Turismos (hasta 8 asientos) / Taxis,Híbrido diésel,litros,combustible,2023,2023,2.516,ANNUAL,,MITECO,"MITECO - ""3. Vehículos y maquinaria"" ""A. Transporte por carretera"" ""Opción A1. Cantidad de combustible o aditivo consumido"" ""B7 (l)"" ""Turismos (M1)""",,0,0,,,Transporte_Base_Maestra_y_Contrato_V2_CORREGIDA.xlsx,Factores
TRA_E89B24FCEB17E3,ESPAÑA,Transporte,PRIVADO,Turismos (hasta 8 asientos) / Taxis,Híbrido diésel,litros,combustible,2024,2024,2.517,ANNUAL,,MITECO,"MITECO - ""3. Vehículos y maquinaria"" ""A. Transporte por carretera"" ""Opción A1. Cantidad de combustible o aditivo consumido"" ""B7 (l)"" ""Turismos (M1)""",,0,0,,,Transporte_Base_Maestra_y_Contrato_V2_CORREGIDA.xlsx,Factores
TRA_E13E79313C45BF,ESPAÑA,Transporte,PRIVADO,Turismos (hasta 8 asientos) / Taxis,Híbrido diésel,litros,combustible,2025,2025,2.516,ANNUAL,,MITECO,"MITECO - ""3. Vehículos y maquinaria"" ""A. Transporte por carretera"" ""Opción A1. Cantidad de combustible o aditivo consumido"" ""B7 (l)"" ""Turismos (M1)""",,0,0,,,Transporte_Base_Maestra_y_Contrato_V2_CORREGIDA.xlsx,Factores
TRA_857BE595AEDE02,ESPAÑA,Transporte,PRIVADO,Vans (pasajeros),Gasolina,litros,combustible,2022,2022,2.249,ANNUAL,,MITECO,"MITECO - ""3. Vehículos y maquinaria"" ""A. Transporte por carretera"" ""Opción A1. Cantidad de combustible o aditivo consumido"" ""E5 (l)"" ""Turismos (M1)""",,0,0,,,Transporte_Base_Maestra_y_Contrato_V2_CORREGIDA.xlsx,Factores
TRA_8FCC90DD1E139D,ESPAÑA,Transporte,PRIVADO,Vans (pasajeros),Gasolina,litros,combustible,2023,2023,2.249,ANNUAL,,MITECO,"MITECO - ""3. Vehículos y maquinaria"" ""A. Transporte por carretera"" ""Opción A1. Cantidad de combustible o aditivo consumido"" ""E5 (l)"" ""Turismos (M1)""",,0,0,,,Transporte_Base_Maestra_y_Contrato_V2_CORREGIDA.xlsx,Factores
TRA_9FE20F8DE29F24,ESPAÑA,Transporte,PRIVADO,Vans (pasajeros),Gasolina,litros,combustible,2024,2024,2.249,ANNUAL,,MITECO,"MITECO - ""3. Vehículos y maquinaria"" ""A. Transporte por carretera"" ""Opción A1. Cantidad de combustible o aditivo consumido"" ""E5 (l)"" ""Turismos (M1)""",,0,0,,,Transporte_Base_Maestra_y_Contrato_V2_CORREGIDA.xlsx,Factores
TRA_A6ABC60B36520A,ESPAÑA,Transporte,PRIVADO,Vans (pasajeros),Gasolina,litros,combustible,2025,2025,2.249,ANNUAL,,MITECO,"MITECO - ""3. Vehículos y maquinaria"" ""A. Transporte por carretera"" ""Opción A1. Cantidad de combustible o aditivo consumido"" ""E5 (l)"" ""Turismos (M1)""",,0,0,,,Transporte_Base_Maestra_y_Contrato_V2_CORREGIDA.xlsx,Factores
TRA_D50F3A3E9873AA,ESPAÑA,Transporte,PRIVADO,Vans (pasajeros),Bioetanol 100% (E100),litros,combustible,2022,2022,0.019,ANNUAL,,MITECO,"MITECO - ""3. Vehículos y maquinaria"" ""A. Transporte por carretera"" ""Opción A1. Cantidad de combustible o aditivo consumido"" ""E100 (l)"" ""Turismos (M1)""",,0,0,,,Transporte_Base_Maestra_y_Contrato_V2_CORREGIDA.xlsx,Factores
TRA_4DCD1F440CEAD5,ESPAÑA,Transporte,PRIVADO,Vans (pasajeros),Bioetanol 100% (E100),litros,combustible,2023,2023,0.019,ANNUAL,,MITECO,"MITECO - ""3. Vehículos y maquinaria"" ""A. Transporte por carretera"" ""Opción A1. Cantidad de combustible o aditivo consumido"" ""E100 (l)"" ""Turismos (M1)""",,0,0,,,Transporte_Base_Maestra_y_Contrato_V2_CORREGIDA.xlsx,Factores
TRA_8989C6C9940642,ESPAÑA,Transporte,PRIVADO,Vans (pasajeros),Bioetanol 100% (E100),litros,combustible,2024,2024,0.019,ANNUAL,,MITECO,"MITECO - ""3. Vehículos y maquinaria"" ""A. Transporte por carretera"" ""Opción A1. Cantidad de combustible o aditivo consumido"" ""E100 (l)"" ""Turismos (M1)""",,0,0,,,Transporte_Base_Maestra_y_Contrato_V2_CORREGIDA.xlsx,Factores
TRA_5FEDD67CE6B61E,ESPAÑA,Transporte,PRIVADO,Vans (pasajeros),Bioetanol 100% (E100),litros,combustible,2025,2025,0.019,ANNUAL,,MITECO,"MITECO - ""3. Vehículos y maquinaria"" ""A. Transporte por carretera"" ""Opción A1. Cantidad de combustible o aditivo consumido"" ""E100 (l)"" ""Turismos (M1)""",,0,0,,,Transporte_Base_Maestra_y_Contrato_V2_CORREGIDA.xlsx,Factores
TRA_6719B2A0FF3785,ESPAÑA,Transporte,PRIVADO,Vans (pasajeros),Diésel,litros,combustible,2022,2022,2.515,ANNUAL,,MITECO,"MITECO - ""3. Vehículos y maquinaria"" ""A. Transporte por carretera"" ""Opción A1. Cantidad de combustible o aditivo consumido"" ""B7 (l)"" ""Turismos (M1)""",,0,0,,,Transporte_Base_Maestra_y_Contrato_V2_CORREGIDA.xlsx,Factores
TRA_3D6DB18E9BC694,ESPAÑA,Transporte,PRIVADO,Vans (pasajeros),Diésel,litros,combustible,2023,2023,2.516,ANNUAL,,MITECO,"MITECO - ""3. Vehículos y maquinaria"" ""A. Transporte por carretera"" ""Opción A1. Cantidad de combustible o aditivo consumido"" ""B7 (l)"" ""Turismos (M1)""",,0,0,,,Transporte_Base_Maestra_y_Contrato_V2_CORREGIDA.xlsx,Factores
TRA_EE98F5058D0F41,ESPAÑA,Transporte,PRIVADO,Vans (pasajeros),Diésel,litros,combustible,2024,2024,2.517,ANNUAL,,MITECO,"MITECO - ""3. Vehículos y maquinaria"" ""A. Transporte por carretera"" ""Opción A1. Cantidad de combustible o aditivo consumido"" ""B7 (l)"" ""Turismos (M1)""",,0,0,,,Transporte_Base_Maestra_y_Contrato_V2_CORREGIDA.xlsx,Factores
TRA_4853F04787F33C,ESPAÑA,Transporte,PRIVADO,Vans (pasajeros),Diésel,litros,combustible,2025,2025,2.516,ANNUAL,,MITECO,"MITECO - ""3. Vehículos y maquinaria"" ""A. Transporte por carretera"" ""Opción A1. Cantidad de combustible o aditivo consumido"" ""B7 (l)"" ""Turismos (M1)""",,0,0,,,Transporte_Base_Maestra_y_Contrato_V2_CORREGIDA.xlsx,Factores
TRA_108F3BFECD11B9,ESPAÑA,Transporte,PRIVADO,Vans (pasajeros),Biodiésel 100% (B100),litros,combustible,2022,2022,0.153,ANNUAL,,MITECO,"MITECO - ""3. Vehículos y maquinaria"" ""A. Transporte por carretera"" ""Opción A1. Cantidad de combustible o aditivo consumido"" ""EB100 (l)"" ""Turismos (M1)""",,0,0,,,Transporte_Base_Maestra_y_Contrato_V2_CORREGIDA.xlsx,Factores
TRA_62CE145C7C87DC,ESPAÑA,Transporte,PRIVADO,Vans (pasajeros),Biodiésel 100% (B100),litros,combustible,2023,2023,0.172,ANNUAL,,MITECO,"MITECO - ""3. Vehículos y maquinaria"" ""A. Transporte por carretera"" ""Opción A1. Cantidad de combustible o aditivo consumido"" ""EB100 (l)"" ""Turismos (M1)""",,0,0,,,Transporte_Base_Maestra_y_Contrato_V2_CORREGIDA.xlsx,Factores
TRA_B34964B8730599,ESPAÑA,Transporte,PRIVADO,Vans (pasajeros),Biodiésel 100% (B100),litros,combustible,2024,2024,0.172,ANNUAL,,MITECO,"MITECO - ""3. Vehículos y maquinaria"" ""A. Transporte por carretera"" ""Opción A1. Cantidad de combustible o aditivo consumido"" ""EB100 (l)"" ""Turismos (M1)""",,0,0,,,Transporte_Base_Maestra_y_Contrato_V2_CORREGIDA.xlsx,Factores
TRA_6A6E2BE85C6269,ESPAÑA,Transporte,PRIVADO,Vans (pasajeros),Biodiésel 100% (B100),litros,combustible,2025,2025,0.172,ANNUAL,,MITECO,"MITECO - ""3. Vehículos y maquinaria"" ""A. Transporte por carretera"" ""Opción A1. Cantidad de combustible o aditivo consumido"" ""EB100 (l)"" ""Turismos (M1)""",,0,0,,,Transporte_Base_Maestra_y_Contrato_V2_CORREGIDA.xlsx,Factores
TRA_C2818942AACD47,ESPAÑA,Transporte,PRIVADO,Vans (pasajeros),AdBlue,litros,combustible,2022,2022,0.26,ANNUAL,,MITECO,"MITECO - ""3. Vehículos y maquinaria"" ""A. Transporte por carretera"" ""Opción A1. Cantidad de combustible o aditivo consumido"" ""AdBlue (l)"" ""Turismos (M1)""",,0,0,,,Transporte_Base_Maestra_y_Contrato_V2_CORREGIDA.xlsx,Factores
TRA_1E8C6089D5EA09,ESPAÑA,Transporte,PRIVADO,Vans (pasajeros),AdBlue,litros,combustible,2023,2023,0.26,ANNUAL,,MITECO,"MITECO - ""3. Vehículos y maquinaria"" ""A. Transporte por carretera"" ""Opción A1. Cantidad de combustible o aditivo consumido"" ""AdBlue (l)"" ""Turismos (M1)""",,0,0,,,Transporte_Base_Maestra_y_Contrato_V2_CORREGIDA.xlsx,Factores
TRA_BDE92D8495FDC4,ESPAÑA,Transporte,PRIVADO,Vans (pasajeros),AdBlue,litros,combustible,2024,2024,0.26,ANNUAL,,MITECO,"MITECO - ""3. Vehículos y maquinaria"" ""A. Transporte por carretera"" ""Opción A1. Cantidad de combustible o aditivo consumido"" ""AdBlue (l)"" ""Turismos (M1)""",,0,0,,,Transporte_Base_Maestra_y_Contrato_V2_CORREGIDA.xlsx,Factores
TRA_763E3CB5101F6A,ESPAÑA,Transporte,PRIVADO,Vans (pasajeros),AdBlue,litros,combustible,2025,2025,0.26,ANNUAL,,MITECO,"MITECO - ""3. Vehículos y maquinaria"" ""A. Transporte por carretera"" ""Opción A1. Cantidad de combustible o aditivo consumido"" ""AdBlue (l)"" ""Turismos (M1)""",,0,0,,,Transporte_Base_Maestra_y_Contrato_V2_CORREGIDA.xlsx,Factores
TRA_42A681FD2F0771,ESPAÑA,Transporte,PRIVADO,Vans (pasajeros),GLP,litros,combustible,2022,2022,1.661,ANNUAL,,MITECO,"MITECO - ""3. Vehículos y maquinaria"" ""A. Transporte por carretera"" ""Opción A1. Cantidad de combustible o aditivo consumido"" ""GLP (l)"" ""Turismos (M1)""",,0,0,,,Transporte_Base_Maestra_y_Contrato_V2_CORREGIDA.xlsx,Factores
TRA_F52B18434EB00C,ESPAÑA,Transporte,PRIVADO,Vans (pasajeros),GLP,litros,combustible,2023,2023,1.661,ANNUAL,,MITECO,"MITECO - ""3. Vehículos y maquinaria"" ""A. Transporte por carretera"" ""Opción A1. Cantidad de combustible o aditivo consumido"" ""GLP (l)"" ""Turismos (M1)""",,0,0,,,Transporte_Base_Maestra_y_Contrato_V2_CORREGIDA.xlsx,Factores
TRA_85F1CB0E93B5E9,ESPAÑA,Transporte,PRIVADO,Vans (pasajeros),GLP,litros,combustible,2024,2024,1.661,ANNUAL,,MITECO,"MITECO - ""3. Vehículos y maquinaria"" ""A. Transporte por carretera"" ""Opción A1. Cantidad de combustible o aditivo consumido"" ""GLP (l)"" ""Turismos (M1)""",,0,0,,,Transporte_Base_Maestra_y_Contrato_V2_CORREGIDA.xlsx,Factores
TRA_017B7F858E59B3,ESPAÑA,Transporte,PRIVADO,Vans (pasajeros),GLP,litros,combustible,2025,2025,1.661,ANNUAL,,MITECO,"MITECO - ""3. Vehículos y maquinaria"" ""A. Transporte por carretera"" ""Opción A1. Cantidad de combustible o aditivo consumido"" ""GLP (l)"" ""Turismos (M1)""",,0,0,,,Transporte_Base_Maestra_y_Contrato_V2_CORREGIDA.xlsx,Factores
TRA_7D8293175AA268,ESPAÑA,Transporte,PRIVADO,Vans (pasajeros),CNG,kg,combustible,2022,2022,2.755,ANNUAL,,MITECO,"MITECO - ""3. Vehículos y maquinaria"" ""A. Transporte por carretera"" ""Opción A1. Cantidad de combustible o aditivo consumido"" ""GNC (kg)"" ""Turismos (M1)""",,0,0,,,Transporte_Base_Maestra_y_Contrato_V2_CORREGIDA.xlsx,Factores
TRA_74D6D44E1254C8,ESPAÑA,Transporte,PRIVADO,Vans (pasajeros),CNG,kg,combustible,2023,2023,2.769,ANNUAL,,MITECO,"MITECO - ""3. Vehículos y maquinaria"" ""A. Transporte por carretera"" ""Opción A1. Cantidad de combustible o aditivo consumido"" ""GNC (kg)"" ""Turismos (M1)""",,0,0,,,Transporte_Base_Maestra_y_Contrato_V2_CORREGIDA.xlsx,Factores
TRA_3B43B266E3B013,ESPAÑA,Transporte,PRIVADO,Vans (pasajeros),CNG,kg,combustible,2024,2024,2.77,ANNUAL,,MITECO,"MITECO - ""3. Vehículos y maquinaria"" ""A. Transporte por carretera"" ""Opción A1. Cantidad de combustible o aditivo consumido"" ""GNC (kg)"" ""Turismos (M1)""",,0,0,,,Transporte_Base_Maestra_y_Contrato_V2_CORREGIDA.xlsx,Factores
TRA_BB38EED843A31E,ESPAÑA,Transporte,PRIVADO,Vans (pasajeros),CNG,kg,combustible,2025,2025,2.757,ANNUAL,,MITECO,"MITECO - ""3. Vehículos y maquinaria"" ""A. Transporte por carretera"" ""Opción A1. Cantidad de combustible o aditivo consumido"" ""GNC (kg)"" ""Turismos (M1)""",,0,0,,,Transporte_Base_Maestra_y_Contrato_V2_CORREGIDA.xlsx,Factores
TRA_9C4DBB3F2F9DF3,ESPAÑA,Transporte,PRIVADO,Vans (pasajeros),XTL (Biodiésel HVO),litros,combustible,2022,2022,0.03558,ANNUAL,,DEFRA,"DEFRA - ""Bioenergy"" ""Biofuel"" ""Biodiesel HVO""",,0,0,,,Transporte_Base_Maestra_y_Contrato_V2_CORREGIDA.xlsx,Factores
TRA_3843F0A0F25E55,ESPAÑA,Transporte,PRIVADO,Vans (pasajeros),XTL (Biodiésel HVO),litros,combustible,2023,2023,0.03558,ANNUAL,,DEFRA,"DEFRA - ""Bioenergy"" ""Biofuel"" ""Biodiesel HVO""",,0,0,,,Transporte_Base_Maestra_y_Contrato_V2_CORREGIDA.xlsx,Factores
TRA_770B0425388BDC,ESPAÑA,Transporte,PRIVADO,Vans (pasajeros),XTL (Biodiésel HVO),litros,combustible,2024,2024,0.03558,ANNUAL,,DEFRA,"DEFRA - ""Bioenergy"" ""Biofuel"" ""Biodiesel HVO""",,0,0,,,Transporte_Base_Maestra_y_Contrato_V2_CORREGIDA.xlsx,Factores
TRA_AFB089DF714DBB,ESPAÑA,Transporte,PRIVADO,Vans (pasajeros),XTL (Biodiésel HVO),litros,combustible,2025,2025,0.03558,ANNUAL,,DEFRA,"DEFRA - ""Bioenergy"" ""Biofuel"" ""Biodiesel HVO""",,0,0,,,Transporte_Base_Maestra_y_Contrato_V2_CORREGIDA.xlsx,Factores
TRA_F778A01EC26715,ESPAÑA,Transporte,PRIVADO,Vans (pasajeros),Híbrido gasolina,litros,combustible,2022,2022,2.249,ANNUAL,,MITECO,"MITECO - ""3. Vehículos y maquinaria"" ""A. Transporte por carretera"" ""Opción A1. Cantidad de combustible o aditivo consumido"" ""E5 (l)"" ""Turismos (M1)""",,0,0,,,Transporte_Base_Maestra_y_Contrato_V2_CORREGIDA.xlsx,Factores
TRA_C405E500D783E2,ESPAÑA,Transporte,PRIVADO,Vans (pasajeros),Híbrido gasolina,litros,combustible,2023,2023,2.249,ANNUAL,,MITECO,"MITECO - ""3. Vehículos y maquinaria"" ""A. Transporte por carretera"" ""Opción A1. Cantidad de combustible o aditivo consumido"" ""E5 (l)"" ""Turismos (M1)""",,0,0,,,Transporte_Base_Maestra_y_Contrato_V2_CORREGIDA.xlsx,Factores
TRA_EB3F258616FDC5,ESPAÑA,Transporte,PRIVADO,Vans (pasajeros),Híbrido gasolina,litros,combustible,2024,2024,2.249,ANNUAL,,MITECO,"MITECO - ""3. Vehículos y maquinaria"" ""A. Transporte por carretera"" ""Opción A1. Cantidad de combustible o aditivo consumido"" ""E5 (l)"" ""Turismos (M1)""",,0,0,,,Transporte_Base_Maestra_y_Contrato_V2_CORREGIDA.xlsx,Factores
TRA_461083F470E5D1,ESPAÑA,Transporte,PRIVADO,Vans (pasajeros),Híbrido gasolina,litros,combustible,2025,2025,2.249,ANNUAL,,MITECO,"MITECO - ""3. Vehículos y maquinaria"" ""A. Transporte por carretera"" ""Opción A1. Cantidad de combustible o aditivo consumido"" ""E5 (l)"" ""Turismos (M1)""",,0,0,,,Transporte_Base_Maestra_y_Contrato_V2_CORREGIDA.xlsx,Factores
TRA_FB713A1CFF32B2,ESPAÑA,Transporte,PRIVADO,Vans (pasajeros),Híbrido diésel,litros,combustible,2022,2022,2.515,ANNUAL,,MITECO,"MITECO - ""3. Vehículos y maquinaria"" ""A. Transporte por carretera"" ""Opción A1. Cantidad de combustible o aditivo consumido"" ""B7 (l)"" ""Turismos (M1)""",,0,0,,,Transporte_Base_Maestra_y_Contrato_V2_CORREGIDA.xlsx,Factores
TRA_F8F3AABA27053D,ESPAÑA,Transporte,PRIVADO,Vans (pasajeros),Híbrido diésel,litros,combustible,2023,2023,2.516,ANNUAL,,MITECO,"MITECO - ""3. Vehículos y maquinaria"" ""A. Transporte por carretera"" ""Opción A1. Cantidad de combustible o aditivo consumido"" ""B7 (l)"" ""Turismos (M1)""",,0,0,,,Transporte_Base_Maestra_y_Contrato_V2_CORREGIDA.xlsx,Factores
TRA_CB93C47CA5E115,ESPAÑA,Transporte,PRIVADO,Vans (pasajeros),Híbrido diésel,litros,combustible,2024,2024,2.517,ANNUAL,,MITECO,"MITECO - ""3. Vehículos y maquinaria"" ""A. Transporte por carretera"" ""Opción A1. Cantidad de combustible o aditivo consumido"" ""B7 (l)"" ""Turismos (M1)""",,0,0,,,Transporte_Base_Maestra_y_Contrato_V2_CORREGIDA.xlsx,Factores
TRA_FEE98024637EB2,ESPAÑA,Transporte,PRIVADO,Vans (pasajeros),Híbrido diésel,litros,combustible,2025,2025,2.516,ANNUAL,,MITECO,"MITECO - ""3. Vehículos y maquinaria"" ""A. Transporte por carretera"" ""Opción A1. Cantidad de combustible o aditivo consumido"" ""B7 (l)"" ""Turismos (M1)""",,0,0,,,Transporte_Base_Maestra_y_Contrato_V2_CORREGIDA.xlsx,Factores
TRA_A33FCFF68DCC82,ESPAÑA,Transporte,PÚBLICO,Autobuses (urbanos y metropolitanos),Gasolina,litros,combustible,2022,2022,2.254,ANNUAL,,MITECO,"MITECO - ""3. Vehículos y maquinaria"" ""A. Transporte por carretera"" ""Opción A1. Cantidad de combustible o aditivo consumido"" ""E5 (l)"" (Camiones (N2, N3)""",,0,0,,,Transporte_Base_Maestra_y_Contrato_V2_CORREGIDA.xlsx,Factores
TRA_CC3801EBFE285E,ESPAÑA,Transporte,PÚBLICO,Autobuses (urbanos y metropolitanos),Gasolina,litros,combustible,2023,2023,2.254,ANNUAL,,MITECO,"MITECO - ""3. Vehículos y maquinaria"" ""A. Transporte por carretera"" ""Opción A1. Cantidad de combustible o aditivo consumido"" ""E5 (l)"" (Camiones (N2, N3)""",,0,0,,,Transporte_Base_Maestra_y_Contrato_V2_CORREGIDA.xlsx,Factores
TRA_50A3E4EDCDC3FB,ESPAÑA,Transporte,PÚBLICO,Autobuses (urbanos y metropolitanos),Gasolina,litros,combustible,2024,2024,2.254,ANNUAL,,MITECO,"MITECO - ""3. Vehículos y maquinaria"" ""A. Transporte por carretera"" ""Opción A1. Cantidad de combustible o aditivo consumido"" ""E5 (l)"" (Camiones (N2, N3)""",,0,0,,,Transporte_Base_Maestra_y_Contrato_V2_CORREGIDA.xlsx,Factores
TRA_E4822F2A5E7DF1,ESPAÑA,Transporte,PÚBLICO,Autobuses (urbanos y metropolitanos),Gasolina,litros,combustible,2025,2025,2.254,ANNUAL,,MITECO,"MITECO - ""3. Vehículos y maquinaria"" ""A. Transporte por carretera"" ""Opción A1. Cantidad de combustible o aditivo consumido"" ""E5 (l)"" (Camiones (N2, N3)""",,0,0,,,Transporte_Base_Maestra_y_Contrato_V2_CORREGIDA.xlsx,Factores
TRA_D322DA6AB57825,ESPAÑA,Transporte,PÚBLICO,Autobuses (urbanos y metropolitanos),Bioetanol 100% (E100),litros,combustible,2022,2022,0.024,ANNUAL,,MITECO,"MITECO - ""3. Vehículos y maquinaria"" ""A. Transporte por carretera"" ""Opción A1. Cantidad de combustible o aditivo consumido"" ""E100 (l)"" (Camiones (N2, N3)""",,0,0,,,Transporte_Base_Maestra_y_Contrato_V2_CORREGIDA.xlsx,Factores
TRA_E74FA2E8437E89,ESPAÑA,Transporte,PÚBLICO,Autobuses (urbanos y metropolitanos),Bioetanol 100% (E100),litros,combustible,2023,2023,0.024,ANNUAL,,MITECO,"MITECO - ""3. Vehículos y maquinaria"" ""A. Transporte por carretera"" ""Opción A1. Cantidad de combustible o aditivo consumido"" ""E100 (l)"" (Camiones (N2, N3)""",,0,0,,,Transporte_Base_Maestra_y_Contrato_V2_CORREGIDA.xlsx,Factores
TRA_3CE58543BCC563,ESPAÑA,Transporte,PÚBLICO,Autobuses (urbanos y metropolitanos),Bioetanol 100% (E100),litros,combustible,2024,2024,0.024,ANNUAL,,MITECO,"MITECO - ""3. Vehículos y maquinaria"" ""A. Transporte por carretera"" ""Opción A1. Cantidad de combustible o aditivo consumido"" ""E100 (l)"" (Camiones (N2, N3)""",,0,0,,,Transporte_Base_Maestra_y_Contrato_V2_CORREGIDA.xlsx,Factores
TRA_5F6889013AF9F2,ESPAÑA,Transporte,PÚBLICO,Autobuses (urbanos y metropolitanos),Bioetanol 100% (E100),litros,combustible,2025,2025,0.024,ANNUAL,,MITECO,"MITECO - ""3. Vehículos y maquinaria"" ""A. Transporte por carretera"" ""Opción A1. Cantidad de combustible o aditivo consumido"" ""E100 (l)"" (Camiones (N2, N3)""",,0,0,,,Transporte_Base_Maestra_y_Contrato_V2_CORREGIDA.xlsx,Factores
TRA_53E87F0D2ADC1B,ESPAÑA,Transporte,PÚBLICO,Autobuses (urbanos y metropolitanos),Diésel,litros,combustible,2022,2022,2.504,ANNUAL,,MITECO,"MITECO - ""3. Vehículos y maquinaria"" ""A. Transporte por carretera"" ""Opción A1. Cantidad de combustible o aditivo consumido"" ""B7 (l)"" ""Autobuses (M2, M3)""",,0,0,,,Transporte_Base_Maestra_y_Contrato_V2_CORREGIDA.xlsx,Factores
TRA_8B19EFC874F35F,ESPAÑA,Transporte,PÚBLICO,Autobuses (urbanos y metropolitanos),Diésel,litros,combustible,2023,2023,2.506,ANNUAL,,MITECO,"MITECO - ""3. Vehículos y maquinaria"" ""A. Transporte por carretera"" ""Opción A1. Cantidad de combustible o aditivo consumido"" ""B7 (l)"" ""Autobuses (M2, M3)""",,0,0,,,Transporte_Base_Maestra_y_Contrato_V2_CORREGIDA.xlsx,Factores
TRA_136DA305CA18B9,ESPAÑA,Transporte,PÚBLICO,Autobuses (urbanos y metropolitanos),Diésel,litros,combustible,2024,2024,2.506,ANNUAL,,MITECO,"MITECO - ""3. Vehículos y maquinaria"" ""A. Transporte por carretera"" ""Opción A1. Cantidad de combustible o aditivo consumido"" ""B7 (l)"" ""Autobuses (M2, M3)""",,0,0,,,Transporte_Base_Maestra_y_Contrato_V2_CORREGIDA.xlsx,Factores
TRA_3B75708F55BEF4,ESPAÑA,Transporte,PÚBLICO,Autobuses (urbanos y metropolitanos),Diésel,litros,combustible,2025,2025,2.506,ANNUAL,,MITECO,"MITECO - ""3. Vehículos y maquinaria"" ""A. Transporte por carretera"" ""Opción A1. Cantidad de combustible o aditivo consumido"" ""B7 (l)"" ""Autobuses (M2, M3)""",,0,0,,,Transporte_Base_Maestra_y_Contrato_V2_CORREGIDA.xlsx,Factores
TRA_3A8909B14DD67F,ESPAÑA,Transporte,PÚBLICO,Autobuses (urbanos y metropolitanos),Biodiésel 100% (B100),litros,combustible,2022,2022,0.142,ANNUAL,,MITECO,"MITECO - ""3. Vehículos y maquinaria"" ""A. Transporte por carretera"" ""Opción A1. Cantidad de combustible o aditivo consumido"" ""B100 (l)"" ""Autobuses (M2, M3)""",,0,0,,,Transporte_Base_Maestra_y_Contrato_V2_CORREGIDA.xlsx,Factores
TRA_ECE606B9998601,ESPAÑA,Transporte,PÚBLICO,Autobuses (urbanos y metropolitanos),Biodiésel 100% (B100),litros,combustible,2023,2023,0.162,ANNUAL,,MITECO,"MITECO - ""3. Vehículos y maquinaria"" ""A. Transporte por carretera"" ""Opción A1. Cantidad de combustible o aditivo consumido"" ""B100 (l)"" ""Autobuses (M2, M3)""",,0,0,,,Transporte_Base_Maestra_y_Contrato_V2_CORREGIDA.xlsx,Factores
TRA_CDAF969C3A2CF1,ESPAÑA,Transporte,PÚBLICO,Autobuses (urbanos y metropolitanos),Biodiésel 100% (B100),litros,combustible,2024,2024,0.162,ANNUAL,,MITECO,"MITECO - ""3. Vehículos y maquinaria"" ""A. Transporte por carretera"" ""Opción A1. Cantidad de combustible o aditivo consumido"" ""B100 (l)"" ""Autobuses (M2, M3)""",,0,0,,,Transporte_Base_Maestra_y_Contrato_V2_CORREGIDA.xlsx,Factores
TRA_6A255931F5E660,ESPAÑA,Transporte,PÚBLICO,Autobuses (urbanos y metropolitanos),Biodiésel 100% (B100),litros,combustible,2025,2025,0.162,ANNUAL,,MITECO,"MITECO - ""3. Vehículos y maquinaria"" ""A. Transporte por carretera"" ""Opción A1. Cantidad de combustible o aditivo consumido"" ""B100 (l)"" ""Autobuses (M2, M3)""",,0,0,,,Transporte_Base_Maestra_y_Contrato_V2_CORREGIDA.xlsx,Factores
TRA_51D6E22EC6AFC2,ESPAÑA,Transporte,PÚBLICO,Autobuses (urbanos y metropolitanos),AdBlue,litros,combustible,2022,2022,0.26,ANNUAL,,MITECO,"MITECO - ""3. Vehículos y maquinaria"" ""A. Transporte por carretera"" ""Opción A1. Cantidad de combustible o aditivo consumido"" ""AdBlue (l)"" ""Turismos (M1)""",,0,0,,,Transporte_Base_Maestra_y_Contrato_V2_CORREGIDA.xlsx,Factores
TRA_082E1032380870,ESPAÑA,Transporte,PÚBLICO,Autobuses (urbanos y metropolitanos),AdBlue,litros,combustible,2023,2023,0.26,ANNUAL,,MITECO,"MITECO - ""3. Vehículos y maquinaria"" ""A. Transporte por carretera"" ""Opción A1. Cantidad de combustible o aditivo consumido"" ""AdBlue (l)"" ""Turismos (M1)""",,0,0,,,Transporte_Base_Maestra_y_Contrato_V2_CORREGIDA.xlsx,Factores
TRA_C954CF198884F2,ESPAÑA,Transporte,PÚBLICO,Autobuses (urbanos y metropolitanos),AdBlue,litros,combustible,2024,2024,0.26,ANNUAL,,MITECO,"MITECO - ""3. Vehículos y maquinaria"" ""A. Transporte por carretera"" ""Opción A1. Cantidad de combustible o aditivo consumido"" ""AdBlue (l)"" ""Turismos (M1)""",,0,0,,,Transporte_Base_Maestra_y_Contrato_V2_CORREGIDA.xlsx,Factores
TRA_5B55A1478D61CB,ESPAÑA,Transporte,PÚBLICO,Autobuses (urbanos y metropolitanos),AdBlue,litros,combustible,2025,2025,0.26,ANNUAL,,MITECO,"MITECO - ""3. Vehículos y maquinaria"" ""A. Transporte por carretera"" ""Opción A1. Cantidad de combustible o aditivo consumido"" ""AdBlue (l)"" ""Turismos (M1)""",,0,0,,,Transporte_Base_Maestra_y_Contrato_V2_CORREGIDA.xlsx,Factores
TRA_04D18745CBC7C9,ESPAÑA,Transporte,PÚBLICO,Autobuses (urbanos y metropolitanos),LPG,litros,combustible,2022,2022,1.661,ANNUAL,,MITECO,"MITECO - ""3. Vehículos y maquinaria"" ""A. Transporte por carretera"" ""Opción A1. Cantidad de combustible o aditivo consumido"" ""LPG (l)"" ""Turismos (M1)""",,0,0,,,Transporte_Base_Maestra_y_Contrato_V2_CORREGIDA.xlsx,Factores
TRA_20353F7CE78A87,ESPAÑA,Transporte,PÚBLICO,Autobuses (urbanos y metropolitanos),LPG,litros,combustible,2023,2023,1.661,ANNUAL,,MITECO,"MITECO - ""3. Vehículos y maquinaria"" ""A. Transporte por carretera"" ""Opción A1. Cantidad de combustible o aditivo consumido"" ""LPG (l)"" ""Turismos (M1)""",,0,0,,,Transporte_Base_Maestra_y_Contrato_V2_CORREGIDA.xlsx,Factores
TRA_6252FDF4F119AA,ESPAÑA,Transporte,PÚBLICO,Autobuses (urbanos y metropolitanos),LPG,litros,combustible,2024,2024,1.661,ANNUAL,,MITECO,"MITECO - ""3. Vehículos y maquinaria"" ""A. Transporte por carretera"" ""Opción A1. Cantidad de combustible o aditivo consumido"" ""LPG (l)"" ""Turismos (M1)""",,0,0,,,Transporte_Base_Maestra_y_Contrato_V2_CORREGIDA.xlsx,Factores
TRA_4CA16775CEFFF8,ESPAÑA,Transporte,PÚBLICO,Autobuses (urbanos y metropolitanos),LPG,litros,combustible,2025,2025,1.661,ANNUAL,,MITECO,"MITECO - ""3. Vehículos y maquinaria"" ""A. Transporte por carretera"" ""Opción A1. Cantidad de combustible o aditivo consumido"" ""LPG (l)"" ""Turismos (M1)""",,0,0,,,Transporte_Base_Maestra_y_Contrato_V2_CORREGIDA.xlsx,Factores
TRA_27981AC42D9919,ESPAÑA,Transporte,PÚBLICO,Autobuses (urbanos y metropolitanos),CNG,kg,combustible,2022,2022,2.784,ANNUAL,,MITECO,"MITECO - ""3. Vehículos y maquinaria"" ""A. Transporte por carretera"" ""Opción A1. Cantidad de combustible o aditivo consumido"" ""CNG (kg)"" ""Autobuses (M2, M3)""",,0,0,,,Transporte_Base_Maestra_y_Contrato_V2_CORREGIDA.xlsx,Factores
TRA_27E84F33A1632C,ESPAÑA,Transporte,PÚBLICO,Autobuses (urbanos y metropolitanos),CNG,kg,combustible,2023,2023,2.8,ANNUAL,,MITECO,"MITECO - ""3. Vehículos y maquinaria"" ""A. Transporte por carretera"" ""Opción A1. Cantidad de combustible o aditivo consumido"" ""CNG (kg)"" ""Autobuses (M2, M3)""",,0,0,,,Transporte_Base_Maestra_y_Contrato_V2_CORREGIDA.xlsx,Factores
TRA_A5ACBE81348BFE,ESPAÑA,Transporte,PÚBLICO,Autobuses (urbanos y metropolitanos),CNG,kg,combustible,2024,2024,2.8,ANNUAL,,MITECO,"MITECO - ""3. Vehículos y maquinaria"" ""A. Transporte por carretera"" ""Opción A1. Cantidad de combustible o aditivo consumido"" ""CNG (kg)"" ""Autobuses (M2, M3)""",,0,0,,,Transporte_Base_Maestra_y_Contrato_V2_CORREGIDA.xlsx,Factores
TRA_16A29C3C02DA43,ESPAÑA,Transporte,PÚBLICO,Autobuses (urbanos y metropolitanos),CNG,kg,combustible,2025,2025,2.787,ANNUAL,,MITECO,"MITECO - ""3. Vehículos y maquinaria"" ""A. Transporte por carretera"" ""Opción A1. Cantidad de combustible o aditivo consumido"" ""CNG (kg)"" ""Autobuses (M2, M3)""",,0,0,,,Transporte_Base_Maestra_y_Contrato_V2_CORREGIDA.xlsx,Factores
TRA_6D0BFC58EC07D1,ESPAÑA,Transporte,PÚBLICO,Autobuses (urbanos y metropolitanos),LNG,kg,combustible,2022,2022,2.716,ANNUAL,,MITECO,"MITECO - ""3. Vehículos y maquinaria"" ""A. Transporte por carretera"" ""Opción A1. Cantidad de combustible o aditivo consumido"" ""LNG (kg)"" ""Camiones (N2, N3)""",,0,0,,,Transporte_Base_Maestra_y_Contrato_V2_CORREGIDA.xlsx,Factores
TRA_956A78112F9073,ESPAÑA,Transporte,PÚBLICO,Autobuses (urbanos y metropolitanos),LNG,kg,combustible,2023,2023,2.731,ANNUAL,,MITECO,"MITECO - ""3. Vehículos y maquinaria"" ""A. Transporte por carretera"" ""Opción A1. Cantidad de combustible o aditivo consumido"" ""LNG (kg)"" ""Camiones (N2, N3)""",,0,0,,,Transporte_Base_Maestra_y_Contrato_V2_CORREGIDA.xlsx,Factores
TRA_10BB812878F949,ESPAÑA,Transporte,PÚBLICO,Autobuses (urbanos y metropolitanos),LNG,kg,combustible,2024,2024,2.731,ANNUAL,,MITECO,"MITECO - ""3. Vehículos y maquinaria"" ""A. Transporte por carretera"" ""Opción A1. Cantidad de combustible o aditivo consumido"" ""LNG (kg)"" ""Camiones (N2, N3)""",,0,0,,,Transporte_Base_Maestra_y_Contrato_V2_CORREGIDA.xlsx,Factores
TRA_A81461AE863D77,ESPAÑA,Transporte,PÚBLICO,Autobuses (urbanos y metropolitanos),LNG,kg,combustible,2025,2025,2.719,ANNUAL,,MITECO,"MITECO - ""3. Vehículos y maquinaria"" ""A. Transporte por carretera"" ""Opción A1. Cantidad de combustible o aditivo consumido"" ""LNG (kg)"" ""Camiones (N2, N3)""",,0,0,,,Transporte_Base_Maestra_y_Contrato_V2_CORREGIDA.xlsx,Factores
TRA_FC60865B433305,ESPAÑA,Transporte,PÚBLICO,Autobuses (urbanos y metropolitanos),XTL (Biodiésel HVO),litros,combustible,2022,2022,0.03558,ANNUAL,,DEFRA,"DEFRA - ""Bioenergy - Biofuel - Biodiesel HVO""",,0,0,,,Transporte_Base_Maestra_y_Contrato_V2_CORREGIDA.xlsx,Factores
TRA_23051E76E45F2D,ESPAÑA,Transporte,PÚBLICO,Autobuses (urbanos y metropolitanos),XTL (Biodiésel HVO),litros,combustible,2023,2023,0.03558,ANNUAL,,DEFRA,"DEFRA - ""Bioenergy - Biofuel - Biodiesel HVO""",,0,0,,,Transporte_Base_Maestra_y_Contrato_V2_CORREGIDA.xlsx,Factores
TRA_3C47E54C9FBF9E,ESPAÑA,Transporte,PÚBLICO,Autobuses (urbanos y metropolitanos),XTL (Biodiésel HVO),litros,combustible,2024,2024,0.03558,ANNUAL,,DEFRA,"DEFRA - ""Bioenergy - Biofuel - Biodiesel HVO""",,0,0,,,Transporte_Base_Maestra_y_Contrato_V2_CORREGIDA.xlsx,Factores
TRA_02357C4F2FC6C9,ESPAÑA,Transporte,PÚBLICO,Autobuses (urbanos y metropolitanos),XTL (Biodiésel HVO),litros,combustible,2025,2025,0.03558,ANNUAL,,DEFRA,"DEFRA - ""Bioenergy - Biofuel - Biodiesel HVO""",,0,0,,,Transporte_Base_Maestra_y_Contrato_V2_CORREGIDA.xlsx,Factores
TRA_8AC63FC15FF2A7,ESPAÑA,Transporte,PÚBLICO,Tren (Cercanías),Gasóleo,litros,combustible,2022,2022,2.725,ANNUAL,,MITECO,"MITECO - ""3. Vehículos y maquinaria"" ""B. Transporte ferroviario, marítimo y aéreo (emisiones directas)"" ""Gasóleo (l)"" ""Ferrocarril""",,0,0,,,Transporte_Base_Maestra_y_Contrato_V2_CORREGIDA.xlsx,Factores
TRA_71D30465C61FA2,ESPAÑA,Transporte,PÚBLICO,Tren (Cercanías),Gasóleo,litros,combustible,2023,2023,2.725,ANNUAL,,MITECO,"MITECO - ""3. Vehículos y maquinaria"" ""B. Transporte ferroviario, marítimo y aéreo (emisiones directas)"" ""Gasóleo (l)"" ""Ferrocarril""",,0,0,,,Transporte_Base_Maestra_y_Contrato_V2_CORREGIDA.xlsx,Factores
TRA_0681D0B984201C,ESPAÑA,Transporte,PÚBLICO,Tren (Cercanías),Gasóleo,litros,combustible,2024,2024,2.725,ANNUAL,,MITECO,"MITECO - ""3. Vehículos y maquinaria"" ""B. Transporte ferroviario, marítimo y aéreo (emisiones directas)"" ""Gasóleo (l)"" ""Ferrocarril""",,0,0,,,Transporte_Base_Maestra_y_Contrato_V2_CORREGIDA.xlsx,Factores
TRA_5F6A5FD7DA4FA2,ESPAÑA,Transporte,PÚBLICO,Tren (Cercanías),Gasóleo,litros,combustible,2025,2025,2.725,ANNUAL,,MITECO,"MITECO - ""3. Vehículos y maquinaria"" ""B. Transporte ferroviario, marítimo y aéreo (emisiones directas)"" ""Gasóleo (l)"" ""Ferrocarril""",,0,0,,,Transporte_Base_Maestra_y_Contrato_V2_CORREGIDA.xlsx,Factores
TRA_BD18E43A889037,ESPAÑA,Transporte,VIAJES,Autocar (larga distancia),Gasolina,litros,combustible,2022,2022,2.254,ANNUAL,,MITECO,"MITECO - ""3. Vehículos y maquinaria"" ""A. Transporte por carretera"" ""Opción A1. Cantidad de combustible o aditivo consumido"" ""E5 (l)"" ""Camiones  (N2, N3)""",,0,0,,,Transporte_Base_Maestra_y_Contrato_V2_CORREGIDA.xlsx,Factores
TRA_541F9C4F49ECAD,ESPAÑA,Transporte,VIAJES,Autocar (larga distancia),Gasolina,litros,combustible,2023,2023,2.254,ANNUAL,,MITECO,"MITECO - ""3. Vehículos y maquinaria"" ""A. Transporte por carretera"" ""Opción A1. Cantidad de combustible o aditivo consumido"" ""E5 (l)"" ""Camiones  (N2, N3)""",,0,0,,,Transporte_Base_Maestra_y_Contrato_V2_CORREGIDA.xlsx,Factores
TRA_A60AE40B17E663,ESPAÑA,Transporte,VIAJES,Autocar (larga distancia),Gasolina,litros,combustible,2024,2024,2.254,ANNUAL,,MITECO,"MITECO - ""3. Vehículos y maquinaria"" ""A. Transporte por carretera"" ""Opción A1. Cantidad de combustible o aditivo consumido"" ""E5 (l)"" ""Camiones  (N2, N3)""",,0,0,,,Transporte_Base_Maestra_y_Contrato_V2_CORREGIDA.xlsx,Factores
TRA_67D0E706B7AD7B,ESPAÑA,Transporte,VIAJES,Autocar (larga distancia),Gasolina,litros,combustible,2025,2025,2.254,ANNUAL,,MITECO,"MITECO - ""3. Vehículos y maquinaria"" ""A. Transporte por carretera"" ""Opción A1. Cantidad de combustible o aditivo consumido"" ""E5 (l)"" ""Camiones  (N2, N3)""",,0,0,,,Transporte_Base_Maestra_y_Contrato_V2_CORREGIDA.xlsx,Factores
TRA_775441676F104A,ESPAÑA,Transporte,VIAJES,Autocar (larga distancia),Bioetanol 100% (E100),litros,combustible,2022,2022,0.024,ANNUAL,,MITECO,"MITECO - ""3. Vehículos y maquinaria"" ""A. Transporte por carretera"" ""Opción A1. Cantidad de combustible o aditivo consumido"" ""E5 (l)"" ""Camiones  (N2, N3)""",,0,0,,,Transporte_Base_Maestra_y_Contrato_V2_CORREGIDA.xlsx,Factores
TRA_3878A8D5A42FD2,ESPAÑA,Transporte,VIAJES,Autocar (larga distancia),Bioetanol 100% (E100),litros,combustible,2023,2023,0.024,ANNUAL,,MITECO,"MITECO - ""3. Vehículos y maquinaria"" ""A. Transporte por carretera"" ""Opción A1. Cantidad de combustible o aditivo consumido"" ""E5 (l)"" ""Camiones  (N2, N3)""",,0,0,,,Transporte_Base_Maestra_y_Contrato_V2_CORREGIDA.xlsx,Factores
TRA_8EF1E894D99E34,ESPAÑA,Transporte,VIAJES,Autocar (larga distancia),Bioetanol 100% (E100),litros,combustible,2024,2024,0.024,ANNUAL,,MITECO,"MITECO - ""3. Vehículos y maquinaria"" ""A. Transporte por carretera"" ""Opción A1. Cantidad de combustible o aditivo consumido"" ""E5 (l)"" ""Camiones  (N2, N3)""",,0,0,,,Transporte_Base_Maestra_y_Contrato_V2_CORREGIDA.xlsx,Factores
TRA_3F86BA4A58A9F9,ESPAÑA,Transporte,VIAJES,Autocar (larga distancia),Bioetanol 100% (E100),litros,combustible,2025,2025,0.024,ANNUAL,,MITECO,"MITECO - ""3. Vehículos y maquinaria"" ""A. Transporte por carretera"" ""Opción A1. Cantidad de combustible o aditivo consumido"" ""E5 (l)"" ""Camiones  (N2, N3)""",,0,0,,,Transporte_Base_Maestra_y_Contrato_V2_CORREGIDA.xlsx,Factores
TRA_911351CCF36F17,ESPAÑA,Transporte,VIAJES,Autocar (larga distancia),Diésel,litros,combustible,2022,2022,2.504,ANNUAL,,MITECO,"MITECO - ""3. Vehículos y maquinaria"" ""A. Transporte por carretera"" ""Opción A1. Cantidad de combustible o aditivo consumido"" ""B7 (l)"" ""Autobuses (M1, M3)""",,0,0,,,Transporte_Base_Maestra_y_Contrato_V2_CORREGIDA.xlsx,Factores
TRA_7FA94A4B062798,ESPAÑA,Transporte,VIAJES,Autocar (larga distancia),Diésel,litros,combustible,2023,2023,2.506,ANNUAL,,MITECO,"MITECO - ""3. Vehículos y maquinaria"" ""A. Transporte por carretera"" ""Opción A1. Cantidad de combustible o aditivo consumido"" ""B7 (l)"" ""Autobuses (M1, M3)""",,0,0,,,Transporte_Base_Maestra_y_Contrato_V2_CORREGIDA.xlsx,Factores
TRA_4C27FB444323EE,ESPAÑA,Transporte,VIAJES,Autocar (larga distancia),Diésel,litros,combustible,2024,2024,2.506,ANNUAL,,MITECO,"MITECO - ""3. Vehículos y maquinaria"" ""A. Transporte por carretera"" ""Opción A1. Cantidad de combustible o aditivo consumido"" ""B7 (l)"" ""Autobuses (M1, M3)""",,0,0,,,Transporte_Base_Maestra_y_Contrato_V2_CORREGIDA.xlsx,Factores
TRA_C2784A91A3CABA,ESPAÑA,Transporte,VIAJES,Autocar (larga distancia),Diésel,litros,combustible,2025,2025,2.506,ANNUAL,,MITECO,"MITECO - ""3. Vehículos y maquinaria"" ""A. Transporte por carretera"" ""Opción A1. Cantidad de combustible o aditivo consumido"" ""B7 (l)"" ""Autobuses (M1, M3)""",,0,0,,,Transporte_Base_Maestra_y_Contrato_V2_CORREGIDA.xlsx,Factores
TRA_76D3EACF6F4815,ESPAÑA,Transporte,VIAJES,Autocar (larga distancia),Biodiésel 100% (B100),litros,combustible,2022,2022,0.142,ANNUAL,,MITECO,"MITECO - ""3. Vehículos y maquinaria"" ""A. Transporte por carretera"" ""Opción A1. Cantidad de combustible o aditivo consumido"" ""B7 (l)"" ""Autobuses (M1, M3)""",,0,0,,,Transporte_Base_Maestra_y_Contrato_V2_CORREGIDA.xlsx,Factores
TRA_7994FF6A53B4E4,ESPAÑA,Transporte,VIAJES,Autocar (larga distancia),Biodiésel 100% (B100),litros,combustible,2023,2023,0.162,ANNUAL,,MITECO,"MITECO - ""3. Vehículos y maquinaria"" ""A. Transporte por carretera"" ""Opción A1. Cantidad de combustible o aditivo consumido"" ""B7 (l)"" ""Autobuses (M1, M3)""",,0,0,,,Transporte_Base_Maestra_y_Contrato_V2_CORREGIDA.xlsx,Factores
TRA_AABF7279283BCA,ESPAÑA,Transporte,VIAJES,Autocar (larga distancia),Biodiésel 100% (B100),litros,combustible,2024,2024,0.162,ANNUAL,,MITECO,"MITECO - ""3. Vehículos y maquinaria"" ""A. Transporte por carretera"" ""Opción A1. Cantidad de combustible o aditivo consumido"" ""B7 (l)"" ""Autobuses (M1, M3)""",,0,0,,,Transporte_Base_Maestra_y_Contrato_V2_CORREGIDA.xlsx,Factores
TRA_F409EFDD634735,ESPAÑA,Transporte,VIAJES,Autocar (larga distancia),Biodiésel 100% (B100),litros,combustible,2025,2025,0.162,ANNUAL,,MITECO,"MITECO - ""3. Vehículos y maquinaria"" ""A. Transporte por carretera"" ""Opción A1. Cantidad de combustible o aditivo consumido"" ""B7 (l)"" ""Autobuses (M1, M3)""",,0,0,,,Transporte_Base_Maestra_y_Contrato_V2_CORREGIDA.xlsx,Factores
TRA_98D1F40E8BE6F6,ESPAÑA,Transporte,VIAJES,Autocar (larga distancia),AdBlue,litros,combustible,2022,2022,0.26,ANNUAL,,MITECO,"MITECO - ""3. Vehículos y maquinaria"" ""A. Transporte por carretera"" ""Opción A1. Cantidad de combustible o aditivo consumido"" ""B7 (l)"" ""Autobuses (M1, M3)""",,0,0,,,Transporte_Base_Maestra_y_Contrato_V2_CORREGIDA.xlsx,Factores
TRA_DF176334264C1D,ESPAÑA,Transporte,VIAJES,Autocar (larga distancia),AdBlue,litros,combustible,2023,2023,0.26,ANNUAL,,MITECO,"MITECO - ""3. Vehículos y maquinaria"" ""A. Transporte por carretera"" ""Opción A1. Cantidad de combustible o aditivo consumido"" ""B7 (l)"" ""Autobuses (M1, M3)""",,0,0,,,Transporte_Base_Maestra_y_Contrato_V2_CORREGIDA.xlsx,Factores
TRA_B102FC6544DD35,ESPAÑA,Transporte,VIAJES,Autocar (larga distancia),AdBlue,litros,combustible,2024,2024,0.26,ANNUAL,,MITECO,"MITECO - ""3. Vehículos y maquinaria"" ""A. Transporte por carretera"" ""Opción A1. Cantidad de combustible o aditivo consumido"" ""B7 (l)"" ""Autobuses (M1, M3)""",,0,0,,,Transporte_Base_Maestra_y_Contrato_V2_CORREGIDA.xlsx,Factores
TRA_4B3BEE36B67FF3,ESPAÑA,Transporte,VIAJES,Autocar (larga distancia),AdBlue,litros,combustible,2025,2025,0.26,ANNUAL,,MITECO,"MITECO - ""3. Vehículos y maquinaria"" ""A. Transporte por carretera"" ""Opción A1. Cantidad de combustible o aditivo consumido"" ""B7 (l)"" ""Autobuses (M1, M3)""",,0,0,,,Transporte_Base_Maestra_y_Contrato_V2_CORREGIDA.xlsx,Factores
TRA_A44EFE30FD83DA,ESPAÑA,Transporte,VIAJES,Autocar (larga distancia),LPG,litros,combustible,2022,2022,1.661,ANNUAL,,MITECO,"MITECO - ""3. Vehículos y maquinaria"" ""A. Transporte por carretera"" ""Opción A1. Cantidad de combustible o aditivo consumido"" ""LPG (l)"" ""Turismos (M1)""",,0,0,,,Transporte_Base_Maestra_y_Contrato_V2_CORREGIDA.xlsx,Factores
TRA_49AD8A978D5A72,ESPAÑA,Transporte,VIAJES,Autocar (larga distancia),LPG,litros,combustible,2023,2023,1.661,ANNUAL,,MITECO,"MITECO - ""3. Vehículos y maquinaria"" ""A. Transporte por carretera"" ""Opción A1. Cantidad de combustible o aditivo consumido"" ""LPG (l)"" ""Turismos (M1)""",,0,0,,,Transporte_Base_Maestra_y_Contrato_V2_CORREGIDA.xlsx,Factores
TRA_66B877D8F4F885,ESPAÑA,Transporte,VIAJES,Autocar (larga distancia),LPG,litros,combustible,2024,2024,1.661,ANNUAL,,MITECO,"MITECO - ""3. Vehículos y maquinaria"" ""A. Transporte por carretera"" ""Opción A1. Cantidad de combustible o aditivo consumido"" ""LPG (l)"" ""Turismos (M1)""",,0,0,,,Transporte_Base_Maestra_y_Contrato_V2_CORREGIDA.xlsx,Factores
TRA_02519A0B55CEDD,ESPAÑA,Transporte,VIAJES,Autocar (larga distancia),LPG,litros,combustible,2025,2025,1.661,ANNUAL,,MITECO,"MITECO - ""3. Vehículos y maquinaria"" ""A. Transporte por carretera"" ""Opción A1. Cantidad de combustible o aditivo consumido"" ""LPG (l)"" ""Turismos (M1)""",,0,0,,,Transporte_Base_Maestra_y_Contrato_V2_CORREGIDA.xlsx,Factores
TRA_9DB3474A211AEE,ESPAÑA,Transporte,VIAJES,Autocar (larga distancia),CNG,kg,combustible,2022,2022,2.784,ANNUAL,,MITECO,"MITECO - ""3. Vehículos y maquinaria"" ""A. Transporte por carretera"" ""Opción A1. Cantidad de combustible o aditivo consumido"" ""CNG (kg)"" ""Autobuses (M1, M3)",,0,0,,,Transporte_Base_Maestra_y_Contrato_V2_CORREGIDA.xlsx,Factores
TRA_4F75F02B62098C,ESPAÑA,Transporte,VIAJES,Autocar (larga distancia),CNG,kg,combustible,2023,2023,2.8,ANNUAL,,MITECO,"MITECO - ""3. Vehículos y maquinaria"" ""A. Transporte por carretera"" ""Opción A1. Cantidad de combustible o aditivo consumido"" ""CNG (kg)"" ""Autobuses (M1, M3)",,0,0,,,Transporte_Base_Maestra_y_Contrato_V2_CORREGIDA.xlsx,Factores
TRA_D2CC5086A279C3,ESPAÑA,Transporte,VIAJES,Autocar (larga distancia),CNG,kg,combustible,2024,2024,2.8,ANNUAL,,MITECO,"MITECO - ""3. Vehículos y maquinaria"" ""A. Transporte por carretera"" ""Opción A1. Cantidad de combustible o aditivo consumido"" ""CNG (kg)"" ""Autobuses (M1, M3)",,0,0,,,Transporte_Base_Maestra_y_Contrato_V2_CORREGIDA.xlsx,Factores
TRA_C3C6510305A045,ESPAÑA,Transporte,VIAJES,Autocar (larga distancia),CNG,kg,combustible,2025,2025,2.787,ANNUAL,,MITECO,"MITECO - ""3. Vehículos y maquinaria"" ""A. Transporte por carretera"" ""Opción A1. Cantidad de combustible o aditivo consumido"" ""CNG (kg)"" ""Autobuses (M1, M3)",,0,0,,,Transporte_Base_Maestra_y_Contrato_V2_CORREGIDA.xlsx,Factores
TRA_740C4304BC5CFB,ESPAÑA,Transporte,VIAJES,Autocar (larga distancia),LNG,kg,combustible,2022,2022,2.716,ANNUAL,,MITECO,"MITECO - ""3. Vehículos y maquinaria"" ""A. Transporte por carretera"" ""Opción A1. Cantidad de combustible o aditivo consumido"" ""LNG (kg)"" ""Autobuses (M1, M3)",,0,0,,,Transporte_Base_Maestra_y_Contrato_V2_CORREGIDA.xlsx,Factores
TRA_47F706748537EA,ESPAÑA,Transporte,VIAJES,Autocar (larga distancia),LNG,kg,combustible,2023,2023,2.731,ANNUAL,,MITECO,"MITECO - ""3. Vehículos y maquinaria"" ""A. Transporte por carretera"" ""Opción A1. Cantidad de combustible o aditivo consumido"" ""LNG (kg)"" ""Autobuses (M1, M3)",,0,0,,,Transporte_Base_Maestra_y_Contrato_V2_CORREGIDA.xlsx,Factores
TRA_20C7F32E9437FD,ESPAÑA,Transporte,VIAJES,Autocar (larga distancia),LNG,kg,combustible,2024,2024,2.731,ANNUAL,,MITECO,"MITECO - ""3. Vehículos y maquinaria"" ""A. Transporte por carretera"" ""Opción A1. Cantidad de combustible o aditivo consumido"" ""LNG (kg)"" ""Autobuses (M1, M3)",,0,0,,,Transporte_Base_Maestra_y_Contrato_V2_CORREGIDA.xlsx,Factores
TRA_B46A2FC12AAF86,ESPAÑA,Transporte,VIAJES,Autocar (larga distancia),LNG,kg,combustible,2025,2025,2.719,ANNUAL,,MITECO,"MITECO - ""3. Vehículos y maquinaria"" ""A. Transporte por carretera"" ""Opción A1. Cantidad de combustible o aditivo consumido"" ""LNG (kg)"" ""Autobuses (M1, M3)",,0,0,,,Transporte_Base_Maestra_y_Contrato_V2_CORREGIDA.xlsx,Factores
TRA_5FC33B8862BD2E,ESPAÑA,Transporte,VIAJES,Autocar (larga distancia),XTL (Biodiésel HVO),litros,combustible,2022,2022,0.03558,ANNUAL,,DEFRA,"DEFRA - ""Bioenergy"" ""Biofuel ""Biodiesel HVO""",,0,0,,,Transporte_Base_Maestra_y_Contrato_V2_CORREGIDA.xlsx,Factores
TRA_7FDD43E5CFF289,ESPAÑA,Transporte,VIAJES,Autocar (larga distancia),XTL (Biodiésel HVO),litros,combustible,2023,2023,0.03558,ANNUAL,,DEFRA,"DEFRA - ""Bioenergy"" ""Biofuel ""Biodiesel HVO""",,0,0,,,Transporte_Base_Maestra_y_Contrato_V2_CORREGIDA.xlsx,Factores
TRA_3F1CF1E0FFCE16,ESPAÑA,Transporte,VIAJES,Autocar (larga distancia),XTL (Biodiésel HVO),litros,combustible,2024,2024,0.03558,ANNUAL,,DEFRA,"DEFRA - ""Bioenergy"" ""Biofuel ""Biodiesel HVO""",,0,0,,,Transporte_Base_Maestra_y_Contrato_V2_CORREGIDA.xlsx,Factores
TRA_33A8660505BA26,ESPAÑA,Transporte,VIAJES,Autocar (larga distancia),XTL (Biodiésel HVO),litros,combustible,2025,2025,0.03558,ANNUAL,,DEFRA,"DEFRA - ""Bioenergy"" ""Biofuel ""Biodiesel HVO""",,0,0,,,Transporte_Base_Maestra_y_Contrato_V2_CORREGIDA.xlsx,Factores
TRA_C5024E3C35BB10,ESPAÑA,Transporte,VIAJES,Tren (Larga distancia),Gasóleo,litros,combustible,2022,2022,2.725,ANNUAL,,MITECO,"MITECO - ""3. Vehículos y maquinaria"" ""B. Transporte ferroviario, marítimo y aéreo (emisiones directas)"" ""Gasóleo (l)"" ""Ferrocarril""",,0,0,,,Transporte_Base_Maestra_y_Contrato_V2_CORREGIDA.xlsx,Factores
TRA_8E1FC756EE6D7B,ESPAÑA,Transporte,VIAJES,Tren (Larga distancia),Gasóleo,litros,combustible,2023,2023,2.725,ANNUAL,,MITECO,"MITECO - ""3. Vehículos y maquinaria"" ""B. Transporte ferroviario, marítimo y aéreo (emisiones directas)"" ""Gasóleo (l)"" ""Ferrocarril""",,0,0,,,Transporte_Base_Maestra_y_Contrato_V2_CORREGIDA.xlsx,Factores
TRA_C29A0822BFA135,ESPAÑA,Transporte,VIAJES,Tren (Larga distancia),Gasóleo,litros,combustible,2024,2024,2.725,ANNUAL,,MITECO,"MITECO - ""3. Vehículos y maquinaria"" ""B. Transporte ferroviario, marítimo y aéreo (emisiones directas)"" ""Gasóleo (l)"" ""Ferrocarril""",,0,0,,,Transporte_Base_Maestra_y_Contrato_V2_CORREGIDA.xlsx,Factores
TRA_D8DA3EC5DE4A9F,ESPAÑA,Transporte,VIAJES,Tren (Larga distancia),Gasóleo,litros,combustible,2025,2025,2.725,ANNUAL,,MITECO,"MITECO - ""3. Vehículos y maquinaria"" ""B. Transporte ferroviario, marítimo y aéreo (emisiones directas)"" ""Gasóleo (l)"" ""Ferrocarril""",,0,0,,,Transporte_Base_Maestra_y_Contrato_V2_CORREGIDA.xlsx,Factores
TRA_F6B37DBA308804,ESPAÑA,Transporte,VIAJES,Avión,Queroseno,litros,combustible,2022,2022,2.54,ANNUAL,,MITECO,"MITECO - ""3. Vehículos y maquinaria"" ""B. Transporte ferroviario, marítimo y aéreo (emisiones directas)"" ""Queroseno (l)"" ""Aéreo""",,0,0,,,Transporte_Base_Maestra_y_Contrato_V2_CORREGIDA.xlsx,Factores
TRA_1468A40A6150CB,ESPAÑA,Transporte,VIAJES,Avión,Queroseno,litros,combustible,2023,2023,2.54,ANNUAL,,MITECO,"MITECO - ""3. Vehículos y maquinaria"" ""B. Transporte ferroviario, marítimo y aéreo (emisiones directas)"" ""Queroseno (l)"" ""Aéreo""",,0,0,,,Transporte_Base_Maestra_y_Contrato_V2_CORREGIDA.xlsx,Factores
TRA_2B957E49BC194E,ESPAÑA,Transporte,VIAJES,Avión,Queroseno,litros,combustible,2024,2024,2.54,ANNUAL,,MITECO,"MITECO - ""3. Vehículos y maquinaria"" ""B. Transporte ferroviario, marítimo y aéreo (emisiones directas)"" ""Queroseno (l)"" ""Aéreo""",,0,0,,,Transporte_Base_Maestra_y_Contrato_V2_CORREGIDA.xlsx,Factores
TRA_1AA782111BC8DE,ESPAÑA,Transporte,VIAJES,Avión,Queroseno,litros,combustible,2025,2025,2.54,ANNUAL,,MITECO,"MITECO - ""3. Vehículos y maquinaria"" ""B. Transporte ferroviario, marítimo y aéreo (emisiones directas)"" ""Queroseno (l)"" ""Aéreo""",,0,0,,,Transporte_Base_Maestra_y_Contrato_V2_CORREGIDA.xlsx,Factores
TRA_572E94AD53D2FC,ESPAÑA,Transporte,VIAJES,Avión,Gasolina,litros,combustible,2022,2022,2.299,ANNUAL,,MITECO,"MITECO - ""3. Vehículos y maquinaria"" ""B. Transporte ferroviario, marítimo y aéreo (emisiones directas)"" ""Gasolina de Aviación (l)"" ""Aéreo""",,0,0,,,Transporte_Base_Maestra_y_Contrato_V2_CORREGIDA.xlsx,Factores
TRA_14F128A0D4FC09,ESPAÑA,Transporte,VIAJES,Avión,Gasolina,litros,combustible,2023,2023,2.299,ANNUAL,,MITECO,"MITECO - ""3. Vehículos y maquinaria"" ""B. Transporte ferroviario, marítimo y aéreo (emisiones directas)"" ""Gasolina de Aviación (l)"" ""Aéreo""",,0,0,,,Transporte_Base_Maestra_y_Contrato_V2_CORREGIDA.xlsx,Factores
TRA_8597629CE7DD1C,ESPAÑA,Transporte,VIAJES,Avión,Gasolina,litros,combustible,2024,2024,2.299,ANNUAL,,MITECO,"MITECO - ""3. Vehículos y maquinaria"" ""B. Transporte ferroviario, marítimo y aéreo (emisiones directas)"" ""Gasolina de Aviación (l)"" ""Aéreo""",,0,0,,,Transporte_Base_Maestra_y_Contrato_V2_CORREGIDA.xlsx,Factores
TRA_F1E7D3851EFA74,ESPAÑA,Transporte,VIAJES,Avión,Gasolina,litros,combustible,2025,2025,2.299,ANNUAL,,MITECO,"MITECO - ""3. Vehículos y maquinaria"" ""B. Transporte ferroviario, marítimo y aéreo (emisiones directas)"" ""Gasolina de Aviación (l)"" ""Aéreo""",,0,0,,,Transporte_Base_Maestra_y_Contrato_V2_CORREGIDA.xlsx,Factores
TRA_2DA2B089394C66,ESPAÑA,Transporte,VIAJES,Barco,Gasóleo,litros,combustible,2022,2022,2.742,ANNUAL,,MITECO,"MITECO - ""3. Vehículos y maquinaria"" ""B. Transporte ferroviario, marítimo y aéreo (emisiones directas)"" ""Gasóleo (l)"" ""Marítimo""",,0,0,,,Transporte_Base_Maestra_y_Contrato_V2_CORREGIDA.xlsx,Factores
TRA_AB5B96896D977B,ESPAÑA,Transporte,VIAJES,Barco,Gasóleo,litros,combustible,2023,2023,2.742,ANNUAL,,MITECO,"MITECO - ""3. Vehículos y maquinaria"" ""B. Transporte ferroviario, marítimo y aéreo (emisiones directas)"" ""Gasóleo (l)"" ""Marítimo""",,0,0,,,Transporte_Base_Maestra_y_Contrato_V2_CORREGIDA.xlsx,Factores
TRA_1D4C267A86C42B,ESPAÑA,Transporte,VIAJES,Barco,Gasóleo,litros,combustible,2024,2024,2.742,ANNUAL,,MITECO,"MITECO - ""3. Vehículos y maquinaria"" ""B. Transporte ferroviario, marítimo y aéreo (emisiones directas)"" ""Gasóleo (l)"" ""Marítimo""",,0,0,,,Transporte_Base_Maestra_y_Contrato_V2_CORREGIDA.xlsx,Factores
TRA_12F73FD900B6F2,ESPAÑA,Transporte,VIAJES,Barco,Gasóleo,litros,combustible,2025,2025,2.742,ANNUAL,,MITECO,"MITECO - ""3. Vehículos y maquinaria"" ""B. Transporte ferroviario, marítimo y aéreo (emisiones directas)"" ""Gasóleo (l)"" ""Marítimo""",,0,0,,,Transporte_Base_Maestra_y_Contrato_V2_CORREGIDA.xlsx,Factores
TRA_1F8F356A1DDEC7,ESPAÑA,Transporte,VIAJES,Barco,Fuelóleo,litros,combustible,2022,2022,3.116,ANNUAL,,MITECO,"MITECO - ""3. Vehículos y maquinaria"" ""B. Transporte ferroviario, marítimo y aéreo (emisiones directas)"" ""Fuelóleo (l)"" ""Marítimo""",,0,0,,,Transporte_Base_Maestra_y_Contrato_V2_CORREGIDA.xlsx,Factores
TRA_AF0C230481961F,ESPAÑA,Transporte,VIAJES,Barco,Fuelóleo,litros,combustible,2023,2023,3.114,ANNUAL,,MITECO,"MITECO - ""3. Vehículos y maquinaria"" ""B. Transporte ferroviario, marítimo y aéreo (emisiones directas)"" ""Fuelóleo (l)"" ""Marítimo""",,0,0,,,Transporte_Base_Maestra_y_Contrato_V2_CORREGIDA.xlsx,Factores
TRA_8855EB2975F1D0,ESPAÑA,Transporte,VIAJES,Barco,Fuelóleo,litros,combustible,2024,2024,3.105,ANNUAL,,MITECO,"MITECO - ""3. Vehículos y maquinaria"" ""B. Transporte ferroviario, marítimo y aéreo (emisiones directas)"" ""Fuelóleo (l)"" ""Marítimo""",,0,0,,,Transporte_Base_Maestra_y_Contrato_V2_CORREGIDA.xlsx,Factores
TRA_30D2B36FE62E50,ESPAÑA,Transporte,VIAJES,Barco,Fuelóleo,litros,combustible,2025,2025,3.093,ANNUAL,,MITECO,"MITECO - ""3. Vehículos y maquinaria"" ""B. Transporte ferroviario, marítimo y aéreo (emisiones directas)"" ""Fuelóleo (l)"" ""Marítimo""",,0,0,,,Transporte_Base_Maestra_y_Contrato_V2_CORREGIDA.xlsx,Factores
TRA_0D701B5D0B71A2,ESPAÑA,Transporte,MERCANCÍAS,"Furgonetas y furgones (< 3,5 tn)",Gasolina,litros,combustible,2022,2022,2.255,ANNUAL,,MITECO,"MITECO - ""3. Vehículos y maquinaria"" ""A. Transporte por carretera"" ""Opción A1. Cantidad de combustible o aditivo consumido"" ""E5 (l)"" ""Furgonetas y furgones (N1)""",,0,0,,,Transporte_Base_Maestra_y_Contrato_V2_CORREGIDA.xlsx,Factores
TRA_06DDDFD1D78856,ESPAÑA,Transporte,MERCANCÍAS,"Furgonetas y furgones (< 3,5 tn)",Gasolina,litros,combustible,2023,2023,2.246,ANNUAL,,MITECO,"MITECO - ""3. Vehículos y maquinaria"" ""A. Transporte por carretera"" ""Opción A1. Cantidad de combustible o aditivo consumido"" ""E5 (l)"" ""Furgonetas y furgones (N1)""",,0,0,,,Transporte_Base_Maestra_y_Contrato_V2_CORREGIDA.xlsx,Factores
TRA_A2F4D42AEFB66D,ESPAÑA,Transporte,MERCANCÍAS,"Furgonetas y furgones (< 3,5 tn)",Gasolina,litros,combustible,2024,2024,2.246,ANNUAL,,MITECO,"MITECO - ""3. Vehículos y maquinaria"" ""A. Transporte por carretera"" ""Opción A1. Cantidad de combustible o aditivo consumido"" ""E5 (l)"" ""Furgonetas y furgones (N1)""",,0,0,,,Transporte_Base_Maestra_y_Contrato_V2_CORREGIDA.xlsx,Factores
TRA_1F4B242DFF48D9,ESPAÑA,Transporte,MERCANCÍAS,"Furgonetas y furgones (< 3,5 tn)",Gasolina,litros,combustible,2025,2025,2.246,ANNUAL,,MITECO,"MITECO - ""3. Vehículos y maquinaria"" ""A. Transporte por carretera"" ""Opción A1. Cantidad de combustible o aditivo consumido"" ""E5 (l)"" ""Furgonetas y furgones (N1)""",,0,0,,,Transporte_Base_Maestra_y_Contrato_V2_CORREGIDA.xlsx,Factores
TRA_4B37F56D6BCEE6,ESPAÑA,Transporte,MERCANCÍAS,"Furgonetas y furgones (< 3,5 tn)",Bioetanol 100% (E100),litros,combustible,2022,2022,0.025,ANNUAL,,MITECO,"MITECO - ""3. Vehículos y maquinaria"" ""A. Transporte por carretera"" ""Opción A1. Cantidad de combustible o aditivo consumido"" ""E100 (l)"" ""Furgonetas y furgones (N1)""",,0,0,,,Transporte_Base_Maestra_y_Contrato_V2_CORREGIDA.xlsx,Factores
TRA_06B46C11385DC6,ESPAÑA,Transporte,MERCANCÍAS,"Furgonetas y furgones (< 3,5 tn)",Bioetanol 100% (E100),litros,combustible,2023,2023,0.016,ANNUAL,,MITECO,"MITECO - ""3. Vehículos y maquinaria"" ""A. Transporte por carretera"" ""Opción A1. Cantidad de combustible o aditivo consumido"" ""E100 (l)"" ""Furgonetas y furgones (N1)""",,0,0,,,Transporte_Base_Maestra_y_Contrato_V2_CORREGIDA.xlsx,Factores
TRA_E680682E96B82A,ESPAÑA,Transporte,MERCANCÍAS,"Furgonetas y furgones (< 3,5 tn)",Bioetanol 100% (E100),litros,combustible,2024,2024,0.016,ANNUAL,,MITECO,"MITECO - ""3. Vehículos y maquinaria"" ""A. Transporte por carretera"" ""Opción A1. Cantidad de combustible o aditivo consumido"" ""E100 (l)"" ""Furgonetas y furgones (N1)""",,0,0,,,Transporte_Base_Maestra_y_Contrato_V2_CORREGIDA.xlsx,Factores
TRA_F495417EDF03CA,ESPAÑA,Transporte,MERCANCÍAS,"Furgonetas y furgones (< 3,5 tn)",Bioetanol 100% (E100),litros,combustible,2025,2025,0.016,ANNUAL,,MITECO,"MITECO - ""3. Vehículos y maquinaria"" ""A. Transporte por carretera"" ""Opción A1. Cantidad de combustible o aditivo consumido"" ""E100 (l)"" ""Furgonetas y furgones (N1)""",,0,0,,,Transporte_Base_Maestra_y_Contrato_V2_CORREGIDA.xlsx,Factores
TRA_8D06971B9FC63A,ESPAÑA,Transporte,MERCANCÍAS,"Furgonetas y furgones (< 3,5 tn)",Diésel,litros,combustible,2022,2022,2.503,ANNUAL,,MITECO,"MITECO - ""3. Vehículos y maquinaria"" ""A. Transporte por carretera"" ""Opción A1. Cantidad de combustible o aditivo consumido"" ""B7 (l)"" ""Furgonetas y furgones (N1)""",,0,0,,,Transporte_Base_Maestra_y_Contrato_V2_CORREGIDA.xlsx,Factores
TRA_7A8ED709C93969,ESPAÑA,Transporte,MERCANCÍAS,"Furgonetas y furgones (< 3,5 tn)",Diésel,litros,combustible,2023,2023,2.505,ANNUAL,,MITECO,"MITECO - ""3. Vehículos y maquinaria"" ""A. Transporte por carretera"" ""Opción A1. Cantidad de combustible o aditivo consumido"" ""B7 (l)"" ""Furgonetas y furgones (N1)""",,0,0,,,Transporte_Base_Maestra_y_Contrato_V2_CORREGIDA.xlsx,Factores
TRA_17771A2AE4F462,ESPAÑA,Transporte,MERCANCÍAS,"Furgonetas y furgones (< 3,5 tn)",Diésel,litros,combustible,2024,2024,2.505,ANNUAL,,MITECO,"MITECO - ""3. Vehículos y maquinaria"" ""A. Transporte por carretera"" ""Opción A1. Cantidad de combustible o aditivo consumido"" ""B7 (l)"" ""Furgonetas y furgones (N1)""",,0,0,,,Transporte_Base_Maestra_y_Contrato_V2_CORREGIDA.xlsx,Factores
TRA_532529C6906BF6,ESPAÑA,Transporte,MERCANCÍAS,"Furgonetas y furgones (< 3,5 tn)",Diésel,litros,combustible,2025,2025,2.505,ANNUAL,,MITECO,"MITECO - ""3. Vehículos y maquinaria"" ""A. Transporte por carretera"" ""Opción A1. Cantidad de combustible o aditivo consumido"" ""B7 (l)"" ""Furgonetas y furgones (N1)""",,0,0,,,Transporte_Base_Maestra_y_Contrato_V2_CORREGIDA.xlsx,Factores
TRA_4547E452DA6D2A,ESPAÑA,Transporte,MERCANCÍAS,"Furgonetas y furgones (< 3,5 tn)",Biodiésel 100% (B100),litros,combustible,2022,2022,0.141,ANNUAL,,MITECO,"MITECO - ""3. Vehículos y maquinaria"" ""A. Transporte por carretera"" ""Opción A1. Cantidad de combustible o aditivo consumido"" ""B100 (l)"" ""Furgonetas y furgones (N1)""",,0,0,,,Transporte_Base_Maestra_y_Contrato_V2_CORREGIDA.xlsx,Factores
TRA_97D53DEE79BAE6,ESPAÑA,Transporte,MERCANCÍAS,"Furgonetas y furgones (< 3,5 tn)",Biodiésel 100% (B100),litros,combustible,2023,2023,0.16,ANNUAL,,MITECO,"MITECO - ""3. Vehículos y maquinaria"" ""A. Transporte por carretera"" ""Opción A1. Cantidad de combustible o aditivo consumido"" ""B100 (l)"" ""Furgonetas y furgones (N1)""",,0,0,,,Transporte_Base_Maestra_y_Contrato_V2_CORREGIDA.xlsx,Factores
TRA_7DF333687D47E1,ESPAÑA,Transporte,MERCANCÍAS,"Furgonetas y furgones (< 3,5 tn)",Biodiésel 100% (B100),litros,combustible,2024,2024,0.16,ANNUAL,,MITECO,"MITECO - ""3. Vehículos y maquinaria"" ""A. Transporte por carretera"" ""Opción A1. Cantidad de combustible o aditivo consumido"" ""B100 (l)"" ""Furgonetas y furgones (N1)""",,0,0,,,Transporte_Base_Maestra_y_Contrato_V2_CORREGIDA.xlsx,Factores
TRA_FCAFADCF5A7956,ESPAÑA,Transporte,MERCANCÍAS,"Furgonetas y furgones (< 3,5 tn)",Biodiésel 100% (B100),litros,combustible,2025,2025,0.16,ANNUAL,,MITECO,"MITECO - ""3. Vehículos y maquinaria"" ""A. Transporte por carretera"" ""Opción A1. Cantidad de combustible o aditivo consumido"" ""B100 (l)"" ""Furgonetas y furgones (N1)""",,0,0,,,Transporte_Base_Maestra_y_Contrato_V2_CORREGIDA.xlsx,Factores
TRA_B5A8DC6CCC0BA7,ESPAÑA,Transporte,MERCANCÍAS,"Furgonetas y furgones (< 3,5 tn)",Adblue,litros,combustible,2022,2022,0.26,ANNUAL,,MITECO,"MITECO - ""3. Vehículos y maquinaria"" ""A. Transporte por carretera"" ""Opción A1. Cantidad de combustible o aditivo consumido"" ""AdBlue"" ""Furgonetas y furgones (N1)""",,0,0,,,Transporte_Base_Maestra_y_Contrato_V2_CORREGIDA.xlsx,Factores
TRA_2B787E46D8AE7B,ESPAÑA,Transporte,MERCANCÍAS,"Furgonetas y furgones (< 3,5 tn)",Adblue,litros,combustible,2023,2023,0.26,ANNUAL,,MITECO,"MITECO - ""3. Vehículos y maquinaria"" ""A. Transporte por carretera"" ""Opción A1. Cantidad de combustible o aditivo consumido"" ""AdBlue"" ""Furgonetas y furgones (N1)""",,0,0,,,Transporte_Base_Maestra_y_Contrato_V2_CORREGIDA.xlsx,Factores
TRA_78DDDE80DC5FAB,ESPAÑA,Transporte,MERCANCÍAS,"Furgonetas y furgones (< 3,5 tn)",Adblue,litros,combustible,2024,2024,0.26,ANNUAL,,MITECO,"MITECO - ""3. Vehículos y maquinaria"" ""A. Transporte por carretera"" ""Opción A1. Cantidad de combustible o aditivo consumido"" ""AdBlue"" ""Furgonetas y furgones (N1)""",,0,0,,,Transporte_Base_Maestra_y_Contrato_V2_CORREGIDA.xlsx,Factores
TRA_21568CC8D99717,ESPAÑA,Transporte,MERCANCÍAS,"Furgonetas y furgones (< 3,5 tn)",Adblue,litros,combustible,2025,2025,0.26,ANNUAL,,MITECO,"MITECO - ""3. Vehículos y maquinaria"" ""A. Transporte por carretera"" ""Opción A1. Cantidad de combustible o aditivo consumido"" ""AdBlue"" ""Furgonetas y furgones (N1)""",,0,0,,,Transporte_Base_Maestra_y_Contrato_V2_CORREGIDA.xlsx,Factores
TRA_5C3CFB685F94BA,ESPAÑA,Transporte,MERCANCÍAS,"Furgonetas y furgones (< 3,5 tn)",LPG,litros,combustible,2022,2022,1.661,ANNUAL,,MITECO,"MITECO - ""3. Vehículos y maquinaria"" ""A. Transporte por carretera"" ""Opción A1. Cantidad de combustible o aditivo consumido"" ""LPG (l)"" ""Turismos (M1)""",,0,0,,,Transporte_Base_Maestra_y_Contrato_V2_CORREGIDA.xlsx,Factores
TRA_34282E98E1A047,ESPAÑA,Transporte,MERCANCÍAS,"Furgonetas y furgones (< 3,5 tn)",LPG,litros,combustible,2023,2023,1.661,ANNUAL,,MITECO,"MITECO - ""3. Vehículos y maquinaria"" ""A. Transporte por carretera"" ""Opción A1. Cantidad de combustible o aditivo consumido"" ""LPG (l)"" ""Turismos (M1)""",,0,0,,,Transporte_Base_Maestra_y_Contrato_V2_CORREGIDA.xlsx,Factores
TRA_03DE4B90045800,ESPAÑA,Transporte,MERCANCÍAS,"Furgonetas y furgones (< 3,5 tn)",LPG,litros,combustible,2024,2024,1.661,ANNUAL,,MITECO,"MITECO - ""3. Vehículos y maquinaria"" ""A. Transporte por carretera"" ""Opción A1. Cantidad de combustible o aditivo consumido"" ""LPG (l)"" ""Turismos (M1)""",,0,0,,,Transporte_Base_Maestra_y_Contrato_V2_CORREGIDA.xlsx,Factores
TRA_F7AC5AA18B6171,ESPAÑA,Transporte,MERCANCÍAS,"Furgonetas y furgones (< 3,5 tn)",LPG,litros,combustible,2025,2025,1.661,ANNUAL,,MITECO,"MITECO - ""3. Vehículos y maquinaria"" ""A. Transporte por carretera"" ""Opción A1. Cantidad de combustible o aditivo consumido"" ""LPG (l)"" ""Turismos (M1)""",,0,0,,,Transporte_Base_Maestra_y_Contrato_V2_CORREGIDA.xlsx,Factores
TRA_C7FC7D13A6806C,ESPAÑA,Transporte,MERCANCÍAS,"Furgonetas y furgones (< 3,5 tn)",CNG,kg,combustible,2022,2022,2.716,ANNUAL,,MITECO,"MITECO - ""3. Vehículos y maquinaria"" ""A. Transporte por carretera"" ""Opción A1. Cantidad de combustible o aditivo consumido"" ""CNG (kg)"" ""Camiones (N2, N3)""",,0,0,,,Transporte_Base_Maestra_y_Contrato_V2_CORREGIDA.xlsx,Factores
TRA_553502534F6717,ESPAÑA,Transporte,MERCANCÍAS,"Furgonetas y furgones (< 3,5 tn)",CNG,kg,combustible,2023,2023,2.731,ANNUAL,,MITECO,"MITECO - ""3. Vehículos y maquinaria"" ""A. Transporte por carretera"" ""Opción A1. Cantidad de combustible o aditivo consumido"" ""CNG (kg)"" ""Camiones (N2, N3)""",,0,0,,,Transporte_Base_Maestra_y_Contrato_V2_CORREGIDA.xlsx,Factores
TRA_BB21C7411DF71C,ESPAÑA,Transporte,MERCANCÍAS,"Furgonetas y furgones (< 3,5 tn)",CNG,kg,combustible,2024,2024,2.731,ANNUAL,,MITECO,"MITECO - ""3. Vehículos y maquinaria"" ""A. Transporte por carretera"" ""Opción A1. Cantidad de combustible o aditivo consumido"" ""CNG (kg)"" ""Camiones (N2, N3)""",,0,0,,,Transporte_Base_Maestra_y_Contrato_V2_CORREGIDA.xlsx,Factores
TRA_A8E047D3C1A9D1,ESPAÑA,Transporte,MERCANCÍAS,"Furgonetas y furgones (< 3,5 tn)",CNG,kg,combustible,2025,2025,2.719,ANNUAL,,MITECO,"MITECO - ""3. Vehículos y maquinaria"" ""A. Transporte por carretera"" ""Opción A1. Cantidad de combustible o aditivo consumido"" ""CNG (kg)"" ""Camiones (N2, N3)""",,0,0,,,Transporte_Base_Maestra_y_Contrato_V2_CORREGIDA.xlsx,Factores
TRA_0EE41E1D1DCF7C,ESPAÑA,Transporte,MERCANCÍAS,"Furgonetas y furgones (< 3,5 tn)",LNG,kg,combustible,2022,2022,2.716,ANNUAL,,MITECO,"MITECO - ""3. Vehículos y maquinaria"" ""A. Transporte por carretera"" ""Opción A1. Cantidad de combustible o aditivo consumido"" ""LNG (kg)"" ""Camiones (N2, N3)""",,0,0,,,Transporte_Base_Maestra_y_Contrato_V2_CORREGIDA.xlsx,Factores
TRA_F9F409871343FB,ESPAÑA,Transporte,MERCANCÍAS,"Furgonetas y furgones (< 3,5 tn)",LNG,kg,combustible,2023,2023,2.731,ANNUAL,,MITECO,"MITECO - ""3. Vehículos y maquinaria"" ""A. Transporte por carretera"" ""Opción A1. Cantidad de combustible o aditivo consumido"" ""LNG (kg)"" ""Camiones (N2, N3)""",,0,0,,,Transporte_Base_Maestra_y_Contrato_V2_CORREGIDA.xlsx,Factores
TRA_C61891A8B6D758,ESPAÑA,Transporte,MERCANCÍAS,"Furgonetas y furgones (< 3,5 tn)",LNG,kg,combustible,2024,2024,2.731,ANNUAL,,MITECO,"MITECO - ""3. Vehículos y maquinaria"" ""A. Transporte por carretera"" ""Opción A1. Cantidad de combustible o aditivo consumido"" ""LNG (kg)"" ""Camiones (N2, N3)""",,0,0,,,Transporte_Base_Maestra_y_Contrato_V2_CORREGIDA.xlsx,Factores
TRA_9A3B134EA947D3,ESPAÑA,Transporte,MERCANCÍAS,"Furgonetas y furgones (< 3,5 tn)",LNG,kg,combustible,2025,2025,2.719,ANNUAL,,MITECO,"MITECO - ""3. Vehículos y maquinaria"" ""A. Transporte por carretera"" ""Opción A1. Cantidad de combustible o aditivo consumido"" ""LNG (kg)"" ""Camiones (N2, N3)""",,0,0,,,Transporte_Base_Maestra_y_Contrato_V2_CORREGIDA.xlsx,Factores
TRA_E00C222553B77A,ESPAÑA,Transporte,MERCANCÍAS,"Furgonetas y furgones (< 3,5 tn)",XTL (Biodiésel HVO),litros,combustible,2022,2022,0.03558,ANNUAL,,MITECO,"MITECO - DEFRA ""Bioenergy - Biofuel - Biodiesel HVO""",,0,0,,,Transporte_Base_Maestra_y_Contrato_V2_CORREGIDA.xlsx,Factores
TRA_CD2E7673CB9226,ESPAÑA,Transporte,MERCANCÍAS,"Furgonetas y furgones (< 3,5 tn)",XTL (Biodiésel HVO),litros,combustible,2023,2023,0.03558,ANNUAL,,MITECO,"MITECO - DEFRA ""Bioenergy - Biofuel - Biodiesel HVO""",,0,0,,,Transporte_Base_Maestra_y_Contrato_V2_CORREGIDA.xlsx,Factores
TRA_75C0A30CA90131,ESPAÑA,Transporte,MERCANCÍAS,"Furgonetas y furgones (< 3,5 tn)",XTL (Biodiésel HVO),litros,combustible,2024,2024,0.03558,ANNUAL,,MITECO,"MITECO - DEFRA ""Bioenergy - Biofuel - Biodiesel HVO""",,0,0,,,Transporte_Base_Maestra_y_Contrato_V2_CORREGIDA.xlsx,Factores
TRA_361DBCBF2D8AF6,ESPAÑA,Transporte,MERCANCÍAS,"Furgonetas y furgones (< 3,5 tn)",XTL (Biodiésel HVO),litros,combustible,2025,2025,0.03558,ANNUAL,,MITECO,"MITECO - DEFRA ""Bioenergy - Biofuel - Biodiesel HVO""",,0,0,,,Transporte_Base_Maestra_y_Contrato_V2_CORREGIDA.xlsx,Factores
TRA_05B1C7A5BD0F2E,ESPAÑA,Transporte,MERCANCÍAS,"Furgonetas y furgones (< 3,5 tn)",Híbrida gasolina,litros,combustible,2022,2022,2.255,ANNUAL,,MITECO,"MITECO - ""3. Vehículos y maquinaria"" ""A. Transporte por carretera"" ""Opción A1. Cantidad de combustible o aditivo consumido"" ""E5 (l)"" ""Furgonetas y furgones (N1)""",,0,0,,,Transporte_Base_Maestra_y_Contrato_V2_CORREGIDA.xlsx,Factores
TRA_E422D09A5FAE86,ESPAÑA,Transporte,MERCANCÍAS,"Furgonetas y furgones (< 3,5 tn)",Híbrida gasolina,litros,combustible,2023,2023,2.246,ANNUAL,,MITECO,"MITECO - ""3. Vehículos y maquinaria"" ""A. Transporte por carretera"" ""Opción A1. Cantidad de combustible o aditivo consumido"" ""E5 (l)"" ""Furgonetas y furgones (N1)""",,0,0,,,Transporte_Base_Maestra_y_Contrato_V2_CORREGIDA.xlsx,Factores
TRA_0F50363E3B706B,ESPAÑA,Transporte,MERCANCÍAS,"Furgonetas y furgones (< 3,5 tn)",Híbrida gasolina,litros,combustible,2024,2024,2.246,ANNUAL,,MITECO,"MITECO - ""3. Vehículos y maquinaria"" ""A. Transporte por carretera"" ""Opción A1. Cantidad de combustible o aditivo consumido"" ""E5 (l)"" ""Furgonetas y furgones (N1)""",,0,0,,,Transporte_Base_Maestra_y_Contrato_V2_CORREGIDA.xlsx,Factores
TRA_71BCA3C7B765B2,ESPAÑA,Transporte,MERCANCÍAS,"Furgonetas y furgones (< 3,5 tn)",Híbrida gasolina,litros,combustible,2025,2025,2.246,ANNUAL,,MITECO,"MITECO - ""3. Vehículos y maquinaria"" ""A. Transporte por carretera"" ""Opción A1. Cantidad de combustible o aditivo consumido"" ""E5 (l)"" ""Furgonetas y furgones (N1)""",,0,0,,,Transporte_Base_Maestra_y_Contrato_V2_CORREGIDA.xlsx,Factores
TRA_B0C319B8F0BFAB,ESPAÑA,Transporte,MERCANCÍAS,"Furgonetas y furgones (< 3,5 tn)",Híbrida diésel,litros,combustible,2022,2022,2.503,ANNUAL,,MITECO,"MITECO - ""3. Vehículos y maquinaria"" ""A. Transporte por carretera"" ""Opción A1. Cantidad de combustible o aditivo consumido"" ""B7 (l)"" ""Furgonetas y furgones (N1)""",,0,0,,,Transporte_Base_Maestra_y_Contrato_V2_CORREGIDA.xlsx,Factores
TRA_EAB07A8804FE09,ESPAÑA,Transporte,MERCANCÍAS,"Furgonetas y furgones (< 3,5 tn)",Híbrida diésel,litros,combustible,2023,2023,2.505,ANNUAL,,MITECO,"MITECO - ""3. Vehículos y maquinaria"" ""A. Transporte por carretera"" ""Opción A1. Cantidad de combustible o aditivo consumido"" ""B7 (l)"" ""Furgonetas y furgones (N1)""",,0,0,,,Transporte_Base_Maestra_y_Contrato_V2_CORREGIDA.xlsx,Factores
TRA_405898B309954A,ESPAÑA,Transporte,MERCANCÍAS,"Furgonetas y furgones (< 3,5 tn)",Híbrida diésel,litros,combustible,2024,2024,2.505,ANNUAL,,MITECO,"MITECO - ""3. Vehículos y maquinaria"" ""A. Transporte por carretera"" ""Opción A1. Cantidad de combustible o aditivo consumido"" ""B7 (l)"" ""Furgonetas y furgones (N1)""",,0,0,,,Transporte_Base_Maestra_y_Contrato_V2_CORREGIDA.xlsx,Factores
TRA_E7BC355B6FDFB9,ESPAÑA,Transporte,MERCANCÍAS,"Furgonetas y furgones (< 3,5 tn)",Híbrida diésel,litros,combustible,2025,2025,2.505,ANNUAL,,MITECO,"MITECO - ""3. Vehículos y maquinaria"" ""A. Transporte por carretera"" ""Opción A1. Cantidad de combustible o aditivo consumido"" ""B7 (l)"" ""Furgonetas y furgones (N1)""",,0,0,,,Transporte_Base_Maestra_y_Contrato_V2_CORREGIDA.xlsx,Factores
TRA_B8D2815D384851,ESPAÑA,Transporte,MERCANCÍAS,"Camiones (> 3,5 tn)",Gasolina,litros,combustible,2022,2022,2.254,ANNUAL,,MITECO,"MITECO - ""3. Vehículos y maquinaria"" ""A. Transporte por carretera"" ""Opción A1. Cantidad de combustible o aditivo consumido"" ""E5 (l)"" ""Camiones (N2, N3)""",,0,0,,,Transporte_Base_Maestra_y_Contrato_V2_CORREGIDA.xlsx,Factores
TRA_2C651F21315157,ESPAÑA,Transporte,MERCANCÍAS,"Camiones (> 3,5 tn)",Gasolina,litros,combustible,2023,2023,2.254,ANNUAL,,MITECO,"MITECO - ""3. Vehículos y maquinaria"" ""A. Transporte por carretera"" ""Opción A1. Cantidad de combustible o aditivo consumido"" ""E5 (l)"" ""Camiones (N2, N3)""",,0,0,,,Transporte_Base_Maestra_y_Contrato_V2_CORREGIDA.xlsx,Factores
TRA_CB4F228B6FF254,ESPAÑA,Transporte,MERCANCÍAS,"Camiones (> 3,5 tn)",Gasolina,litros,combustible,2024,2024,2.254,ANNUAL,,MITECO,"MITECO - ""3. Vehículos y maquinaria"" ""A. Transporte por carretera"" ""Opción A1. Cantidad de combustible o aditivo consumido"" ""E5 (l)"" ""Camiones (N2, N3)""",,0,0,,,Transporte_Base_Maestra_y_Contrato_V2_CORREGIDA.xlsx,Factores
TRA_049855FDD1CDFF,ESPAÑA,Transporte,MERCANCÍAS,"Camiones (> 3,5 tn)",Gasolina,litros,combustible,2025,2025,2.254,ANNUAL,,MITECO,"MITECO - ""3. Vehículos y maquinaria"" ""A. Transporte por carretera"" ""Opción A1. Cantidad de combustible o aditivo consumido"" ""E5 (l)"" ""Camiones (N2, N3)""",,0,0,,,Transporte_Base_Maestra_y_Contrato_V2_CORREGIDA.xlsx,Factores
TRA_65FAB27F5AEC5C,ESPAÑA,Transporte,MERCANCÍAS,"Camiones (> 3,5 tn)",Bioetanol (E100),litros,combustible,2022,2022,0.024,ANNUAL,,MITECO,"MITECO - ""3. Vehículos y maquinaria"" ""A. Transporte por carretera"" ""Opción A1. Cantidad de combustible o aditivo consumido"" ""E100 (l)"" ""Camiones (N2, N3)""",,0,0,,,Transporte_Base_Maestra_y_Contrato_V2_CORREGIDA.xlsx,Factores
TRA_E4DF38D28D902D,ESPAÑA,Transporte,MERCANCÍAS,"Camiones (> 3,5 tn)",Bioetanol (E100),litros,combustible,2023,2023,0.024,ANNUAL,,MITECO,"MITECO - ""3. Vehículos y maquinaria"" ""A. Transporte por carretera"" ""Opción A1. Cantidad de combustible o aditivo consumido"" ""E100 (l)"" ""Camiones (N2, N3)""",,0,0,,,Transporte_Base_Maestra_y_Contrato_V2_CORREGIDA.xlsx,Factores
TRA_63B6015B2F18C0,ESPAÑA,Transporte,MERCANCÍAS,"Camiones (> 3,5 tn)",Bioetanol (E100),litros,combustible,2024,2024,0.024,ANNUAL,,MITECO,"MITECO - ""3. Vehículos y maquinaria"" ""A. Transporte por carretera"" ""Opción A1. Cantidad de combustible o aditivo consumido"" ""E100 (l)"" ""Camiones (N2, N3)""",,0,0,,,Transporte_Base_Maestra_y_Contrato_V2_CORREGIDA.xlsx,Factores
TRA_197FA9785ECE9A,ESPAÑA,Transporte,MERCANCÍAS,"Camiones (> 3,5 tn)",Bioetanol (E100),litros,combustible,2025,2025,0.024,ANNUAL,,MITECO,"MITECO - ""3. Vehículos y maquinaria"" ""A. Transporte por carretera"" ""Opción A1. Cantidad de combustible o aditivo consumido"" ""E100 (l)"" ""Camiones (N2, N3)""",,0,0,,,Transporte_Base_Maestra_y_Contrato_V2_CORREGIDA.xlsx,Factores
TRA_651CD58C73B631,ESPAÑA,Transporte,MERCANCÍAS,"Camiones (> 3,5 tn)",Diésel,litros,combustible,2022,2022,2.517,ANNUAL,,MITECO,"MITECO - ""3. Vehículos y maquinaria"" ""A. Transporte por carretera"" ""Opción A1. Cantidad de combustible o aditivo consumido"" ""B7 (l)"" ""Camiones (N2, N3)""",,0,0,,,Transporte_Base_Maestra_y_Contrato_V2_CORREGIDA.xlsx,Factores
TRA_0C8EF4398E79C1,ESPAÑA,Transporte,MERCANCÍAS,"Camiones (> 3,5 tn)",Diésel,litros,combustible,2023,2023,2.52,ANNUAL,,MITECO,"MITECO - ""3. Vehículos y maquinaria"" ""A. Transporte por carretera"" ""Opción A1. Cantidad de combustible o aditivo consumido"" ""B7 (l)"" ""Camiones (N2, N3)""",,0,0,,,Transporte_Base_Maestra_y_Contrato_V2_CORREGIDA.xlsx,Factores
TRA_8C88FA8E72A3CA,ESPAÑA,Transporte,MERCANCÍAS,"Camiones (> 3,5 tn)",Diésel,litros,combustible,2024,2024,2.52,ANNUAL,,MITECO,"MITECO - ""3. Vehículos y maquinaria"" ""A. Transporte por carretera"" ""Opción A1. Cantidad de combustible o aditivo consumido"" ""B7 (l)"" ""Camiones (N2, N3)""",,0,0,,,Transporte_Base_Maestra_y_Contrato_V2_CORREGIDA.xlsx,Factores
TRA_C265BF92466AD1,ESPAÑA,Transporte,MERCANCÍAS,"Camiones (> 3,5 tn)",Diésel,litros,combustible,2025,2025,2.521,ANNUAL,,MITECO,"MITECO - ""3. Vehículos y maquinaria"" ""A. Transporte por carretera"" ""Opción A1. Cantidad de combustible o aditivo consumido"" ""B7 (l)"" ""Camiones (N2, N3)""",,0,0,,,Transporte_Base_Maestra_y_Contrato_V2_CORREGIDA.xlsx,Factores
TRA_9A1520379CC9A7,ESPAÑA,Transporte,MERCANCÍAS,"Camiones (> 3,5 tn)",Biodiésel E100,litros,combustible,2022,2022,0.155,ANNUAL,,MITECO,"MITECO - ""3. Vehículos y maquinaria"" ""A. Transporte por carretera"" ""Opción A1. Cantidad de combustible o aditivo consumido"" ""EB100 (l)"" ""Camiones (N2, N3)""",,0,0,,,Transporte_Base_Maestra_y_Contrato_V2_CORREGIDA.xlsx,Factores
TRA_BE5BD436B048B9,ESPAÑA,Transporte,MERCANCÍAS,"Camiones (> 3,5 tn)",Biodiésel E100,litros,combustible,2023,2023,0.176,ANNUAL,,MITECO,"MITECO - ""3. Vehículos y maquinaria"" ""A. Transporte por carretera"" ""Opción A1. Cantidad de combustible o aditivo consumido"" ""EB100 (l)"" ""Camiones (N2, N3)""",,0,0,,,Transporte_Base_Maestra_y_Contrato_V2_CORREGIDA.xlsx,Factores
TRA_87EC0A497D525A,ESPAÑA,Transporte,MERCANCÍAS,"Camiones (> 3,5 tn)",Biodiésel E100,litros,combustible,2024,2024,0.176,ANNUAL,,MITECO,"MITECO - ""3. Vehículos y maquinaria"" ""A. Transporte por carretera"" ""Opción A1. Cantidad de combustible o aditivo consumido"" ""EB100 (l)"" ""Camiones (N2, N3)""",,0,0,,,Transporte_Base_Maestra_y_Contrato_V2_CORREGIDA.xlsx,Factores
TRA_8D194400DAFFCE,ESPAÑA,Transporte,MERCANCÍAS,"Camiones (> 3,5 tn)",Biodiésel E100,litros,combustible,2025,2025,0.177,ANNUAL,,MITECO,"MITECO - ""3. Vehículos y maquinaria"" ""A. Transporte por carretera"" ""Opción A1. Cantidad de combustible o aditivo consumido"" ""EB100 (l)"" ""Camiones (N2, N3)""",,0,0,,,Transporte_Base_Maestra_y_Contrato_V2_CORREGIDA.xlsx,Factores
TRA_12F8AE27B9BAD6,ESPAÑA,Transporte,MERCANCÍAS,"Camiones (> 3,5 tn)",LPG,litros,combustible,2022,2022,1.661,ANNUAL,,MITECO,"MITECO - ""3. Vehículos y maquinaria"" ""A. Transporte por carretera"" ""Opción A1. Cantidad de combustible o aditivo consumido"" ""LPG (l)"" ""Turismos (M1)""",,0,0,,,Transporte_Base_Maestra_y_Contrato_V2_CORREGIDA.xlsx,Factores
TRA_AF0136684584C1,ESPAÑA,Transporte,MERCANCÍAS,"Camiones (> 3,5 tn)",LPG,litros,combustible,2023,2023,1.661,ANNUAL,,MITECO,"MITECO - ""3. Vehículos y maquinaria"" ""A. Transporte por carretera"" ""Opción A1. Cantidad de combustible o aditivo consumido"" ""LPG (l)"" ""Turismos (M1)""",,0,0,,,Transporte_Base_Maestra_y_Contrato_V2_CORREGIDA.xlsx,Factores
TRA_8B736585EA6EE9,ESPAÑA,Transporte,MERCANCÍAS,"Camiones (> 3,5 tn)",LPG,litros,combustible,2024,2024,1.661,ANNUAL,,MITECO,"MITECO - ""3. Vehículos y maquinaria"" ""A. Transporte por carretera"" ""Opción A1. Cantidad de combustible o aditivo consumido"" ""LPG (l)"" ""Turismos (M1)""",,0,0,,,Transporte_Base_Maestra_y_Contrato_V2_CORREGIDA.xlsx,Factores
TRA_CDD097DA845943,ESPAÑA,Transporte,MERCANCÍAS,"Camiones (> 3,5 tn)",LPG,litros,combustible,2025,2025,1.661,ANNUAL,,MITECO,"MITECO - ""3. Vehículos y maquinaria"" ""A. Transporte por carretera"" ""Opción A1. Cantidad de combustible o aditivo consumido"" ""LPG (l)"" ""Turismos (M1)""",,0,0,,,Transporte_Base_Maestra_y_Contrato_V2_CORREGIDA.xlsx,Factores
TRA_469E5D26B3DEFC,ESPAÑA,Transporte,MERCANCÍAS,"Camiones (> 3,5 tn)",CNG,kg,combustible,2022,2022,2.716,ANNUAL,,MITECO,"MITECO - ""3. Vehículos y maquinaria"" ""A. Transporte por carretera"" ""Opción A1. Cantidad de combustible o aditivo consumido"" CNG (kg)"" ""Camiones (N2, N3)""",,0,0,,,Transporte_Base_Maestra_y_Contrato_V2_CORREGIDA.xlsx,Factores
TRA_0878F96D40A42E,ESPAÑA,Transporte,MERCANCÍAS,"Camiones (> 3,5 tn)",CNG,kg,combustible,2023,2023,2.731,ANNUAL,,MITECO,"MITECO - ""3. Vehículos y maquinaria"" ""A. Transporte por carretera"" ""Opción A1. Cantidad de combustible o aditivo consumido"" CNG (kg)"" ""Camiones (N2, N3)""",,0,0,,,Transporte_Base_Maestra_y_Contrato_V2_CORREGIDA.xlsx,Factores
TRA_236F511CC6929C,ESPAÑA,Transporte,MERCANCÍAS,"Camiones (> 3,5 tn)",CNG,kg,combustible,2024,2024,2.731,ANNUAL,,MITECO,"MITECO - ""3. Vehículos y maquinaria"" ""A. Transporte por carretera"" ""Opción A1. Cantidad de combustible o aditivo consumido"" CNG (kg)"" ""Camiones (N2, N3)""",,0,0,,,Transporte_Base_Maestra_y_Contrato_V2_CORREGIDA.xlsx,Factores
TRA_E0738BA0517BB1,ESPAÑA,Transporte,MERCANCÍAS,"Camiones (> 3,5 tn)",CNG,kg,combustible,2025,2025,2.719,ANNUAL,,MITECO,"MITECO - ""3. Vehículos y maquinaria"" ""A. Transporte por carretera"" ""Opción A1. Cantidad de combustible o aditivo consumido"" CNG (kg)"" ""Camiones (N2, N3)""",,0,0,,,Transporte_Base_Maestra_y_Contrato_V2_CORREGIDA.xlsx,Factores
TRA_74391890610B9D,ESPAÑA,Transporte,MERCANCÍAS,"Camiones (> 3,5 tn)",LNG,kg,combustible,2022,2022,2.716,ANNUAL,,MITECO,"MITECO - ""3. Vehículos y maquinaria"" ""A. Transporte por carretera"" ""Opción A1. Cantidad de combustible o aditivo consumido"" ""LNG (kg)"" ""Camiones (N2, N3)""",,0,0,,,Transporte_Base_Maestra_y_Contrato_V2_CORREGIDA.xlsx,Factores
TRA_2C53DE46913E63,ESPAÑA,Transporte,MERCANCÍAS,"Camiones (> 3,5 tn)",LNG,kg,combustible,2023,2023,2.731,ANNUAL,,MITECO,"MITECO - ""3. Vehículos y maquinaria"" ""A. Transporte por carretera"" ""Opción A1. Cantidad de combustible o aditivo consumido"" ""LNG (kg)"" ""Camiones (N2, N3)""",,0,0,,,Transporte_Base_Maestra_y_Contrato_V2_CORREGIDA.xlsx,Factores
TRA_BD7A6E54AE30DE,ESPAÑA,Transporte,MERCANCÍAS,"Camiones (> 3,5 tn)",LNG,kg,combustible,2024,2024,2.731,ANNUAL,,MITECO,"MITECO - ""3. Vehículos y maquinaria"" ""A. Transporte por carretera"" ""Opción A1. Cantidad de combustible o aditivo consumido"" ""LNG (kg)"" ""Camiones (N2, N3)""",,0,0,,,Transporte_Base_Maestra_y_Contrato_V2_CORREGIDA.xlsx,Factores
TRA_1818AE23C666C6,ESPAÑA,Transporte,MERCANCÍAS,"Camiones (> 3,5 tn)",LNG,kg,combustible,2025,2025,2.719,ANNUAL,,MITECO,"MITECO - ""3. Vehículos y maquinaria"" ""A. Transporte por carretera"" ""Opción A1. Cantidad de combustible o aditivo consumido"" ""LNG (kg)"" ""Camiones (N2, N3)""",,0,0,,,Transporte_Base_Maestra_y_Contrato_V2_CORREGIDA.xlsx,Factores
TRA_9030AD9A13E1BC,ESPAÑA,Transporte,MERCANCÍAS,"Camiones (> 3,5 tn)",Adblue,litros,combustible,2022,2022,0.26,ANNUAL,,MITECO,"MITECO - ""3. Vehículos y maquinaria"" ""A. Transporte por carretera"" ""Opción A1. Cantidad de combustible o aditivo consumido"" ""AdBlue (l)"" ""Camiones (N2, N3)""",,0,0,,,Transporte_Base_Maestra_y_Contrato_V2_CORREGIDA.xlsx,Factores
TRA_03797B94C599DD,ESPAÑA,Transporte,MERCANCÍAS,"Camiones (> 3,5 tn)",Adblue,litros,combustible,2023,2023,0.26,ANNUAL,,MITECO,"MITECO - ""3. Vehículos y maquinaria"" ""A. Transporte por carretera"" ""Opción A1. Cantidad de combustible o aditivo consumido"" ""AdBlue (l)"" ""Camiones (N2, N3)""",,0,0,,,Transporte_Base_Maestra_y_Contrato_V2_CORREGIDA.xlsx,Factores
TRA_D6BAB292208B9D,ESPAÑA,Transporte,MERCANCÍAS,"Camiones (> 3,5 tn)",Adblue,litros,combustible,2024,2024,0.26,ANNUAL,,MITECO,"MITECO - ""3. Vehículos y maquinaria"" ""A. Transporte por carretera"" ""Opción A1. Cantidad de combustible o aditivo consumido"" ""AdBlue (l)"" ""Camiones (N2, N3)""",,0,0,,,Transporte_Base_Maestra_y_Contrato_V2_CORREGIDA.xlsx,Factores
TRA_08422DC3D15D90,ESPAÑA,Transporte,MERCANCÍAS,"Camiones (> 3,5 tn)",Adblue,litros,combustible,2025,2025,0.26,ANNUAL,,MITECO,"MITECO - ""3. Vehículos y maquinaria"" ""A. Transporte por carretera"" ""Opción A1. Cantidad de combustible o aditivo consumido"" ""AdBlue (l)"" ""Camiones (N2, N3)""",,0,0,,,Transporte_Base_Maestra_y_Contrato_V2_CORREGIDA.xlsx,Factores
TRA_0A3C5BDFAD6A86,ESPAÑA,Transporte,MERCANCÍAS,"Camiones (> 3,5 tn)",Biodiésel HVO,litros,combustible,2022,2022,0.03558,ANNUAL,,DEFRA,"DEFRA - ""Bioenergy - Biofuel - Biodiesel HVO""",,0,0,,,Transporte_Base_Maestra_y_Contrato_V2_CORREGIDA.xlsx,Factores
TRA_2CDC941EC87373,ESPAÑA,Transporte,MERCANCÍAS,"Camiones (> 3,5 tn)",Biodiésel HVO,litros,combustible,2023,2023,0.03558,ANNUAL,,DEFRA,"DEFRA - ""Bioenergy - Biofuel - Biodiesel HVO""",,0,0,,,Transporte_Base_Maestra_y_Contrato_V2_CORREGIDA.xlsx,Factores
TRA_6903645A36E4CD,ESPAÑA,Transporte,MERCANCÍAS,"Camiones (> 3,5 tn)",Biodiésel HVO,litros,combustible,2024,2024,0.03558,ANNUAL,,DEFRA,"DEFRA - ""Bioenergy - Biofuel - Biodiesel HVO""",,0,0,,,Transporte_Base_Maestra_y_Contrato_V2_CORREGIDA.xlsx,Factores
TRA_1C7F95EA79F8C2,ESPAÑA,Transporte,MERCANCÍAS,"Camiones (> 3,5 tn)",Biodiésel HVO,litros,combustible,2025,2025,0.03558,ANNUAL,,DEFRA,"DEFRA - ""Bioenergy - Biofuel - Biodiesel HVO""",,0,0,,,Transporte_Base_Maestra_y_Contrato_V2_CORREGIDA.xlsx,Factores
TRA_92325415AA2C7C,FUERA DE ESPAÑA,Transporte,PRIVADO,Moto promedio,Gasolina,litros,combustible,2022,2022,2.09747312751678,ANNUAL,,DEFRA,"DEFRA - ""Fuels - Liquid Fuels - Petrol (average biofuel blend)""",,0,1,,,Transporte_Base_Maestra_y_Contrato_V2_CORREGIDA.xlsx,Factores
TRA_D2B9A5345A4E7D,FUERA DE ESPAÑA,Transporte,PRIVADO,Moto promedio,Gasolina,litros,combustible,2023,2023,2.0844,ANNUAL,,DEFRA,"DEFRA - ""Fuels - Liquid Fuels - Petrol (average biofuel blend)""",,0,1,,,Transporte_Base_Maestra_y_Contrato_V2_CORREGIDA.xlsx,Factores
TRA_EA1B94360B1600,FUERA DE ESPAÑA,Transporte,PRIVADO,Moto promedio,Gasolina,litros,combustible,2024,2024,2.06916,ANNUAL,,DEFRA,"DEFRA - ""Fuels - Liquid Fuels - Petrol (average biofuel blend)""",,0,1,,,Transporte_Base_Maestra_y_Contrato_V2_CORREGIDA.xlsx,Factores
TRA_1C468715AD46E7,FUERA DE ESPAÑA,Transporte,PRIVADO,Moto promedio,Gasolina,litros,combustible,2025,2025,2.075,ANNUAL,,DEFRA,"DEFRA - ""Fuels - Liquid Fuels - Petrol (average biofuel blend)""",,0,1,,,Transporte_Base_Maestra_y_Contrato_V2_CORREGIDA.xlsx,Factores
TRA_2151F04DDD765F,FUERA DE ESPAÑA,Transporte,PRIVADO,Moto promedio,Diésel,litros,combustible,2022,2022,2.51206388456376,ANNUAL,,DEFRA,"DEFRA - ""Fuels - Liquid Fuels -Diesel (average biofuel blend)""",,0,1,,,Transporte_Base_Maestra_y_Contrato_V2_CORREGIDA.xlsx,Factores
TRA_67C8569BD78070,FUERA DE ESPAÑA,Transporte,PRIVADO,Moto promedio,Diésel,litros,combustible,2023,2023,2.51279,ANNUAL,,DEFRA,"DEFRA - ""Fuels - Liquid Fuels -Diesel (average biofuel blend)""",,0,1,,,Transporte_Base_Maestra_y_Contrato_V2_CORREGIDA.xlsx,Factores
TRA_0DDD8F08074E39,FUERA DE ESPAÑA,Transporte,PRIVADO,Moto promedio,Diésel,litros,combustible,2024,2024,2.57082,ANNUAL,,DEFRA,"DEFRA - ""Fuels - Liquid Fuels -Diesel (average biofuel blend)""",,0,1,,,Transporte_Base_Maestra_y_Contrato_V2_CORREGIDA.xlsx,Factores
TRA_86538A2FAB7468,FUERA DE ESPAÑA,Transporte,PRIVADO,Moto promedio,Diésel,litros,combustible,2025,2025,2.58354,ANNUAL,,DEFRA,"DEFRA - ""Fuels - Liquid Fuels -Diesel (average biofuel blend)""",,0,1,,,Transporte_Base_Maestra_y_Contrato_V2_CORREGIDA.xlsx,Factores
TRA_CD5687F1971D3C,FUERA DE ESPAÑA,Transporte,PRIVADO,Moto promedio,Biodiésel,litros,combustible,2022,2022,0.16751,ANNUAL,,DEFRA,"DEFRA - ""Bioenergy - Biofuel - Biodiesel ME""",,0,1,,,Transporte_Base_Maestra_y_Contrato_V2_CORREGIDA.xlsx,Factores
TRA_7BC90DFFEBDA52,FUERA DE ESPAÑA,Transporte,PRIVADO,Moto promedio,Biodiésel,litros,combustible,2023,2023,0.16751,ANNUAL,,DEFRA,"DEFRA - ""Bioenergy - Biofuel - Biodiesel ME""",,0,1,,,Transporte_Base_Maestra_y_Contrato_V2_CORREGIDA.xlsx,Factores
TRA_987D34703E19BD,FUERA DE ESPAÑA,Transporte,PRIVADO,Moto promedio,Biodiésel,litros,combustible,2024,2024,0.16751,ANNUAL,,DEFRA,"DEFRA - ""Bioenergy - Biofuel - Biodiesel ME""",,0,1,,,Transporte_Base_Maestra_y_Contrato_V2_CORREGIDA.xlsx,Factores
TRA_0A1401B2CAFCD7,FUERA DE ESPAÑA,Transporte,PRIVADO,Moto promedio,Biodiésel,litros,combustible,2025,2025,0.16751,ANNUAL,,DEFRA,"DEFRA - ""Bioenergy - Biofuel - Biodiesel ME""",,0,1,,,Transporte_Base_Maestra_y_Contrato_V2_CORREGIDA.xlsx,Factores
TRA_04C5CCFC86ED62,FUERA DE ESPAÑA,Transporte,PRIVADO,Moto promedio,Bioetanol,litros,combustible,2022,2022,0.00901,ANNUAL,,DEFRA,"DEFRA - ""Bioenergy - Biofuel - Bioethanol""",,0,1,,,Transporte_Base_Maestra_y_Contrato_V2_CORREGIDA.xlsx,Factores
TRA_95EFB3404CF431,FUERA DE ESPAÑA,Transporte,PRIVADO,Moto promedio,Bioetanol,litros,combustible,2023,2023,0.00901,ANNUAL,,DEFRA,"DEFRA - ""Bioenergy - Biofuel - Bioethanol""",,0,1,,,Transporte_Base_Maestra_y_Contrato_V2_CORREGIDA.xlsx,Factores
TRA_BE3DEA5AAC8B15,FUERA DE ESPAÑA,Transporte,PRIVADO,Moto promedio,Bioetanol,litros,combustible,2024,2024,0.00901,ANNUAL,,DEFRA,"DEFRA - ""Bioenergy - Biofuel - Bioethanol""",,0,1,,,Transporte_Base_Maestra_y_Contrato_V2_CORREGIDA.xlsx,Factores
TRA_A3A2A765FCF9D1,FUERA DE ESPAÑA,Transporte,PRIVADO,Moto promedio,Bioetanol,litros,combustible,2025,2025,0.00901,ANNUAL,,DEFRA,"DEFRA - ""Bioenergy - Biofuel - Bioethanol""",,0,1,,,Transporte_Base_Maestra_y_Contrato_V2_CORREGIDA.xlsx,Factores
TRA_CA6621E8715D41,FUERA DE ESPAÑA,Transporte,PRIVADO,Moto promedio,XTL (Biodiésel HVO),litros,combustible,2022,2022,0.03558,ANNUAL,,DEFRA,"DEFRA - ""Bioenergy - Biofuel - Biodiesel HVO""",,0,1,,,Transporte_Base_Maestra_y_Contrato_V2_CORREGIDA.xlsx,Factores
TRA_EAF89511B9E954,FUERA DE ESPAÑA,Transporte,PRIVADO,Moto promedio,XTL (Biodiésel HVO),litros,combustible,2023,2023,0.03558,ANNUAL,,DEFRA,"DEFRA - ""Bioenergy - Biofuel - Biodiesel HVO""",,0,1,,,Transporte_Base_Maestra_y_Contrato_V2_CORREGIDA.xlsx,Factores
TRA_7481AF83005561,FUERA DE ESPAÑA,Transporte,PRIVADO,Moto promedio,XTL (Biodiésel HVO),litros,combustible,2024,2024,0.03558,ANNUAL,,DEFRA,"DEFRA - ""Bioenergy - Biofuel - Biodiesel HVO""",,0,1,,,Transporte_Base_Maestra_y_Contrato_V2_CORREGIDA.xlsx,Factores
TRA_6F3707957AD4E8,FUERA DE ESPAÑA,Transporte,PRIVADO,Moto promedio,XTL (Biodiésel HVO),litros,combustible,2025,2025,0.03558,ANNUAL,,DEFRA,"DEFRA - ""Bioenergy - Biofuel - Biodiesel HVO""",,0,1,,,Transporte_Base_Maestra_y_Contrato_V2_CORREGIDA.xlsx,Factores
TRA_DD8F3D2E52E8D2,FUERA DE ESPAÑA,Transporte,PRIVADO,Coche promedio,Gasolina,litros,combustible,2022,2022,2.09747312751678,ANNUAL,,DEFRA,"DEFRA - ""Fuels - Liquid Fuels - Petrol (average biofuel blend)""",,0,1,,,Transporte_Base_Maestra_y_Contrato_V2_CORREGIDA.xlsx,Factores
TRA_E05A614A202610,FUERA DE ESPAÑA,Transporte,PRIVADO,Coche promedio,Gasolina,litros,combustible,2023,2023,2.0844,ANNUAL,,DEFRA,"DEFRA - ""Fuels - Liquid Fuels - Petrol (average biofuel blend)""",,0,1,,,Transporte_Base_Maestra_y_Contrato_V2_CORREGIDA.xlsx,Factores
TRA_5ABB1C787C1607,FUERA DE ESPAÑA,Transporte,PRIVADO,Coche promedio,Gasolina,litros,combustible,2024,2024,2.06916,ANNUAL,,DEFRA,"DEFRA - ""Fuels - Liquid Fuels - Petrol (average biofuel blend)""",,0,1,,,Transporte_Base_Maestra_y_Contrato_V2_CORREGIDA.xlsx,Factores
TRA_3E34F01665F5FF,FUERA DE ESPAÑA,Transporte,PRIVADO,Coche promedio,Gasolina,litros,combustible,2025,2025,2.075,ANNUAL,,DEFRA,"DEFRA - ""Fuels - Liquid Fuels - Petrol (average biofuel blend)""",,0,1,,,Transporte_Base_Maestra_y_Contrato_V2_CORREGIDA.xlsx,Factores
TRA_861CB5E345FCFB,FUERA DE ESPAÑA,Transporte,PRIVADO,Coche promedio,Diésel,litros,combustible,2022,2022,2.51206388456376,ANNUAL,,DEFRA,"DEFRA - ""Fuels - Liquid Fuels -Diesel (average biofuel blend)""",,0,1,,,Transporte_Base_Maestra_y_Contrato_V2_CORREGIDA.xlsx,Factores
TRA_040C74F46773A5,FUERA DE ESPAÑA,Transporte,PRIVADO,Coche promedio,Diésel,litros,combustible,2023,2023,2.51279,ANNUAL,,DEFRA,"DEFRA - ""Fuels - Liquid Fuels -Diesel (average biofuel blend)""",,0,1,,,Transporte_Base_Maestra_y_Contrato_V2_CORREGIDA.xlsx,Factores
TRA_747A16904E87AE,FUERA DE ESPAÑA,Transporte,PRIVADO,Coche promedio,Diésel,litros,combustible,2024,2024,2.57082,ANNUAL,,DEFRA,"DEFRA - ""Fuels - Liquid Fuels -Diesel (average biofuel blend)""",,0,1,,,Transporte_Base_Maestra_y_Contrato_V2_CORREGIDA.xlsx,Factores
TRA_F1CB1FC4B3E2D1,FUERA DE ESPAÑA,Transporte,PRIVADO,Coche promedio,Diésel,litros,combustible,2025,2025,2.58354,ANNUAL,,DEFRA,"DEFRA - ""Fuels - Liquid Fuels -Diesel (average biofuel blend)""",,0,1,,,Transporte_Base_Maestra_y_Contrato_V2_CORREGIDA.xlsx,Factores
TRA_CE69434CE951F6,FUERA DE ESPAÑA,Transporte,PRIVADO,Coche promedio,Biodiésel,litros,combustible,2022,2022,0.16751,ANNUAL,,DEFRA,"DEFRA - ""Bioenergy - Biofuel - Biodiesel ME""",,0,1,,,Transporte_Base_Maestra_y_Contrato_V2_CORREGIDA.xlsx,Factores
TRA_32F63C3DF884C3,FUERA DE ESPAÑA,Transporte,PRIVADO,Coche promedio,Biodiésel,litros,combustible,2023,2023,0.16751,ANNUAL,,DEFRA,"DEFRA - ""Bioenergy - Biofuel - Biodiesel ME""",,0,1,,,Transporte_Base_Maestra_y_Contrato_V2_CORREGIDA.xlsx,Factores
TRA_CD263E374C4CAA,FUERA DE ESPAÑA,Transporte,PRIVADO,Coche promedio,Biodiésel,litros,combustible,2024,2024,0.16751,ANNUAL,,DEFRA,"DEFRA - ""Bioenergy - Biofuel - Biodiesel ME""",,0,1,,,Transporte_Base_Maestra_y_Contrato_V2_CORREGIDA.xlsx,Factores
TRA_A3C8B69E06B073,FUERA DE ESPAÑA,Transporte,PRIVADO,Coche promedio,Biodiésel,litros,combustible,2025,2025,0.16751,ANNUAL,,DEFRA,"DEFRA - ""Bioenergy - Biofuel - Biodiesel ME""",,0,1,,,Transporte_Base_Maestra_y_Contrato_V2_CORREGIDA.xlsx,Factores
TRA_E2A14BFD3E6191,FUERA DE ESPAÑA,Transporte,PRIVADO,Coche promedio,Bioetanol,litros,combustible,2022,2022,0.00901,ANNUAL,,DEFRA,"DEFRA - ""Bioenergy - Biofuel - Bioethanol""",,0,1,,,Transporte_Base_Maestra_y_Contrato_V2_CORREGIDA.xlsx,Factores
TRA_8C18A62DBE8A98,FUERA DE ESPAÑA,Transporte,PRIVADO,Coche promedio,Bioetanol,litros,combustible,2023,2023,0.00901,ANNUAL,,DEFRA,"DEFRA - ""Bioenergy - Biofuel - Bioethanol""",,0,1,,,Transporte_Base_Maestra_y_Contrato_V2_CORREGIDA.xlsx,Factores
TRA_6F84E2A96A591C,FUERA DE ESPAÑA,Transporte,PRIVADO,Coche promedio,Bioetanol,litros,combustible,2024,2024,0.00901,ANNUAL,,DEFRA,"DEFRA - ""Bioenergy - Biofuel - Bioethanol""",,0,1,,,Transporte_Base_Maestra_y_Contrato_V2_CORREGIDA.xlsx,Factores
TRA_BC2A0A74DBC30A,FUERA DE ESPAÑA,Transporte,PRIVADO,Coche promedio,Bioetanol,litros,combustible,2025,2025,0.00901,ANNUAL,,DEFRA,"DEFRA - ""Bioenergy - Biofuel - Bioethanol""",,0,1,,,Transporte_Base_Maestra_y_Contrato_V2_CORREGIDA.xlsx,Factores
TRA_1C5463D47D46F4,FUERA DE ESPAÑA,Transporte,PRIVADO,Coche promedio,XTL (Biodiésel HVO),litros,combustible,2022,2022,0.03558,ANNUAL,,DEFRA,"DEFRA - ""Bioenergy - Biofuel - Biodiesel HVO""",,0,1,,,Transporte_Base_Maestra_y_Contrato_V2_CORREGIDA.xlsx,Factores
TRA_14CC43D7450563,FUERA DE ESPAÑA,Transporte,PRIVADO,Coche promedio,XTL (Biodiésel HVO),litros,combustible,2023,2023,0.03558,ANNUAL,,DEFRA,"DEFRA - ""Bioenergy - Biofuel - Biodiesel HVO""",,0,1,,,Transporte_Base_Maestra_y_Contrato_V2_CORREGIDA.xlsx,Factores
TRA_8434C657DF2B75,FUERA DE ESPAÑA,Transporte,PRIVADO,Coche promedio,XTL (Biodiésel HVO),litros,combustible,2024,2024,0.03558,ANNUAL,,DEFRA,"DEFRA - ""Bioenergy - Biofuel - Biodiesel HVO""",,0,1,,,Transporte_Base_Maestra_y_Contrato_V2_CORREGIDA.xlsx,Factores
TRA_FBDD30C7811DBA,FUERA DE ESPAÑA,Transporte,PRIVADO,Coche promedio,XTL (Biodiésel HVO),litros,combustible,2025,2025,0.03558,ANNUAL,,DEFRA,"DEFRA - ""Bioenergy - Biofuel - Biodiesel HVO""",,0,1,,,Transporte_Base_Maestra_y_Contrato_V2_CORREGIDA.xlsx,Factores
TRA_F1AE579318CD46,FUERA DE ESPAÑA,Transporte,PRIVADO,Coche promedio,Híbrido gasolina,litros,combustible,2022,2022,2.09747312751678,ANNUAL,,DEFRA,"DEFRA - ""Fuels - Liquid Fuels - Petrol (average biofuel blend)""",,0,1,,,Transporte_Base_Maestra_y_Contrato_V2_CORREGIDA.xlsx,Factores
TRA_CA9041CC9CDCF6,FUERA DE ESPAÑA,Transporte,PRIVADO,Coche promedio,Híbrido gasolina,litros,combustible,2023,2023,2.0844,ANNUAL,,DEFRA,"DEFRA - ""Fuels - Liquid Fuels - Petrol (average biofuel blend)""",,0,1,,,Transporte_Base_Maestra_y_Contrato_V2_CORREGIDA.xlsx,Factores
TRA_933D49C2677D6A,FUERA DE ESPAÑA,Transporte,PRIVADO,Coche promedio,Híbrido gasolina,litros,combustible,2024,2024,2.06916,ANNUAL,,DEFRA,"DEFRA - ""Fuels - Liquid Fuels - Petrol (average biofuel blend)""",,0,1,,,Transporte_Base_Maestra_y_Contrato_V2_CORREGIDA.xlsx,Factores
TRA_4681DF314DDAA8,FUERA DE ESPAÑA,Transporte,PRIVADO,Coche promedio,Híbrido gasolina,litros,combustible,2025,2025,2.075,ANNUAL,,DEFRA,"DEFRA - ""Fuels - Liquid Fuels - Petrol (average biofuel blend)""",,0,1,,,Transporte_Base_Maestra_y_Contrato_V2_CORREGIDA.xlsx,Factores
TRA_7ACF5872B810F7,FUERA DE ESPAÑA,Transporte,PRIVADO,Coche promedio,Híbrido diésel,litros,combustible,2022,2022,2.51206388456376,ANNUAL,,DEFRA,"DEFRA - ""Fuels - Liquid Fuels -Diesel (average biofuel blend)""",,0,1,,,Transporte_Base_Maestra_y_Contrato_V2_CORREGIDA.xlsx,Factores
TRA_DCAA5E7065951E,FUERA DE ESPAÑA,Transporte,PRIVADO,Coche promedio,Híbrido diésel,litros,combustible,2023,2023,2.51279,ANNUAL,,DEFRA,"DEFRA - ""Fuels - Liquid Fuels -Diesel (average biofuel blend)""",,0,1,,,Transporte_Base_Maestra_y_Contrato_V2_CORREGIDA.xlsx,Factores
TRA_ED15489F742F02,FUERA DE ESPAÑA,Transporte,PRIVADO,Coche promedio,Híbrido diésel,litros,combustible,2024,2024,2.57082,ANNUAL,,DEFRA,"DEFRA - ""Fuels - Liquid Fuels -Diesel (average biofuel blend)""",,0,1,,,Transporte_Base_Maestra_y_Contrato_V2_CORREGIDA.xlsx,Factores
TRA_D28280609EE777,FUERA DE ESPAÑA,Transporte,PRIVADO,Coche promedio,Híbrido diésel,litros,combustible,2025,2025,2.58354,ANNUAL,,DEFRA,"DEFRA - ""Fuels - Liquid Fuels -Diesel (average biofuel blend)""",,0,1,,,Transporte_Base_Maestra_y_Contrato_V2_CORREGIDA.xlsx,Factores
TRA_2B55EE03128BD0,FUERA DE ESPAÑA,Transporte,PRIVADO,Vans (pasajeros),Gasolina,litros,combustible,2022,2022,2.09747312751678,ANNUAL,,DEFRA,"DEFRA - ""Fuels - Liquid Fuels - Petrol (average biofuel blend)""",,0,1,,,Transporte_Base_Maestra_y_Contrato_V2_CORREGIDA.xlsx,Factores
TRA_DE9E1DAC5A5300,FUERA DE ESPAÑA,Transporte,PRIVADO,Vans (pasajeros),Gasolina,litros,combustible,2023,2023,2.0844,ANNUAL,,DEFRA,"DEFRA - ""Fuels - Liquid Fuels - Petrol (average biofuel blend)""",,0,1,,,Transporte_Base_Maestra_y_Contrato_V2_CORREGIDA.xlsx,Factores
TRA_ACB93B1598E5F7,FUERA DE ESPAÑA,Transporte,PRIVADO,Vans (pasajeros),Gasolina,litros,combustible,2024,2024,2.06916,ANNUAL,,DEFRA,"DEFRA - ""Fuels - Liquid Fuels - Petrol (average biofuel blend)""",,0,1,,,Transporte_Base_Maestra_y_Contrato_V2_CORREGIDA.xlsx,Factores
TRA_24218C0CCE18C1,FUERA DE ESPAÑA,Transporte,PRIVADO,Vans (pasajeros),Gasolina,litros,combustible,2025,2025,2.075,ANNUAL,,DEFRA,"DEFRA - ""Fuels - Liquid Fuels - Petrol (average biofuel blend)""",,0,1,,,Transporte_Base_Maestra_y_Contrato_V2_CORREGIDA.xlsx,Factores
TRA_05CA9F3D8E1DCD,FUERA DE ESPAÑA,Transporte,PRIVADO,Vans (pasajeros),Diésel,litros,combustible,2022,2022,2.51206388456376,ANNUAL,,DEFRA,"DEFRA - ""Fuels - Liquid Fuels -Diesel (average biofuel blend)""",,0,1,,,Transporte_Base_Maestra_y_Contrato_V2_CORREGIDA.xlsx,Factores
TRA_D31EE2E6B6C255,FUERA DE ESPAÑA,Transporte,PRIVADO,Vans (pasajeros),Diésel,litros,combustible,2023,2023,2.51279,ANNUAL,,DEFRA,"DEFRA - ""Fuels - Liquid Fuels -Diesel (average biofuel blend)""",,0,1,,,Transporte_Base_Maestra_y_Contrato_V2_CORREGIDA.xlsx,Factores
TRA_B568BBF883812E,FUERA DE ESPAÑA,Transporte,PRIVADO,Vans (pasajeros),Diésel,litros,combustible,2024,2024,2.57082,ANNUAL,,DEFRA,"DEFRA - ""Fuels - Liquid Fuels -Diesel (average biofuel blend)""",,0,1,,,Transporte_Base_Maestra_y_Contrato_V2_CORREGIDA.xlsx,Factores
TRA_3788910281D505,FUERA DE ESPAÑA,Transporte,PRIVADO,Vans (pasajeros),Diésel,litros,combustible,2025,2025,2.58354,ANNUAL,,DEFRA,"DEFRA - ""Fuels - Liquid Fuels -Diesel (average biofuel blend)""",,0,1,,,Transporte_Base_Maestra_y_Contrato_V2_CORREGIDA.xlsx,Factores
TRA_BD8C140D78FE4D,FUERA DE ESPAÑA,Transporte,PRIVADO,Vans (pasajeros),Biodiésel,litros,combustible,2022,2022,0.16751,ANNUAL,,DEFRA,"DEFRA - ""Bioenergy - Biofuel - Biodiesel ME""",,0,1,,,Transporte_Base_Maestra_y_Contrato_V2_CORREGIDA.xlsx,Factores
TRA_1EEA7FFA1A0AE0,FUERA DE ESPAÑA,Transporte,PRIVADO,Vans (pasajeros),Biodiésel,litros,combustible,2023,2023,0.16751,ANNUAL,,DEFRA,"DEFRA - ""Bioenergy - Biofuel - Biodiesel ME""",,0,1,,,Transporte_Base_Maestra_y_Contrato_V2_CORREGIDA.xlsx,Factores
TRA_0F790C84880A02,FUERA DE ESPAÑA,Transporte,PRIVADO,Vans (pasajeros),Biodiésel,litros,combustible,2024,2024,0.16751,ANNUAL,,DEFRA,"DEFRA - ""Bioenergy - Biofuel - Biodiesel ME""",,0,1,,,Transporte_Base_Maestra_y_Contrato_V2_CORREGIDA.xlsx,Factores
TRA_4F039F79FDAA64,FUERA DE ESPAÑA,Transporte,PRIVADO,Vans (pasajeros),Biodiésel,litros,combustible,2025,2025,0.16751,ANNUAL,,DEFRA,"DEFRA - ""Bioenergy - Biofuel - Biodiesel ME""",,0,1,,,Transporte_Base_Maestra_y_Contrato_V2_CORREGIDA.xlsx,Factores
TRA_458F39AE66B57A,FUERA DE ESPAÑA,Transporte,PRIVADO,Vans (pasajeros),Bioetanol,litros,combustible,2022,2022,0.00901,ANNUAL,,DEFRA,"DEFRA - ""Bioenergy - Biofuel - Bioethanol""",,0,1,,,Transporte_Base_Maestra_y_Contrato_V2_CORREGIDA.xlsx,Factores
TRA_531D8419EDDF72,FUERA DE ESPAÑA,Transporte,PRIVADO,Vans (pasajeros),Bioetanol,litros,combustible,2023,2023,0.00901,ANNUAL,,DEFRA,"DEFRA - ""Bioenergy - Biofuel - Bioethanol""",,0,1,,,Transporte_Base_Maestra_y_Contrato_V2_CORREGIDA.xlsx,Factores
TRA_2856190AD89546,FUERA DE ESPAÑA,Transporte,PRIVADO,Vans (pasajeros),Bioetanol,litros,combustible,2024,2024,0.00901,ANNUAL,,DEFRA,"DEFRA - ""Bioenergy - Biofuel - Bioethanol""",,0,1,,,Transporte_Base_Maestra_y_Contrato_V2_CORREGIDA.xlsx,Factores
TRA_8C3F9501AEC417,FUERA DE ESPAÑA,Transporte,PRIVADO,Vans (pasajeros),Bioetanol,litros,combustible,2025,2025,0.00901,ANNUAL,,DEFRA,"DEFRA - ""Bioenergy - Biofuel - Bioethanol""",,0,1,,,Transporte_Base_Maestra_y_Contrato_V2_CORREGIDA.xlsx,Factores
TRA_9644869667E52E,FUERA DE ESPAÑA,Transporte,PRIVADO,Vans (pasajeros),XTL (Biodiésel HVO),litros,combustible,2022,2022,0.03558,ANNUAL,,DEFRA,"DEFRA - ""Bioenergy - Biofuel - Biodiesel HVO""",,0,1,,,Transporte_Base_Maestra_y_Contrato_V2_CORREGIDA.xlsx,Factores
TRA_75CD30D3C8B42A,FUERA DE ESPAÑA,Transporte,PRIVADO,Vans (pasajeros),XTL (Biodiésel HVO),litros,combustible,2023,2023,0.03558,ANNUAL,,DEFRA,"DEFRA - ""Bioenergy - Biofuel - Biodiesel HVO""",,0,1,,,Transporte_Base_Maestra_y_Contrato_V2_CORREGIDA.xlsx,Factores
TRA_B884424226807D,FUERA DE ESPAÑA,Transporte,PRIVADO,Vans (pasajeros),XTL (Biodiésel HVO),litros,combustible,2024,2024,0.03558,ANNUAL,,DEFRA,"DEFRA - ""Bioenergy - Biofuel - Biodiesel HVO""",,0,1,,,Transporte_Base_Maestra_y_Contrato_V2_CORREGIDA.xlsx,Factores
TRA_16AC6DC0E455A9,FUERA DE ESPAÑA,Transporte,PRIVADO,Vans (pasajeros),XTL (Biodiésel HVO),litros,combustible,2025,2025,0.03558,ANNUAL,,DEFRA,"DEFRA - ""Bioenergy - Biofuel - Biodiesel HVO""",,0,1,,,Transporte_Base_Maestra_y_Contrato_V2_CORREGIDA.xlsx,Factores
TRA_9D27A59CD85C14,FUERA DE ESPAÑA,Transporte,PRIVADO,Vans (pasajeros),LPG,litros,combustible,2022,2022,1.55712778389262,ANNUAL,,DEFRA,"DEFRA ""Fuels - Gaseous fuels - LPG""",,0,1,,,Transporte_Base_Maestra_y_Contrato_V2_CORREGIDA.xlsx,Factores
TRA_2D2756F245E95E,FUERA DE ESPAÑA,Transporte,PRIVADO,Vans (pasajeros),LPG,litros,combustible,2023,2023,1.55713,ANNUAL,,DEFRA,"DEFRA ""Fuels - Gaseous fuels - LPG""",,0,1,,,Transporte_Base_Maestra_y_Contrato_V2_CORREGIDA.xlsx,Factores
TRA_DED674E3BA76EE,FUERA DE ESPAÑA,Transporte,PRIVADO,Vans (pasajeros),LPG,litros,combustible,2024,2024,1.55713,ANNUAL,,DEFRA,"DEFRA ""Fuels - Gaseous fuels - LPG""",,0,1,,,Transporte_Base_Maestra_y_Contrato_V2_CORREGIDA.xlsx,Factores
TRA_F2B1205E769D65,FUERA DE ESPAÑA,Transporte,PRIVADO,Vans (pasajeros),LPG,litros,combustible,2025,2025,1.55713,ANNUAL,,DEFRA,"DEFRA ""Fuels - Gaseous fuels - LPG""",,0,1,,,Transporte_Base_Maestra_y_Contrato_V2_CORREGIDA.xlsx,Factores
TRA_4D71826EF767FC,FUERA DE ESPAÑA,Transporte,PRIVADO,Vans (pasajeros),CNG,litros,combustible,2022,2022,0.448446530201342,ANNUAL,,DEFRA,"DEFRA - ""Fuels - Gaseous fuels - CNG""",,0,1,,,Transporte_Base_Maestra_y_Contrato_V2_CORREGIDA.xlsx,Factores
TRA_33AF8AEAE281B0,FUERA DE ESPAÑA,Transporte,PRIVADO,Vans (pasajeros),CNG,litros,combustible,2023,2023,0.44942,ANNUAL,,DEFRA,"DEFRA - ""Fuels - Gaseous fuels - CNG""",,0,1,,,Transporte_Base_Maestra_y_Contrato_V2_CORREGIDA.xlsx,Factores
TRA_E8D68EAA972A89,FUERA DE ESPAÑA,Transporte,PRIVADO,Vans (pasajeros),CNG,litros,combustible,2024,2024,0.4507,ANNUAL,,DEFRA,"DEFRA - ""Fuels - Gaseous fuels - CNG""",,0,1,,,Transporte_Base_Maestra_y_Contrato_V2_CORREGIDA.xlsx,Factores
TRA_15B75FDBF338A2,FUERA DE ESPAÑA,Transporte,PRIVADO,Vans (pasajeros),CNG,litros,combustible,2025,2025,0.43885,ANNUAL,,DEFRA,"DEFRA - ""Fuels - Gaseous fuels - CNG""",,0,1,,,Transporte_Base_Maestra_y_Contrato_V2_CORREGIDA.xlsx,Factores
TRA_93250E711527A1,FUERA DE ESPAÑA,Transporte,PRIVADO,Vans (pasajeros),Híbrida gasolina,litros,combustible,2022,2022,2.09747312751678,ANNUAL,,DEFRA,"DEFRA - ""Fuels - Liquid Fuels - Petrol (average biofuel blend)""",,0,1,,,Transporte_Base_Maestra_y_Contrato_V2_CORREGIDA.xlsx,Factores
TRA_91F8C7B65B775B,FUERA DE ESPAÑA,Transporte,PRIVADO,Vans (pasajeros),Híbrida gasolina,litros,combustible,2023,2023,2.0844,ANNUAL,,DEFRA,"DEFRA - ""Fuels - Liquid Fuels - Petrol (average biofuel blend)""",,0,1,,,Transporte_Base_Maestra_y_Contrato_V2_CORREGIDA.xlsx,Factores
TRA_47E8E8A3EBB2CB,FUERA DE ESPAÑA,Transporte,PRIVADO,Vans (pasajeros),Híbrida gasolina,litros,combustible,2024,2024,2.06916,ANNUAL,,DEFRA,"DEFRA - ""Fuels - Liquid Fuels - Petrol (average biofuel blend)""",,0,1,,,Transporte_Base_Maestra_y_Contrato_V2_CORREGIDA.xlsx,Factores
TRA_96743A567D7E32,FUERA DE ESPAÑA,Transporte,PRIVADO,Vans (pasajeros),Híbrida gasolina,litros,combustible,2025,2025,2.075,ANNUAL,,DEFRA,"DEFRA - ""Fuels - Liquid Fuels - Petrol (average biofuel blend)""",,0,1,,,Transporte_Base_Maestra_y_Contrato_V2_CORREGIDA.xlsx,Factores
TRA_787F936BFC6108,FUERA DE ESPAÑA,Transporte,PRIVADO,Vans (pasajeros),Híbrida diésel,litros,combustible,2022,2022,2.51206388456376,ANNUAL,,DEFRA,"DEFRA - ""Fuels - Liquid Fuels -Diesel (average biofuel blend)""",,0,1,,,Transporte_Base_Maestra_y_Contrato_V2_CORREGIDA.xlsx,Factores
TRA_938D13A2B360C5,FUERA DE ESPAÑA,Transporte,PRIVADO,Vans (pasajeros),Híbrida diésel,litros,combustible,2023,2023,2.51279,ANNUAL,,DEFRA,"DEFRA - ""Fuels - Liquid Fuels -Diesel (average biofuel blend)""",,0,1,,,Transporte_Base_Maestra_y_Contrato_V2_CORREGIDA.xlsx,Factores
TRA_A7E349FADB2F68,FUERA DE ESPAÑA,Transporte,PRIVADO,Vans (pasajeros),Híbrida diésel,litros,combustible,2024,2024,2.57082,ANNUAL,,DEFRA,"DEFRA - ""Fuels - Liquid Fuels -Diesel (average biofuel blend)""",,0,1,,,Transporte_Base_Maestra_y_Contrato_V2_CORREGIDA.xlsx,Factores
TRA_10D8BA0EFBB816,FUERA DE ESPAÑA,Transporte,PRIVADO,Vans (pasajeros),Híbrida diésel,litros,combustible,2025,2025,2.58354,ANNUAL,,DEFRA,"DEFRA - ""Fuels - Liquid Fuels -Diesel (average biofuel blend)""",,0,1,,,Transporte_Base_Maestra_y_Contrato_V2_CORREGIDA.xlsx,Factores
TRA_D521233B0BFBFA,FUERA DE ESPAÑA,Transporte,PÚBLICO,Autobús Local (urbano y metropolitano),Diésel,litros,combustible,2022,2022,2.51206388456376,ANNUAL,,DEFRA,"DEFRA - ""Fuels - Liquid Fuels -Diesel (average biofuel blend)""",,0,1,,,Transporte_Base_Maestra_y_Contrato_V2_CORREGIDA.xlsx,Factores
TRA_CF1E00D4AA13E2,FUERA DE ESPAÑA,Transporte,PÚBLICO,Autobús Local (urbano y metropolitano),Diésel,litros,combustible,2023,2023,2.51279,ANNUAL,,DEFRA,"DEFRA - ""Fuels - Liquid Fuels -Diesel (average biofuel blend)""",,0,1,,,Transporte_Base_Maestra_y_Contrato_V2_CORREGIDA.xlsx,Factores
TRA_491E4CADE3C28F,FUERA DE ESPAÑA,Transporte,PÚBLICO,Autobús Local (urbano y metropolitano),Diésel,litros,combustible,2024,2024,2.57082,ANNUAL,,DEFRA,"DEFRA - ""Fuels - Liquid Fuels -Diesel (average biofuel blend)""",,0,1,,,Transporte_Base_Maestra_y_Contrato_V2_CORREGIDA.xlsx,Factores
TRA_89DB6E1C8E8853,FUERA DE ESPAÑA,Transporte,PÚBLICO,Autobús Local (urbano y metropolitano),Diésel,litros,combustible,2025,2025,2.58354,ANNUAL,,DEFRA,"DEFRA - ""Fuels - Liquid Fuels -Diesel (average biofuel blend)""",,0,1,,,Transporte_Base_Maestra_y_Contrato_V2_CORREGIDA.xlsx,Factores
TRA_9E8A7AC677DE1D,FUERA DE ESPAÑA,Transporte,PÚBLICO,Tren (Cercanías),Gasóleo,litros,combustible,2022,2022,2.725,ANNUAL,,MITECO,"MITECO - ""3. Vehículos y maquinaria"" ""B. Transporte ferroviario, marítimo y aéreo (emisiones directas)"" ""Gasóleo (l)"" ""Ferrocarril""",,0,1,,,Transporte_Base_Maestra_y_Contrato_V2_CORREGIDA.xlsx,Factores
TRA_9918DA5B80728E,FUERA DE ESPAÑA,Transporte,PÚBLICO,Tren (Cercanías),Gasóleo,litros,combustible,2023,2023,2.725,ANNUAL,,MITECO,"MITECO - ""3. Vehículos y maquinaria"" ""B. Transporte ferroviario, marítimo y aéreo (emisiones directas)"" ""Gasóleo (l)"" ""Ferrocarril""",,0,1,,,Transporte_Base_Maestra_y_Contrato_V2_CORREGIDA.xlsx,Factores
TRA_7C08002E156BDF,FUERA DE ESPAÑA,Transporte,PÚBLICO,Tren (Cercanías),Gasóleo,litros,combustible,2024,2024,2.725,ANNUAL,,MITECO,"MITECO - ""3. Vehículos y maquinaria"" ""B. Transporte ferroviario, marítimo y aéreo (emisiones directas)"" ""Gasóleo (l)"" ""Ferrocarril""",,0,1,,,Transporte_Base_Maestra_y_Contrato_V2_CORREGIDA.xlsx,Factores
TRA_B9CF13E56A5D01,FUERA DE ESPAÑA,Transporte,PÚBLICO,Tren (Cercanías),Gasóleo,litros,combustible,2025,2025,2.725,ANNUAL,,MITECO,"MITECO - ""3. Vehículos y maquinaria"" ""B. Transporte ferroviario, marítimo y aéreo (emisiones directas)"" ""Gasóleo (l)"" ""Ferrocarril""",,0,1,,,Transporte_Base_Maestra_y_Contrato_V2_CORREGIDA.xlsx,Factores
TRA_38BE7B739ED4C6,FUERA DE ESPAÑA,Transporte,VIAJES,Autocar (coach) / Minibús,Gasolina,litros,combustible,2022,2022,2.09747312751678,ANNUAL,,DEFRA,"DEFRA -""Fuels"" ""Liquid Fuels"" ""Petrol (average biofuel blend)""",,0,1,,,Transporte_Base_Maestra_y_Contrato_V2_CORREGIDA.xlsx,Factores
TRA_AB5E5C0A2AD660,FUERA DE ESPAÑA,Transporte,VIAJES,Autocar (coach) / Minibús,Gasolina,litros,combustible,2023,2023,2.0844,ANNUAL,,DEFRA,"DEFRA -""Fuels"" ""Liquid Fuels"" ""Petrol (average biofuel blend)""",,0,1,,,Transporte_Base_Maestra_y_Contrato_V2_CORREGIDA.xlsx,Factores
TRA_AB824EF43A9CAB,FUERA DE ESPAÑA,Transporte,VIAJES,Autocar (coach) / Minibús,Gasolina,litros,combustible,2024,2024,2.06916,ANNUAL,,DEFRA,"DEFRA -""Fuels"" ""Liquid Fuels"" ""Petrol (average biofuel blend)""",,0,1,,,Transporte_Base_Maestra_y_Contrato_V2_CORREGIDA.xlsx,Factores
TRA_2ADAA04BC814A4,FUERA DE ESPAÑA,Transporte,VIAJES,Autocar (coach) / Minibús,Gasolina,litros,combustible,2025,2025,2.075,ANNUAL,,DEFRA,"DEFRA -""Fuels"" ""Liquid Fuels"" ""Petrol (average biofuel blend)""",,0,1,,,Transporte_Base_Maestra_y_Contrato_V2_CORREGIDA.xlsx,Factores
TRA_42119D46292EC1,FUERA DE ESPAÑA,Transporte,VIAJES,Autocar (coach) / Minibús,Diésel,litros,combustible,2022,2022,2.51206388456376,ANNUAL,,DEFRA,"DEFRA -""Fuels"" ""Liquid Fuels"" ""Diesel (average biofuel blend)""",,0,1,,,Transporte_Base_Maestra_y_Contrato_V2_CORREGIDA.xlsx,Factores
TRA_90335356200E69,FUERA DE ESPAÑA,Transporte,VIAJES,Autocar (coach) / Minibús,Diésel,litros,combustible,2023,2023,2.51279,ANNUAL,,DEFRA,"DEFRA -""Fuels"" ""Liquid Fuels"" ""Diesel (average biofuel blend)""",,0,1,,,Transporte_Base_Maestra_y_Contrato_V2_CORREGIDA.xlsx,Factores
TRA_BAC7C5DACE19BF,FUERA DE ESPAÑA,Transporte,VIAJES,Autocar (coach) / Minibús,Diésel,litros,combustible,2024,2024,2.57082,ANNUAL,,DEFRA,"DEFRA -""Fuels"" ""Liquid Fuels"" ""Diesel (average biofuel blend)""",,0,1,,,Transporte_Base_Maestra_y_Contrato_V2_CORREGIDA.xlsx,Factores
TRA_D06B1715E2E6A3,FUERA DE ESPAÑA,Transporte,VIAJES,Autocar (coach) / Minibús,Diésel,litros,combustible,2025,2025,2.58354,ANNUAL,,DEFRA,"DEFRA -""Fuels"" ""Liquid Fuels"" ""Diesel (average biofuel blend)""",,0,1,,,Transporte_Base_Maestra_y_Contrato_V2_CORREGIDA.xlsx,Factores
TRA_3DE1472630F77D,FUERA DE ESPAÑA,Transporte,VIAJES,Autocar (coach) / Minibús,Biodiésel,litros,combustible,2022,2022,0.16751,ANNUAL,,DEFRA,"DEFRA -""Bioenergy"" ""Biofuel"" ""Biodiesel ME""",,0,1,,,Transporte_Base_Maestra_y_Contrato_V2_CORREGIDA.xlsx,Factores
TRA_C3212E766FE1D6,FUERA DE ESPAÑA,Transporte,VIAJES,Autocar (coach) / Minibús,Biodiésel,litros,combustible,2023,2023,0.16751,ANNUAL,,DEFRA,"DEFRA -""Bioenergy"" ""Biofuel"" ""Biodiesel ME""",,0,1,,,Transporte_Base_Maestra_y_Contrato_V2_CORREGIDA.xlsx,Factores
TRA_331719B440FFBD,FUERA DE ESPAÑA,Transporte,VIAJES,Autocar (coach) / Minibús,Biodiésel,litros,combustible,2024,2024,0.16751,ANNUAL,,DEFRA,"DEFRA -""Bioenergy"" ""Biofuel"" ""Biodiesel ME""",,0,1,,,Transporte_Base_Maestra_y_Contrato_V2_CORREGIDA.xlsx,Factores
TRA_89D8C3E3A90607,FUERA DE ESPAÑA,Transporte,VIAJES,Autocar (coach) / Minibús,Biodiésel,litros,combustible,2025,2025,0.16751,ANNUAL,,DEFRA,"DEFRA -""Bioenergy"" ""Biofuel"" ""Biodiesel ME""",,0,1,,,Transporte_Base_Maestra_y_Contrato_V2_CORREGIDA.xlsx,Factores
TRA_856BF338A25323,FUERA DE ESPAÑA,Transporte,VIAJES,Autocar (coach) / Minibús,Bioetanol,litros,combustible,2022,2022,0.00901,ANNUAL,,DEFRA,"DEFRA -""Bioenergy"" ""Biofuel"" ""Bioethanol""",,0,1,,,Transporte_Base_Maestra_y_Contrato_V2_CORREGIDA.xlsx,Factores
TRA_6CB7CB9521185E,FUERA DE ESPAÑA,Transporte,VIAJES,Autocar (coach) / Minibús,Bioetanol,litros,combustible,2023,2023,0.00901,ANNUAL,,DEFRA,"DEFRA -""Bioenergy"" ""Biofuel"" ""Bioethanol""",,0,1,,,Transporte_Base_Maestra_y_Contrato_V2_CORREGIDA.xlsx,Factores
TRA_D3551C92A70E96,FUERA DE ESPAÑA,Transporte,VIAJES,Autocar (coach) / Minibús,Bioetanol,litros,combustible,2024,2024,0.00901,ANNUAL,,DEFRA,"DEFRA -""Bioenergy"" ""Biofuel"" ""Bioethanol""",,0,1,,,Transporte_Base_Maestra_y_Contrato_V2_CORREGIDA.xlsx,Factores
TRA_21893CC13A1744,FUERA DE ESPAÑA,Transporte,VIAJES,Autocar (coach) / Minibús,Bioetanol,litros,combustible,2025,2025,0.00901,ANNUAL,,DEFRA,"DEFRA -""Bioenergy"" ""Biofuel"" ""Bioethanol""",,0,1,,,Transporte_Base_Maestra_y_Contrato_V2_CORREGIDA.xlsx,Factores
TRA_6D0F0D5F8D8C35,FUERA DE ESPAÑA,Transporte,VIAJES,Autocar (coach) / Minibús,XTL (Biodiésel HVO),litros,combustible,2022,2022,0.03558,ANNUAL,,DEFRA,"DEFRA -""Bioenergy"" ""Biofuel"" ""Biodiesel HVO""",,0,1,,,Transporte_Base_Maestra_y_Contrato_V2_CORREGIDA.xlsx,Factores
TRA_D9765BD1EB1D1D,FUERA DE ESPAÑA,Transporte,VIAJES,Autocar (coach) / Minibús,XTL (Biodiésel HVO),litros,combustible,2023,2023,0.03558,ANNUAL,,DEFRA,"DEFRA -""Bioenergy"" ""Biofuel"" ""Biodiesel HVO""",,0,1,,,Transporte_Base_Maestra_y_Contrato_V2_CORREGIDA.xlsx,Factores
TRA_A986E20F5A648D,FUERA DE ESPAÑA,Transporte,VIAJES,Autocar (coach) / Minibús,XTL (Biodiésel HVO),litros,combustible,2024,2024,0.03558,ANNUAL,,DEFRA,"DEFRA -""Bioenergy"" ""Biofuel"" ""Biodiesel HVO""",,0,1,,,Transporte_Base_Maestra_y_Contrato_V2_CORREGIDA.xlsx,Factores
TRA_D91543EA21A414,FUERA DE ESPAÑA,Transporte,VIAJES,Autocar (coach) / Minibús,XTL (Biodiésel HVO),litros,combustible,2025,2025,0.03558,ANNUAL,,DEFRA,"DEFRA -""Bioenergy"" ""Biofuel"" ""Biodiesel HVO""",,0,1,,,Transporte_Base_Maestra_y_Contrato_V2_CORREGIDA.xlsx,Factores
TRA_888699A195B50E,FUERA DE ESPAÑA,Transporte,VIAJES,Tren (larga distancia),Gasóleo,litros,combustible,2022,2022,2.725,ANNUAL,,MITECO,"MITECO - ""3. Vehículos y maquinaria"" ""B. Transporte ferroviario, marítimo y aéreo (emisiones directas)"" ""Gasóleo (l)"" ""Ferrocarril""",,0,1,,,Transporte_Base_Maestra_y_Contrato_V2_CORREGIDA.xlsx,Factores
TRA_6E05FE713042D6,FUERA DE ESPAÑA,Transporte,VIAJES,Tren (larga distancia),Gasóleo,litros,combustible,2023,2023,2.725,ANNUAL,,MITECO,"MITECO - ""3. Vehículos y maquinaria"" ""B. Transporte ferroviario, marítimo y aéreo (emisiones directas)"" ""Gasóleo (l)"" ""Ferrocarril""",,0,1,,,Transporte_Base_Maestra_y_Contrato_V2_CORREGIDA.xlsx,Factores
TRA_47858771303BB6,FUERA DE ESPAÑA,Transporte,VIAJES,Tren (larga distancia),Gasóleo,litros,combustible,2024,2024,2.725,ANNUAL,,MITECO,"MITECO - ""3. Vehículos y maquinaria"" ""B. Transporte ferroviario, marítimo y aéreo (emisiones directas)"" ""Gasóleo (l)"" ""Ferrocarril""",,0,1,,,Transporte_Base_Maestra_y_Contrato_V2_CORREGIDA.xlsx,Factores
TRA_DF82FA0033C597,FUERA DE ESPAÑA,Transporte,VIAJES,Tren (larga distancia),Gasóleo,litros,combustible,2025,2025,2.725,ANNUAL,,MITECO,"MITECO - ""3. Vehículos y maquinaria"" ""B. Transporte ferroviario, marítimo y aéreo (emisiones directas)"" ""Gasóleo (l)"" ""Ferrocarril""",,0,1,,,Transporte_Base_Maestra_y_Contrato_V2_CORREGIDA.xlsx,Factores
TRA_3288F7842B43BD,FUERA DE ESPAÑA,Transporte,VIAJES,Avión,Gasolina,litros,combustible,2022,2022,2.3311626429530206,ANNUAL,,DEFRA,"DEFRA -""Fuels"" ""Liquid Fuels -Aviation Spirit""",,0,1,,,Transporte_Base_Maestra_y_Contrato_V2_CORREGIDA.xlsx,Factores
TRA_24BC410B62B183,FUERA DE ESPAÑA,Transporte,VIAJES,Avión,Gasolina,litros,combustible,2023,2023,2.33116,ANNUAL,,DEFRA,"DEFRA -""Fuels"" ""Liquid Fuels -Aviation Spirit""",,0,1,,,Transporte_Base_Maestra_y_Contrato_V2_CORREGIDA.xlsx,Factores
TRA_7435E09487D8FB,FUERA DE ESPAÑA,Transporte,VIAJES,Avión,Gasolina,litros,combustible,2024,2024,2.33116,ANNUAL,,DEFRA,"DEFRA -""Fuels"" ""Liquid Fuels -Aviation Spirit""",,0,1,,,Transporte_Base_Maestra_y_Contrato_V2_CORREGIDA.xlsx,Factores
TRA_1D4713EC2281B7,FUERA DE ESPAÑA,Transporte,VIAJES,Avión,Gasolina,litros,combustible,2025,2025,2.33116,ANNUAL,,DEFRA,"DEFRA -""Fuels"" ""Liquid Fuels -Aviation Spirit""",,0,1,,,Transporte_Base_Maestra_y_Contrato_V2_CORREGIDA.xlsx,Factores
TRA_3595E7EBC43A15,FUERA DE ESPAÑA,Transporte,VIAJES,Avión,Queroseno,litros,combustible,2022,2022,2.5426884,ANNUAL,,DEFRA,"DEFRA -""Fuels"" ""Liquid Fuels -Aviation turbine fuel""",,0,1,,,Transporte_Base_Maestra_y_Contrato_V2_CORREGIDA.xlsx,Factores
TRA_4952D54AFCB0AE,FUERA DE ESPAÑA,Transporte,VIAJES,Avión,Queroseno,litros,combustible,2023,2023,2.54269,ANNUAL,,DEFRA,"DEFRA -""Fuels"" ""Liquid Fuels -Aviation turbine fuel""",,0,1,,,Transporte_Base_Maestra_y_Contrato_V2_CORREGIDA.xlsx,Factores
TRA_5079E1E1B0EB4F,FUERA DE ESPAÑA,Transporte,VIAJES,Avión,Queroseno,litros,combustible,2024,2024,2.54269,ANNUAL,,DEFRA,"DEFRA -""Fuels"" ""Liquid Fuels -Aviation turbine fuel""",,0,1,,,Transporte_Base_Maestra_y_Contrato_V2_CORREGIDA.xlsx,Factores
TRA_F024AC529C928E,FUERA DE ESPAÑA,Transporte,VIAJES,Avión,Queroseno,litros,combustible,2025,2025,2.54269,ANNUAL,,DEFRA,"DEFRA -""Fuels"" ""Liquid Fuels -Aviation turbine fuel""",,0,1,,,Transporte_Base_Maestra_y_Contrato_V2_CORREGIDA.xlsx,Factores
TRA_EC9F2C98BE723B,FUERA DE ESPAÑA,Transporte,VIAJES,Barco,Gasóleo,litros,combustible,2022,2022,2.7713887731543627,ANNUAL,,DEFRA,"DEFRA -""Fuels"" ""Liquid Fuels - Marine gas oil""",,0,1,,,Transporte_Base_Maestra_y_Contrato_V2_CORREGIDA.xlsx,Factores
TRA_516F289361AEED,FUERA DE ESPAÑA,Transporte,VIAJES,Barco,Gasóleo,litros,combustible,2023,2023,2.77139,ANNUAL,,DEFRA,"DEFRA -""Fuels"" ""Liquid Fuels - Marine gas oil""",,0,1,,,Transporte_Base_Maestra_y_Contrato_V2_CORREGIDA.xlsx,Factores
TRA_65965400E0C196,FUERA DE ESPAÑA,Transporte,VIAJES,Barco,Gasóleo,litros,combustible,2024,2024,2.77139,ANNUAL,,DEFRA,"DEFRA -""Fuels"" ""Liquid Fuels - Marine gas oil""",,0,1,,,Transporte_Base_Maestra_y_Contrato_V2_CORREGIDA.xlsx,Factores
TRA_5639540FE5F732,FUERA DE ESPAÑA,Transporte,VIAJES,Barco,Gasóleo,litros,combustible,2025,2025,2.77139,ANNUAL,,DEFRA,"DEFRA -""Fuels"" ""Liquid Fuels - Marine gas oil""",,0,1,,,Transporte_Base_Maestra_y_Contrato_V2_CORREGIDA.xlsx,Factores
TRA_C14A227D16C15D,FUERA DE ESPAÑA,Transporte,VIAJES,Barco,Fueloil,litros,combustible,2022,2022,3.10202288590604,ANNUAL,,DEFRA,"DEFRA -""Fuels"" ""Liquid Fuels -Marine fuel oil""",,0,1,,,Transporte_Base_Maestra_y_Contrato_V2_CORREGIDA.xlsx,Factores
TRA_A2C56EA01ECDD9,FUERA DE ESPAÑA,Transporte,VIAJES,Barco,Fueloil,litros,combustible,2023,2023,3.10202,ANNUAL,,DEFRA,"DEFRA -""Fuels"" ""Liquid Fuels -Marine fuel oil""",,0,1,,,Transporte_Base_Maestra_y_Contrato_V2_CORREGIDA.xlsx,Factores
TRA_7DE5CB0D875F4E,FUERA DE ESPAÑA,Transporte,VIAJES,Barco,Fueloil,litros,combustible,2024,2024,3.10202,ANNUAL,,DEFRA,"DEFRA -""Fuels"" ""Liquid Fuels -Marine fuel oil""",,0,1,,,Transporte_Base_Maestra_y_Contrato_V2_CORREGIDA.xlsx,Factores
TRA_5F909094529EF0,FUERA DE ESPAÑA,Transporte,VIAJES,Barco,Fueloil,litros,combustible,2025,2025,3.10202,ANNUAL,,DEFRA,"DEFRA -""Fuels"" ""Liquid Fuels -Marine fuel oil""",,0,1,,,Transporte_Base_Maestra_y_Contrato_V2_CORREGIDA.xlsx,Factores
TRA_AD6DB56492F05C,FUERA DE ESPAÑA,Transporte,MERCANCÍAS,"Furgoneta / Camión (< 3,5 Tn)",Gasolina,litros,combustible,2022,2022,2.09747312751678,ANNUAL,,DEFRA,"DEFRA - ""Fuels - Liquid Fuels - Petrol (average biofuel blend)""",,0,1,,,Transporte_Base_Maestra_y_Contrato_V2_CORREGIDA.xlsx,Factores
TRA_AD9D5C95D88D5A,FUERA DE ESPAÑA,Transporte,MERCANCÍAS,"Furgoneta / Camión (< 3,5 Tn)",Gasolina,litros,combustible,2023,2023,2.0844,ANNUAL,,DEFRA,"DEFRA - ""Fuels - Liquid Fuels - Petrol (average biofuel blend)""",,0,1,,,Transporte_Base_Maestra_y_Contrato_V2_CORREGIDA.xlsx,Factores
TRA_3324201166713F,FUERA DE ESPAÑA,Transporte,MERCANCÍAS,"Furgoneta / Camión (< 3,5 Tn)",Gasolina,litros,combustible,2024,2024,2.06916,ANNUAL,,DEFRA,"DEFRA - ""Fuels - Liquid Fuels - Petrol (average biofuel blend)""",,0,1,,,Transporte_Base_Maestra_y_Contrato_V2_CORREGIDA.xlsx,Factores
TRA_5B528DBCBFBFE2,FUERA DE ESPAÑA,Transporte,MERCANCÍAS,"Furgoneta / Camión (< 3,5 Tn)",Gasolina,litros,combustible,2025,2025,2.075,ANNUAL,,DEFRA,"DEFRA - ""Fuels - Liquid Fuels - Petrol (average biofuel blend)""",,0,1,,,Transporte_Base_Maestra_y_Contrato_V2_CORREGIDA.xlsx,Factores
TRA_C44AA0B79B46C7,FUERA DE ESPAÑA,Transporte,MERCANCÍAS,"Furgoneta / Camión (< 3,5 Tn)",Diésel,litros,combustible,2022,2022,2.51206388456376,ANNUAL,,DEFRA,"DEFRA - ""Fuels - Liquid Fuels -Diesel (average biofuel blend)""",,0,1,,,Transporte_Base_Maestra_y_Contrato_V2_CORREGIDA.xlsx,Factores
TRA_C370B526786241,FUERA DE ESPAÑA,Transporte,MERCANCÍAS,"Furgoneta / Camión (< 3,5 Tn)",Diésel,litros,combustible,2023,2023,2.51279,ANNUAL,,DEFRA,"DEFRA - ""Fuels - Liquid Fuels -Diesel (average biofuel blend)""",,0,1,,,Transporte_Base_Maestra_y_Contrato_V2_CORREGIDA.xlsx,Factores
TRA_3C3F4035D5D1E0,FUERA DE ESPAÑA,Transporte,MERCANCÍAS,"Furgoneta / Camión (< 3,5 Tn)",Diésel,litros,combustible,2024,2024,2.57082,ANNUAL,,DEFRA,"DEFRA - ""Fuels - Liquid Fuels -Diesel (average biofuel blend)""",,0,1,,,Transporte_Base_Maestra_y_Contrato_V2_CORREGIDA.xlsx,Factores
TRA_6A20E5F1121427,FUERA DE ESPAÑA,Transporte,MERCANCÍAS,"Furgoneta / Camión (< 3,5 Tn)",Diésel,litros,combustible,2025,2025,2.58354,ANNUAL,,DEFRA,"DEFRA - ""Fuels - Liquid Fuels -Diesel (average biofuel blend)""",,0,1,,,Transporte_Base_Maestra_y_Contrato_V2_CORREGIDA.xlsx,Factores
TRA_EF364B297145D4,FUERA DE ESPAÑA,Transporte,MERCANCÍAS,"Furgoneta / Camión (< 3,5 Tn)",Biodiésel,litros,combustible,2022,2022,0.16751,ANNUAL,,DEFRA,"DEFRA - ""Bioenergy - Biofuel - Biodiesel ME""",,0,1,,,Transporte_Base_Maestra_y_Contrato_V2_CORREGIDA.xlsx,Factores
TRA_63AD89E3FF2467,FUERA DE ESPAÑA,Transporte,MERCANCÍAS,"Furgoneta / Camión (< 3,5 Tn)",Biodiésel,litros,combustible,2023,2023,0.16751,ANNUAL,,DEFRA,"DEFRA - ""Bioenergy - Biofuel - Biodiesel ME""",,0,1,,,Transporte_Base_Maestra_y_Contrato_V2_CORREGIDA.xlsx,Factores
TRA_AF9E21730B0BFD,FUERA DE ESPAÑA,Transporte,MERCANCÍAS,"Furgoneta / Camión (< 3,5 Tn)",Biodiésel,litros,combustible,2024,2024,0.16751,ANNUAL,,DEFRA,"DEFRA - ""Bioenergy - Biofuel - Biodiesel ME""",,0,1,,,Transporte_Base_Maestra_y_Contrato_V2_CORREGIDA.xlsx,Factores
TRA_8A1FE3A586C2B9,FUERA DE ESPAÑA,Transporte,MERCANCÍAS,"Furgoneta / Camión (< 3,5 Tn)",Biodiésel,litros,combustible,2025,2025,0.16751,ANNUAL,,DEFRA,"DEFRA - ""Bioenergy - Biofuel - Biodiesel ME""",,0,1,,,Transporte_Base_Maestra_y_Contrato_V2_CORREGIDA.xlsx,Factores
TRA_8DAB2AC68F67B2,FUERA DE ESPAÑA,Transporte,MERCANCÍAS,"Furgoneta / Camión (< 3,5 Tn)",Bioetanol,litros,combustible,2022,2022,0.00901,ANNUAL,,DEFRA,"DEFRA - ""Bioenergy - Biofuel - Bioethanol""",,0,1,,,Transporte_Base_Maestra_y_Contrato_V2_CORREGIDA.xlsx,Factores
TRA_0E0CC9CF0B99D9,FUERA DE ESPAÑA,Transporte,MERCANCÍAS,"Furgoneta / Camión (< 3,5 Tn)",Bioetanol,litros,combustible,2023,2023,0.00901,ANNUAL,,DEFRA,"DEFRA - ""Bioenergy - Biofuel - Bioethanol""",,0,1,,,Transporte_Base_Maestra_y_Contrato_V2_CORREGIDA.xlsx,Factores
TRA_BDE278DED5FC79,FUERA DE ESPAÑA,Transporte,MERCANCÍAS,"Furgoneta / Camión (< 3,5 Tn)",Bioetanol,litros,combustible,2024,2024,0.00901,ANNUAL,,DEFRA,"DEFRA - ""Bioenergy - Biofuel - Bioethanol""",,0,1,,,Transporte_Base_Maestra_y_Contrato_V2_CORREGIDA.xlsx,Factores
TRA_11E8938D5C9F85,FUERA DE ESPAÑA,Transporte,MERCANCÍAS,"Furgoneta / Camión (< 3,5 Tn)",Bioetanol,litros,combustible,2025,2025,0.00901,ANNUAL,,DEFRA,"DEFRA - ""Bioenergy - Biofuel - Bioethanol""",,0,1,,,Transporte_Base_Maestra_y_Contrato_V2_CORREGIDA.xlsx,Factores
TRA_4FD62CC2E58C18,FUERA DE ESPAÑA,Transporte,MERCANCÍAS,"Furgoneta / Camión (< 3,5 Tn)",XTL (Biodiésel HVO),litros,combustible,2022,2022,0.03558,ANNUAL,,DEFRA,"DEFRA - ""Bioenergy - Biofuel - Biodiesel HVO""",,0,1,,,Transporte_Base_Maestra_y_Contrato_V2_CORREGIDA.xlsx,Factores
TRA_CEB748A957DAD2,FUERA DE ESPAÑA,Transporte,MERCANCÍAS,"Furgoneta / Camión (< 3,5 Tn)",XTL (Biodiésel HVO),litros,combustible,2023,2023,0.03558,ANNUAL,,DEFRA,"DEFRA - ""Bioenergy - Biofuel - Biodiesel HVO""",,0,1,,,Transporte_Base_Maestra_y_Contrato_V2_CORREGIDA.xlsx,Factores
TRA_4B2700FC4D6291,FUERA DE ESPAÑA,Transporte,MERCANCÍAS,"Furgoneta / Camión (< 3,5 Tn)",XTL (Biodiésel HVO),litros,combustible,2024,2024,0.03558,ANNUAL,,DEFRA,"DEFRA - ""Bioenergy - Biofuel - Biodiesel HVO""",,0,1,,,Transporte_Base_Maestra_y_Contrato_V2_CORREGIDA.xlsx,Factores
TRA_A275CE460CC302,FUERA DE ESPAÑA,Transporte,MERCANCÍAS,"Furgoneta / Camión (< 3,5 Tn)",XTL (Biodiésel HVO),litros,combustible,2025,2025,0.03558,ANNUAL,,DEFRA,"DEFRA - ""Bioenergy - Biofuel - Biodiesel HVO""",,0,1,,,Transporte_Base_Maestra_y_Contrato_V2_CORREGIDA.xlsx,Factores
TRA_A0EDED7E4DFBC2,FUERA DE ESPAÑA,Transporte,MERCANCÍAS,"Furgoneta / Camión (< 3,5 Tn)",LPG,litros,combustible,2022,2022,1.55712778389262,ANNUAL,,DEFRA,"DEFRA - ""Fuels - Gaseous fuels - LPG""",,0,1,,,Transporte_Base_Maestra_y_Contrato_V2_CORREGIDA.xlsx,Factores
TRA_9F9152EDD2229D,FUERA DE ESPAÑA,Transporte,MERCANCÍAS,"Furgoneta / Camión (< 3,5 Tn)",LPG,litros,combustible,2023,2023,1.55713,ANNUAL,,DEFRA,"DEFRA - ""Fuels - Gaseous fuels - LPG""",,0,1,,,Transporte_Base_Maestra_y_Contrato_V2_CORREGIDA.xlsx,Factores
TRA_64D43B84744CCA,FUERA DE ESPAÑA,Transporte,MERCANCÍAS,"Furgoneta / Camión (< 3,5 Tn)",LPG,litros,combustible,2024,2024,1.55713,ANNUAL,,DEFRA,"DEFRA - ""Fuels - Gaseous fuels - LPG""",,0,1,,,Transporte_Base_Maestra_y_Contrato_V2_CORREGIDA.xlsx,Factores
TRA_B8112B625C7A11,FUERA DE ESPAÑA,Transporte,MERCANCÍAS,"Furgoneta / Camión (< 3,5 Tn)",LPG,litros,combustible,2025,2025,1.55713,ANNUAL,,DEFRA,"DEFRA - ""Fuels - Gaseous fuels - LPG""",,0,1,,,Transporte_Base_Maestra_y_Contrato_V2_CORREGIDA.xlsx,Factores
TRA_D301F43E9ADCA3,FUERA DE ESPAÑA,Transporte,MERCANCÍAS,"Furgoneta / Camión (< 3,5 Tn)",CNG,litros,combustible,2022,2022,0.448446530201342,ANNUAL,,DEFRA,"DEFRA - ""Fuels - Gaseous fuels - CNG""",,0,1,,,Transporte_Base_Maestra_y_Contrato_V2_CORREGIDA.xlsx,Factores
TRA_C4AA524F28835B,FUERA DE ESPAÑA,Transporte,MERCANCÍAS,"Furgoneta / Camión (< 3,5 Tn)",CNG,litros,combustible,2023,2023,0.44942,ANNUAL,,DEFRA,"DEFRA - ""Fuels - Gaseous fuels - CNG""",,0,1,,,Transporte_Base_Maestra_y_Contrato_V2_CORREGIDA.xlsx,Factores
TRA_A2B6FD14588904,FUERA DE ESPAÑA,Transporte,MERCANCÍAS,"Furgoneta / Camión (< 3,5 Tn)",CNG,litros,combustible,2024,2024,0.4507,ANNUAL,,DEFRA,"DEFRA - ""Fuels - Gaseous fuels - CNG""",,0,1,,,Transporte_Base_Maestra_y_Contrato_V2_CORREGIDA.xlsx,Factores
TRA_2B9FDFA706F025,FUERA DE ESPAÑA,Transporte,MERCANCÍAS,"Furgoneta / Camión (< 3,5 Tn)",CNG,litros,combustible,2025,2025,0.43885,ANNUAL,,DEFRA,"DEFRA - ""Fuels - Gaseous fuels - CNG""",,0,1,,,Transporte_Base_Maestra_y_Contrato_V2_CORREGIDA.xlsx,Factores
TRA_8718867DCD61EE,FUERA DE ESPAÑA,Transporte,MERCANCÍAS,"Furgoneta / Camión (< 3,5 Tn)",Híbrido gasolina,litros,combustible,2022,2022,2.09747312751678,ANNUAL,,DEFRA,"DEFRA - ""Fuels - Liquid Fuels - Petrol (average biofuel blend)""",,0,1,,,Transporte_Base_Maestra_y_Contrato_V2_CORREGIDA.xlsx,Factores
TRA_632E70EEC66AE7,FUERA DE ESPAÑA,Transporte,MERCANCÍAS,"Furgoneta / Camión (< 3,5 Tn)",Híbrido gasolina,litros,combustible,2023,2023,2.0844,ANNUAL,,DEFRA,"DEFRA - ""Fuels - Liquid Fuels - Petrol (average biofuel blend)""",,0,1,,,Transporte_Base_Maestra_y_Contrato_V2_CORREGIDA.xlsx,Factores
TRA_9FBF6F9B4943E1,FUERA DE ESPAÑA,Transporte,MERCANCÍAS,"Furgoneta / Camión (< 3,5 Tn)",Híbrido gasolina,litros,combustible,2024,2024,2.06916,ANNUAL,,DEFRA,"DEFRA - ""Fuels - Liquid Fuels - Petrol (average biofuel blend)""",,0,1,,,Transporte_Base_Maestra_y_Contrato_V2_CORREGIDA.xlsx,Factores
TRA_6A042048716801,FUERA DE ESPAÑA,Transporte,MERCANCÍAS,"Furgoneta / Camión (< 3,5 Tn)",Híbrido gasolina,litros,combustible,2025,2025,2.075,ANNUAL,,DEFRA,"DEFRA - ""Fuels - Liquid Fuels - Petrol (average biofuel blend)""",,0,1,,,Transporte_Base_Maestra_y_Contrato_V2_CORREGIDA.xlsx,Factores
TRA_AED9AE3DEF8B0C,FUERA DE ESPAÑA,Transporte,MERCANCÍAS,"Furgoneta / Camión (< 3,5 Tn)",Híbrido diésel,litros,combustible,2022,2022,2.51206388456376,ANNUAL,,DEFRA,"DEFRA - ""Fuels - Liquid Fuels -Diesel (average biofuel blend)""",,0,1,,,Transporte_Base_Maestra_y_Contrato_V2_CORREGIDA.xlsx,Factores
TRA_3D7988F1779FCE,FUERA DE ESPAÑA,Transporte,MERCANCÍAS,"Furgoneta / Camión (< 3,5 Tn)",Híbrido diésel,litros,combustible,2023,2023,2.51279,ANNUAL,,DEFRA,"DEFRA - ""Fuels - Liquid Fuels -Diesel (average biofuel blend)""",,0,1,,,Transporte_Base_Maestra_y_Contrato_V2_CORREGIDA.xlsx,Factores
TRA_A789967EF886B4,FUERA DE ESPAÑA,Transporte,MERCANCÍAS,"Furgoneta / Camión (< 3,5 Tn)",Híbrido diésel,litros,combustible,2024,2024,2.57082,ANNUAL,,DEFRA,"DEFRA - ""Fuels - Liquid Fuels -Diesel (average biofuel blend)""",,0,1,,,Transporte_Base_Maestra_y_Contrato_V2_CORREGIDA.xlsx,Factores
TRA_CCEC26D4049400,FUERA DE ESPAÑA,Transporte,MERCANCÍAS,"Furgoneta / Camión (< 3,5 Tn)",Híbrido diésel,litros,combustible,2025,2025,2.58354,ANNUAL,,DEFRA,"DEFRA - ""Fuels - Liquid Fuels -Diesel (average biofuel blend)""",,0,1,,,Transporte_Base_Maestra_y_Contrato_V2_CORREGIDA.xlsx,Factores
TRA_3F783CD5D22334,FUERA DE ESPAÑA,Transporte,MERCANCÍAS,"Vehículo pesado (> 3,5 Tn)",Gasolina,litros,combustible,2022,2022,2.09747312751678,ANNUAL,,DEFRA,"DEFRA - ""Fuels - Liquid Fuels - Petrol (average biofuel blend)""",,0,1,,,Transporte_Base_Maestra_y_Contrato_V2_CORREGIDA.xlsx,Factores
TRA_5908B30EEC6DFC,FUERA DE ESPAÑA,Transporte,MERCANCÍAS,"Vehículo pesado (> 3,5 Tn)",Gasolina,litros,combustible,2023,2023,2.0844,ANNUAL,,DEFRA,"DEFRA - ""Fuels - Liquid Fuels - Petrol (average biofuel blend)""",,0,1,,,Transporte_Base_Maestra_y_Contrato_V2_CORREGIDA.xlsx,Factores
TRA_664A7E0354AC3C,FUERA DE ESPAÑA,Transporte,MERCANCÍAS,"Vehículo pesado (> 3,5 Tn)",Gasolina,litros,combustible,2024,2024,2.06916,ANNUAL,,DEFRA,"DEFRA - ""Fuels - Liquid Fuels - Petrol (average biofuel blend)""",,0,1,,,Transporte_Base_Maestra_y_Contrato_V2_CORREGIDA.xlsx,Factores
TRA_CE9E7838EDF93D,FUERA DE ESPAÑA,Transporte,MERCANCÍAS,"Vehículo pesado (> 3,5 Tn)",Gasolina,litros,combustible,2025,2025,2.075,ANNUAL,,DEFRA,"DEFRA - ""Fuels - Liquid Fuels - Petrol (average biofuel blend)""",,0,1,,,Transporte_Base_Maestra_y_Contrato_V2_CORREGIDA.xlsx,Factores
TRA_9A79A8015C28A5,FUERA DE ESPAÑA,Transporte,MERCANCÍAS,"Vehículo pesado (> 3,5 Tn)",Diésel,litros,combustible,2022,2022,2.51206388456376,ANNUAL,,DEFRA,"DEFRA - ""Fuels - Liquid Fuels -Diesel (average biofuel blend)""",,0,1,,,Transporte_Base_Maestra_y_Contrato_V2_CORREGIDA.xlsx,Factores
TRA_AE66B86CB3C566,FUERA DE ESPAÑA,Transporte,MERCANCÍAS,"Vehículo pesado (> 3,5 Tn)",Diésel,litros,combustible,2023,2023,2.51279,ANNUAL,,DEFRA,"DEFRA - ""Fuels - Liquid Fuels -Diesel (average biofuel blend)""",,0,1,,,Transporte_Base_Maestra_y_Contrato_V2_CORREGIDA.xlsx,Factores
TRA_77F7F9AD93B881,FUERA DE ESPAÑA,Transporte,MERCANCÍAS,"Vehículo pesado (> 3,5 Tn)",Diésel,litros,combustible,2024,2024,2.57082,ANNUAL,,DEFRA,"DEFRA - ""Fuels - Liquid Fuels -Diesel (average biofuel blend)""",,0,1,,,Transporte_Base_Maestra_y_Contrato_V2_CORREGIDA.xlsx,Factores
TRA_10450F63A7AA03,FUERA DE ESPAÑA,Transporte,MERCANCÍAS,"Vehículo pesado (> 3,5 Tn)",Diésel,litros,combustible,2025,2025,2.58354,ANNUAL,,DEFRA,"DEFRA - ""Fuels - Liquid Fuels -Diesel (average biofuel blend)""",,0,1,,,Transporte_Base_Maestra_y_Contrato_V2_CORREGIDA.xlsx,Factores
TRA_56F33D78EF71B2,FUERA DE ESPAÑA,Transporte,MERCANCÍAS,"Vehículo pesado (> 3,5 Tn)",Biodiésel,litros,combustible,2022,2022,0.16751,ANNUAL,,DEFRA,"DEFRA - ""Bioenergy - Biofuel - Biodiesel ME""",,0,1,,,Transporte_Base_Maestra_y_Contrato_V2_CORREGIDA.xlsx,Factores
TRA_9071D782FB7BAF,FUERA DE ESPAÑA,Transporte,MERCANCÍAS,"Vehículo pesado (> 3,5 Tn)",Biodiésel,litros,combustible,2023,2023,0.16751,ANNUAL,,DEFRA,"DEFRA - ""Bioenergy - Biofuel - Biodiesel ME""",,0,1,,,Transporte_Base_Maestra_y_Contrato_V2_CORREGIDA.xlsx,Factores
TRA_9FFB17FDAC64F5,FUERA DE ESPAÑA,Transporte,MERCANCÍAS,"Vehículo pesado (> 3,5 Tn)",Biodiésel,litros,combustible,2024,2024,0.16751,ANNUAL,,DEFRA,"DEFRA - ""Bioenergy - Biofuel - Biodiesel ME""",,0,1,,,Transporte_Base_Maestra_y_Contrato_V2_CORREGIDA.xlsx,Factores
TRA_B3BF8F8E9AC338,FUERA DE ESPAÑA,Transporte,MERCANCÍAS,"Vehículo pesado (> 3,5 Tn)",Biodiésel,litros,combustible,2025,2025,0.16751,ANNUAL,,DEFRA,"DEFRA - ""Bioenergy - Biofuel - Biodiesel ME""",,0,1,,,Transporte_Base_Maestra_y_Contrato_V2_CORREGIDA.xlsx,Factores
TRA_9597E018D4164B,FUERA DE ESPAÑA,Transporte,MERCANCÍAS,"Vehículo pesado (> 3,5 Tn)",Bioetanol,litros,combustible,2022,2022,0.00901,ANNUAL,,DEFRA,"DEFRA - ""Bioenergy - Biofuel - Bioethanol""",,0,1,,,Transporte_Base_Maestra_y_Contrato_V2_CORREGIDA.xlsx,Factores
TRA_9857DEAB21EC20,FUERA DE ESPAÑA,Transporte,MERCANCÍAS,"Vehículo pesado (> 3,5 Tn)",Bioetanol,litros,combustible,2023,2023,0.00901,ANNUAL,,DEFRA,"DEFRA - ""Bioenergy - Biofuel - Bioethanol""",,0,1,,,Transporte_Base_Maestra_y_Contrato_V2_CORREGIDA.xlsx,Factores
TRA_A6074E1D8FEEAB,FUERA DE ESPAÑA,Transporte,MERCANCÍAS,"Vehículo pesado (> 3,5 Tn)",Bioetanol,litros,combustible,2024,2024,0.00901,ANNUAL,,DEFRA,"DEFRA - ""Bioenergy - Biofuel - Bioethanol""",,0,1,,,Transporte_Base_Maestra_y_Contrato_V2_CORREGIDA.xlsx,Factores
TRA_1D6D97C57CFEE6,FUERA DE ESPAÑA,Transporte,MERCANCÍAS,"Vehículo pesado (> 3,5 Tn)",Bioetanol,litros,combustible,2025,2025,0.00901,ANNUAL,,DEFRA,"DEFRA - ""Bioenergy - Biofuel - Bioethanol""",,0,1,,,Transporte_Base_Maestra_y_Contrato_V2_CORREGIDA.xlsx,Factores
TRA_C66CE15D274FF2,FUERA DE ESPAÑA,Transporte,MERCANCÍAS,"Vehículo pesado (> 3,5 Tn)",XTL (Biodiésel HVO),litros,combustible,2022,2022,0.03558,ANNUAL,,DEFRA,"DEFRA - ""Bioenergy - Biofuel - Biodiesel HVO""",,0,1,,,Transporte_Base_Maestra_y_Contrato_V2_CORREGIDA.xlsx,Factores
TRA_2A2D845B20C6B2,FUERA DE ESPAÑA,Transporte,MERCANCÍAS,"Vehículo pesado (> 3,5 Tn)",XTL (Biodiésel HVO),litros,combustible,2023,2023,0.03558,ANNUAL,,DEFRA,"DEFRA - ""Bioenergy - Biofuel - Biodiesel HVO""",,0,1,,,Transporte_Base_Maestra_y_Contrato_V2_CORREGIDA.xlsx,Factores
TRA_F5FA6CF4A1ACC0,FUERA DE ESPAÑA,Transporte,MERCANCÍAS,"Vehículo pesado (> 3,5 Tn)",XTL (Biodiésel HVO),litros,combustible,2024,2024,0.03558,ANNUAL,,DEFRA,"DEFRA - ""Bioenergy - Biofuel - Biodiesel HVO""",,0,1,,,Transporte_Base_Maestra_y_Contrato_V2_CORREGIDA.xlsx,Factores
TRA_E24D960C29DB1E,FUERA DE ESPAÑA,Transporte,MERCANCÍAS,"Vehículo pesado (> 3,5 Tn)",XTL (Biodiésel HVO),litros,combustible,2025,2025,0.03558,ANNUAL,,DEFRA,"DEFRA - ""Bioenergy - Biofuel - Biodiesel HVO""",,0,1,,,Transporte_Base_Maestra_y_Contrato_V2_CORREGIDA.xlsx,Factores
TRA_C7BEFFF1C6424B,FUERA DE ESPAÑA,Transporte,MERCANCÍAS,"Vehículo pesado (> 3,5 Tn)",LPG,litros,combustible,2022,2022,1.55712778389262,ANNUAL,,DEFRA,"DEFRA - ""Fuels - Gaseous fuels - LPG""",,0,1,,,Transporte_Base_Maestra_y_Contrato_V2_CORREGIDA.xlsx,Factores
TRA_3380724E8B3C2C,FUERA DE ESPAÑA,Transporte,MERCANCÍAS,"Vehículo pesado (> 3,5 Tn)",LPG,litros,combustible,2023,2023,1.55713,ANNUAL,,DEFRA,"DEFRA - ""Fuels - Gaseous fuels - LPG""",,0,1,,,Transporte_Base_Maestra_y_Contrato_V2_CORREGIDA.xlsx,Factores
TRA_3EE57E086CD009,FUERA DE ESPAÑA,Transporte,MERCANCÍAS,"Vehículo pesado (> 3,5 Tn)",LPG,litros,combustible,2024,2024,1.55713,ANNUAL,,DEFRA,"DEFRA - ""Fuels - Gaseous fuels - LPG""",,0,1,,,Transporte_Base_Maestra_y_Contrato_V2_CORREGIDA.xlsx,Factores
TRA_46E562CA7711FE,FUERA DE ESPAÑA,Transporte,MERCANCÍAS,"Vehículo pesado (> 3,5 Tn)",LPG,litros,combustible,2025,2025,1.55713,ANNUAL,,DEFRA,"DEFRA - ""Fuels - Gaseous fuels - LPG""",,0,1,,,Transporte_Base_Maestra_y_Contrato_V2_CORREGIDA.xlsx,Factores
TRA_3C98037753BAEE,ESPAÑA,Transporte,PRIVADO,Ciclomotores (50cc),Gasolina,km,distancia,2022,2022,0.058,ANNUAL,,MITECO,"MITECO - ""3. Vehículos y maquinaria"" ""A. Transporte por carretera"" ""Opción A2. Distancia recorrida (km)"" ""Gasolina (km)"" ""Ciclomotores (L1e, L2e)""",,0,0,,,Transporte_Base_Maestra_y_Contrato_V2_CORREGIDA.xlsx,Factores
TRA_FCE22578582AFC,ESPAÑA,Transporte,PRIVADO,Ciclomotores (50cc),Gasolina,km,distancia,2023,2023,0.058,ANNUAL,,MITECO,"MITECO - ""3. Vehículos y maquinaria"" ""A. Transporte por carretera"" ""Opción A2. Distancia recorrida (km)"" ""Gasolina (km)"" ""Ciclomotores (L1e, L2e)""",,0,0,,,Transporte_Base_Maestra_y_Contrato_V2_CORREGIDA.xlsx,Factores
TRA_CFBDD661D35042,ESPAÑA,Transporte,PRIVADO,Ciclomotores (50cc),Gasolina,km,distancia,2024,2024,0.058,ANNUAL,,MITECO,"MITECO - ""3. Vehículos y maquinaria"" ""A. Transporte por carretera"" ""Opción A2. Distancia recorrida (km)"" ""Gasolina (km)"" ""Ciclomotores (L1e, L2e)""",,0,0,,,Transporte_Base_Maestra_y_Contrato_V2_CORREGIDA.xlsx,Factores
TRA_44BDAFBC71FBF6,ESPAÑA,Transporte,PRIVADO,Ciclomotores (50cc),Gasolina,km,distancia,2025,2025,0.058,ANNUAL,,MITECO,"MITECO - ""3. Vehículos y maquinaria"" ""A. Transporte por carretera"" ""Opción A2. Distancia recorrida (km)"" ""Gasolina (km)"" ""Ciclomotores (L1e, L2e)""",,0,0,,,Transporte_Base_Maestra_y_Contrato_V2_CORREGIDA.xlsx,Factores
TRA_9AB762D8F36A44,ESPAÑA,Transporte,PRIVADO,Motocicletas (> 50cc),Gasolina,km,distancia,2022,2022,0.102,ANNUAL,,MITECO,"MITECO - ""3. Vehículos y maquinaria"" ""A. Transporte por carretera"" ""Opción A2. Distancia recorrida (km)"" ""Gaslina (km)"" ""Motocicletas (L3e, L4e, L5e, L6e, L7e)""",,0,0,,,Transporte_Base_Maestra_y_Contrato_V2_CORREGIDA.xlsx,Factores
TRA_56B03C1F8AC433,ESPAÑA,Transporte,PRIVADO,Motocicletas (> 50cc),Gasolina,km,distancia,2023,2023,0.1,ANNUAL,,MITECO,"MITECO - ""3. Vehículos y maquinaria"" ""A. Transporte por carretera"" ""Opción A2. Distancia recorrida (km)"" ""Gaslina (km)"" ""Motocicletas (L3e, L4e, L5e, L6e, L7e)""",,0,0,,,Transporte_Base_Maestra_y_Contrato_V2_CORREGIDA.xlsx,Factores
TRA_CF0A6D9982F5C5,ESPAÑA,Transporte,PRIVADO,Motocicletas (> 50cc),Gasolina,km,distancia,2024,2024,0.099,ANNUAL,,MITECO,"MITECO - ""3. Vehículos y maquinaria"" ""A. Transporte por carretera"" ""Opción A2. Distancia recorrida (km)"" ""Gaslina (km)"" ""Motocicletas (L3e, L4e, L5e, L6e, L7e)""",,0,0,,,Transporte_Base_Maestra_y_Contrato_V2_CORREGIDA.xlsx,Factores
TRA_7C3E235A16EFD4,ESPAÑA,Transporte,PRIVADO,Motocicletas (> 50cc),Gasolina,km,distancia,2025,2025,0.099,ANNUAL,,MITECO,"MITECO - ""3. Vehículos y maquinaria"" ""A. Transporte por carretera"" ""Opción A2. Distancia recorrida (km)"" ""Gaslina (km)"" ""Motocicletas (L3e, L4e, L5e, L6e, L7e)""",,0,0,,,Transporte_Base_Maestra_y_Contrato_V2_CORREGIDA.xlsx,Factores
TRA_1CA1415B4E4274,ESPAÑA,Transporte,PRIVADO,Turismos/ Taxis (hasta 8 asientos),Gasóleo,km,distancia,2022,2022,0.162,ANNUAL,,MITECO,"MITECO - ""3. Vehículos y maquinaria"" ""A. Transporte por carretera"" ""Opción A2. Distancia recorrida (km)"" ""Gasoil (km)"" ""Turismos (M1)""",,0,0,,,Transporte_Base_Maestra_y_Contrato_V2_CORREGIDA.xlsx,Factores
TRA_055DD0D5A60B7B,ESPAÑA,Transporte,PRIVADO,Turismos/ Taxis (hasta 8 asientos),Gasóleo,km,distancia,2023,2023,0.162,ANNUAL,,MITECO,"MITECO - ""3. Vehículos y maquinaria"" ""A. Transporte por carretera"" ""Opción A2. Distancia recorrida (km)"" ""Gasoil (km)"" ""Turismos (M1)""",,0,0,,,Transporte_Base_Maestra_y_Contrato_V2_CORREGIDA.xlsx,Factores
TRA_4ABF078A8490C8,ESPAÑA,Transporte,PRIVADO,Turismos/ Taxis (hasta 8 asientos),Gasóleo,km,distancia,2024,2024,0.158,ANNUAL,,MITECO,"MITECO - ""3. Vehículos y maquinaria"" ""A. Transporte por carretera"" ""Opción A2. Distancia recorrida (km)"" ""Gasoil (km)"" ""Turismos (M1)""",,0,0,,,Transporte_Base_Maestra_y_Contrato_V2_CORREGIDA.xlsx,Factores
TRA_DC5C5A1D4A7F05,ESPAÑA,Transporte,PRIVADO,Turismos/ Taxis (hasta 8 asientos),Gasóleo,km,distancia,2025,2025,0.159,ANNUAL,,MITECO,"MITECO - ""3. Vehículos y maquinaria"" ""A. Transporte por carretera"" ""Opción A2. Distancia recorrida (km)"" ""Gasoil (km)"" ""Turismos (M1)""",,0,0,,,Transporte_Base_Maestra_y_Contrato_V2_CORREGIDA.xlsx,Factores
TRA_4C5A4D970E6D8A,ESPAÑA,Transporte,PRIVADO,Turismos/ Taxis (hasta 8 asientos),Gasolina,km,distancia,2022,2022,0.193,ANNUAL,,MITECO,"MITECO - ""3. Vehículos y maquinaria"" ""A. Transporte por carretera"" ""Opción A2. Distancia recorrida (km)"" ""Gasolina (km)"" ""Turismos (M1)""",,0,0,,,Transporte_Base_Maestra_y_Contrato_V2_CORREGIDA.xlsx,Factores
TRA_696FBFABD454C1,ESPAÑA,Transporte,PRIVADO,Turismos/ Taxis (hasta 8 asientos),Gasolina,km,distancia,2023,2023,0.189,ANNUAL,,MITECO,"MITECO - ""3. Vehículos y maquinaria"" ""A. Transporte por carretera"" ""Opción A2. Distancia recorrida (km)"" ""Gasolina (km)"" ""Turismos (M1)""",,0,0,,,Transporte_Base_Maestra_y_Contrato_V2_CORREGIDA.xlsx,Factores
TRA_C56B7124E2E4B7,ESPAÑA,Transporte,PRIVADO,Turismos/ Taxis (hasta 8 asientos),Gasolina,km,distancia,2024,2024,0.185,ANNUAL,,MITECO,"MITECO - ""3. Vehículos y maquinaria"" ""A. Transporte por carretera"" ""Opción A2. Distancia recorrida (km)"" ""Gasolina (km)"" ""Turismos (M1)""",,0,0,,,Transporte_Base_Maestra_y_Contrato_V2_CORREGIDA.xlsx,Factores
TRA_FC89D642899846,ESPAÑA,Transporte,PRIVADO,Turismos/ Taxis (hasta 8 asientos),Gasolina,km,distancia,2025,2025,0.183,ANNUAL,,MITECO,"MITECO - ""3. Vehículos y maquinaria"" ""A. Transporte por carretera"" ""Opción A2. Distancia recorrida (km)"" ""Gasolina (km)"" ""Turismos (M1)""",,0,0,,,Transporte_Base_Maestra_y_Contrato_V2_CORREGIDA.xlsx,Factores
TRA_6A917BF21B54E5,ESPAÑA,Transporte,PRIVADO,Turismos/ Taxis (hasta 8 asientos),LPG,km,distancia,2022,2022,0.187,ANNUAL,,MITECO,"MITECO - ""3. Vehículos y maquinaria"" ""A. Transporte por carretera"" ""Opción A2. Distancia recorrida (km)"" ""LPG (km)"" ""Turismos (M1)""",,0,0,,,Transporte_Base_Maestra_y_Contrato_V2_CORREGIDA.xlsx,Factores
TRA_CB18C4C34043BF,ESPAÑA,Transporte,PRIVADO,Turismos/ Taxis (hasta 8 asientos),LPG,km,distancia,2023,2023,0.186,ANNUAL,,MITECO,"MITECO - ""3. Vehículos y maquinaria"" ""A. Transporte por carretera"" ""Opción A2. Distancia recorrida (km)"" ""LPG (km)"" ""Turismos (M1)""",,0,0,,,Transporte_Base_Maestra_y_Contrato_V2_CORREGIDA.xlsx,Factores
TRA_E0AD44C4EBD67D,ESPAÑA,Transporte,PRIVADO,Turismos/ Taxis (hasta 8 asientos),LPG,km,distancia,2024,2024,0.186,ANNUAL,,MITECO,"MITECO - ""3. Vehículos y maquinaria"" ""A. Transporte por carretera"" ""Opción A2. Distancia recorrida (km)"" ""LPG (km)"" ""Turismos (M1)""",,0,0,,,Transporte_Base_Maestra_y_Contrato_V2_CORREGIDA.xlsx,Factores
TRA_706E193D7FEECE,ESPAÑA,Transporte,PRIVADO,Turismos/ Taxis (hasta 8 asientos),LPG,km,distancia,2025,2025,0.186,ANNUAL,,MITECO,"MITECO - ""3. Vehículos y maquinaria"" ""A. Transporte por carretera"" ""Opción A2. Distancia recorrida (km)"" ""LPG (km)"" ""Turismos (M1)""",,0,0,,,Transporte_Base_Maestra_y_Contrato_V2_CORREGIDA.xlsx,Factores
TRA_CAE5B330DB224F,ESPAÑA,Transporte,PRIVADO,Turismos/ Taxis (hasta 8 asientos),CNG,km,distancia,2022,2022,0.185,ANNUAL,,MITECO,"MITECO - ""3. Vehículos y maquinaria"" ""A. Transporte por carretera"" ""Opción A2. Distancia recorrida (km)"" ""CNG (km)"" ""Turismos (M1)""",,0,0,,,Transporte_Base_Maestra_y_Contrato_V2_CORREGIDA.xlsx,Factores
TRA_A318C510806CDC,ESPAÑA,Transporte,PRIVADO,Turismos/ Taxis (hasta 8 asientos),CNG,km,distancia,2023,2023,0.18,ANNUAL,,MITECO,"MITECO - ""3. Vehículos y maquinaria"" ""A. Transporte por carretera"" ""Opción A2. Distancia recorrida (km)"" ""CNG (km)"" ""Turismos (M1)""",,0,0,,,Transporte_Base_Maestra_y_Contrato_V2_CORREGIDA.xlsx,Factores
TRA_DAA4EA0154CF9B,ESPAÑA,Transporte,PRIVADO,Turismos/ Taxis (hasta 8 asientos),CNG,km,distancia,2024,2024,0.181,ANNUAL,,MITECO,"MITECO - ""3. Vehículos y maquinaria"" ""A. Transporte por carretera"" ""Opción A2. Distancia recorrida (km)"" ""CNG (km)"" ""Turismos (M1)""",,0,0,,,Transporte_Base_Maestra_y_Contrato_V2_CORREGIDA.xlsx,Factores
TRA_786C8B15BFF4C7,ESPAÑA,Transporte,PRIVADO,Turismos/ Taxis (hasta 8 asientos),CNG,km,distancia,2025,2025,0.181,ANNUAL,,MITECO,"MITECO - ""3. Vehículos y maquinaria"" ""A. Transporte por carretera"" ""Opción A2. Distancia recorrida (km)"" ""CNG (km)"" ""Turismos (M1)""",,0,0,,,Transporte_Base_Maestra_y_Contrato_V2_CORREGIDA.xlsx,Factores
TRA_79E00C216D32AB,ESPAÑA,Transporte,PRIVADO,Turismos/ Taxis (hasta 8 asientos),Híbrido,km,distancia,2022,2022,0.12004,ANNUAL,,DEFRA,"DEFRA ""Passenger vehicles / Business travel - land"" ""Car (by size) Average Car"" ""Hybrid""",,0,0,,,Transporte_Base_Maestra_y_Contrato_V2_CORREGIDA.xlsx,Factores
TRA_791CE736B8A6A2,ESPAÑA,Transporte,PRIVADO,Turismos/ Taxis (hasta 8 asientos),Híbrido,km,distancia,2023,2023,0.118979,ANNUAL,,DEFRA,"DEFRA ""Passenger vehicles / Business travel - land"" ""Car (by size) Average Car"" ""Hybrid""",,0,0,,,Transporte_Base_Maestra_y_Contrato_V2_CORREGIDA.xlsx,Factores
TRA_F7C131D4107C8A,ESPAÑA,Transporte,PRIVADO,Turismos/ Taxis (hasta 8 asientos),Híbrido,km,distancia,2024,2024,0.12607,ANNUAL,,DEFRA,"DEFRA ""Passenger vehicles / Business travel - land"" ""Car (by size) Average Car"" ""Hybrid""",,0,0,,,Transporte_Base_Maestra_y_Contrato_V2_CORREGIDA.xlsx,Factores
TRA_2615D6D26FB222,ESPAÑA,Transporte,PRIVADO,Turismos/ Taxis (hasta 8 asientos),Híbrido,km,distancia,2025,2025,0.12825,ANNUAL,,DEFRA,"DEFRA ""Passenger vehicles / Business travel - land"" ""Car (by size) Average Car"" ""Hybrid""",,0,0,,,Transporte_Base_Maestra_y_Contrato_V2_CORREGIDA.xlsx,Factores
TRA_98E3C2F95228A7,ESPAÑA,Transporte,PRIVADO,Vans (pasajeros),Diésel,km,distancia,2022,2022,0.209534,ANNUAL,,DEFRA,"DEFRA ""Passenger vehicles / Business travel - land"" ""Car (by size) Large Car"" ""Diésel""",,0,0,,,Transporte_Base_Maestra_y_Contrato_V2_CORREGIDA.xlsx,Factores
TRA_2FF0C4616E1A9B,ESPAÑA,Transporte,PRIVADO,Vans (pasajeros),Diésel,km,distancia,2023,2023,0.208586,ANNUAL,,DEFRA,"DEFRA ""Passenger vehicles / Business travel - land"" ""Car (by size) Large Car"" ""Diésel""",,0,0,,,Transporte_Base_Maestra_y_Contrato_V2_CORREGIDA.xlsx,Factores
TRA_1AE96C9FECE643,ESPAÑA,Transporte,PRIVADO,Vans (pasajeros),Diésel,km,distancia,2024,2024,0.20729,ANNUAL,,DEFRA,"DEFRA ""Passenger vehicles / Business travel - land"" ""Car (by size) Large Car"" ""Diésel""",,0,0,,,Transporte_Base_Maestra_y_Contrato_V2_CORREGIDA.xlsx,Factores
TRA_EB5D6C4A3BDB4C,ESPAÑA,Transporte,PRIVADO,Vans (pasajeros),Diésel,km,distancia,2025,2025,0.21007,ANNUAL,,DEFRA,"DEFRA ""Passenger vehicles / Business travel - land"" ""Car (by size) Large Car"" ""Diésel""",,0,0,,,Transporte_Base_Maestra_y_Contrato_V2_CORREGIDA.xlsx,Factores
TRA_6AEF1ED8779CCE,ESPAÑA,Transporte,PRIVADO,Vans (pasajeros),Gasolina,km,distancia,2022,2022,0.27639,ANNUAL,,DEFRA,"DEFRA ""Passenger vehicles / Business travel - land"" ""Car (by size) Large Car"" ""Petrol""",,0,0,,,Transporte_Base_Maestra_y_Contrato_V2_CORREGIDA.xlsx,Factores
TRA_A843BC8E2C5A45,ESPAÑA,Transporte,PRIVADO,Vans (pasajeros),Gasolina,km,distancia,2023,2023,0.272239,ANNUAL,,DEFRA,"DEFRA ""Passenger vehicles / Business travel - land"" ""Car (by size) Large Car"" ""Petrol""",,0,0,,,Transporte_Base_Maestra_y_Contrato_V2_CORREGIDA.xlsx,Factores
TRA_731E1184E6A0A9,ESPAÑA,Transporte,PRIVADO,Vans (pasajeros),Gasolina,km,distancia,2024,2024,0.26885,ANNUAL,,DEFRA,"DEFRA ""Passenger vehicles / Business travel - land"" ""Car (by size) Large Car"" ""Petrol""",,0,0,,,Transporte_Base_Maestra_y_Contrato_V2_CORREGIDA.xlsx,Factores
TRA_23E3B5611639DA,ESPAÑA,Transporte,PRIVADO,Vans (pasajeros),Gasolina,km,distancia,2025,2025,0.26828,ANNUAL,,DEFRA,"DEFRA ""Passenger vehicles / Business travel - land"" ""Car (by size) Large Car"" ""Petrol""",,0,0,,,Transporte_Base_Maestra_y_Contrato_V2_CORREGIDA.xlsx,Factores
TRA_C31827BEE116E4,ESPAÑA,Transporte,PRIVADO,Vans (pasajeros),GNC,km,distancia,2022,2022,0.23578,ANNUAL,,DEFRA,"DEFRA ""Passenger vehicles / Business travel - land"" ""Car (by size) Large Car"" ""CNG""",,0,0,,,Transporte_Base_Maestra_y_Contrato_V2_CORREGIDA.xlsx,Factores
TRA_1D56E8863B4B22,ESPAÑA,Transporte,PRIVADO,Vans (pasajeros),GNC,km,distancia,2023,2023,0.238454,ANNUAL,,DEFRA,"DEFRA ""Passenger vehicles / Business travel - land"" ""Car (by size) Large Car"" ""CNG""",,0,0,,,Transporte_Base_Maestra_y_Contrato_V2_CORREGIDA.xlsx,Factores
TRA_52C057CF35CF51,ESPAÑA,Transporte,PRIVADO,Vans (pasajeros),GNC,km,distancia,2024,2024,0.23705,ANNUAL,,DEFRA,"DEFRA ""Passenger vehicles / Business travel - land"" ""Car (by size) Large Car"" ""CNG""",,0,0,,,Transporte_Base_Maestra_y_Contrato_V2_CORREGIDA.xlsx,Factores
TRA_2CCB517916FB3A,ESPAÑA,Transporte,PRIVADO,Vans (pasajeros),GNC,km,distancia,2025,2025,0.23722,ANNUAL,,DEFRA,"DEFRA ""Passenger vehicles / Business travel - land"" ""Car (by size) Large Car"" ""CNG""",,0,0,,,Transporte_Base_Maestra_y_Contrato_V2_CORREGIDA.xlsx,Factores
TRA_29BFCC5C641B87,ESPAÑA,Transporte,PRIVADO,Vans (pasajeros),GLP,km,distancia,2022,2022,0.2668,ANNUAL,,DEFRA,"DEFRA ""Passenger vehicles / Business travel - land"" ""Car (by size) Large Car""""LPG""",,0,0,,,Transporte_Base_Maestra_y_Contrato_V2_CORREGIDA.xlsx,Factores
TRA_AA1E9B09EB3CA3,ESPAÑA,Transporte,PRIVADO,Vans (pasajeros),GLP,km,distancia,2023,2023,0.269141,ANNUAL,,DEFRA,"DEFRA ""Passenger vehicles / Business travel - land"" ""Car (by size) Large Car""""LPG""",,0,0,,,Transporte_Base_Maestra_y_Contrato_V2_CORREGIDA.xlsx,Factores
TRA_DD6376ED0A9456,ESPAÑA,Transporte,PRIVADO,Vans (pasajeros),GLP,km,distancia,2024,2024,0.26759,ANNUAL,,DEFRA,"DEFRA ""Passenger vehicles / Business travel - land"" ""Car (by size) Large Car""""LPG""",,0,0,,,Transporte_Base_Maestra_y_Contrato_V2_CORREGIDA.xlsx,Factores
TRA_8DC9B044206A86,ESPAÑA,Transporte,PRIVADO,Vans (pasajeros),GLP,km,distancia,2025,2025,0.26771,ANNUAL,,DEFRA,"DEFRA ""Passenger vehicles / Business travel - land"" ""Car (by size) Large Car""""LPG""",,0,0,,,Transporte_Base_Maestra_y_Contrato_V2_CORREGIDA.xlsx,Factores
TRA_05B08BC80CD5BF,ESPAÑA,Transporte,PRIVADO,Vans (pasajeros),Híbrido,km,distancia,2022,2022,0.15491,ANNUAL,,DEFRA,"DEFRA ""Passenger vehicles / Business travel - land"" ""Car (by size) Large Car"" ""Hybrid""",,0,0,,,Transporte_Base_Maestra_y_Contrato_V2_CORREGIDA.xlsx,Factores
TRA_7F296ACE252598,ESPAÑA,Transporte,PRIVADO,Vans (pasajeros),Híbrido,km,distancia,2023,2023,0.152436,ANNUAL,,DEFRA,"DEFRA ""Passenger vehicles / Business travel - land"" ""Car (by size) Large Car"" ""Hybrid""",,0,0,,,Transporte_Base_Maestra_y_Contrato_V2_CORREGIDA.xlsx,Factores
TRA_74F1B3CB9206AC,ESPAÑA,Transporte,PRIVADO,Vans (pasajeros),Híbrido,km,distancia,2024,2024,0.15486,ANNUAL,,DEFRA,"DEFRA ""Passenger vehicles / Business travel - land"" ""Car (by size) Large Car"" ""Hybrid""",,0,0,,,Transporte_Base_Maestra_y_Contrato_V2_CORREGIDA.xlsx,Factores
TRA_0641B64A051ACB,ESPAÑA,Transporte,PRIVADO,Vans (pasajeros),Híbrido,km,distancia,2025,2025,0.1565,ANNUAL,,DEFRA,"DEFRA ""Passenger vehicles / Business travel - land"" ""Car (by size) Large Car"" ""Hybrid""",,0,0,,,Transporte_Base_Maestra_y_Contrato_V2_CORREGIDA.xlsx,Factores
TRA_9458E0144A6B83,ESPAÑA,Transporte,PRIVADO,Vans (pasajeros),Desconocido,km,distancia,2022,2022,0.22733,ANNUAL,,DEFRA,"DEFRA ""Passenger vehicles / Business travel - land"" ""Car (by size) Large Car"" ""Unknown""",,0,0,,,Transporte_Base_Maestra_y_Contrato_V2_CORREGIDA.xlsx,Factores
TRA_AD422755D74366,ESPAÑA,Transporte,PRIVADO,Vans (pasajeros),Desconocido,km,distancia,2023,2023,0.226116,ANNUAL,,DEFRA,"DEFRA ""Passenger vehicles / Business travel - land"" ""Car (by size) Large Car"" ""Unknown""",,0,0,,,Transporte_Base_Maestra_y_Contrato_V2_CORREGIDA.xlsx,Factores
TRA_8F7C7CD8935460,ESPAÑA,Transporte,PRIVADO,Vans (pasajeros),Desconocido,km,distancia,2024,2024,0.22472,ANNUAL,,DEFRA,"DEFRA ""Passenger vehicles / Business travel - land"" ""Car (by size) Large Car"" ""Unknown""",,0,0,,,Transporte_Base_Maestra_y_Contrato_V2_CORREGIDA.xlsx,Factores
TRA_114C717411499A,ESPAÑA,Transporte,PRIVADO,Vans (pasajeros),Desconocido,km,distancia,2025,2025,0.22678,ANNUAL,,DEFRA,"DEFRA ""Passenger vehicles / Business travel - land"" ""Car (by size) Large Car"" ""Unknown""",,0,0,,,Transporte_Base_Maestra_y_Contrato_V2_CORREGIDA.xlsx,Factores
TRA_5F5451F8423C0A,ESPAÑA,Transporte,PÚBLICO,Autobuses (Urbanos y Metropolitanos),Desconocido,km*pasajero,distancia,2022,2022,0.07392,ANNUAL,,OCCC,"OCCC -"" 3. Càlcul d'emissions de GEH"" ""3.2. Combustió en fonts mòbils (transport)"" ""3.2.4. Autobusos i autocars"" ""Autobús urbà""",,0,0,,,Transporte_Base_Maestra_y_Contrato_V2_CORREGIDA.xlsx,Factores
TRA_F4BEC298627CC3,ESPAÑA,Transporte,PÚBLICO,Autobuses (Urbanos y Metropolitanos),Desconocido,km*pasajero,distancia,2023,2023,0.07475,ANNUAL,,OCCC,"OCCC -"" 3. Càlcul d'emissions de GEH"" ""3.2. Combustió en fonts mòbils (transport)"" ""3.2.4. Autobusos i autocars"" ""Autobús urbà""",,0,0,,,Transporte_Base_Maestra_y_Contrato_V2_CORREGIDA.xlsx,Factores
TRA_ED03BE3C8B1E60,ESPAÑA,Transporte,PÚBLICO,Autobuses (Urbanos y Metropolitanos),Desconocido,km*pasajero,distancia,2024,2024,0.07545,ANNUAL,,OCCC,"OCCC -"" 3. Càlcul d'emissions de GEH"" ""3.2. Combustió en fonts mòbils (transport)"" ""3.2.4. Autobusos i autocars"" ""Autobús urbà""",,0,0,,,Transporte_Base_Maestra_y_Contrato_V2_CORREGIDA.xlsx,Factores
TRA_6F7F92386F6F90,ESPAÑA,Transporte,PÚBLICO,Autobuses (Urbanos y Metropolitanos),Desconocido,km*pasajero,distancia,2025,2025,0.07956,ANNUAL,,OCCC,"OCCC -"" 3. Càlcul d'emissions de GEH"" ""3.2. Combustió en fonts mòbils (transport)"" ""3.2.4. Autobusos i autocars"" ""Autobús urbà""",,0,0,,,Transporte_Base_Maestra_y_Contrato_V2_CORREGIDA.xlsx,Factores
TRA_523A41BEFCF081,ESPAÑA,Transporte,PÚBLICO,Trenes Media Distancia (Regionales),Desconocido,km*pasajero,distancia,2022,2022,0.02947,ANNUAL,,OCCC,"OCCC -"" 3. Càlcul d'emissions de GEH"" ""3.2. Combustió en fonts mòbils (transport)"" ""3.2.6. Ferroviari"" ""Renfe Mitjana Distància (Regionals)""",,0,0,,,Transporte_Base_Maestra_y_Contrato_V2_CORREGIDA.xlsx,Factores
TRA_4698C2C33DEFB8,ESPAÑA,Transporte,PÚBLICO,Trenes Media Distancia (Regionales),Desconocido,km*pasajero,distancia,2023,2023,0.02803,ANNUAL,,OCCC,"OCCC -"" 3. Càlcul d'emissions de GEH"" ""3.2. Combustió en fonts mòbils (transport)"" ""3.2.6. Ferroviari"" ""Renfe Mitjana Distància (Regionals)""",,0,0,,,Transporte_Base_Maestra_y_Contrato_V2_CORREGIDA.xlsx,Factores
TRA_FD1B6E34D9100D,ESPAÑA,Transporte,PÚBLICO,Trenes Media Distancia (Regionales),Desconocido,km*pasajero,distancia,2024,2024,0.03056,ANNUAL,,OCCC,"OCCC -"" 3. Càlcul d'emissions de GEH"" ""3.2. Combustió en fonts mòbils (transport)"" ""3.2.6. Ferroviari"" ""Renfe Mitjana Distància (Regionals)""",,0,0,,,Transporte_Base_Maestra_y_Contrato_V2_CORREGIDA.xlsx,Factores
TRA_2A18A4C9C60ED3,ESPAÑA,Transporte,PÚBLICO,Trenes Media Distancia (Regionales),Desconocido,km*pasajero,distancia,2025,2025,0.02786,ANNUAL,,OCCC,"OCCC -"" 3. Càlcul d'emissions de GEH"" ""3.2. Combustió en fonts mòbils (transport)"" ""3.2.6. Ferroviari"" ""Renfe Mitjana Distància (Regionals)""",,0,0,,,Transporte_Base_Maestra_y_Contrato_V2_CORREGIDA.xlsx,Factores
TRA_C70E22BA4E7531,ESPAÑA,Transporte,PÚBLICO,Trenes Cercanías (Urbano y Metropolitano),Desconocido,km*pasajero,distancia,2022,2022,0.03987,ANNUAL,,OCCC,"OCCC -"" 3. Càlcul d'emissions de GEH"" ""3.2. Combustió en fonts mòbils (transport)"" ""3.2.6. Ferroviari"" ""Renfe Rodalies""",,0,0,,,Transporte_Base_Maestra_y_Contrato_V2_CORREGIDA.xlsx,Factores
TRA_5C3B9CBD401980,ESPAÑA,Transporte,PÚBLICO,Trenes Cercanías (Urbano y Metropolitano),Desconocido,km*pasajero,distancia,2023,2023,0.03791,ANNUAL,,OCCC,"OCCC -"" 3. Càlcul d'emissions de GEH"" ""3.2. Combustió en fonts mòbils (transport)"" ""3.2.6. Ferroviari"" ""Renfe Rodalies""",,0,0,,,Transporte_Base_Maestra_y_Contrato_V2_CORREGIDA.xlsx,Factores
TRA_C76EC70014FB9C,ESPAÑA,Transporte,PÚBLICO,Trenes Cercanías (Urbano y Metropolitano),Desconocido,km*pasajero,distancia,2024,2024,0.04134,ANNUAL,,OCCC,"OCCC -"" 3. Càlcul d'emissions de GEH"" ""3.2. Combustió en fonts mòbils (transport)"" ""3.2.6. Ferroviari"" ""Renfe Rodalies""",,0,0,,,Transporte_Base_Maestra_y_Contrato_V2_CORREGIDA.xlsx,Factores
TRA_3DFEE5440DD6E6,ESPAÑA,Transporte,PÚBLICO,Trenes Cercanías (Urbano y Metropolitano),Desconocido,km*pasajero,distancia,2025,2025,0.03768,ANNUAL,,OCCC,"OCCC -"" 3. Càlcul d'emissions de GEH"" ""3.2. Combustió en fonts mòbils (transport)"" ""3.2.6. Ferroviari"" ""Renfe Rodalies""",,0,0,,,Transporte_Base_Maestra_y_Contrato_V2_CORREGIDA.xlsx,Factores
TRA_0F61282736F572,ESPAÑA,Transporte,PÚBLICO,Tren Ligero/Tranvía,Desconocido,km*pasajero,distancia,2022,2022,0.04641,ANNUAL,,OCCC,"OCCC -"" 3. Càlcul d'emissions de GEH"" ""3.2. Combustió en fonts mòbils (transport)"" ""3.2.6. Ferroviari"" ""Tramvia (TRAM)""",,0,0,,,Transporte_Base_Maestra_y_Contrato_V2_CORREGIDA.xlsx,Factores
TRA_6FBF56BCFC0DB3,ESPAÑA,Transporte,PÚBLICO,Tren Ligero/Tranvía,Desconocido,km*pasajero,distancia,2023,2023,0.03634,ANNUAL,,OCCC,"OCCC -"" 3. Càlcul d'emissions de GEH"" ""3.2. Combustió en fonts mòbils (transport)"" ""3.2.6. Ferroviari"" ""Tramvia (TRAM)""",,0,0,,,Transporte_Base_Maestra_y_Contrato_V2_CORREGIDA.xlsx,Factores
TRA_7A806A6167B10C,ESPAÑA,Transporte,PÚBLICO,Tren Ligero/Tranvía,Desconocido,km*pasajero,distancia,2024,2024,0.03543,ANNUAL,,OCCC,"OCCC -"" 3. Càlcul d'emissions de GEH"" ""3.2. Combustió en fonts mòbils (transport)"" ""3.2.6. Ferroviari"" ""Tramvia (TRAM)""",,0,0,,,Transporte_Base_Maestra_y_Contrato_V2_CORREGIDA.xlsx,Factores
TRA_5F3B1026B1C337,ESPAÑA,Transporte,PÚBLICO,Tren Ligero/Tranvía,Desconocido,km*pasajero,distancia,2025,2025,0.03229,ANNUAL,,OCCC,"OCCC -"" 3. Càlcul d'emissions de GEH"" ""3.2. Combustió en fonts mòbils (transport)"" ""3.2.6. Ferroviari"" ""Tramvia (TRAM)""",,0,0,,,Transporte_Base_Maestra_y_Contrato_V2_CORREGIDA.xlsx,Factores
TRA_6AB32783B65E8D,ESPAÑA,Transporte,PÚBLICO,Metro,Desconocido,km*pasajero,distancia,2022,2022,0.0566,ANNUAL,,OCCC,"OCCC -"" 3. Càlcul d'emissions de GEH"" ""3.2. Combustió en fonts mòbils (transport)"" ""3.2.6. Ferroviari"" ""Metro""",,0,0,,,Transporte_Base_Maestra_y_Contrato_V2_CORREGIDA.xlsx,Factores
TRA_B059142402A3A3,ESPAÑA,Transporte,PÚBLICO,Metro,Desconocido,km*pasajero,distancia,2023,2023,0.04019,ANNUAL,,OCCC,"OCCC -"" 3. Càlcul d'emissions de GEH"" ""3.2. Combustió en fonts mòbils (transport)"" ""3.2.6. Ferroviari"" ""Metro""",,0,0,,,Transporte_Base_Maestra_y_Contrato_V2_CORREGIDA.xlsx,Factores
TRA_ED2DB83918EA55,ESPAÑA,Transporte,PÚBLICO,Metro,Desconocido,km*pasajero,distancia,2024,2024,0.0356,ANNUAL,,OCCC,"OCCC -"" 3. Càlcul d'emissions de GEH"" ""3.2. Combustió en fonts mòbils (transport)"" ""3.2.6. Ferroviari"" ""Metro""",,0,0,,,Transporte_Base_Maestra_y_Contrato_V2_CORREGIDA.xlsx,Factores
TRA_2DDED840C15039,ESPAÑA,Transporte,PÚBLICO,Metro,Desconocido,km*pasajero,distancia,2025,2025,0.03828,ANNUAL,,OCCC,"OCCC -"" 3. Càlcul d'emissions de GEH"" ""3.2. Combustió en fonts mòbils (transport)"" ""3.2.6. Ferroviari"" ""Metro""",,0,0,,,Transporte_Base_Maestra_y_Contrato_V2_CORREGIDA.xlsx,Factores
TRA_4066248A641ACA,ESPAÑA,Transporte,VIAJES,Autocar (larga distancia),Gasóleo,km,distancia,2022,2022,0.979,ANNUAL,,MITECO,"MITECO -""3. Vehículos y maquinaria"" ""A. Transporte por carretera"" ""Opción A2. Distancia recorrida (km)"" ""Gasóleo (km)"" ""Autobuses (M2, M3)""",,0,0,,,Transporte_Base_Maestra_y_Contrato_V2_CORREGIDA.xlsx,Factores
TRA_D6B7AD1D58357A,ESPAÑA,Transporte,VIAJES,Autocar (larga distancia),Gasóleo,km,distancia,2023,2023,0.982,ANNUAL,,MITECO,"MITECO -""3. Vehículos y maquinaria"" ""A. Transporte por carretera"" ""Opción A2. Distancia recorrida (km)"" ""Gasóleo (km)"" ""Autobuses (M2, M3)""",,0,0,,,Transporte_Base_Maestra_y_Contrato_V2_CORREGIDA.xlsx,Factores
TRA_4A1C2DB3565F74,ESPAÑA,Transporte,VIAJES,Autocar (larga distancia),Gasóleo,km,distancia,2024,2024,0.983,ANNUAL,,MITECO,"MITECO -""3. Vehículos y maquinaria"" ""A. Transporte por carretera"" ""Opción A2. Distancia recorrida (km)"" ""Gasóleo (km)"" ""Autobuses (M2, M3)""",,0,0,,,Transporte_Base_Maestra_y_Contrato_V2_CORREGIDA.xlsx,Factores
TRA_2A75CB19FBAE9D,ESPAÑA,Transporte,VIAJES,Autocar (larga distancia),Gasóleo,km,distancia,2025,2025,0.981,ANNUAL,,MITECO,"MITECO -""3. Vehículos y maquinaria"" ""A. Transporte por carretera"" ""Opción A2. Distancia recorrida (km)"" ""Gasóleo (km)"" ""Autobuses (M2, M3)""",,0,0,,,Transporte_Base_Maestra_y_Contrato_V2_CORREGIDA.xlsx,Factores
TRA_59923BD18EAFCE,ESPAÑA,Transporte,VIAJES,Autocar (larga distancia),CNG,km,distancia,2022,2022,1.127,ANNUAL,,MITECO,"MITECO -""3. Vehículos y maquinaria"" ""A. Transporte por carretera"" ""Opción A2. Distancia recorrida (km)"" ""CNG (km)"" ""Autobuses (M2, M3)""",,0,0,,,Transporte_Base_Maestra_y_Contrato_V2_CORREGIDA.xlsx,Factores
TRA_A52C39632CF5CD,ESPAÑA,Transporte,VIAJES,Autocar (larga distancia),CNG,km,distancia,2023,2023,1.121,ANNUAL,,MITECO,"MITECO -""3. Vehículos y maquinaria"" ""A. Transporte por carretera"" ""Opción A2. Distancia recorrida (km)"" ""CNG (km)"" ""Autobuses (M2, M3)""",,0,0,,,Transporte_Base_Maestra_y_Contrato_V2_CORREGIDA.xlsx,Factores
TRA_BE2FE3DFC3C9DF,ESPAÑA,Transporte,VIAJES,Autocar (larga distancia),CNG,km,distancia,2024,2024,1.124,ANNUAL,,MITECO,"MITECO -""3. Vehículos y maquinaria"" ""A. Transporte por carretera"" ""Opción A2. Distancia recorrida (km)"" ""CNG (km)"" ""Autobuses (M2, M3)""",,0,0,,,Transporte_Base_Maestra_y_Contrato_V2_CORREGIDA.xlsx,Factores
TRA_350829FBF0BFDF,ESPAÑA,Transporte,VIAJES,Autocar (larga distancia),CNG,km,distancia,2025,2025,1.124,ANNUAL,,MITECO,"MITECO -""3. Vehículos y maquinaria"" ""A. Transporte por carretera"" ""Opción A2. Distancia recorrida (km)"" ""CNG (km)"" ""Autobuses (M2, M3)""",,0,0,,,Transporte_Base_Maestra_y_Contrato_V2_CORREGIDA.xlsx,Factores
TRA_7B736275C72AB5,ESPAÑA,Transporte,VIAJES,Autocar (larga distancia),Gasóleo,km*pasajero,distancia,2022,2022,0.03432678821879383,ANNUAL,,MITECO/OTC,"MITECO -""3. Vehículos y maquinaria"" ""A. Transporte por carretera"" ""Opción A2. Distancia recorrida (km)"" y Observatorio de Transporte de pasajeros por carretera (OTC)",,0,0,,,Transporte_Base_Maestra_y_Contrato_V2_CORREGIDA.xlsx,Factores
TRA_4D70463B704BAC,ESPAÑA,Transporte,VIAJES,Autocar (larga distancia),Gasóleo,km*pasajero,distancia,2023,2023,0.03527298850574712,ANNUAL,,MITECO/OTC,"MITECO -""3. Vehículos y maquinaria"" ""A. Transporte por carretera"" ""Opción A2. Distancia recorrida (km)"" y Observatorio de Transporte de pasajeros por carretera (OTC)",,0,0,,,Transporte_Base_Maestra_y_Contrato_V2_CORREGIDA.xlsx,Factores
TRA_6C521361AC1BFF,ESPAÑA,Transporte,VIAJES,Autocar (larga distancia),Gasóleo,km*pasajero,distancia,2024,2024,0.03495732574679943,ANNUAL,,MITECO/OTC,"MITECO -""3. Vehículos y maquinaria"" ""A. Transporte por carretera"" ""Opción A2. Distancia recorrida (km)"" y Observatorio de Transporte de pasajeros por carretera (OTC)",,0,0,,,Transporte_Base_Maestra_y_Contrato_V2_CORREGIDA.xlsx,Factores
TRA_9A9D0EDC089694,ESPAÑA,Transporte,VIAJES,Autocar (larga distancia),Gasóleo,km*pasajero,distancia,2025,2025,0.034886201991465145,ANNUAL,,MITECO/OTC,"MITECO -""3. Vehículos y maquinaria"" ""A. Transporte por carretera"" ""Opción A2. Distancia recorrida (km)"" y Observatorio de Transporte de pasajeros por carretera (OTC)",,0,0,,,Transporte_Base_Maestra_y_Contrato_V2_CORREGIDA.xlsx,Factores
TRA_42A0AF50173BE3,ESPAÑA,Transporte,VIAJES,Autocar (larga distancia),CNG,km*pasajero,distancia,2022,2022,0.03951612903225807,ANNUAL,,MITECO/OTC,"MITECO -""3. Vehículos y maquinaria"" ""A. Transporte por carretera"" ""Opción A2. Distancia recorrida (km)"" y Observatorio de Transporte de pasajeros por carretera (OTC)",,0,0,,,Transporte_Base_Maestra_y_Contrato_V2_CORREGIDA.xlsx,Factores
TRA_25B612B1CB455B,ESPAÑA,Transporte,VIAJES,Autocar (larga distancia),CNG,km*pasajero,distancia,2023,2023,0.04026580459770115,ANNUAL,,MITECO/OTC,"MITECO -""3. Vehículos y maquinaria"" ""A. Transporte por carretera"" ""Opción A2. Distancia recorrida (km)"" y Observatorio de Transporte de pasajeros por carretera (OTC)",,0,0,,,Transporte_Base_Maestra_y_Contrato_V2_CORREGIDA.xlsx,Factores
TRA_17AE8FB75F4D45,ESPAÑA,Transporte,VIAJES,Autocar (larga distancia),CNG,km*pasajero,distancia,2024,2024,0.03997155049786629,ANNUAL,,MITECO/OTC,"MITECO -""3. Vehículos y maquinaria"" ""A. Transporte por carretera"" ""Opción A2. Distancia recorrida (km)"" y Observatorio de Transporte de pasajeros por carretera (OTC)",,0,0,,,Transporte_Base_Maestra_y_Contrato_V2_CORREGIDA.xlsx,Factores
TRA_318B04C68F991E,ESPAÑA,Transporte,VIAJES,Autocar (larga distancia),CNG,km*pasajero,distancia,2025,2025,0.03997155049786629,ANNUAL,,MITECO/OTC,"MITECO -""3. Vehículos y maquinaria"" ""A. Transporte por carretera"" ""Opción A2. Distancia recorrida (km)"" y Observatorio de Transporte de pasajeros por carretera (OTC)",,0,0,,,Transporte_Base_Maestra_y_Contrato_V2_CORREGIDA.xlsx,Factores
TRA_48504B0BB5526D,ESPAÑA,Transporte,VIAJES,Tren AVE (Larga Distancia),Desconocido,km*pasajero,distancia,2022,2022,0.0266,ANNUAL,,OCCC,"OCCC -"" 3. Càlcul d'emissions de GEH"" ""3.2. Combustió en fonts mòbils (transport)"" ""3.2.6. Ferroviari"" ""Renfe AVE""",,0,0,,,Transporte_Base_Maestra_y_Contrato_V2_CORREGIDA.xlsx,Factores
TRA_4FFCC968D487B1,ESPAÑA,Transporte,VIAJES,Tren AVE (Larga Distancia),Desconocido,km*pasajero,distancia,2023,2023,0.02529,ANNUAL,,OCCC,"OCCC -"" 3. Càlcul d'emissions de GEH"" ""3.2. Combustió en fonts mòbils (transport)"" ""3.2.6. Ferroviari"" ""Renfe AVE""",,0,0,,,Transporte_Base_Maestra_y_Contrato_V2_CORREGIDA.xlsx,Factores
TRA_01E12B543FDE86,ESPAÑA,Transporte,VIAJES,Tren AVE (Larga Distancia),Desconocido,km*pasajero,distancia,2024,2024,0.02758,ANNUAL,,OCCC,"OCCC -"" 3. Càlcul d'emissions de GEH"" ""3.2. Combustió en fonts mòbils (transport)"" ""3.2.6. Ferroviari"" ""Renfe AVE""",,0,0,,,Transporte_Base_Maestra_y_Contrato_V2_CORREGIDA.xlsx,Factores
TRA_621E640BC97BD0,ESPAÑA,Transporte,VIAJES,Tren AVE (Larga Distancia),Desconocido,km*pasajero,distancia,2025,2025,0.02514,ANNUAL,,OCCC,"OCCC -"" 3. Càlcul d'emissions de GEH"" ""3.2. Combustió en fonts mòbils (transport)"" ""3.2.6. Ferroviari"" ""Renfe AVE""",,0,0,,,Transporte_Base_Maestra_y_Contrato_V2_CORREGIDA.xlsx,Factores
TRA_1AD9FCEC583B4E,ESPAÑA,Transporte,VIAJES,Tren AVANT (Larga Distancia),Desconocido,km*pasajero,distancia,2022,2022,0.03168,ANNUAL,,OCCC,"OCCC -"" 3. Càlcul d'emissions de GEH"" ""3.2. Combustió en fonts mòbils (transport)"" ""3.2.6. Ferroviari"" ""Renfe Avant""",,0,0,,,Transporte_Base_Maestra_y_Contrato_V2_CORREGIDA.xlsx,Factores
TRA_55DD9866BBEDA0,ESPAÑA,Transporte,VIAJES,Tren AVANT (Larga Distancia),Desconocido,km*pasajero,distancia,2023,2023,0.03012,ANNUAL,,OCCC,"OCCC -"" 3. Càlcul d'emissions de GEH"" ""3.2. Combustió en fonts mòbils (transport)"" ""3.2.6. Ferroviari"" ""Renfe Avant""",,0,0,,,Transporte_Base_Maestra_y_Contrato_V2_CORREGIDA.xlsx,Factores
TRA_6A28D0A40B9F55,ESPAÑA,Transporte,VIAJES,Tren AVANT (Larga Distancia),Desconocido,km*pasajero,distancia,2024,2024,0.03285,ANNUAL,,OCCC,"OCCC -"" 3. Càlcul d'emissions de GEH"" ""3.2. Combustió en fonts mòbils (transport)"" ""3.2.6. Ferroviari"" ""Renfe Avant""",,0,0,,,Transporte_Base_Maestra_y_Contrato_V2_CORREGIDA.xlsx,Factores
TRA_A67BF2F7E7D5C9,ESPAÑA,Transporte,VIAJES,Tren AVANT (Larga Distancia),Desconocido,km*pasajero,distancia,2025,2025,0.02994,ANNUAL,,OCCC,"OCCC -"" 3. Càlcul d'emissions de GEH"" ""3.2. Combustió en fonts mòbils (transport)"" ""3.2.6. Ferroviari"" ""Renfe Avant""",,0,0,,,Transporte_Base_Maestra_y_Contrato_V2_CORREGIDA.xlsx,Factores
TRA_B72A84ABAA032F,ESPAÑA,Transporte,VIAJES,Tren RENFE (Larga Distancia),Desconocido,km*pasajero,distancia,2022,2022,0.02787,ANNUAL,,OCCC,"OCCC -"" 3. Càlcul d'emissions de GEH"" ""3.2. Combustió en fonts mòbils (transport)"" ""3.2.6. Ferroviari"" ""Renfe Llarga Distància""",,0,0,,,Transporte_Base_Maestra_y_Contrato_V2_CORREGIDA.xlsx,Factores
TRA_048D2362FE113C,ESPAÑA,Transporte,VIAJES,Tren RENFE (Larga Distancia),Desconocido,km*pasajero,distancia,2023,2023,0.0265,ANNUAL,,OCCC,"OCCC -"" 3. Càlcul d'emissions de GEH"" ""3.2. Combustió en fonts mòbils (transport)"" ""3.2.6. Ferroviari"" ""Renfe Llarga Distància""",,0,0,,,Transporte_Base_Maestra_y_Contrato_V2_CORREGIDA.xlsx,Factores
TRA_85D48FB459DD87,ESPAÑA,Transporte,VIAJES,Tren RENFE (Larga Distancia),Desconocido,km*pasajero,distancia,2024,2024,0.0289,ANNUAL,,OCCC,"OCCC -"" 3. Càlcul d'emissions de GEH"" ""3.2. Combustió en fonts mòbils (transport)"" ""3.2.6. Ferroviari"" ""Renfe Llarga Distància""",,0,0,,,Transporte_Base_Maestra_y_Contrato_V2_CORREGIDA.xlsx,Factores
TRA_77CFA41597B17A,ESPAÑA,Transporte,VIAJES,Tren RENFE (Larga Distancia),Desconocido,km*pasajero,distancia,2025,2025,0.02634,ANNUAL,,OCCC,"OCCC -"" 3. Càlcul d'emissions de GEH"" ""3.2. Combustió en fonts mòbils (transport)"" ""3.2.6. Ferroviari"" ""Renfe Llarga Distància""",,0,0,,,Transporte_Base_Maestra_y_Contrato_V2_CORREGIDA.xlsx,Factores
TRA_A533CAD0F9C426,ESPAÑA,Transporte,VIAJES,Vuelo (Nacional pasajero promedio),Desconocido,km*pasajero,distancia,2022,2022,0.24587,ANNUAL,,DEFRA,"DEFRA -""Business Travel - Air"" ""Flights"" ""Domestic, to/from UK"" ""Average passenger",,0,0,,,Transporte_Base_Maestra_y_Contrato_V2_CORREGIDA.xlsx,Factores
TRA_A7C6745DB392F9,ESPAÑA,Transporte,VIAJES,Vuelo (Nacional pasajero promedio),Desconocido,km*pasajero,distancia,2023,2023,0.272577,ANNUAL,,DEFRA,"DEFRA -""Business Travel - Air"" ""Flights"" ""Domestic, to/from UK"" ""Average passenger",,0,0,,,Transporte_Base_Maestra_y_Contrato_V2_CORREGIDA.xlsx,Factores
TRA_9ACDB9AFBA5AD7,ESPAÑA,Transporte,VIAJES,Vuelo (Nacional pasajero promedio),Desconocido,km*pasajero,distancia,2024,2024,0.27257,ANNUAL,,DEFRA,"DEFRA -""Business Travel - Air"" ""Flights"" ""Domestic, to/from UK"" ""Average passenger",,0,0,,,Transporte_Base_Maestra_y_Contrato_V2_CORREGIDA.xlsx,Factores
TRA_C0F0D82150612D,ESPAÑA,Transporte,VIAJES,Vuelo (Nacional pasajero promedio),Desconocido,km*pasajero,distancia,2025,2025,0.22928,ANNUAL,,DEFRA,"DEFRA -""Business Travel - Air"" ""Flights"" ""Domestic, to/from UK"" ""Average passenger",,0,0,,,Transporte_Base_Maestra_y_Contrato_V2_CORREGIDA.xlsx,Factores
TRA_599A69A91078D2,ESPAÑA,Transporte,VIAJES,Vuelo (Internacional pasajero promedio),Desconocido,km*pasajero,distancia,2022,2022,0.18362,ANNUAL,,DEFRA,"DEFRA -""Business Travel - Air"" ""Flights"" ""International, to/from non-UK""",,0,0,,,Transporte_Base_Maestra_y_Contrato_V2_CORREGIDA.xlsx,Factores
TRA_8346EB73E891C6,ESPAÑA,Transporte,VIAJES,Vuelo (Internacional pasajero promedio),Desconocido,km*pasajero,distancia,2023,2023,0.175804,ANNUAL,,DEFRA,"DEFRA -""Business Travel - Air"" ""Flights"" ""International, to/from non-UK""",,0,0,,,Transporte_Base_Maestra_y_Contrato_V2_CORREGIDA.xlsx,Factores
TRA_6259CF319D4ADE,ESPAÑA,Transporte,VIAJES,Vuelo (Internacional pasajero promedio),Desconocido,km*pasajero,distancia,2024,2024,0.1758,ANNUAL,,DEFRA,"DEFRA -""Business Travel - Air"" ""Flights"" ""International, to/from non-UK""",,0,0,,,Transporte_Base_Maestra_y_Contrato_V2_CORREGIDA.xlsx,Factores
TRA_F4A88088EC2898,ESPAÑA,Transporte,VIAJES,Vuelo (Internacional pasajero promedio),Desconocido,km*pasajero,distancia,2025,2025,0.14253,ANNUAL,,DEFRA,"DEFRA -""Business Travel - Air"" ""Flights"" ""International, to/from non-UK""",,0,0,,,Transporte_Base_Maestra_y_Contrato_V2_CORREGIDA.xlsx,Factores
TRA_794F27318FC294,ESPAÑA,Transporte,VIAJES,Vuelo (Internacional clase económica),Desconocido,km*pasajero,distancia,2022,2022,0.140625,ANNUAL,,DEFRA,"DEFRA -""Business Travel - Air"" ""Flights"" ""International, to/from non-UK""",,0,0,,,Transporte_Base_Maestra_y_Contrato_V2_CORREGIDA.xlsx,Factores
TRA_A4448F312055EB,ESPAÑA,Transporte,VIAJES,Vuelo (Internacional clase económica),Desconocido,km*pasajero,distancia,2023,2023,0.134643,ANNUAL,,DEFRA,"DEFRA -""Business Travel - Air"" ""Flights"" ""International, to/from non-UK""",,0,0,,,Transporte_Base_Maestra_y_Contrato_V2_CORREGIDA.xlsx,Factores
TRA_714A43C26BCF90,ESPAÑA,Transporte,VIAJES,Vuelo (Internacional clase económica),Desconocido,km*pasajero,distancia,2024,2024,0.13465,ANNUAL,,DEFRA,"DEFRA -""Business Travel - Air"" ""Flights"" ""International, to/from non-UK""",,0,0,,,Transporte_Base_Maestra_y_Contrato_V2_CORREGIDA.xlsx,Factores
TRA_702AB8096A6C59,ESPAÑA,Transporte,VIAJES,Vuelo (Internacional clase económica),Desconocido,km*pasajero,distancia,2025,2025,0.10916,ANNUAL,,DEFRA,"DEFRA -""Business Travel - Air"" ""Flights"" ""International, to/from non-UK""",,0,0,,,Transporte_Base_Maestra_y_Contrato_V2_CORREGIDA.xlsx,Factores
TRA_95257A0136C1F5,ESPAÑA,Transporte,VIAJES,Vuelo (Internacional clase económica Premium),Desconocido,km*pasajero,distancia,2022,2022,0.225,ANNUAL,,DEFRA,"DEFRA -""Business Travel - Air"" ""Flights"" ""International, to/from non-UK""",,0,0,,,Transporte_Base_Maestra_y_Contrato_V2_CORREGIDA.xlsx,Factores
TRA_4C1AB42DDD580B,ESPAÑA,Transporte,VIAJES,Vuelo (Internacional clase económica Premium),Desconocido,km*pasajero,distancia,2023,2023,0.215419,ANNUAL,,DEFRA,"DEFRA -""Business Travel - Air"" ""Flights"" ""International, to/from non-UK""",,0,0,,,Transporte_Base_Maestra_y_Contrato_V2_CORREGIDA.xlsx,Factores
TRA_CB4BCAA5492381,ESPAÑA,Transporte,VIAJES,Vuelo (Internacional clase económica Premium),Desconocido,km*pasajero,distancia,2024,2024,0.21542,ANNUAL,,DEFRA,"DEFRA -""Business Travel - Air"" ""Flights"" ""International, to/from non-UK""",,0,0,,,Transporte_Base_Maestra_y_Contrato_V2_CORREGIDA.xlsx,Factores
TRA_CB8FCD1B046333,ESPAÑA,Transporte,VIAJES,Vuelo (Internacional clase económica Premium),Desconocido,km*pasajero,distancia,2025,2025,0.17465,ANNUAL,,DEFRA,"DEFRA -""Business Travel - Air"" ""Flights"" ""International, to/from non-UK""",,0,0,,,Transporte_Base_Maestra_y_Contrato_V2_CORREGIDA.xlsx,Factores
TRA_D43E48EA1FEC38,ESPAÑA,Transporte,VIAJES,Vuelo (Internacional clase ejecutiva),Desconocido,km*pasajero,distancia,2022,2022,0.40781,ANNUAL,,DEFRA,"DEFRA -""Business Travel - Air"" ""Flights"" ""International, to/from non-UK""",,0,0,,,Transporte_Base_Maestra_y_Contrato_V2_CORREGIDA.xlsx,Factores
TRA_8878979D75063D,ESPAÑA,Transporte,VIAJES,Vuelo (Internacional clase ejecutiva),Desconocido,km*pasajero,distancia,2023,2023,0.390443,ANNUAL,,DEFRA,"DEFRA -""Business Travel - Air"" ""Flights"" ""International, to/from non-UK""",,0,0,,,Transporte_Base_Maestra_y_Contrato_V2_CORREGIDA.xlsx,Factores
TRA_E665E93F159AE3,ESPAÑA,Transporte,VIAJES,Vuelo (Internacional clase ejecutiva),Desconocido,km*pasajero,distancia,2024,2024,0.39044,ANNUAL,,DEFRA,"DEFRA -""Business Travel - Air"" ""Flights"" ""International, to/from non-UK""",,0,0,,,Transporte_Base_Maestra_y_Contrato_V2_CORREGIDA.xlsx,Factores
TRA_8D97BA25207DA7,ESPAÑA,Transporte,VIAJES,Vuelo (Internacional clase ejecutiva),Desconocido,km*pasajero,distancia,2025,2025,0.31656,ANNUAL,,DEFRA,"DEFRA -""Business Travel - Air"" ""Flights"" ""International, to/from non-UK""",,0,0,,,Transporte_Base_Maestra_y_Contrato_V2_CORREGIDA.xlsx,Factores
TRA_452F1189A6C850,ESPAÑA,Transporte,VIAJES,Vuelo (Internacional clase primera),Desconocido,km*pasajero,distancia,2022,2022,0.56251,ANNUAL,,DEFRA,"DEFRA -""Business Travel - Air"" ""Flights"" ""International, to/from non-UK""",,0,0,,,Transporte_Base_Maestra_y_Contrato_V2_CORREGIDA.xlsx,Factores
TRA_C54CFA9A0C7999,ESPAÑA,Transporte,VIAJES,Vuelo (Internacional clase primera),Desconocido,km*pasajero,distancia,2023,2023,0.538542,ANNUAL,,DEFRA,"DEFRA -""Business Travel - Air"" ""Flights"" ""International, to/from non-UK""",,0,0,,,Transporte_Base_Maestra_y_Contrato_V2_CORREGIDA.xlsx,Factores
TRA_C6CC327B28263C,ESPAÑA,Transporte,VIAJES,Vuelo (Internacional clase primera),Desconocido,km*pasajero,distancia,2024,2024,0.53854,ANNUAL,,DEFRA,"DEFRA -""Business Travel - Air"" ""Flights"" ""International, to/from non-UK""",,0,0,,,Transporte_Base_Maestra_y_Contrato_V2_CORREGIDA.xlsx,Factores
TRA_1D5EF6833D0425,ESPAÑA,Transporte,VIAJES,Vuelo (Internacional clase primera),Desconocido,km*pasajero,distancia,2025,2025,0.43663,ANNUAL,,DEFRA,"DEFRA -""Business Travel - Air"" ""Flights"" ""International, to/from non-UK""",,0,0,,,Transporte_Base_Maestra_y_Contrato_V2_CORREGIDA.xlsx,Factores
TRA_726F6CE6CCDBC1,ESPAÑA,Transporte,VIAJES,Barco de pasajeros (a Pie),Desconocido,km*pasajero,distancia,2022,2022,0.018738,ANNUAL,,DEFRA,"DEFRA -""Business Travel - Sea"" ""Ferry"" ""Foot passenger""",,0,0,,,Transporte_Base_Maestra_y_Contrato_V2_CORREGIDA.xlsx,Factores
TRA_58A33E0B3A178C,ESPAÑA,Transporte,VIAJES,Barco de pasajeros (a Pie),Desconocido,km*pasajero,distancia,2023,2023,0.018711,ANNUAL,,DEFRA,"DEFRA -""Business Travel - Sea"" ""Ferry"" ""Foot passenger""",,0,0,,,Transporte_Base_Maestra_y_Contrato_V2_CORREGIDA.xlsx,Factores
TRA_7CA2772D4A7F18,ESPAÑA,Transporte,VIAJES,Barco de pasajeros (a Pie),Desconocido,km*pasajero,distancia,2024,2024,0.01871,ANNUAL,,DEFRA,"DEFRA -""Business Travel - Sea"" ""Ferry"" ""Foot passenger""",,0,0,,,Transporte_Base_Maestra_y_Contrato_V2_CORREGIDA.xlsx,Factores
TRA_D5008F738E3C1E,ESPAÑA,Transporte,VIAJES,Barco de pasajeros (a Pie),Desconocido,km*pasajero,distancia,2025,2025,0.01871,ANNUAL,,DEFRA,"DEFRA -""Business Travel - Sea"" ""Ferry"" ""Foot passenger""",,0,0,,,Transporte_Base_Maestra_y_Contrato_V2_CORREGIDA.xlsx,Factores
TRA_FCA86F10FA3319,ESPAÑA,Transporte,VIAJES,Barco de pasajeros (con coche),Desconocido,km*pasajero,distancia,2022,2022,0.129517,ANNUAL,,DEFRA,"DEFRA -""Business Travel - Sea"" ""Ferry"" ""Car passenger""",,0,0,,,Transporte_Base_Maestra_y_Contrato_V2_CORREGIDA.xlsx,Factores
TRA_4A589351346415,ESPAÑA,Transporte,VIAJES,Barco de pasajeros (con coche),Desconocido,km*pasajero,distancia,2023,2023,0.129329,ANNUAL,,DEFRA,"DEFRA -""Business Travel - Sea"" ""Ferry"" ""Car passenger""",,0,0,,,Transporte_Base_Maestra_y_Contrato_V2_CORREGIDA.xlsx,Factores
TRA_8B9EF69030FB98,ESPAÑA,Transporte,VIAJES,Barco de pasajeros (con coche),Desconocido,km*pasajero,distancia,2024,2024,0.12933,ANNUAL,,DEFRA,"DEFRA -""Business Travel - Sea"" ""Ferry"" ""Car passenger""",,0,0,,,Transporte_Base_Maestra_y_Contrato_V2_CORREGIDA.xlsx,Factores
TRA_6EDD1AB7CDA29B,ESPAÑA,Transporte,VIAJES,Barco de pasajeros (con coche),Desconocido,km*pasajero,distancia,2025,2025,0.12933,ANNUAL,,DEFRA,"DEFRA -""Business Travel - Sea"" ""Ferry"" ""Car passenger""",,0,0,,,Transporte_Base_Maestra_y_Contrato_V2_CORREGIDA.xlsx,Factores
TRA_9FB94D052B52ED,ESPAÑA,Transporte,VIAJES,Barco de pasajeros promedio (a pie + coche),Desconocido,km*pasajero,distancia,2022,2022,0.112862,ANNUAL,,DEFRA,"DEFRA -""Business Travel - Sea"" ""Ferry"" ""Average (all passenger)""",,0,0,,,Transporte_Base_Maestra_y_Contrato_V2_CORREGIDA.xlsx,Factores
TRA_593D55315482C5,ESPAÑA,Transporte,VIAJES,Barco de pasajeros promedio (a pie + coche),Desconocido,km*pasajero,distancia,2023,2023,0.112698,ANNUAL,,DEFRA,"DEFRA -""Business Travel - Sea"" ""Ferry"" ""Average (all passenger)""",,0,0,,,Transporte_Base_Maestra_y_Contrato_V2_CORREGIDA.xlsx,Factores
TRA_D63C3A33B3223E,ESPAÑA,Transporte,VIAJES,Barco de pasajeros promedio (a pie + coche),Desconocido,km*pasajero,distancia,2024,2024,0.1127,ANNUAL,,DEFRA,"DEFRA -""Business Travel - Sea"" ""Ferry"" ""Average (all passenger)""",,0,0,,,Transporte_Base_Maestra_y_Contrato_V2_CORREGIDA.xlsx,Factores
TRA_374636A5148F01,ESPAÑA,Transporte,VIAJES,Barco de pasajeros promedio (a pie + coche),Desconocido,km*pasajero,distancia,2025,2025,0.1127,ANNUAL,,DEFRA,"DEFRA -""Business Travel - Sea"" ""Ferry"" ""Average (all passenger)""",,0,0,,,Transporte_Base_Maestra_y_Contrato_V2_CORREGIDA.xlsx,Factores
TRA_C3E64682370C57,ESPAÑA,Transporte,MERCANCÍAS,"Furgonetas y furgones Promedio (< 3,5 tn)",Gasóleo,km,distancia,2022,2022,0.25,ANNUAL,,MITECO,"MITECO - ""3. Vehículos y maquinaria"" ""A. Transporte por carretera"" ""Opción A2. Distancia recorrida (km)"" ""Gasóleo (km)"" ""Furgonetas y furgones (N1)""",,0,0,,,Transporte_Base_Maestra_y_Contrato_V2_CORREGIDA.xlsx,Factores
TRA_B0E2921B9C775A,ESPAÑA,Transporte,MERCANCÍAS,"Furgonetas y furgones Promedio (< 3,5 tn)",Gasóleo,km,distancia,2023,2023,0.249,ANNUAL,,MITECO,"MITECO - ""3. Vehículos y maquinaria"" ""A. Transporte por carretera"" ""Opción A2. Distancia recorrida (km)"" ""Gasóleo (km)"" ""Furgonetas y furgones (N1)""",,0,0,,,Transporte_Base_Maestra_y_Contrato_V2_CORREGIDA.xlsx,Factores
TRA_DFF96111EC7831,ESPAÑA,Transporte,MERCANCÍAS,"Furgonetas y furgones Promedio (< 3,5 tn)",Gasóleo,km,distancia,2024,2024,0.241,ANNUAL,,MITECO,"MITECO - ""3. Vehículos y maquinaria"" ""A. Transporte por carretera"" ""Opción A2. Distancia recorrida (km)"" ""Gasóleo (km)"" ""Furgonetas y furgones (N1)""",,0,0,,,Transporte_Base_Maestra_y_Contrato_V2_CORREGIDA.xlsx,Factores
TRA_C4940700498361,ESPAÑA,Transporte,MERCANCÍAS,"Furgonetas y furgones Promedio (< 3,5 tn)",Gasóleo,km,distancia,2025,2025,0.243,ANNUAL,,MITECO,"MITECO - ""3. Vehículos y maquinaria"" ""A. Transporte por carretera"" ""Opción A2. Distancia recorrida (km)"" ""Gasóleo (km)"" ""Furgonetas y furgones (N1)""",,0,0,,,Transporte_Base_Maestra_y_Contrato_V2_CORREGIDA.xlsx,Factores
TRA_FFFCD3AF616323,ESPAÑA,Transporte,MERCANCÍAS,"Furgonetas y furgones Promedio (< 3,5 tn)",Gasolina,km,distancia,2022,2022,0.252,ANNUAL,,MITECO,"MITECO - ""3. Vehículos y maquinaria"" ""A. Transporte por carretera"" ""Opción A2. Distancia recorrida (km)"" ""Gasolina (km)"" ""Furgonetas y furgones (N1)""",,0,0,,,Transporte_Base_Maestra_y_Contrato_V2_CORREGIDA.xlsx,Factores
TRA_D4549C15519B89,ESPAÑA,Transporte,MERCANCÍAS,"Furgonetas y furgones Promedio (< 3,5 tn)",Gasolina,km,distancia,2023,2023,0.24,ANNUAL,,MITECO,"MITECO - ""3. Vehículos y maquinaria"" ""A. Transporte por carretera"" ""Opción A2. Distancia recorrida (km)"" ""Gasolina (km)"" ""Furgonetas y furgones (N1)""",,0,0,,,Transporte_Base_Maestra_y_Contrato_V2_CORREGIDA.xlsx,Factores
TRA_73E05A9CAA15DB,ESPAÑA,Transporte,MERCANCÍAS,"Furgonetas y furgones Promedio (< 3,5 tn)",Gasolina,km,distancia,2024,2024,0.238,ANNUAL,,MITECO,"MITECO - ""3. Vehículos y maquinaria"" ""A. Transporte por carretera"" ""Opción A2. Distancia recorrida (km)"" ""Gasolina (km)"" ""Furgonetas y furgones (N1)""",,0,0,,,Transporte_Base_Maestra_y_Contrato_V2_CORREGIDA.xlsx,Factores
TRA_EE1FE1F9FA009B,ESPAÑA,Transporte,MERCANCÍAS,"Furgonetas y furgones Promedio (< 3,5 tn)",Gasolina,km,distancia,2025,2025,0.238,ANNUAL,,MITECO,"MITECO - ""3. Vehículos y maquinaria"" ""A. Transporte por carretera"" ""Opción A2. Distancia recorrida (km)"" ""Gasolina (km)"" ""Furgonetas y furgones (N1)""",,0,0,,,Transporte_Base_Maestra_y_Contrato_V2_CORREGIDA.xlsx,Factores
TRA_03536A0A7E3616,ESPAÑA,Transporte,MERCANCÍAS,"Furgonetas y furgones Promedio (< 3,5 tn)",LPG,km,distancia,2022,2022,0.187,ANNUAL,,MITECO,"MITECO - ""3. Vehículos y maquinaria"" ""A. Transporte por carretera"" ""Opción A2. Distancia recorrida (km)"" ""LPG"" ""Furgonetas y furgones (N1)""",,0,0,,,Transporte_Base_Maestra_y_Contrato_V2_CORREGIDA.xlsx,Factores
TRA_F946AB3A7E79FB,ESPAÑA,Transporte,MERCANCÍAS,"Furgonetas y furgones Promedio (< 3,5 tn)",LPG,km,distancia,2023,2023,0.186,ANNUAL,,MITECO,"MITECO - ""3. Vehículos y maquinaria"" ""A. Transporte por carretera"" ""Opción A2. Distancia recorrida (km)"" ""LPG"" ""Furgonetas y furgones (N1)""",,0,0,,,Transporte_Base_Maestra_y_Contrato_V2_CORREGIDA.xlsx,Factores
TRA_096A19C59FEED1,ESPAÑA,Transporte,MERCANCÍAS,"Furgonetas y furgones Promedio (< 3,5 tn)",LPG,km,distancia,2024,2024,0.186,ANNUAL,,MITECO,"MITECO - ""3. Vehículos y maquinaria"" ""A. Transporte por carretera"" ""Opción A2. Distancia recorrida (km)"" ""LPG"" ""Furgonetas y furgones (N1)""",,0,0,,,Transporte_Base_Maestra_y_Contrato_V2_CORREGIDA.xlsx,Factores
TRA_55F565357E882A,ESPAÑA,Transporte,MERCANCÍAS,"Furgonetas y furgones Promedio (< 3,5 tn)",LPG,km,distancia,2025,2025,0.186,ANNUAL,,MITECO,"MITECO - ""3. Vehículos y maquinaria"" ""A. Transporte por carretera"" ""Opción A2. Distancia recorrida (km)"" ""LPG"" ""Furgonetas y furgones (N1)""",,0,0,,,Transporte_Base_Maestra_y_Contrato_V2_CORREGIDA.xlsx,Factores
TRA_7ED276E13FEA37,ESPAÑA,Transporte,MERCANCÍAS,"Furgonetas y furgones Promedio (< 3,5 tn)",CNG,km,distancia,2022,2022,0.745,ANNUAL,,MITECO,"MITECO - ""3. Vehículos y maquinaria"" ""A. Transporte por carretera"" ""Opción A2. Distancia recorrida (km)"" ""CNG"" ""Furgonetas y furgones (N1)""",,0,0,,,Transporte_Base_Maestra_y_Contrato_V2_CORREGIDA.xlsx,Factores
TRA_D9728D98A66435,ESPAÑA,Transporte,MERCANCÍAS,"Furgonetas y furgones Promedio (< 3,5 tn)",CNG,km,distancia,2023,2023,0.745,ANNUAL,,MITECO,"MITECO - ""3. Vehículos y maquinaria"" ""A. Transporte por carretera"" ""Opción A2. Distancia recorrida (km)"" ""CNG"" ""Furgonetas y furgones (N1)""",,0,0,,,Transporte_Base_Maestra_y_Contrato_V2_CORREGIDA.xlsx,Factores
TRA_101A61045B26D5,ESPAÑA,Transporte,MERCANCÍAS,"Furgonetas y furgones Promedio (< 3,5 tn)",CNG,km,distancia,2024,2024,0.745,ANNUAL,,MITECO,"MITECO - ""3. Vehículos y maquinaria"" ""A. Transporte por carretera"" ""Opción A2. Distancia recorrida (km)"" ""CNG"" ""Furgonetas y furgones (N1)""",,0,0,,,Transporte_Base_Maestra_y_Contrato_V2_CORREGIDA.xlsx,Factores
TRA_E264A0574E9932,ESPAÑA,Transporte,MERCANCÍAS,"Furgonetas y furgones Promedio (< 3,5 tn)",CNG,km,distancia,2025,2025,0.745,ANNUAL,,MITECO,"MITECO - ""3. Vehículos y maquinaria"" ""A. Transporte por carretera"" ""Opción A2. Distancia recorrida (km)"" ""CNG"" ""Furgonetas y furgones (N1)""",,0,0,,,Transporte_Base_Maestra_y_Contrato_V2_CORREGIDA.xlsx,Factores
TRA_4CF37F173A1ABC,ESPAÑA,Transporte,MERCANCÍAS,"Furgonetas y furgones Promedio (< 3,5 tn)",LNG,km,distancia,2022,2022,0.753,ANNUAL,,MITECO,"MITECO - ""3. Vehículos y maquinaria"" ""A. Transporte por carretera"" ""Opción A2. Distancia recorrida (km)"" ""LNG"" ""Furgonetas y furgones (N1)""",,0,0,,,Transporte_Base_Maestra_y_Contrato_V2_CORREGIDA.xlsx,Factores
TRA_7AF4A91A2524FD,ESPAÑA,Transporte,MERCANCÍAS,"Furgonetas y furgones Promedio (< 3,5 tn)",LNG,km,distancia,2023,2023,0.753,ANNUAL,,MITECO,"MITECO - ""3. Vehículos y maquinaria"" ""A. Transporte por carretera"" ""Opción A2. Distancia recorrida (km)"" ""LNG"" ""Furgonetas y furgones (N1)""",,0,0,,,Transporte_Base_Maestra_y_Contrato_V2_CORREGIDA.xlsx,Factores
TRA_2624298A59D9FA,ESPAÑA,Transporte,MERCANCÍAS,"Furgonetas y furgones Promedio (< 3,5 tn)",LNG,km,distancia,2024,2024,0.753,ANNUAL,,MITECO,"MITECO - ""3. Vehículos y maquinaria"" ""A. Transporte por carretera"" ""Opción A2. Distancia recorrida (km)"" ""LNG"" ""Furgonetas y furgones (N1)""",,0,0,,,Transporte_Base_Maestra_y_Contrato_V2_CORREGIDA.xlsx,Factores
TRA_712B50C244B538,ESPAÑA,Transporte,MERCANCÍAS,"Furgonetas y furgones Promedio (< 3,5 tn)",LNG,km,distancia,2025,2025,0.753,ANNUAL,,MITECO,"MITECO - ""3. Vehículos y maquinaria"" ""A. Transporte por carretera"" ""Opción A2. Distancia recorrida (km)"" ""LNG"" ""Furgonetas y furgones (N1)""",,0,0,,,Transporte_Base_Maestra_y_Contrato_V2_CORREGIDA.xlsx,Factores
TRA_F752471F041E30,ESPAÑA,Transporte,MERCANCÍAS,"Furgonetas y furgones Promedio (< 3,5 tn)",Híbrida gasóleo,km,distancia,2022,2022,0.25,ANNUAL,,MITECO,"MITECO - ""3. Vehículos y maquinaria"" ""A. Transporte por carretera"" ""Opción A2. Distancia recorrida (km)"" ""Gasóleo (km)"" ""Furgonetas y furgones (N1)""",,0,0,,,Transporte_Base_Maestra_y_Contrato_V2_CORREGIDA.xlsx,Factores
TRA_5AF80CCB334325,ESPAÑA,Transporte,MERCANCÍAS,"Furgonetas y furgones Promedio (< 3,5 tn)",Híbrida gasóleo,km,distancia,2023,2023,0.249,ANNUAL,,MITECO,"MITECO - ""3. Vehículos y maquinaria"" ""A. Transporte por carretera"" ""Opción A2. Distancia recorrida (km)"" ""Gasóleo (km)"" ""Furgonetas y furgones (N1)""",,0,0,,,Transporte_Base_Maestra_y_Contrato_V2_CORREGIDA.xlsx,Factores
TRA_4F0A47592A562C,ESPAÑA,Transporte,MERCANCÍAS,"Furgonetas y furgones Promedio (< 3,5 tn)",Híbrida gasóleo,km,distancia,2024,2024,0.241,ANNUAL,,MITECO,"MITECO - ""3. Vehículos y maquinaria"" ""A. Transporte por carretera"" ""Opción A2. Distancia recorrida (km)"" ""Gasóleo (km)"" ""Furgonetas y furgones (N1)""",,0,0,,,Transporte_Base_Maestra_y_Contrato_V2_CORREGIDA.xlsx,Factores
TRA_C6BAA38E1B7DF6,ESPAÑA,Transporte,MERCANCÍAS,"Furgonetas y furgones Promedio (< 3,5 tn)",Híbrida gasóleo,km,distancia,2025,2025,0.243,ANNUAL,,MITECO,"MITECO - ""3. Vehículos y maquinaria"" ""A. Transporte por carretera"" ""Opción A2. Distancia recorrida (km)"" ""Gasóleo (km)"" ""Furgonetas y furgones (N1)""",,0,0,,,Transporte_Base_Maestra_y_Contrato_V2_CORREGIDA.xlsx,Factores
TRA_7B19D86A351E89,ESPAÑA,Transporte,MERCANCÍAS,"Furgonetas y furgones Promedio (< 3,5 tn)",Háibrida gasolina,km,distancia,2022,2022,0.252,ANNUAL,,MITECO,"MITECO - ""3. Vehículos y maquinaria"" ""A. Transporte por carretera"" ""Opción A2. Distancia recorrida (km)"" ""Gasolina (km)"" ""Furgonetas y furgones (N1)""",,0,0,,,Transporte_Base_Maestra_y_Contrato_V2_CORREGIDA.xlsx,Factores
TRA_17746A02305C5C,ESPAÑA,Transporte,MERCANCÍAS,"Furgonetas y furgones Promedio (< 3,5 tn)",Háibrida gasolina,km,distancia,2023,2023,0.24,ANNUAL,,MITECO,"MITECO - ""3. Vehículos y maquinaria"" ""A. Transporte por carretera"" ""Opción A2. Distancia recorrida (km)"" ""Gasolina (km)"" ""Furgonetas y furgones (N1)""",,0,0,,,Transporte_Base_Maestra_y_Contrato_V2_CORREGIDA.xlsx,Factores
TRA_B8B61B223CEE2E,ESPAÑA,Transporte,MERCANCÍAS,"Furgonetas y furgones Promedio (< 3,5 tn)",Háibrida gasolina,km,distancia,2024,2024,0.238,ANNUAL,,MITECO,"MITECO - ""3. Vehículos y maquinaria"" ""A. Transporte por carretera"" ""Opción A2. Distancia recorrida (km)"" ""Gasolina (km)"" ""Furgonetas y furgones (N1)""",,0,0,,,Transporte_Base_Maestra_y_Contrato_V2_CORREGIDA.xlsx,Factores
TRA_12901E6B579F68,ESPAÑA,Transporte,MERCANCÍAS,"Furgonetas y furgones Promedio (< 3,5 tn)",Háibrida gasolina,km,distancia,2025,2025,0.238,ANNUAL,,MITECO,"MITECO - ""3. Vehículos y maquinaria"" ""A. Transporte por carretera"" ""Opción A2. Distancia recorrida (km)"" ""Gasolina (km)"" ""Furgonetas y furgones (N1)""",,0,0,,,Transporte_Base_Maestra_y_Contrato_V2_CORREGIDA.xlsx,Factores
TRA_138C2302FF00DF,ESPAÑA,Transporte,MERCANCÍAS,"Vehículos pesados (> 3,5 tn ) (sin carga)",Gasóleo,km,distancia,2022,2022,0.768,ANNUAL,,MITECO,"MITECO - ""3. Vehículos y maquinaria"" ""A. Transporte por carretera"" ""Opción A2. Distancia recorrida (km)"" ""Camiones (N2, N3)"" ""Gasóleo""",,0,0,,,Transporte_Base_Maestra_y_Contrato_V2_CORREGIDA.xlsx,Factores
TRA_0FEAD154C77C0B,ESPAÑA,Transporte,MERCANCÍAS,"Vehículos pesados (> 3,5 tn ) (sin carga)",Gasóleo,km,distancia,2023,2023,0.768,ANNUAL,,MITECO,"MITECO - ""3. Vehículos y maquinaria"" ""A. Transporte por carretera"" ""Opción A2. Distancia recorrida (km)"" ""Camiones (N2, N3)"" ""Gasóleo""",,0,0,,,Transporte_Base_Maestra_y_Contrato_V2_CORREGIDA.xlsx,Factores
TRA_30DCA2552E4C0A,ESPAÑA,Transporte,MERCANCÍAS,"Vehículos pesados (> 3,5 tn ) (sin carga)",Gasóleo,km,distancia,2024,2024,0.768,ANNUAL,,MITECO,"MITECO - ""3. Vehículos y maquinaria"" ""A. Transporte por carretera"" ""Opción A2. Distancia recorrida (km)"" ""Camiones (N2, N3)"" ""Gasóleo""",,0,0,,,Transporte_Base_Maestra_y_Contrato_V2_CORREGIDA.xlsx,Factores
TRA_968DFFAE470FB6,ESPAÑA,Transporte,MERCANCÍAS,"Vehículos pesados (> 3,5 tn ) (sin carga)",Gasóleo,km,distancia,2025,2025,0.768,ANNUAL,,MITECO,"MITECO - ""3. Vehículos y maquinaria"" ""A. Transporte por carretera"" ""Opción A2. Distancia recorrida (km)"" ""Camiones (N2, N3)"" ""Gasóleo""",,0,0,,,Transporte_Base_Maestra_y_Contrato_V2_CORREGIDA.xlsx,Factores
TRA_6E53FB1F33B4B0,ESPAÑA,Transporte,MERCANCÍAS,"Vehículos pesados (> 3,5 tn ) (sin carga)",Gasolina,km,distancia,2022,2022,0.679,ANNUAL,,MITECO,"MITECO - ""3. Vehículos y maquinaria"" ""A. Transporte por carretera"" ""Opción A2. Distancia recorrida (km)""  ""Camiones (N2, N3)"" ""Gasolina""",,0,0,,,Transporte_Base_Maestra_y_Contrato_V2_CORREGIDA.xlsx,Factores
TRA_F2E59AA2CD2159,ESPAÑA,Transporte,MERCANCÍAS,"Vehículos pesados (> 3,5 tn ) (sin carga)",Gasolina,km,distancia,2023,2023,0.682,ANNUAL,,MITECO,"MITECO - ""3. Vehículos y maquinaria"" ""A. Transporte por carretera"" ""Opción A2. Distancia recorrida (km)""  ""Camiones (N2, N3)"" ""Gasolina""",,0,0,,,Transporte_Base_Maestra_y_Contrato_V2_CORREGIDA.xlsx,Factores
TRA_7BBD3FEDE8BDD2,ESPAÑA,Transporte,MERCANCÍAS,"Vehículos pesados (> 3,5 tn ) (sin carga)",Gasolina,km,distancia,2024,2024,0.677,ANNUAL,,MITECO,"MITECO - ""3. Vehículos y maquinaria"" ""A. Transporte por carretera"" ""Opción A2. Distancia recorrida (km)""  ""Camiones (N2, N3)"" ""Gasolina""",,0,0,,,Transporte_Base_Maestra_y_Contrato_V2_CORREGIDA.xlsx,Factores
TRA_99EB1A5CF20D9F,ESPAÑA,Transporte,MERCANCÍAS,"Vehículos pesados (> 3,5 tn ) (sin carga)",Gasolina,km,distancia,2025,2025,0.678,ANNUAL,,MITECO,"MITECO - ""3. Vehículos y maquinaria"" ""A. Transporte por carretera"" ""Opción A2. Distancia recorrida (km)""  ""Camiones (N2, N3)"" ""Gasolina""",,0,0,,,Transporte_Base_Maestra_y_Contrato_V2_CORREGIDA.xlsx,Factores
TRA_B69D8792B77877,ESPAÑA,Transporte,MERCANCÍAS,"Vehículos pesados (> 3,5 tn ) (sin carga)",LPG,km,distancia,2022,2022,0.187,ANNUAL,,MITECO,"MITECO - ""3. Vehículos y maquinaria"" ""A. Transporte por carretera"" ""Opción A2. Distancia recorrida (km)""  ""Camiones (N2, N3)"" ""LPG""",,0,0,,,Transporte_Base_Maestra_y_Contrato_V2_CORREGIDA.xlsx,Factores
TRA_214E0DEBB35324,ESPAÑA,Transporte,MERCANCÍAS,"Vehículos pesados (> 3,5 tn ) (sin carga)",LPG,km,distancia,2023,2023,0.186,ANNUAL,,MITECO,"MITECO - ""3. Vehículos y maquinaria"" ""A. Transporte por carretera"" ""Opción A2. Distancia recorrida (km)""  ""Camiones (N2, N3)"" ""LPG""",,0,0,,,Transporte_Base_Maestra_y_Contrato_V2_CORREGIDA.xlsx,Factores
TRA_BED566E53EEDF2,ESPAÑA,Transporte,MERCANCÍAS,"Vehículos pesados (> 3,5 tn ) (sin carga)",LPG,km,distancia,2024,2024,0.186,ANNUAL,,MITECO,"MITECO - ""3. Vehículos y maquinaria"" ""A. Transporte por carretera"" ""Opción A2. Distancia recorrida (km)""  ""Camiones (N2, N3)"" ""LPG""",,0,0,,,Transporte_Base_Maestra_y_Contrato_V2_CORREGIDA.xlsx,Factores
TRA_644EFD9A03BFEF,ESPAÑA,Transporte,MERCANCÍAS,"Vehículos pesados (> 3,5 tn ) (sin carga)",LPG,km,distancia,2025,2025,0.186,ANNUAL,,MITECO,"MITECO - ""3. Vehículos y maquinaria"" ""A. Transporte por carretera"" ""Opción A2. Distancia recorrida (km)""  ""Camiones (N2, N3)"" ""LPG""",,0,0,,,Transporte_Base_Maestra_y_Contrato_V2_CORREGIDA.xlsx,Factores
TRA_DF350C1EAB8FAC,ESPAÑA,Transporte,MERCANCÍAS,"Vehículos pesados (> 3,5 tn ) (sin carga)",CNG,km,distancia,2022,2022,0.745,ANNUAL,,MITECO,"MITECO - ""3. Vehículos y maquinaria"" ""A. Transporte por carretera"" ""Opción A2. Distancia recorrida (km)""  ""Camiones (N2, N3)"" ""CNG""",,0,0,,,Transporte_Base_Maestra_y_Contrato_V2_CORREGIDA.xlsx,Factores
TRA_0C5B2A072738D4,ESPAÑA,Transporte,MERCANCÍAS,"Vehículos pesados (> 3,5 tn ) (sin carga)",CNG,km,distancia,2023,2023,0.745,ANNUAL,,MITECO,"MITECO - ""3. Vehículos y maquinaria"" ""A. Transporte por carretera"" ""Opción A2. Distancia recorrida (km)""  ""Camiones (N2, N3)"" ""CNG""",,0,0,,,Transporte_Base_Maestra_y_Contrato_V2_CORREGIDA.xlsx,Factores
TRA_B3C196DBF53F97,ESPAÑA,Transporte,MERCANCÍAS,"Vehículos pesados (> 3,5 tn ) (sin carga)",CNG,km,distancia,2024,2024,0.745,ANNUAL,,MITECO,"MITECO - ""3. Vehículos y maquinaria"" ""A. Transporte por carretera"" ""Opción A2. Distancia recorrida (km)""  ""Camiones (N2, N3)"" ""CNG""",,0,0,,,Transporte_Base_Maestra_y_Contrato_V2_CORREGIDA.xlsx,Factores
TRA_D7D17B12156C3E,ESPAÑA,Transporte,MERCANCÍAS,"Vehículos pesados (> 3,5 tn ) (sin carga)",CNG,km,distancia,2025,2025,0.745,ANNUAL,,MITECO,"MITECO - ""3. Vehículos y maquinaria"" ""A. Transporte por carretera"" ""Opción A2. Distancia recorrida (km)""  ""Camiones (N2, N3)"" ""CNG""",,0,0,,,Transporte_Base_Maestra_y_Contrato_V2_CORREGIDA.xlsx,Factores
TRA_B6F311194D9B2C,ESPAÑA,Transporte,MERCANCÍAS,"Vehículos pesados (> 3,5 tn ) (sin carga)",LNG,km,distancia,2022,2022,0.753,ANNUAL,,MITECO,"MITECO - ""3. Vehículos y maquinaria"" ""A. Transporte por carretera"" ""Opción A2. Distancia recorrida (km)""  ""Camiones (N2, N3)"" ""LNG""",,0,0,,,Transporte_Base_Maestra_y_Contrato_V2_CORREGIDA.xlsx,Factores
TRA_83550F68DA359E,ESPAÑA,Transporte,MERCANCÍAS,"Vehículos pesados (> 3,5 tn ) (sin carga)",LNG,km,distancia,2023,2023,0.753,ANNUAL,,MITECO,"MITECO - ""3. Vehículos y maquinaria"" ""A. Transporte por carretera"" ""Opción A2. Distancia recorrida (km)""  ""Camiones (N2, N3)"" ""LNG""",,0,0,,,Transporte_Base_Maestra_y_Contrato_V2_CORREGIDA.xlsx,Factores
TRA_D9529CD343E64D,ESPAÑA,Transporte,MERCANCÍAS,"Vehículos pesados (> 3,5 tn ) (sin carga)",LNG,km,distancia,2024,2024,0.753,ANNUAL,,MITECO,"MITECO - ""3. Vehículos y maquinaria"" ""A. Transporte por carretera"" ""Opción A2. Distancia recorrida (km)""  ""Camiones (N2, N3)"" ""LNG""",,0,0,,,Transporte_Base_Maestra_y_Contrato_V2_CORREGIDA.xlsx,Factores
TRA_90C61C59489121,ESPAÑA,Transporte,MERCANCÍAS,"Vehículos pesados (> 3,5 tn ) (sin carga)",LNG,km,distancia,2025,2025,0.753,ANNUAL,,MITECO,"MITECO - ""3. Vehículos y maquinaria"" ""A. Transporte por carretera"" ""Opción A2. Distancia recorrida (km)""  ""Camiones (N2, N3)"" ""LNG""",,0,0,,,Transporte_Base_Maestra_y_Contrato_V2_CORREGIDA.xlsx,Factores
TRA_1E69746429AAEC,ESPAÑA,Transporte,MERCANCÍAS,Tren,Diésel,km*tonelada,distancia,2022,2022,0.045713,ANNUAL,,OCCC,"OCCC -"" 3. Càlcul d'emissions de GEH"" ""3.2. Combustió en fonts mòbils (transport)"" ""3.2.6. Ferroviari"" ""Dièsel Renfe""",,0,0,,,Transporte_Base_Maestra_y_Contrato_V2_CORREGIDA.xlsx,Factores
TRA_9E8D57DB678128,ESPAÑA,Transporte,MERCANCÍAS,Tren,Diésel,km*tonelada,distancia,2023,2023,0.045713,ANNUAL,,OCCC,"OCCC -"" 3. Càlcul d'emissions de GEH"" ""3.2. Combustió en fonts mòbils (transport)"" ""3.2.6. Ferroviari"" ""Dièsel Renfe""",,0,0,,,Transporte_Base_Maestra_y_Contrato_V2_CORREGIDA.xlsx,Factores
TRA_4BCCEA541E99AE,ESPAÑA,Transporte,MERCANCÍAS,Tren,Diésel,km*tonelada,distancia,2024,2024,0.045713,ANNUAL,,OCCC,"OCCC -"" 3. Càlcul d'emissions de GEH"" ""3.2. Combustió en fonts mòbils (transport)"" ""3.2.6. Ferroviari"" ""Dièsel Renfe""",,0,0,,,Transporte_Base_Maestra_y_Contrato_V2_CORREGIDA.xlsx,Factores
TRA_D0C10416F33F3D,ESPAÑA,Transporte,MERCANCÍAS,Tren,Diésel,km*tonelada,distancia,2025,2025,0.045713,ANNUAL,,OCCC,"OCCC -"" 3. Càlcul d'emissions de GEH"" ""3.2. Combustió en fonts mòbils (transport)"" ""3.2.6. Ferroviari"" ""Dièsel Renfe""",,0,0,,,Transporte_Base_Maestra_y_Contrato_V2_CORREGIDA.xlsx,Factores
TRA_FE004724F92BA1,ESPAÑA,Transporte,MERCANCÍAS,Tren,Híbrido (electricidad + gasoil),km*tonelada,distancia,2024,2024,0.02004,ANNUAL,,OCCC,"OCCC -"" 3. Càlcul d'emissions de GEH"" ""3.2. Combustió en fonts mòbils (transport)"" ""3.2.6. Ferroviari"" ""FGC – Híbrid mercaderies (electricitat + gasoil)""",,0,0,,,Transporte_Base_Maestra_y_Contrato_V2_CORREGIDA.xlsx,Factores
TRA_D72497AB1E5B88,ESPAÑA,Transporte,MERCANCÍAS,Tren,Híbrido (electricidad + gasoil),km*tonelada,distancia,2025,2025,0.01893,ANNUAL,,OCCC,"OCCC -"" 3. Càlcul d'emissions de GEH"" ""3.2. Combustió en fonts mòbils (transport)"" ""3.2.6. Ferroviari"" ""FGC – Híbrid mercaderies (electricitat + gasoil)""",,0,0,,,Transporte_Base_Maestra_y_Contrato_V2_CORREGIDA.xlsx,Factores
TRA_5CE3A84E183035,ESPAÑA,Transporte,MERCANCÍAS,Tren,Eléctrico,km*tonelada,distancia,2022,2022,0.01795,ANNUAL,,OCCC,"OCCC -"" 3. Càlcul d'emissions de GEH"" ""3.2. Combustió en fonts mòbils (transport)"" ""3.2.6. Ferroviari"" ""Elèctric Renfe""",,0,0,,,Transporte_Base_Maestra_y_Contrato_V2_CORREGIDA.xlsx,Factores
TRA_0B34203FD65C75,ESPAÑA,Transporte,MERCANCÍAS,Tren,Eléctrico,km*tonelada,distancia,2023,2023,0.01707,ANNUAL,,OCCC,"OCCC -"" 3. Càlcul d'emissions de GEH"" ""3.2. Combustió en fonts mòbils (transport)"" ""3.2.6. Ferroviari"" ""Elèctric Renfe""",,0,0,,,Transporte_Base_Maestra_y_Contrato_V2_CORREGIDA.xlsx,Factores
TRA_E9F8C759670F66,ESPAÑA,Transporte,MERCANCÍAS,Tren,Eléctrico,km*tonelada,distancia,2024,2024,0.01862,ANNUAL,,OCCC,"OCCC -"" 3. Càlcul d'emissions de GEH"" ""3.2. Combustió en fonts mòbils (transport)"" ""3.2.6. Ferroviari"" ""Elèctric Renfe""",,0,0,,,Transporte_Base_Maestra_y_Contrato_V2_CORREGIDA.xlsx,Factores
TRA_46D709A80579C3,ESPAÑA,Transporte,MERCANCÍAS,Tren,Eléctrico,km*tonelada,distancia,2025,2025,0.01697,ANNUAL,,OCCC,"OCCC -"" 3. Càlcul d'emissions de GEH"" ""3.2. Combustió en fonts mòbils (transport)"" ""3.2.6. Ferroviari"" ""Elèctric Renfe""",,0,0,,,Transporte_Base_Maestra_y_Contrato_V2_CORREGIDA.xlsx,Factores
TRA_FF6EF73B9A836F,ESPAÑA,Transporte,MERCANCÍAS,Vuelo (nacional),Desconocido,km*tonelada,distancia,2022,2022,4.46949,ANNUAL,,DEFRA,"DEFRA -""Freighting Goods"" ""Freight Flights"" ""Domestic, to/from UK""",,0,0,,,Transporte_Base_Maestra_y_Contrato_V2_CORREGIDA.xlsx,Factores
TRA_8E731BBA3981A7,ESPAÑA,Transporte,MERCANCÍAS,Vuelo (nacional),Desconocido,km*tonelada,distancia,2023,2023,4.64646,ANNUAL,,DEFRA,"DEFRA -""Freighting Goods"" ""Freight Flights"" ""Domestic, to/from UK""",,0,0,,,Transporte_Base_Maestra_y_Contrato_V2_CORREGIDA.xlsx,Factores
TRA_262B6155D74FF3,ESPAÑA,Transporte,MERCANCÍAS,Vuelo (nacional),Desconocido,km*tonelada,distancia,2024,2024,4.64646,ANNUAL,,DEFRA,"DEFRA -""Freighting Goods"" ""Freight Flights"" ""Domestic, to/from UK""",,0,0,,,Transporte_Base_Maestra_y_Contrato_V2_CORREGIDA.xlsx,Factores
TRA_7042B0EDF36D6D,ESPAÑA,Transporte,MERCANCÍAS,Vuelo (nacional),Desconocido,km*tonelada,distancia,2025,2025,4.57703,ANNUAL,,DEFRA,"DEFRA -""Freighting Goods"" ""Freight Flights"" ""Domestic, to/from UK""",,0,0,,,Transporte_Base_Maestra_y_Contrato_V2_CORREGIDA.xlsx,Factores
TRA_CC5B775ED7F354,ESPAÑA,Transporte,MERCANCÍAS,Vuelo (internacional),Desconocido,km*tonelada,distancia,2022,2022,1.01381,ANNUAL,,DEFRA,"DEFRA -""Freighting Goods"" ""Freight Flights"" ""International, to/from non-UK""",,0,0,,,Transporte_Base_Maestra_y_Contrato_V2_CORREGIDA.xlsx,Factores
TRA_7918AB41CD1D7C,ESPAÑA,Transporte,MERCANCÍAS,Vuelo (internacional),Desconocido,km*tonelada,distancia,2023,2023,1.09356,ANNUAL,,DEFRA,"DEFRA -""Freighting Goods"" ""Freight Flights"" ""International, to/from non-UK""",,0,0,,,Transporte_Base_Maestra_y_Contrato_V2_CORREGIDA.xlsx,Factores
TRA_C73B8D6ACCEF3C,ESPAÑA,Transporte,MERCANCÍAS,Vuelo (internacional),Desconocido,km*tonelada,distancia,2024,2024,1.09356,ANNUAL,,DEFRA,"DEFRA -""Freighting Goods"" ""Freight Flights"" ""International, to/from non-UK""",,0,0,,,Transporte_Base_Maestra_y_Contrato_V2_CORREGIDA.xlsx,Factores
TRA_4B6A43CDD59881,ESPAÑA,Transporte,MERCANCÍAS,Vuelo (internacional),Desconocido,km*tonelada,distancia,2025,2025,0.89392,ANNUAL,,DEFRA,"DEFRA -""Freighting Goods"" ""Freight Flights"" ""International, to/from non-UK""",,0,0,,,Transporte_Base_Maestra_y_Contrato_V2_CORREGIDA.xlsx,Factores
TRA_D3997153F35869,ESPAÑA,Transporte,MERCANCÍAS,Buque de transporte de mercancías (carga general diversa),Desconocido,km*tonelada,distancia,2022,2022,0.013232,ANNUAL,,DEFRA,"DEFRA -""Business Travel - Sea ""Cargo Ship - General Cargo"" ""Average""",,0,0,,,Transporte_Base_Maestra_y_Contrato_V2_CORREGIDA.xlsx,Factores
TRA_02B0267AA5C585,ESPAÑA,Transporte,MERCANCÍAS,Buque de transporte de mercancías (carga general diversa),Desconocido,km*tonelada,distancia,2023,2023,0.013213,ANNUAL,,DEFRA,"DEFRA -""Business Travel - Sea ""Cargo Ship - General Cargo"" ""Average""",,0,0,,,Transporte_Base_Maestra_y_Contrato_V2_CORREGIDA.xlsx,Factores
TRA_F77C3456771BDB,ESPAÑA,Transporte,MERCANCÍAS,Buque de transporte de mercancías (carga general diversa),Desconocido,km*tonelada,distancia,2024,2024,0.01321,ANNUAL,,DEFRA,"DEFRA -""Business Travel - Sea ""Cargo Ship - General Cargo"" ""Average""",,0,0,,,Transporte_Base_Maestra_y_Contrato_V2_CORREGIDA.xlsx,Factores
TRA_416A8E16A075C1,ESPAÑA,Transporte,MERCANCÍAS,Buque de transporte de mercancías (carga general diversa),Desconocido,km*tonelada,distancia,2025,2025,0.01321,ANNUAL,,DEFRA,"DEFRA -""Business Travel - Sea ""Cargo Ship - General Cargo"" ""Average""",,0,0,,,Transporte_Base_Maestra_y_Contrato_V2_CORREGIDA.xlsx,Factores
TRA_ED318BE969C7D4,ESPAÑA,Transporte,MERCANCÍAS,Buque de transporte de mercancías (portacontenedores),Desconocido,km*tonelada,distancia,2022,2022,0.016142,ANNUAL,,DEFRA,"DEFRA -""Business Travel - Sea"" ""Cargo Ship - Container Ship"" ""Average""",,0,0,,,Transporte_Base_Maestra_y_Contrato_V2_CORREGIDA.xlsx,Factores
TRA_DD860E51479915,ESPAÑA,Transporte,MERCANCÍAS,Buque de transporte de mercancías (portacontenedores),Desconocido,km*tonelada,distancia,2023,2023,0.016119,ANNUAL,,DEFRA,"DEFRA -""Business Travel - Sea"" ""Cargo Ship - Container Ship"" ""Average""",,0,0,,,Transporte_Base_Maestra_y_Contrato_V2_CORREGIDA.xlsx,Factores
TRA_ACBB5C4BFCE681,ESPAÑA,Transporte,MERCANCÍAS,Buque de transporte de mercancías (portacontenedores),Desconocido,km*tonelada,distancia,2024,2024,0.01612,ANNUAL,,DEFRA,"DEFRA -""Business Travel - Sea"" ""Cargo Ship - Container Ship"" ""Average""",,0,0,,,Transporte_Base_Maestra_y_Contrato_V2_CORREGIDA.xlsx,Factores
TRA_645E597AB8387D,ESPAÑA,Transporte,MERCANCÍAS,Buque de transporte de mercancías (portacontenedores),Desconocido,km*tonelada,distancia,2025,2025,0.01612,ANNUAL,,DEFRA,"DEFRA -""Business Travel - Sea"" ""Cargo Ship - Container Ship"" ""Average""",,0,0,,,Transporte_Base_Maestra_y_Contrato_V2_CORREGIDA.xlsx,Factores
TRA_2E330FE1DC47D9,FUERA DE ESPAÑA,Transporte,PRIVADO,Moto promedio (tamaño del motor desconocido),Gasolina,km,distancia,2022,2022,0.1136742644295302,ANNUAL,,DEFRA,"DEFRA - ""Passenger Vehicles"" ""Motorbike"" ""Business Vehicles"" ""Motorbike"" ""Average""",,0,1,,,Transporte_Base_Maestra_y_Contrato_V2_CORREGIDA.xlsx,Factores
TRA_006F20DC029A93,FUERA DE ESPAÑA,Transporte,PRIVADO,Moto promedio (tamaño del motor desconocido),Gasolina,km,distancia,2023,2023,0.11367,ANNUAL,,DEFRA,"DEFRA - ""Passenger Vehicles"" ""Motorbike"" ""Business Vehicles"" ""Motorbike"" ""Average""",,0,1,,,Transporte_Base_Maestra_y_Contrato_V2_CORREGIDA.xlsx,Factores
TRA_EE50D0496CA1F4,FUERA DE ESPAÑA,Transporte,PRIVADO,Moto promedio (tamaño del motor desconocido),Gasolina,km,distancia,2024,2024,0.11367,ANNUAL,,DEFRA,"DEFRA - ""Passenger Vehicles"" ""Motorbike"" ""Business Vehicles"" ""Motorbike"" ""Average""",,0,1,,,Transporte_Base_Maestra_y_Contrato_V2_CORREGIDA.xlsx,Factores
TRA_327C0620DE6D5A,FUERA DE ESPAÑA,Transporte,PRIVADO,Moto promedio (tamaño del motor desconocido),Gasolina,km,distancia,2025,2025,0.11367000000000001,ANNUAL,,DEFRA,"DEFRA - ""Passenger Vehicles"" ""Motorbike"" ""Business Vehicles"" ""Motorbike"" ""Average""",,0,1,,,Transporte_Base_Maestra_y_Contrato_V2_CORREGIDA.xlsx,Factores
TRA_B9701DC98FBB47,FUERA DE ESPAÑA,Transporte,PRIVADO,Moto pequeña (< 125cc),Gasolina,km,distancia,2022,2022,0.08318518657718121,ANNUAL,,DEFRA,"DEFRA - ""Passenger Vehicles"" ""Motorbike"" ""Business Vehicles"" ""Motorbike"" ""Small""",,0,1,,,Transporte_Base_Maestra_y_Contrato_V2_CORREGIDA.xlsx,Factores
TRA_6B2A76662CB2D0,FUERA DE ESPAÑA,Transporte,PRIVADO,Moto pequeña (< 125cc),Gasolina,km,distancia,2023,2023,0.08319,ANNUAL,,DEFRA,"DEFRA - ""Passenger Vehicles"" ""Motorbike"" ""Business Vehicles"" ""Motorbike"" ""Small""",,0,1,,,Transporte_Base_Maestra_y_Contrato_V2_CORREGIDA.xlsx,Factores
TRA_5431D832912111,FUERA DE ESPAÑA,Transporte,PRIVADO,Moto pequeña (< 125cc),Gasolina,km,distancia,2024,2024,0.08319,ANNUAL,,DEFRA,"DEFRA - ""Passenger Vehicles"" ""Motorbike"" ""Business Vehicles"" ""Motorbike"" ""Small""",,0,1,,,Transporte_Base_Maestra_y_Contrato_V2_CORREGIDA.xlsx,Factores
TRA_FA5CC7FA1452E1,FUERA DE ESPAÑA,Transporte,PRIVADO,Moto pequeña (< 125cc),Gasolina,km,distancia,2025,2025,0.08319,ANNUAL,,DEFRA,"DEFRA - ""Passenger Vehicles"" ""Motorbike"" ""Business Vehicles"" ""Motorbike"" ""Small""",,0,1,,,Transporte_Base_Maestra_y_Contrato_V2_CORREGIDA.xlsx,Factores
TRA_EC05A62D0A610B,FUERA DE ESPAÑA,Transporte,PRIVADO,Moto mediana (125-500 cc),Gasolina,km,distancia,2022,2022,0.10107835704697987,ANNUAL,,DEFRA,"DEFRA - ""Passenger Vehicles"" ""Motorbike"" ""Business Vehicles"" ""Motorbike"" ""Medium""",,0,1,,,Transporte_Base_Maestra_y_Contrato_V2_CORREGIDA.xlsx,Factores
TRA_0756C077C6952B,FUERA DE ESPAÑA,Transporte,PRIVADO,Moto mediana (125-500 cc),Gasolina,km,distancia,2023,2023,0.10107,ANNUAL,,DEFRA,"DEFRA - ""Passenger Vehicles"" ""Motorbike"" ""Business Vehicles"" ""Motorbike"" ""Medium""",,0,1,,,Transporte_Base_Maestra_y_Contrato_V2_CORREGIDA.xlsx,Factores
TRA_F85E15CAA472CB,FUERA DE ESPAÑA,Transporte,PRIVADO,Moto mediana (125-500 cc),Gasolina,km,distancia,2024,2024,0.10108,ANNUAL,,DEFRA,"DEFRA - ""Passenger Vehicles"" ""Motorbike"" ""Business Vehicles"" ""Motorbike"" ""Medium""",,0,1,,,Transporte_Base_Maestra_y_Contrato_V2_CORREGIDA.xlsx,Factores
TRA_A2364C866C5225,FUERA DE ESPAÑA,Transporte,PRIVADO,Moto mediana (125-500 cc),Gasolina,km,distancia,2025,2025,0.10107000000000001,ANNUAL,,DEFRA,"DEFRA - ""Passenger Vehicles"" ""Motorbike"" ""Business Vehicles"" ""Motorbike"" ""Medium""",,0,1,,,Transporte_Base_Maestra_y_Contrato_V2_CORREGIDA.xlsx,Factores
TRA_BAE5C8272F4281,FUERA DE ESPAÑA,Transporte,PRIVADO,Moto grande (> 500 cc),Gasolina,km,distancia,2022,2022,0.13251915704697986,ANNUAL,,DEFRA,"DEFRA - ""Passenger Vehicles"" ""Motorbike"" ""Business Vehicles"" ""Motorbike"" ""Large""",,0,1,,,Transporte_Base_Maestra_y_Contrato_V2_CORREGIDA.xlsx,Factores
TRA_0055FE89DE5B59,FUERA DE ESPAÑA,Transporte,PRIVADO,Moto grande (> 500 cc),Gasolina,km,distancia,2023,2023,0.13252,ANNUAL,,DEFRA,"DEFRA - ""Passenger Vehicles"" ""Motorbike"" ""Business Vehicles"" ""Motorbike"" ""Large""",,0,1,,,Transporte_Base_Maestra_y_Contrato_V2_CORREGIDA.xlsx,Factores
TRA_D8E0CC54B6C990,FUERA DE ESPAÑA,Transporte,PRIVADO,Moto grande (> 500 cc),Gasolina,km,distancia,2024,2024,0.13252,ANNUAL,,DEFRA,"DEFRA - ""Passenger Vehicles"" ""Motorbike"" ""Business Vehicles"" ""Motorbike"" ""Large""",,0,1,,,Transporte_Base_Maestra_y_Contrato_V2_CORREGIDA.xlsx,Factores
TRA_C76EE903D11F21,FUERA DE ESPAÑA,Transporte,PRIVADO,Moto grande (> 500 cc),Gasolina,km,distancia,2025,2025,0.13252,ANNUAL,,DEFRA,"DEFRA - ""Passenger Vehicles"" ""Motorbike"" ""Business Vehicles"" ""Motorbike"" ""Large""",,0,1,,,Transporte_Base_Maestra_y_Contrato_V2_CORREGIDA.xlsx,Factores
TRA_80F90E8A10221D,FUERA DE ESPAÑA,Transporte,PRIVADO,Coche promedio (tamaño del motor desconocido),Diésel,km,distancia,2022,2022,0.169826448880537,ANNUAL,,DEFRA,"DEFRA - ""Passenger Vehicles"" ""Cars (by size)"" ""Business Vehicles"" ""Cars (by size)"" ""Average"" ""Diesel""",,0,1,,,Transporte_Base_Maestra_y_Contrato_V2_CORREGIDA.xlsx,Factores
TRA_2E6CE5E4FBEDC0,FUERA DE ESPAÑA,Transporte,PRIVADO,Coche promedio (tamaño del motor desconocido),Diésel,km,distancia,2023,2023,0.16984,ANNUAL,,DEFRA,"DEFRA - ""Passenger Vehicles"" ""Cars (by size)"" ""Business Vehicles"" ""Cars (by size)"" ""Average"" ""Diesel""",,0,1,,,Transporte_Base_Maestra_y_Contrato_V2_CORREGIDA.xlsx,Factores
TRA_64A48C18DF873F,FUERA DE ESPAÑA,Transporte,PRIVADO,Coche promedio (tamaño del motor desconocido),Diésel,km,distancia,2024,2024,0.17304,ANNUAL,,DEFRA,"DEFRA - ""Passenger Vehicles"" ""Cars (by size)"" ""Business Vehicles"" ""Cars (by size)"" ""Average"" ""Diesel""",,0,1,,,Transporte_Base_Maestra_y_Contrato_V2_CORREGIDA.xlsx,Factores
TRA_2E116A6B18F77B,FUERA DE ESPAÑA,Transporte,PRIVADO,Coche promedio (tamaño del motor desconocido),Diésel,km,distancia,2025,2025,0.17265,ANNUAL,,DEFRA,"DEFRA - ""Passenger Vehicles"" ""Cars (by size)"" ""Business Vehicles"" ""Cars (by size)"" ""Average"" ""Diesel""",,0,1,,,Transporte_Base_Maestra_y_Contrato_V2_CORREGIDA.xlsx,Factores
TRA_9A830062018F89,FUERA DE ESPAÑA,Transporte,PRIVADO,Coche promedio (tamaño del motor desconocido),Gasolina,km,distancia,2022,2022,0.1639085342281879,ANNUAL,,DEFRA,"DEFRA - ""Passenger Vehicles"" ""Cars (by size)"" ""Business Vehicles"" ""Cars (by size)"" ""Average"" ""Petrol""",,0,1,,,Transporte_Base_Maestra_y_Contrato_V2_CORREGIDA.xlsx,Factores
TRA_8B81CE05FB144C,FUERA DE ESPAÑA,Transporte,PRIVADO,Coche promedio (tamaño del motor desconocido),Gasolina,km,distancia,2023,2023,0.1645,ANNUAL,,DEFRA,"DEFRA - ""Passenger Vehicles"" ""Cars (by size)"" ""Business Vehicles"" ""Cars (by size)"" ""Average"" ""Petrol""",,0,1,,,Transporte_Base_Maestra_y_Contrato_V2_CORREGIDA.xlsx,Factores
TRA_60BDC54EF39319,FUERA DE ESPAÑA,Transporte,PRIVADO,Coche promedio (tamaño del motor desconocido),Gasolina,km,distancia,2024,2024,0.16272,ANNUAL,,DEFRA,"DEFRA - ""Passenger Vehicles"" ""Cars (by size)"" ""Business Vehicles"" ""Cars (by size)"" ""Average"" ""Petrol""",,0,1,,,Transporte_Base_Maestra_y_Contrato_V2_CORREGIDA.xlsx,Factores
TRA_DDE9A4F20DB7C2,FUERA DE ESPAÑA,Transporte,PRIVADO,Coche promedio (tamaño del motor desconocido),Gasolina,km,distancia,2025,2025,0.16152,ANNUAL,,DEFRA,"DEFRA - ""Passenger Vehicles"" ""Cars (by size)"" ""Business Vehicles"" ""Cars (by size)"" ""Average"" ""Petrol""",,0,1,,,Transporte_Base_Maestra_y_Contrato_V2_CORREGIDA.xlsx,Factores
TRA_9CB01FB48A5738,FUERA DE ESPAÑA,Transporte,PRIVADO,Coche promedio (tamaño del motor desconocido),Híbrido,km,distancia,2022,2022,0.11897858791946307,ANNUAL,,DEFRA,"DEFRA - ""Passenger Vehicles"" ""Cars (by size)"" ""Business Vehicles"" ""Cars (by size)"" ""Average"" ""Hybrid""",,0,1,,,Transporte_Base_Maestra_y_Contrato_V2_CORREGIDA.xlsx,Factores
TRA_707E3679813E31,FUERA DE ESPAÑA,Transporte,PRIVADO,Coche promedio (tamaño del motor desconocido),Híbrido,km,distancia,2023,2023,0.12607,ANNUAL,,DEFRA,"DEFRA - ""Passenger Vehicles"" ""Cars (by size)"" ""Business Vehicles"" ""Cars (by size)"" ""Average"" ""Hybrid""",,0,1,,,Transporte_Base_Maestra_y_Contrato_V2_CORREGIDA.xlsx,Factores
TRA_F7D1E3550A95AA,FUERA DE ESPAÑA,Transporte,PRIVADO,Coche promedio (tamaño del motor desconocido),Híbrido,km,distancia,2024,2024,0.12825,ANNUAL,,DEFRA,"DEFRA - ""Passenger Vehicles"" ""Cars (by size)"" ""Business Vehicles"" ""Cars (by size)"" ""Average"" ""Hybrid""",,0,1,,,Transporte_Base_Maestra_y_Contrato_V2_CORREGIDA.xlsx,Factores
TRA_765390A5F9D363,FUERA DE ESPAÑA,Transporte,PRIVADO,Coche promedio (tamaño del motor desconocido),Híbrido,km,distancia,2025,2025,0.12961,ANNUAL,,DEFRA,"DEFRA - ""Passenger Vehicles"" ""Cars (by size)"" ""Business Vehicles"" ""Cars (by size)"" ""Average"" ""Hybrid""",,0,1,,,Transporte_Base_Maestra_y_Contrato_V2_CORREGIDA.xlsx,Factores
TRA_E581F493293745,FUERA DE ESPAÑA,Transporte,PRIVADO,Coche promedio (tamaño del motor desconocido),GNC,km,distancia,2022,2022,0.17504419731543627,ANNUAL,,DEFRA,"DEFRA - ""Passenger Vehicles"" ""Cars (by size)"" ""Business Vehicles"" ""Cars (by size)"" ""Average"" ""GNP""",,0,1,,,Transporte_Base_Maestra_y_Contrato_V2_CORREGIDA.xlsx,Factores
TRA_6B85C96A255D51,FUERA DE ESPAÑA,Transporte,PRIVADO,Coche promedio (tamaño del motor desconocido),GNC,km,distancia,2023,2023,0.17514,ANNUAL,,DEFRA,"DEFRA - ""Passenger Vehicles"" ""Cars (by size)"" ""Business Vehicles"" ""Cars (by size)"" ""Average"" ""GNP""",,0,1,,,Transporte_Base_Maestra_y_Contrato_V2_CORREGIDA.xlsx,Factores
TRA_6BE2EF47716891,FUERA DE ESPAÑA,Transporte,PRIVADO,Coche promedio (tamaño del motor desconocido),GNC,km,distancia,2024,2024,0.17414,ANNUAL,,DEFRA,"DEFRA - ""Passenger Vehicles"" ""Cars (by size)"" ""Business Vehicles"" ""Cars (by size)"" ""Average"" ""GNP""",,0,1,,,Transporte_Base_Maestra_y_Contrato_V2_CORREGIDA.xlsx,Factores
TRA_5FB98073ED87DC,FUERA DE ESPAÑA,Transporte,PRIVADO,Coche promedio (tamaño del motor desconocido),GNC,km,distancia,2025,2025,0.17314,ANNUAL,,DEFRA,"DEFRA - ""Passenger Vehicles"" ""Cars (by size)"" ""Business Vehicles"" ""Cars (by size)"" ""Average"" ""GNP""",,0,1,,,Transporte_Base_Maestra_y_Contrato_V2_CORREGIDA.xlsx,Factores
TRA_885CDCA78267D2,FUERA DE ESPAÑA,Transporte,PRIVADO,Coche promedio (tamaño del motor desconocido),GLP,km,distancia,2022,2022,0.19704059731543624,ANNUAL,,DEFRA,"DEFRA - ""Passenger Vehicles"" ""Cars (by size)"" ""Business Vehicles"" ""Cars (by size)"" ""Average"" ""GLP""",,0,1,,,Transporte_Base_Maestra_y_Contrato_V2_CORREGIDA.xlsx,Factores
TRA_41253AA6DA9E8F,FUERA DE ESPAÑA,Transporte,PRIVADO,Coche promedio (tamaño del motor desconocido),GLP,km,distancia,2023,2023,0.19718,ANNUAL,,DEFRA,"DEFRA - ""Passenger Vehicles"" ""Cars (by size)"" ""Business Vehicles"" ""Cars (by size)"" ""Average"" ""GLP""",,0,1,,,Transporte_Base_Maestra_y_Contrato_V2_CORREGIDA.xlsx,Factores
TRA_5D40B774CC4DB0,FUERA DE ESPAÑA,Transporte,PRIVADO,Coche promedio (tamaño del motor desconocido),GLP,km,distancia,2024,2024,0.19599,ANNUAL,,DEFRA,"DEFRA - ""Passenger Vehicles"" ""Cars (by size)"" ""Business Vehicles"" ""Cars (by size)"" ""Average"" ""GLP""",,0,1,,,Transporte_Base_Maestra_y_Contrato_V2_CORREGIDA.xlsx,Factores
TRA_8F2B523065D630,FUERA DE ESPAÑA,Transporte,PRIVADO,Coche promedio (tamaño del motor desconocido),GLP,km,distancia,2025,2025,0.19553,ANNUAL,,DEFRA,"DEFRA - ""Passenger Vehicles"" ""Cars (by size)"" ""Business Vehicles"" ""Cars (by size)"" ""Average"" ""GLP""",,0,1,,,Transporte_Base_Maestra_y_Contrato_V2_CORREGIDA.xlsx,Factores
TRA_2270B69B5ECFB4,FUERA DE ESPAÑA,Transporte,PRIVADO,Coche promedio (tamaño del motor desconocido),Desconocido,km,distancia,2022,2022,0.1666385879194631,ANNUAL,,DEFRA,"DEFRA - ""Passenger Vehicles"" ""Cars (by size)"" ""Business Vehicles"" ""Cars (by size)"" ""Average"" ""Unknown""",,0,1,,,Transporte_Base_Maestra_y_Contrato_V2_CORREGIDA.xlsx,Factores
TRA_9311F21DBEA06F,FUERA DE ESPAÑA,Transporte,PRIVADO,Coche promedio (tamaño del motor desconocido),Desconocido,km,distancia,2023,2023,0.16691,ANNUAL,,DEFRA,"DEFRA - ""Passenger Vehicles"" ""Cars (by size)"" ""Business Vehicles"" ""Cars (by size)"" ""Average"" ""Unknown""",,0,1,,,Transporte_Base_Maestra_y_Contrato_V2_CORREGIDA.xlsx,Factores
TRA_9FE6F81DC8D478,FUERA DE ESPAÑA,Transporte,PRIVADO,Coche promedio (tamaño del motor desconocido),Desconocido,km,distancia,2024,2024,0.16725,ANNUAL,,DEFRA,"DEFRA - ""Passenger Vehicles"" ""Cars (by size)"" ""Business Vehicles"" ""Cars (by size)"" ""Average"" ""Unknown""",,0,1,,,Transporte_Base_Maestra_y_Contrato_V2_CORREGIDA.xlsx,Factores
TRA_2E8505D2E020CA,FUERA DE ESPAÑA,Transporte,PRIVADO,Coche promedio (tamaño del motor desconocido),Desconocido,km,distancia,2025,2025,0.16591,ANNUAL,,DEFRA,"DEFRA - ""Passenger Vehicles"" ""Cars (by size)"" ""Business Vehicles"" ""Cars (by size)"" ""Average"" ""Unknown""",,0,1,,,Transporte_Base_Maestra_y_Contrato_V2_CORREGIDA.xlsx,Factores
TRA_B3F97C2B15E879,FUERA DE ESPAÑA,Transporte,PRIVADO,Coche promedio (tamaño del motor desconocido),Eléctrico híbrido enchufable*,km,distancia,2022,2022,0.09391641208053692,ANNUAL,,DEFRA,"DEFRA - ""Passenger Vehicles"" ""Cars (by size)"" ""Business Vehicles"" ""Cars (by size)"" ""Average"" ""Plug-in Hybrid Electric Vehicle""",,0,1,,,Transporte_Base_Maestra_y_Contrato_V2_CORREGIDA.xlsx,Factores
TRA_B124304CD41826,FUERA DE ESPAÑA,Transporte,PRIVADO,Coche promedio (tamaño del motor desconocido),Eléctrico híbrido enchufable*,km,distancia,2023,2023,0.10853,ANNUAL,,DEFRA,"DEFRA - ""Passenger Vehicles"" ""Cars (by size)"" ""Business Vehicles"" ""Cars (by size)"" ""Average"" ""Plug-in Hybrid Electric Vehicle""",,0,1,,,Transporte_Base_Maestra_y_Contrato_V2_CORREGIDA.xlsx,Factores
TRA_E955CA20BB4A76,FUERA DE ESPAÑA,Transporte,PRIVADO,Coche promedio (tamaño del motor desconocido),Eléctrico híbrido enchufable*,km,distancia,2024,2024,0.10461,ANNUAL,,DEFRA,"DEFRA - ""Passenger Vehicles"" ""Cars (by size)"" ""Business Vehicles"" ""Cars (by size)"" ""Average"" ""Plug-in Hybrid Electric Vehicle""",,0,1,,,Transporte_Base_Maestra_y_Contrato_V2_CORREGIDA.xlsx,Factores
TRA_7F6B78D986693B,FUERA DE ESPAÑA,Transporte,PRIVADO,Coche promedio (tamaño del motor desconocido),Eléctrico híbrido enchufable*,km,distancia,2025,2025,0.08959,ANNUAL,,DEFRA,"DEFRA - ""Passenger Vehicles"" ""Cars (by size)"" ""Business Vehicles"" ""Cars (by size)"" ""Average"" ""Plug-in Hybrid Electric Vehicle""",,0,1,,,Transporte_Base_Maestra_y_Contrato_V2_CORREGIDA.xlsx,Factores
TRA_28D64C8A7C9FF6,FUERA DE ESPAÑA,Transporte,PRIVADO,Coche promedio (tamaño del motor desconocido),Eléctrico de batería*,km,distancia,2022,2022,0.05479644161073825,ANNUAL,,DEFRA,"DEFRA - ""Passenger Vehicles"" ""Cars (by size)"" ""Business Vehicles"" ""Cars (by size)"" ""Average"" ""Battery Electric Vehicle""",,0,1,,,Transporte_Base_Maestra_y_Contrato_V2_CORREGIDA.xlsx,Factores
TRA_86CB81A91869E4,FUERA DE ESPAÑA,Transporte,PRIVADO,Coche promedio (tamaño del motor desconocido),Eléctrico de batería*,km,distancia,2023,2023,0.04745,ANNUAL,,DEFRA,"DEFRA - ""Passenger Vehicles"" ""Cars (by size)"" ""Business Vehicles"" ""Cars (by size)"" ""Average"" ""Battery Electric Vehicle""",,0,1,,,Transporte_Base_Maestra_y_Contrato_V2_CORREGIDA.xlsx,Factores
TRA_6F3A5B8C9C05AF,FUERA DE ESPAÑA,Transporte,PRIVADO,Coche promedio (tamaño del motor desconocido),Eléctrico de batería*,km,distancia,2024,2024,0.04047,ANNUAL,,DEFRA,"DEFRA - ""Passenger Vehicles"" ""Cars (by size)"" ""Business Vehicles"" ""Cars (by size)"" ""Average"" ""Battery Electric Vehicle""",,0,1,,,Transporte_Base_Maestra_y_Contrato_V2_CORREGIDA.xlsx,Factores
TRA_2D2208CBBB2985,FUERA DE ESPAÑA,Transporte,PRIVADO,Coche promedio (tamaño del motor desconocido),Eléctrico de batería*,km,distancia,2025,2025,0,ANNUAL,,DEFRA,"DEFRA - ""Passenger Vehicles"" ""Cars (by size)"" ""Business Vehicles"" ""Cars (by size)"" ""Average"" ""Battery Electric Vehicle""",,0,1,,,Transporte_Base_Maestra_y_Contrato_V2_CORREGIDA.xlsx,Factores
TRA_955ACDDB10E989,FUERA DE ESPAÑA,Transporte,PRIVADO,Coche pequeño (< 1.400 cc),Gasolina,km,distancia,2022,2022,0.140798534228188,ANNUAL,,DEFRA,"DEFRA - ""Passenger Vehicles"" ""Cars (by size)"" ""Business Vehicles"" ""Cars (by size)"" ""Small"" ""Diesel""",,0,1,,,Transporte_Base_Maestra_y_Contrato_V2_CORREGIDA.xlsx,Factores
TRA_59B0C0B42A3130,FUERA DE ESPAÑA,Transporte,PRIVADO,Coche pequeño (< 1.400 cc),Gasolina,km,distancia,2023,2023,0.1437,ANNUAL,,DEFRA,"DEFRA - ""Passenger Vehicles"" ""Cars (by size)"" ""Business Vehicles"" ""Cars (by size)"" ""Small"" ""Diesel""",,0,1,,,Transporte_Base_Maestra_y_Contrato_V2_CORREGIDA.xlsx,Factores
TRA_A0D673B7142311,FUERA DE ESPAÑA,Transporte,PRIVADO,Coche pequeño (< 1.400 cc),Gasolina,km,distancia,2024,2024,0.14308,ANNUAL,,DEFRA,"DEFRA - ""Passenger Vehicles"" ""Cars (by size)"" ""Business Vehicles"" ""Cars (by size)"" ""Small"" ""Diesel""",,0,1,,,Transporte_Base_Maestra_y_Contrato_V2_CORREGIDA.xlsx,Factores
TRA_172AEAD92656A5,FUERA DE ESPAÑA,Transporte,PRIVADO,Coche pequeño (< 1.400 cc),Gasolina,km,distancia,2025,2025,0.14257,ANNUAL,,DEFRA,"DEFRA - ""Passenger Vehicles"" ""Cars (by size)"" ""Business Vehicles"" ""Cars (by size)"" ""Small"" ""Diesel""",,0,1,,,Transporte_Base_Maestra_y_Contrato_V2_CORREGIDA.xlsx,Factores
TRA_8DBAB9162ABEFF,FUERA DE ESPAÑA,Transporte,PRIVADO,Coche pequeño (< 1.700 cc),Diésel,km,distancia,2022,2022,0.13930644888053692,ANNUAL,,DEFRA,"DEFRA - ""Passenger Vehicles"" ""Cars (by size)"" ""Business Vehicles"" ""Cars (by size)"" ""Small"" ""GNP""",,0,1,,,Transporte_Base_Maestra_y_Contrato_V2_CORREGIDA.xlsx,Factores
TRA_5E81146510E3A3,FUERA DE ESPAÑA,Transporte,PRIVADO,Coche pequeño (< 1.700 cc),Diésel,km,distancia,2023,2023,0.13994,ANNUAL,,DEFRA,"DEFRA - ""Passenger Vehicles"" ""Cars (by size)"" ""Business Vehicles"" ""Cars (by size)"" ""Small"" ""GNP""",,0,1,,,Transporte_Base_Maestra_y_Contrato_V2_CORREGIDA.xlsx,Factores
TRA_58E00238A32DE6,FUERA DE ESPAÑA,Transporte,PRIVADO,Coche pequeño (< 1.700 cc),Diésel,km,distancia,2024,2024,0.1434,ANNUAL,,DEFRA,"DEFRA - ""Passenger Vehicles"" ""Cars (by size)"" ""Business Vehicles"" ""Cars (by size)"" ""Small"" ""GNP""",,0,1,,,Transporte_Base_Maestra_y_Contrato_V2_CORREGIDA.xlsx,Factores
TRA_61CD56E539D1A8,FUERA DE ESPAÑA,Transporte,PRIVADO,Coche pequeño (< 1.700 cc),Diésel,km,distancia,2025,2025,0.14327,ANNUAL,,DEFRA,"DEFRA - ""Passenger Vehicles"" ""Cars (by size)"" ""Business Vehicles"" ""Cars (by size)"" ""Small"" ""GNP""",,0,1,,,Transporte_Base_Maestra_y_Contrato_V2_CORREGIDA.xlsx,Factores
TRA_C7F1A8DD1AAF82,FUERA DE ESPAÑA,Transporte,PRIVADO,Coche pequeño (< 1.700 cc),Híbrido,km,distancia,2022,2022,0.10149885771812081,ANNUAL,,DEFRA,"DEFRA - ""Passenger Vehicles"" ""Cars (by size)"" ""Business Vehicles"" ""Cars (by size)"" ""Small"" ""GLP""",,0,1,,,Transporte_Base_Maestra_y_Contrato_V2_CORREGIDA.xlsx,Factores
TRA_B144220619FBE8,FUERA DE ESPAÑA,Transporte,PRIVADO,Coche pequeño (< 1.700 cc),Híbrido,km,distancia,2023,2023,0.11274,ANNUAL,,DEFRA,"DEFRA - ""Passenger Vehicles"" ""Cars (by size)"" ""Business Vehicles"" ""Cars (by size)"" ""Small"" ""GLP""",,0,1,,,Transporte_Base_Maestra_y_Contrato_V2_CORREGIDA.xlsx,Factores
TRA_88F5B99C5733A4,FUERA DE ESPAÑA,Transporte,PRIVADO,Coche pequeño (< 1.700 cc),Híbrido,km,distancia,2024,2024,0.11413,ANNUAL,,DEFRA,"DEFRA - ""Passenger Vehicles"" ""Cars (by size)"" ""Business Vehicles"" ""Cars (by size)"" ""Small"" ""GLP""",,0,1,,,Transporte_Base_Maestra_y_Contrato_V2_CORREGIDA.xlsx,Factores
TRA_1B5391B20809A4,FUERA DE ESPAÑA,Transporte,PRIVADO,Coche pequeño (< 1.700 cc),Híbrido,km,distancia,2025,2025,0.1138,ANNUAL,,DEFRA,"DEFRA - ""Passenger Vehicles"" ""Cars (by size)"" ""Business Vehicles"" ""Cars (by size)"" ""Small"" ""GLP""",,0,1,,,Transporte_Base_Maestra_y_Contrato_V2_CORREGIDA.xlsx,Factores
TRA_087FE4A7B13D5F,FUERA DE ESPAÑA,Transporte,PRIVADO,Coche pequeño (< 1.700 cc),Desconocido,km,distancia,2022,2022,0.1403688577181208,ANNUAL,,DEFRA,"DEFRA - ""Passenger Vehicles"" ""Cars (by size)"" ""Business Vehicles"" ""Cars (by size)"" ""Small"" ""Unknown""",,0,1,,,Transporte_Base_Maestra_y_Contrato_V2_CORREGIDA.xlsx,Factores
TRA_B9787AE13FF2F3,FUERA DE ESPAÑA,Transporte,PRIVADO,Coche pequeño (< 1.700 cc),Desconocido,km,distancia,2023,2023,0.14262,ANNUAL,,DEFRA,"DEFRA - ""Passenger Vehicles"" ""Cars (by size)"" ""Business Vehicles"" ""Cars (by size)"" ""Small"" ""Unknown""",,0,1,,,Transporte_Base_Maestra_y_Contrato_V2_CORREGIDA.xlsx,Factores
TRA_24F9E723A73C53,FUERA DE ESPAÑA,Transporte,PRIVADO,Coche pequeño (< 1.700 cc),Desconocido,km,distancia,2024,2024,0.14322,ANNUAL,,DEFRA,"DEFRA - ""Passenger Vehicles"" ""Cars (by size)"" ""Business Vehicles"" ""Cars (by size)"" ""Small"" ""Unknown""",,0,1,,,Transporte_Base_Maestra_y_Contrato_V2_CORREGIDA.xlsx,Factores
TRA_1606AD7C017252,FUERA DE ESPAÑA,Transporte,PRIVADO,Coche pequeño (< 1.700 cc),Desconocido,km,distancia,2025,2025,0.14282,ANNUAL,,DEFRA,"DEFRA - ""Passenger Vehicles"" ""Cars (by size)"" ""Business Vehicles"" ""Cars (by size)"" ""Small"" ""Unknown""",,0,1,,,Transporte_Base_Maestra_y_Contrato_V2_CORREGIDA.xlsx,Factores
TRA_9C3ADDA2F59943,FUERA DE ESPAÑA,Transporte,PRIVADO,Coche pequeño (< 1.700 cc),Eléctrico híbrido enchufable,km,distancia,2022,2022,0.05402299328859061,ANNUAL,,DEFRA,"DEFRA - ""Passenger Vehicles"" ""Cars (by size)"" ""Business Vehicles"" ""Cars (by size)"" ""Small"" ""Plug-in Hybrid Electric Vehicle""",,0,1,,,Transporte_Base_Maestra_y_Contrato_V2_CORREGIDA.xlsx,Factores
TRA_212B510D905F44,FUERA DE ESPAÑA,Transporte,PRIVADO,Coche pequeño (< 1.700 cc),Eléctrico híbrido enchufable,km,distancia,2023,2023,0.06078,ANNUAL,,DEFRA,"DEFRA - ""Passenger Vehicles"" ""Cars (by size)"" ""Business Vehicles"" ""Cars (by size)"" ""Small"" ""Plug-in Hybrid Electric Vehicle""",,0,1,,,Transporte_Base_Maestra_y_Contrato_V2_CORREGIDA.xlsx,Factores
TRA_1D8913C8C4003E,FUERA DE ESPAÑA,Transporte,PRIVADO,Coche pequeño (< 1.700 cc),Eléctrico híbrido enchufable,km,distancia,2024,2024,0.05669,ANNUAL,,DEFRA,"DEFRA - ""Passenger Vehicles"" ""Cars (by size)"" ""Business Vehicles"" ""Cars (by size)"" ""Small"" ""Plug-in Hybrid Electric Vehicle""",,0,1,,,Transporte_Base_Maestra_y_Contrato_V2_CORREGIDA.xlsx,Factores
TRA_6B65442ADD282B,FUERA DE ESPAÑA,Transporte,PRIVADO,Coche pequeño (< 1.700 cc),Eléctrico híbrido enchufable,km,distancia,2025,2025,0.03002,ANNUAL,,DEFRA,"DEFRA - ""Passenger Vehicles"" ""Cars (by size)"" ""Business Vehicles"" ""Cars (by size)"" ""Small"" ""Plug-in Hybrid Electric Vehicle""",,0,1,,,Transporte_Base_Maestra_y_Contrato_V2_CORREGIDA.xlsx,Factores
TRA_581AEA7E35DB72,FUERA DE ESPAÑA,Transporte,PRIVADO,Coche pequeño (< 1.700 cc),Eléctrico de batería,km,distancia,2022,2022,0.04822828590604027,ANNUAL,,DEFRA,"DEFRA - ""Passenger Vehicles"" ""Cars (by size)"" ""Business Vehicles"" ""Cars (by size)"" ""Small"" ""Battery Electric Vehicle""",,0,1,,,Transporte_Base_Maestra_y_Contrato_V2_CORREGIDA.xlsx,Factores
TRA_883916889073BA,FUERA DE ESPAÑA,Transporte,PRIVADO,Coche pequeño (< 1.700 cc),Eléctrico de batería,km,distancia,2023,2023,0.04284,ANNUAL,,DEFRA,"DEFRA - ""Passenger Vehicles"" ""Cars (by size)"" ""Business Vehicles"" ""Cars (by size)"" ""Small"" ""Battery Electric Vehicle""",,0,1,,,Transporte_Base_Maestra_y_Contrato_V2_CORREGIDA.xlsx,Factores
TRA_5563CDB90C476F,FUERA DE ESPAÑA,Transporte,PRIVADO,Coche pequeño (< 1.700 cc),Eléctrico de batería,km,distancia,2024,2024,0.03688,ANNUAL,,DEFRA,"DEFRA - ""Passenger Vehicles"" ""Cars (by size)"" ""Business Vehicles"" ""Cars (by size)"" ""Small"" ""Battery Electric Vehicle""",,0,1,,,Transporte_Base_Maestra_y_Contrato_V2_CORREGIDA.xlsx,Factores
TRA_10703E650C98B8,FUERA DE ESPAÑA,Transporte,PRIVADO,Coche pequeño (< 1.700 cc),Eléctrico de batería,km,distancia,2025,2025,0,ANNUAL,,DEFRA,"DEFRA - ""Passenger Vehicles"" ""Cars (by size)"" ""Business Vehicles"" ""Cars (by size)"" ""Small"" ""Battery Electric Vehicle""",,0,1,,,Transporte_Base_Maestra_y_Contrato_V2_CORREGIDA.xlsx,Factores
TRA_667337F96E9A21,FUERA DE ESPAÑA,Transporte,PRIVADO,Coche mediano (1.400 - 2.000 cc),Gasolina,km,distancia,2022,2022,0.17818853422818792,ANNUAL,,DEFRA,"DEFRA - ""Passenger Vehicles"" ""Cars (by size)"" ""Business Vehicles"" ""Cars (by size)"" ""Medium"" ""Diesel""",,0,1,,,Transporte_Base_Maestra_y_Contrato_V2_CORREGIDA.xlsx,Factores
TRA_B6690DB855802C,FUERA DE ESPAÑA,Transporte,PRIVADO,Coche mediano (1.400 - 2.000 cc),Gasolina,km,distancia,2023,2023,0.17726,ANNUAL,,DEFRA,"DEFRA - ""Passenger Vehicles"" ""Cars (by size)"" ""Business Vehicles"" ""Cars (by size)"" ""Medium"" ""Diesel""",,0,1,,,Transporte_Base_Maestra_y_Contrato_V2_CORREGIDA.xlsx,Factores
TRA_207D259A9020C4,FUERA DE ESPAÑA,Transporte,PRIVADO,Coche mediano (1.400 - 2.000 cc),Gasolina,km,distancia,2024,2024,0.17474,ANNUAL,,DEFRA,"DEFRA - ""Passenger Vehicles"" ""Cars (by size)"" ""Business Vehicles"" ""Cars (by size)"" ""Medium"" ""Diesel""",,0,1,,,Transporte_Base_Maestra_y_Contrato_V2_CORREGIDA.xlsx,Factores
TRA_74E583E4789D0A,FUERA DE ESPAÑA,Transporte,PRIVADO,Coche mediano (1.400 - 2.000 cc),Gasolina,km,distancia,2025,2025,0.17411,ANNUAL,,DEFRA,"DEFRA - ""Passenger Vehicles"" ""Cars (by size)"" ""Business Vehicles"" ""Cars (by size)"" ""Medium"" ""Diesel""",,0,1,,,Transporte_Base_Maestra_y_Contrato_V2_CORREGIDA.xlsx,Factores
TRA_89229E99473B40,FUERA DE ESPAÑA,Transporte,PRIVADO,Coche mediano (1.400 - 2.000 cc),GNC,km,distancia,2022,2022,0.15660419731543626,ANNUAL,,DEFRA,"DEFRA - ""Passenger Vehicles"" ""Cars (by size)"" ""Business Vehicles"" ""Cars (by size)"" ""Medium"" ""Petrol""",,0,1,,,Transporte_Base_Maestra_y_Contrato_V2_CORREGIDA.xlsx,Factores
TRA_6299125C94C372,FUERA DE ESPAÑA,Transporte,PRIVADO,Coche mediano (1.400 - 2.000 cc),GNC,km,distancia,2023,2023,0.15682,ANNUAL,,DEFRA,"DEFRA - ""Passenger Vehicles"" ""Cars (by size)"" ""Business Vehicles"" ""Cars (by size)"" ""Medium"" ""Petrol""",,0,1,,,Transporte_Base_Maestra_y_Contrato_V2_CORREGIDA.xlsx,Factores
TRA_1A26740F010967,FUERA DE ESPAÑA,Transporte,PRIVADO,Coche mediano (1.400 - 2.000 cc),GNC,km,distancia,2024,2024,0.15504,ANNUAL,,DEFRA,"DEFRA - ""Passenger Vehicles"" ""Cars (by size)"" ""Business Vehicles"" ""Cars (by size)"" ""Medium"" ""Petrol""",,0,1,,,Transporte_Base_Maestra_y_Contrato_V2_CORREGIDA.xlsx,Factores
TRA_B55DAA58F016C0,FUERA DE ESPAÑA,Transporte,PRIVADO,Coche mediano (1.400 - 2.000 cc),GNC,km,distancia,2025,2025,0.15407,ANNUAL,,DEFRA,"DEFRA - ""Passenger Vehicles"" ""Cars (by size)"" ""Business Vehicles"" ""Cars (by size)"" ""Medium"" ""Petrol""",,0,1,,,Transporte_Base_Maestra_y_Contrato_V2_CORREGIDA.xlsx,Factores
TRA_223556BA639FD9,FUERA DE ESPAÑA,Transporte,PRIVADO,Coche mediano (1.400 - 2.000 cc),GLP,km,distancia,2022,2022,0.17607059731543626,ANNUAL,,DEFRA,"DEFRA - ""Passenger Vehicles"" ""Cars (by size)"" ""Business Vehicles"" ""Cars (by size)"" ""Medium"" ""Hybrid""",,0,1,,,Transporte_Base_Maestra_y_Contrato_V2_CORREGIDA.xlsx,Factores
TRA_A663B6C17D8DED,FUERA DE ESPAÑA,Transporte,PRIVADO,Coche mediano (1.400 - 2.000 cc),GLP,km,distancia,2023,2023,0.17634,ANNUAL,,DEFRA,"DEFRA - ""Passenger Vehicles"" ""Cars (by size)"" ""Business Vehicles"" ""Cars (by size)"" ""Medium"" ""Hybrid""",,0,1,,,Transporte_Base_Maestra_y_Contrato_V2_CORREGIDA.xlsx,Factores
TRA_0871B21B5DF126,FUERA DE ESPAÑA,Transporte,PRIVADO,Coche mediano (1.400 - 2.000 cc),GLP,km,distancia,2024,2024,0.17427,ANNUAL,,DEFRA,"DEFRA - ""Passenger Vehicles"" ""Cars (by size)"" ""Business Vehicles"" ""Cars (by size)"" ""Medium"" ""Hybrid""",,0,1,,,Transporte_Base_Maestra_y_Contrato_V2_CORREGIDA.xlsx,Factores
TRA_72BB5032EBD77C,FUERA DE ESPAÑA,Transporte,PRIVADO,Coche mediano (1.400 - 2.000 cc),GLP,km,distancia,2025,2025,0.17378,ANNUAL,,DEFRA,"DEFRA - ""Passenger Vehicles"" ""Cars (by size)"" ""Business Vehicles"" ""Cars (by size)"" ""Medium"" ""Hybrid""",,0,1,,,Transporte_Base_Maestra_y_Contrato_V2_CORREGIDA.xlsx,Factores
TRA_DDB31EAD2A8056,FUERA DE ESPAÑA,Transporte,PRIVADO,Coche mediano (1.700 - 2.000 cc),Diésel,km,distancia,2022,2022,0.1671564488805369,ANNUAL,,DEFRA,"DEFRA - ""Passenger Vehicles"" ""Cars (by size)"" ""Business Vehicles"" ""Cars (by size)"" ""Medium"" ""GNP""",,0,1,,,Transporte_Base_Maestra_y_Contrato_V2_CORREGIDA.xlsx,Factores
TRA_5ADD8089DD6D8A,FUERA DE ESPAÑA,Transporte,PRIVADO,Coche mediano (1.700 - 2.000 cc),Diésel,km,distancia,2023,2023,0.16807,ANNUAL,,DEFRA,"DEFRA - ""Passenger Vehicles"" ""Cars (by size)"" ""Business Vehicles"" ""Cars (by size)"" ""Medium"" ""GNP""",,0,1,,,Transporte_Base_Maestra_y_Contrato_V2_CORREGIDA.xlsx,Factores
TRA_1D25A8C6B81229,FUERA DE ESPAÑA,Transporte,PRIVADO,Coche mediano (1.700 - 2.000 cc),Diésel,km,distancia,2024,2024,0.17174,ANNUAL,,DEFRA,"DEFRA - ""Passenger Vehicles"" ""Cars (by size)"" ""Business Vehicles"" ""Cars (by size)"" ""Medium"" ""GNP""",,0,1,,,Transporte_Base_Maestra_y_Contrato_V2_CORREGIDA.xlsx,Factores
TRA_5D6F2011364D70,FUERA DE ESPAÑA,Transporte,PRIVADO,Coche mediano (1.700 - 2.000 cc),Diésel,km,distancia,2025,2025,0.17209,ANNUAL,,DEFRA,"DEFRA - ""Passenger Vehicles"" ""Cars (by size)"" ""Business Vehicles"" ""Cars (by size)"" ""Medium"" ""GNP""",,0,1,,,Transporte_Base_Maestra_y_Contrato_V2_CORREGIDA.xlsx,Factores
TRA_EC30B6A3C36F2D,FUERA DE ESPAÑA,Transporte,PRIVADO,Coche mediano (1.700 - 2.000 cc),Híbrido,km,distancia,2022,2022,0.10903843624161073,ANNUAL,,DEFRA,"DEFRA - ""Passenger Vehicles"" ""Cars (by size)"" ""Business Vehicles"" ""Cars (by size)"" ""Medium"" ""GLP""",,0,1,,,Transporte_Base_Maestra_y_Contrato_V2_CORREGIDA.xlsx,Factores
TRA_D3B3CDA7CB4F17,FUERA DE ESPAÑA,Transporte,PRIVADO,Coche mediano (1.700 - 2.000 cc),Híbrido,km,distancia,2023,2023,0.1149,ANNUAL,,DEFRA,"DEFRA - ""Passenger Vehicles"" ""Cars (by size)"" ""Business Vehicles"" ""Cars (by size)"" ""Medium"" ""GLP""",,0,1,,,Transporte_Base_Maestra_y_Contrato_V2_CORREGIDA.xlsx,Factores
TRA_939558AD472EE1,FUERA DE ESPAÑA,Transporte,PRIVADO,Coche mediano (1.700 - 2.000 cc),Híbrido,km,distancia,2024,2024,0.11724,ANNUAL,,DEFRA,"DEFRA - ""Passenger Vehicles"" ""Cars (by size)"" ""Business Vehicles"" ""Cars (by size)"" ""Medium"" ""GLP""",,0,1,,,Transporte_Base_Maestra_y_Contrato_V2_CORREGIDA.xlsx,Factores
TRA_DAC63F633CA071,FUERA DE ESPAÑA,Transporte,PRIVADO,Coche mediano (1.700 - 2.000 cc),Híbrido,km,distancia,2025,2025,0.11678,ANNUAL,,DEFRA,"DEFRA - ""Passenger Vehicles"" ""Cars (by size)"" ""Business Vehicles"" ""Cars (by size)"" ""Medium"" ""GLP""",,0,1,,,Transporte_Base_Maestra_y_Contrato_V2_CORREGIDA.xlsx,Factores
TRA_B6E2781A6EC750,FUERA DE ESPAÑA,Transporte,PRIVADO,Coche mediano (1.700 - 2.000 cc),Desconocido,km,distancia,2022,2022,0.17245843624161075,ANNUAL,,DEFRA,"DEFRA - ""Passenger Vehicles"" ""Cars (by size)"" ""Business Vehicles"" ""Cars (by size)"" ""Medium"" ""Unknown""",,0,1,,,Transporte_Base_Maestra_y_Contrato_V2_CORREGIDA.xlsx,Factores
TRA_4E7B3A02B74EE6,FUERA DE ESPAÑA,Transporte,PRIVADO,Coche mediano (1.700 - 2.000 cc),Desconocido,km,distancia,2023,2023,0.17256,ANNUAL,,DEFRA,"DEFRA - ""Passenger Vehicles"" ""Cars (by size)"" ""Business Vehicles"" ""Cars (by size)"" ""Medium"" ""Unknown""",,0,1,,,Transporte_Base_Maestra_y_Contrato_V2_CORREGIDA.xlsx,Factores
TRA_8C25F2B0018043,FUERA DE ESPAÑA,Transporte,PRIVADO,Coche mediano (1.700 - 2.000 cc),Desconocido,km,distancia,2024,2024,0.17322,ANNUAL,,DEFRA,"DEFRA - ""Passenger Vehicles"" ""Cars (by size)"" ""Business Vehicles"" ""Cars (by size)"" ""Medium"" ""Unknown""",,0,1,,,Transporte_Base_Maestra_y_Contrato_V2_CORREGIDA.xlsx,Factores
TRA_80434D90AB68A3,FUERA DE ESPAÑA,Transporte,PRIVADO,Coche mediano (1.700 - 2.000 cc),Desconocido,km,distancia,2025,2025,0.17322,ANNUAL,,DEFRA,"DEFRA - ""Passenger Vehicles"" ""Cars (by size)"" ""Business Vehicles"" ""Cars (by size)"" ""Medium"" ""Unknown""",,0,1,,,Transporte_Base_Maestra_y_Contrato_V2_CORREGIDA.xlsx,Factores
TRA_69F1B16DC71FB8,FUERA DE ESPAÑA,Transporte,PRIVADO,Coche mediano (1.700 - 2.000 cc),Eléctrico híbrido enchufable,km,distancia,2022,2022,0.08500733422818792,ANNUAL,,DEFRA,"DEFRA - ""Passenger Vehicles"" ""Cars (by size)"" ""Business Vehicles"" ""Cars (by size)"" ""Mediuml"" ""Plug-in Hybrid Electric Vehicle""",,0,1,,,Transporte_Base_Maestra_y_Contrato_V2_CORREGIDA.xlsx,Factores
TRA_BCBC52EB7AC9C3,FUERA DE ESPAÑA,Transporte,PRIVADO,Coche mediano (1.700 - 2.000 cc),Eléctrico híbrido enchufable,km,distancia,2023,2023,0.09312,ANNUAL,,DEFRA,"DEFRA - ""Passenger Vehicles"" ""Cars (by size)"" ""Business Vehicles"" ""Cars (by size)"" ""Mediuml"" ""Plug-in Hybrid Electric Vehicle""",,0,1,,,Transporte_Base_Maestra_y_Contrato_V2_CORREGIDA.xlsx,Factores
TRA_8B324DB5F6DD13,FUERA DE ESPAÑA,Transporte,PRIVADO,Coche mediano (1.700 - 2.000 cc),Eléctrico híbrido enchufable,km,distancia,2024,2024,0.0882,ANNUAL,,DEFRA,"DEFRA - ""Passenger Vehicles"" ""Cars (by size)"" ""Business Vehicles"" ""Cars (by size)"" ""Mediuml"" ""Plug-in Hybrid Electric Vehicle""",,0,1,,,Transporte_Base_Maestra_y_Contrato_V2_CORREGIDA.xlsx,Factores
TRA_82855C35670C49,FUERA DE ESPAÑA,Transporte,PRIVADO,Coche mediano (1.700 - 2.000 cc),Eléctrico híbrido enchufable,km,distancia,2025,2025,0.07349,ANNUAL,,DEFRA,"DEFRA - ""Passenger Vehicles"" ""Cars (by size)"" ""Business Vehicles"" ""Cars (by size)"" ""Mediuml"" ""Plug-in Hybrid Electric Vehicle""",,0,1,,,Transporte_Base_Maestra_y_Contrato_V2_CORREGIDA.xlsx,Factores
TRA_E4F248912D538C,FUERA DE ESPAÑA,Transporte,PRIVADO,Coche mediano (1.700 - 2.000 cc),Eléctrico de batería,km,distancia,2022,2022,0.05266634899328859,ANNUAL,,DEFRA,"DEFRA - ""Passenger Vehicles"" ""Cars (by size)"" ""Business Vehicles"" ""Cars (by size)"" ""Mediuml"" ""Battery Electric Vehicle""",,0,1,,,Transporte_Base_Maestra_y_Contrato_V2_CORREGIDA.xlsx,Factores
TRA_771777DFDD6AB7,FUERA DE ESPAÑA,Transporte,PRIVADO,Coche mediano (1.700 - 2.000 cc),Eléctrico de batería,km,distancia,2023,2023,0.04625,ANNUAL,,DEFRA,"DEFRA - ""Passenger Vehicles"" ""Cars (by size)"" ""Business Vehicles"" ""Cars (by size)"" ""Mediuml"" ""Battery Electric Vehicle""",,0,1,,,Transporte_Base_Maestra_y_Contrato_V2_CORREGIDA.xlsx,Factores
TRA_0DB9F83A073673,FUERA DE ESPAÑA,Transporte,PRIVADO,Coche mediano (1.700 - 2.000 cc),Eléctrico de batería,km,distancia,2024,2024,0.03882,ANNUAL,,DEFRA,"DEFRA - ""Passenger Vehicles"" ""Cars (by size)"" ""Business Vehicles"" ""Cars (by size)"" ""Mediuml"" ""Battery Electric Vehicle""",,0,1,,,Transporte_Base_Maestra_y_Contrato_V2_CORREGIDA.xlsx,Factores
TRA_CEC3FE1BC0FF35,FUERA DE ESPAÑA,Transporte,PRIVADO,Coche mediano (1.700 - 2.000 cc),Eléctrico de batería,km,distancia,2025,2025,0,ANNUAL,,DEFRA,"DEFRA - ""Passenger Vehicles"" ""Cars (by size)"" ""Business Vehicles"" ""Cars (by size)"" ""Mediuml"" ""Battery Electric Vehicle""",,0,1,,,Transporte_Base_Maestra_y_Contrato_V2_CORREGIDA.xlsx,Factores
TRA_F91C61A5768D4C,FUERA DE ESPAÑA,Transporte,PRIVADO,Coche grande (> 2.000 cc),Diésel,km,distancia,2022,2022,0.20858644888053693,ANNUAL,,DEFRA,"DEFRA - ""Passenger Vehicles"" ""Cars (by size)"" ""Business Vehicles"" ""Cars (by size)"" ""Large"" ""Diesel""",,0,1,,,Transporte_Base_Maestra_y_Contrato_V2_CORREGIDA.xlsx,Factores
TRA_E82C0AF24665C8,FUERA DE ESPAÑA,Transporte,PRIVADO,Coche grande (> 2.000 cc),Diésel,km,distancia,2023,2023,0.20729,ANNUAL,,DEFRA,"DEFRA - ""Passenger Vehicles"" ""Cars (by size)"" ""Business Vehicles"" ""Cars (by size)"" ""Large"" ""Diesel""",,0,1,,,Transporte_Base_Maestra_y_Contrato_V2_CORREGIDA.xlsx,Factores
TRA_C11B86E5A55E5E,FUERA DE ESPAÑA,Transporte,PRIVADO,Coche grande (> 2.000 cc),Diésel,km,distancia,2024,2024,0.21007,ANNUAL,,DEFRA,"DEFRA - ""Passenger Vehicles"" ""Cars (by size)"" ""Business Vehicles"" ""Cars (by size)"" ""Large"" ""Diesel""",,0,1,,,Transporte_Base_Maestra_y_Contrato_V2_CORREGIDA.xlsx,Factores
TRA_5C2C5F66BD0EDE,FUERA DE ESPAÑA,Transporte,PRIVADO,Coche grande (> 2.000 cc),Diésel,km,distancia,2025,2025,0.20905,ANNUAL,,DEFRA,"DEFRA - ""Passenger Vehicles"" ""Cars (by size)"" ""Business Vehicles"" ""Cars (by size)"" ""Large"" ""Diesel""",,0,1,,,Transporte_Base_Maestra_y_Contrato_V2_CORREGIDA.xlsx,Factores
TRA_6053BAEB0BD725,FUERA DE ESPAÑA,Transporte,PRIVADO,Coche grande (> 2.000 cc),Gasolina,km,distancia,2022,2022,0.27223853422818795,ANNUAL,,DEFRA,"DEFRA - ""Passenger Vehicles"" ""Cars (by size)"" ""Business Vehicles"" ""Cars (by size)"" ""Large"" ""Petrol""",,0,1,,,Transporte_Base_Maestra_y_Contrato_V2_CORREGIDA.xlsx,Factores
TRA_9FEF3666CC700B,FUERA DE ESPAÑA,Transporte,PRIVADO,Coche grande (> 2.000 cc),Gasolina,km,distancia,2023,2023,0.26885,ANNUAL,,DEFRA,"DEFRA - ""Passenger Vehicles"" ""Cars (by size)"" ""Business Vehicles"" ""Cars (by size)"" ""Large"" ""Petrol""",,0,1,,,Transporte_Base_Maestra_y_Contrato_V2_CORREGIDA.xlsx,Factores
TRA_0617A288D82D16,FUERA DE ESPAÑA,Transporte,PRIVADO,Coche grande (> 2.000 cc),Gasolina,km,distancia,2024,2024,0.26828,ANNUAL,,DEFRA,"DEFRA - ""Passenger Vehicles"" ""Cars (by size)"" ""Business Vehicles"" ""Cars (by size)"" ""Large"" ""Petrol""",,0,1,,,Transporte_Base_Maestra_y_Contrato_V2_CORREGIDA.xlsx,Factores
TRA_539B55E3068ADC,FUERA DE ESPAÑA,Transporte,PRIVADO,Coche grande (> 2.000 cc),Gasolina,km,distancia,2025,2025,0.26606,ANNUAL,,DEFRA,"DEFRA - ""Passenger Vehicles"" ""Cars (by size)"" ""Business Vehicles"" ""Cars (by size)"" ""Large"" ""Petrol""",,0,1,,,Transporte_Base_Maestra_y_Contrato_V2_CORREGIDA.xlsx,Factores
TRA_77120DE8C212A5,FUERA DE ESPAÑA,Transporte,PRIVADO,Coche grande (> 2.000 cc),GNC,km,distancia,2022,2022,0.23845419731543627,ANNUAL,,DEFRA,"DEFRA - ""Passenger Vehicles"" ""Cars (by size)"" ""Business Vehicles"" ""Cars (by size)"" ""Largel"" ""Hybrid""",,0,1,,,Transporte_Base_Maestra_y_Contrato_V2_CORREGIDA.xlsx,Factores
TRA_C920F9C35038E5,FUERA DE ESPAÑA,Transporte,PRIVADO,Coche grande (> 2.000 cc),GNC,km,distancia,2023,2023,0.23705,ANNUAL,,DEFRA,"DEFRA - ""Passenger Vehicles"" ""Cars (by size)"" ""Business Vehicles"" ""Cars (by size)"" ""Largel"" ""Hybrid""",,0,1,,,Transporte_Base_Maestra_y_Contrato_V2_CORREGIDA.xlsx,Factores
TRA_35FCBD0777B644,FUERA DE ESPAÑA,Transporte,PRIVADO,Coche grande (> 2.000 cc),GNC,km,distancia,2024,2024,0.23722,ANNUAL,,DEFRA,"DEFRA - ""Passenger Vehicles"" ""Cars (by size)"" ""Business Vehicles"" ""Cars (by size)"" ""Largel"" ""Hybrid""",,0,1,,,Transporte_Base_Maestra_y_Contrato_V2_CORREGIDA.xlsx,Factores
TRA_BFEC6E96C225F0,FUERA DE ESPAÑA,Transporte,PRIVADO,Coche grande (> 2.000 cc),GNC,km,distancia,2025,2025,0.23463,ANNUAL,,DEFRA,"DEFRA - ""Passenger Vehicles"" ""Cars (by size)"" ""Business Vehicles"" ""Cars (by size)"" ""Largel"" ""Hybrid""",,0,1,,,Transporte_Base_Maestra_y_Contrato_V2_CORREGIDA.xlsx,Factores
TRA_8CB8DE42FBFA1D,FUERA DE ESPAÑA,Transporte,PRIVADO,Coche grande (> 2.000 cc),GLP,km,distancia,2022,2022,0.26914059731543627,ANNUAL,,DEFRA,"DEFRA - ""Passenger Vehicles"" ""Cars (by size)"" ""Business Vehicles"" ""Cars (by size)"" ""Large"" ""GNP""",,0,1,,,Transporte_Base_Maestra_y_Contrato_V2_CORREGIDA.xlsx,Factores
TRA_54F10900E3CE79,FUERA DE ESPAÑA,Transporte,PRIVADO,Coche grande (> 2.000 cc),GLP,km,distancia,2023,2023,0.26759,ANNUAL,,DEFRA,"DEFRA - ""Passenger Vehicles"" ""Cars (by size)"" ""Business Vehicles"" ""Cars (by size)"" ""Large"" ""GNP""",,0,1,,,Transporte_Base_Maestra_y_Contrato_V2_CORREGIDA.xlsx,Factores
TRA_218E19FAA71A7A,FUERA DE ESPAÑA,Transporte,PRIVADO,Coche grande (> 2.000 cc),GLP,km,distancia,2024,2024,0.26771,ANNUAL,,DEFRA,"DEFRA - ""Passenger Vehicles"" ""Cars (by size)"" ""Business Vehicles"" ""Cars (by size)"" ""Large"" ""GNP""",,0,1,,,Transporte_Base_Maestra_y_Contrato_V2_CORREGIDA.xlsx,Factores
TRA_5E352BCBA99103,FUERA DE ESPAÑA,Transporte,PRIVADO,Coche grande (> 2.000 cc),GLP,km,distancia,2025,2025,0.26569,ANNUAL,,DEFRA,"DEFRA - ""Passenger Vehicles"" ""Cars (by size)"" ""Business Vehicles"" ""Cars (by size)"" ""Large"" ""GNP""",,0,1,,,Transporte_Base_Maestra_y_Contrato_V2_CORREGIDA.xlsx,Factores
TRA_33292E9932605B,FUERA DE ESPAÑA,Transporte,PRIVADO,Coche grande (> 2.000 cc),Híbrido,km,distancia,2022,2022,0.1524358,ANNUAL,,DEFRA,"DEFRA - ""Passenger Vehicles"" ""Cars (by size)"" ""Business Vehicles"" ""Cars (by size)"" ""Large"" ""GLP""",,0,1,,,Transporte_Base_Maestra_y_Contrato_V2_CORREGIDA.xlsx,Factores
TRA_AA778488EC2D40,FUERA DE ESPAÑA,Transporte,PRIVADO,Coche grande (> 2.000 cc),Híbrido,km,distancia,2023,2023,0.15486,ANNUAL,,DEFRA,"DEFRA - ""Passenger Vehicles"" ""Cars (by size)"" ""Business Vehicles"" ""Cars (by size)"" ""Large"" ""GLP""",,0,1,,,Transporte_Base_Maestra_y_Contrato_V2_CORREGIDA.xlsx,Factores
TRA_FA17767AC6E672,FUERA DE ESPAÑA,Transporte,PRIVADO,Coche grande (> 2.000 cc),Híbrido,km,distancia,2024,2024,0.1565,ANNUAL,,DEFRA,"DEFRA - ""Passenger Vehicles"" ""Cars (by size)"" ""Business Vehicles"" ""Cars (by size)"" ""Large"" ""GLP""",,0,1,,,Transporte_Base_Maestra_y_Contrato_V2_CORREGIDA.xlsx,Factores
TRA_7600FFF5141675,FUERA DE ESPAÑA,Transporte,PRIVADO,Coche grande (> 2.000 cc),Híbrido,km,distancia,2025,2025,0.15846,ANNUAL,,DEFRA,"DEFRA - ""Passenger Vehicles"" ""Cars (by size)"" ""Business Vehicles"" ""Cars (by size)"" ""Large"" ""GLP""",,0,1,,,Transporte_Base_Maestra_y_Contrato_V2_CORREGIDA.xlsx,Factores
TRA_6B1B14B0080FF3,FUERA DE ESPAÑA,Transporte,PRIVADO,Coche grande (> 2.000 cc),Desconocido,km,distancia,2022,2022,0.2261158,ANNUAL,,DEFRA,"DEFRA - ""Passenger Vehicles"" ""Cars (by size)"" ""Business Vehicles"" ""Cars (by size)"" ""Large"" ""Unknown""",,0,1,,,Transporte_Base_Maestra_y_Contrato_V2_CORREGIDA.xlsx,Factores
TRA_8CB406928225A1,FUERA DE ESPAÑA,Transporte,PRIVADO,Coche grande (> 2.000 cc),Desconocido,km,distancia,2023,2023,0.22472,ANNUAL,,DEFRA,"DEFRA - ""Passenger Vehicles"" ""Cars (by size)"" ""Business Vehicles"" ""Cars (by size)"" ""Large"" ""Unknown""",,0,1,,,Transporte_Base_Maestra_y_Contrato_V2_CORREGIDA.xlsx,Factores
TRA_1A878098AFF2E4,FUERA DE ESPAÑA,Transporte,PRIVADO,Coche grande (> 2.000 cc),Desconocido,km,distancia,2024,2024,0.22678,ANNUAL,,DEFRA,"DEFRA - ""Passenger Vehicles"" ""Cars (by size)"" ""Business Vehicles"" ""Cars (by size)"" ""Large"" ""Unknown""",,0,1,,,Transporte_Base_Maestra_y_Contrato_V2_CORREGIDA.xlsx,Factores
TRA_A867C2EA8ABA14,FUERA DE ESPAÑA,Transporte,PRIVADO,Coche grande (> 2.000 cc),Desconocido,km,distancia,2025,2025,0.2277,ANNUAL,,DEFRA,"DEFRA - ""Passenger Vehicles"" ""Cars (by size)"" ""Business Vehicles"" ""Cars (by size)"" ""Large"" ""Unknown""",,0,1,,,Transporte_Base_Maestra_y_Contrato_V2_CORREGIDA.xlsx,Factores
TRA_579139947CF5CA,FUERA DE ESPAÑA,Transporte,PRIVADO,Coche grande (> 2.000 cc),Eléctrico híbrido enchufable,km,distancia,2022,2022,0.10158438255033557,ANNUAL,,DEFRA,"DEFRA - ""Passenger Vehicles"" ""Cars (by size)"" ""Business Vehicles"" ""Cars (by size)"" ""Largel"" ""Plug-in Hybrid Electric Vehicle""",,0,1,,,Transporte_Base_Maestra_y_Contrato_V2_CORREGIDA.xlsx,Factores
TRA_E2E0D06C1595F7,FUERA DE ESPAÑA,Transporte,PRIVADO,Coche grande (> 2.000 cc),Eléctrico híbrido enchufable,km,distancia,2023,2023,0.11923,ANNUAL,,DEFRA,"DEFRA - ""Passenger Vehicles"" ""Cars (by size)"" ""Business Vehicles"" ""Cars (by size)"" ""Largel"" ""Plug-in Hybrid Electric Vehicle""",,0,1,,,Transporte_Base_Maestra_y_Contrato_V2_CORREGIDA.xlsx,Factores
TRA_A683D8B7F7B3CD,FUERA DE ESPAÑA,Transporte,PRIVADO,Coche grande (> 2.000 cc),Eléctrico híbrido enchufable,km,distancia,2024,2024,0.1143,ANNUAL,,DEFRA,"DEFRA - ""Passenger Vehicles"" ""Cars (by size)"" ""Business Vehicles"" ""Cars (by size)"" ""Largel"" ""Plug-in Hybrid Electric Vehicle""",,0,1,,,Transporte_Base_Maestra_y_Contrato_V2_CORREGIDA.xlsx,Factores
TRA_0C29D9F1EAE3A8,FUERA DE ESPAÑA,Transporte,PRIVADO,Coche grande (> 2.000 cc),Eléctrico híbrido enchufable,km,distancia,2025,2025,0.09842,ANNUAL,,DEFRA,"DEFRA - ""Passenger Vehicles"" ""Cars (by size)"" ""Business Vehicles"" ""Cars (by size)"" ""Largel"" ""Plug-in Hybrid Electric Vehicle""",,0,1,,,Transporte_Base_Maestra_y_Contrato_V2_CORREGIDA.xlsx,Factores
TRA_20770D161B1849,FUERA DE ESPAÑA,Transporte,PRIVADO,Coche grande (> 2.000 cc),Eléctrico de batería,km,distancia,2022,2022,0.057974412080536906,ANNUAL,,DEFRA,"DEFRA - ""Passenger Vehicles"" ""Cars (by size)"" ""Business Vehicles"" ""Cars (by size)"" ""Large"" ""Battery Electric Vehicle""",,0,1,,,Transporte_Base_Maestra_y_Contrato_V2_CORREGIDA.xlsx,Factores
TRA_E443BF4A7A7874,FUERA DE ESPAÑA,Transporte,PRIVADO,Coche grande (> 2.000 cc),Eléctrico de batería,km,distancia,2023,2023,0.04925,ANNUAL,,DEFRA,"DEFRA - ""Passenger Vehicles"" ""Cars (by size)"" ""Business Vehicles"" ""Cars (by size)"" ""Large"" ""Battery Electric Vehicle""",,0,1,,,Transporte_Base_Maestra_y_Contrato_V2_CORREGIDA.xlsx,Factores
TRA_AF8ABC38258E91,FUERA DE ESPAÑA,Transporte,PRIVADO,Coche grande (> 2.000 cc),Eléctrico de batería,km,distancia,2024,2024,0.04205,ANNUAL,,DEFRA,"DEFRA - ""Passenger Vehicles"" ""Cars (by size)"" ""Business Vehicles"" ""Cars (by size)"" ""Large"" ""Battery Electric Vehicle""",,0,1,,,Transporte_Base_Maestra_y_Contrato_V2_CORREGIDA.xlsx,Factores
TRA_F3362266E92ED6,FUERA DE ESPAÑA,Transporte,PRIVADO,Coche grande (> 2.000 cc),Eléctrico de batería,km,distancia,2025,2025,0,ANNUAL,,DEFRA,"DEFRA - ""Passenger Vehicles"" ""Cars (by size)"" ""Business Vehicles"" ""Cars (by size)"" ""Large"" ""Battery Electric Vehicle""",,0,1,,,Transporte_Base_Maestra_y_Contrato_V2_CORREGIDA.xlsx,Factores
TRA_EEA3C9C61B3614,FUERA DE ESPAÑA,Transporte,PRIVADO,Vans (pasajeros),Diésel,km,distancia,2022,2022,0.20858644888053693,ANNUAL,,DEFRA,"DEFRA - ""Passenger Vehicles"" ""Cars (by size)"" ""Business Vehicles"" ""Cars (by size)"" ""Large"" ""Diesel""",,0,1,,,Transporte_Base_Maestra_y_Contrato_V2_CORREGIDA.xlsx,Factores
TRA_EE0742CE96A4F4,FUERA DE ESPAÑA,Transporte,PRIVADO,Vans (pasajeros),Diésel,km,distancia,2023,2023,0.20729,ANNUAL,,DEFRA,"DEFRA - ""Passenger Vehicles"" ""Cars (by size)"" ""Business Vehicles"" ""Cars (by size)"" ""Large"" ""Diesel""",,0,1,,,Transporte_Base_Maestra_y_Contrato_V2_CORREGIDA.xlsx,Factores
TRA_DE0B2ED2C89EBB,FUERA DE ESPAÑA,Transporte,PRIVADO,Vans (pasajeros),Diésel,km,distancia,2024,2024,0.21007,ANNUAL,,DEFRA,"DEFRA - ""Passenger Vehicles"" ""Cars (by size)"" ""Business Vehicles"" ""Cars (by size)"" ""Large"" ""Diesel""",,0,1,,,Transporte_Base_Maestra_y_Contrato_V2_CORREGIDA.xlsx,Factores
TRA_ACDEA7D457C027,FUERA DE ESPAÑA,Transporte,PRIVADO,Vans (pasajeros),Diésel,km,distancia,2025,2025,0.20905,ANNUAL,,DEFRA,"DEFRA - ""Passenger Vehicles"" ""Cars (by size)"" ""Business Vehicles"" ""Cars (by size)"" ""Large"" ""Diesel""",,0,1,,,Transporte_Base_Maestra_y_Contrato_V2_CORREGIDA.xlsx,Factores
TRA_2B1D6B10B38A61,FUERA DE ESPAÑA,Transporte,PRIVADO,Vans (pasajeros),Gasolina,km,distancia,2022,2022,0.27223853422818795,ANNUAL,,DEFRA,"DEFRA - ""Passenger Vehicles"" ""Cars (by size)"" ""Business Vehicles"" ""Cars (by size)"" ""Large"" ""Petrol""",,0,1,,,Transporte_Base_Maestra_y_Contrato_V2_CORREGIDA.xlsx,Factores
TRA_C314F7CBA986DB,FUERA DE ESPAÑA,Transporte,PRIVADO,Vans (pasajeros),Gasolina,km,distancia,2023,2023,0.26885,ANNUAL,,DEFRA,"DEFRA - ""Passenger Vehicles"" ""Cars (by size)"" ""Business Vehicles"" ""Cars (by size)"" ""Large"" ""Petrol""",,0,1,,,Transporte_Base_Maestra_y_Contrato_V2_CORREGIDA.xlsx,Factores
TRA_AB1574A376F6D7,FUERA DE ESPAÑA,Transporte,PRIVADO,Vans (pasajeros),Gasolina,km,distancia,2024,2024,0.26828,ANNUAL,,DEFRA,"DEFRA - ""Passenger Vehicles"" ""Cars (by size)"" ""Business Vehicles"" ""Cars (by size)"" ""Large"" ""Petrol""",,0,1,,,Transporte_Base_Maestra_y_Contrato_V2_CORREGIDA.xlsx,Factores
TRA_C594973046E75E,FUERA DE ESPAÑA,Transporte,PRIVADO,Vans (pasajeros),Gasolina,km,distancia,2025,2025,0.26606,ANNUAL,,DEFRA,"DEFRA - ""Passenger Vehicles"" ""Cars (by size)"" ""Business Vehicles"" ""Cars (by size)"" ""Large"" ""Petrol""",,0,1,,,Transporte_Base_Maestra_y_Contrato_V2_CORREGIDA.xlsx,Factores
TRA_39AA4FC6BB7802,FUERA DE ESPAÑA,Transporte,PRIVADO,Vans (pasajeros),GNC,km,distancia,2022,2022,0.23845419731543627,ANNUAL,,DEFRA,"DEFRA - ""Passenger Vehicles"" ""Cars (by size)"" ""Business Vehicles"" ""Cars (by size)"" ""Largel"" ""Hybrid""",,0,1,,,Transporte_Base_Maestra_y_Contrato_V2_CORREGIDA.xlsx,Factores
TRA_28841C2C0143B2,FUERA DE ESPAÑA,Transporte,PRIVADO,Vans (pasajeros),GNC,km,distancia,2023,2023,0.23705,ANNUAL,,DEFRA,"DEFRA - ""Passenger Vehicles"" ""Cars (by size)"" ""Business Vehicles"" ""Cars (by size)"" ""Largel"" ""Hybrid""",,0,1,,,Transporte_Base_Maestra_y_Contrato_V2_CORREGIDA.xlsx,Factores
TRA_0C92EDA1B28C7A,FUERA DE ESPAÑA,Transporte,PRIVADO,Vans (pasajeros),GNC,km,distancia,2024,2024,0.23722,ANNUAL,,DEFRA,"DEFRA - ""Passenger Vehicles"" ""Cars (by size)"" ""Business Vehicles"" ""Cars (by size)"" ""Largel"" ""Hybrid""",,0,1,,,Transporte_Base_Maestra_y_Contrato_V2_CORREGIDA.xlsx,Factores
TRA_A3349D7E0E208B,FUERA DE ESPAÑA,Transporte,PRIVADO,Vans (pasajeros),GNC,km,distancia,2025,2025,0.23463,ANNUAL,,DEFRA,"DEFRA - ""Passenger Vehicles"" ""Cars (by size)"" ""Business Vehicles"" ""Cars (by size)"" ""Largel"" ""Hybrid""",,0,1,,,Transporte_Base_Maestra_y_Contrato_V2_CORREGIDA.xlsx,Factores
TRA_17EAB943CDA5A0,FUERA DE ESPAÑA,Transporte,PRIVADO,Vans (pasajeros),GLP,km,distancia,2022,2022,0.26914059731543627,ANNUAL,,DEFRA,"DEFRA - ""Passenger Vehicles"" ""Cars (by size)"" ""Business Vehicles"" ""Cars (by size)"" ""Large"" ""GNP""",,0,1,,,Transporte_Base_Maestra_y_Contrato_V2_CORREGIDA.xlsx,Factores
TRA_1E09C922C64E63,FUERA DE ESPAÑA,Transporte,PRIVADO,Vans (pasajeros),GLP,km,distancia,2023,2023,0.26759,ANNUAL,,DEFRA,"DEFRA - ""Passenger Vehicles"" ""Cars (by size)"" ""Business Vehicles"" ""Cars (by size)"" ""Large"" ""GNP""",,0,1,,,Transporte_Base_Maestra_y_Contrato_V2_CORREGIDA.xlsx,Factores
TRA_90540C671AF48F,FUERA DE ESPAÑA,Transporte,PRIVADO,Vans (pasajeros),GLP,km,distancia,2024,2024,0.26771,ANNUAL,,DEFRA,"DEFRA - ""Passenger Vehicles"" ""Cars (by size)"" ""Business Vehicles"" ""Cars (by size)"" ""Large"" ""GNP""",,0,1,,,Transporte_Base_Maestra_y_Contrato_V2_CORREGIDA.xlsx,Factores
TRA_6B2604A02BAA53,FUERA DE ESPAÑA,Transporte,PRIVADO,Vans (pasajeros),GLP,km,distancia,2025,2025,0.26569,ANNUAL,,DEFRA,"DEFRA - ""Passenger Vehicles"" ""Cars (by size)"" ""Business Vehicles"" ""Cars (by size)"" ""Large"" ""GNP""",,0,1,,,Transporte_Base_Maestra_y_Contrato_V2_CORREGIDA.xlsx,Factores
TRA_D8F5A34FE64F49,FUERA DE ESPAÑA,Transporte,PRIVADO,Vans (pasajeros),Híbrido,km,distancia,2022,2022,0.1524358,ANNUAL,,DEFRA,"DEFRA - ""Passenger Vehicles"" ""Cars (by size)"" ""Business Vehicles"" ""Cars (by size)"" ""Large"" ""GLP""",,0,1,,,Transporte_Base_Maestra_y_Contrato_V2_CORREGIDA.xlsx,Factores
TRA_5D3E192A8A06B3,FUERA DE ESPAÑA,Transporte,PRIVADO,Vans (pasajeros),Híbrido,km,distancia,2023,2023,0.15486,ANNUAL,,DEFRA,"DEFRA - ""Passenger Vehicles"" ""Cars (by size)"" ""Business Vehicles"" ""Cars (by size)"" ""Large"" ""GLP""",,0,1,,,Transporte_Base_Maestra_y_Contrato_V2_CORREGIDA.xlsx,Factores
TRA_C9550DF302E5E6,FUERA DE ESPAÑA,Transporte,PRIVADO,Vans (pasajeros),Híbrido,km,distancia,2024,2024,0.1565,ANNUAL,,DEFRA,"DEFRA - ""Passenger Vehicles"" ""Cars (by size)"" ""Business Vehicles"" ""Cars (by size)"" ""Large"" ""GLP""",,0,1,,,Transporte_Base_Maestra_y_Contrato_V2_CORREGIDA.xlsx,Factores
TRA_91ADACDC5EB1E1,FUERA DE ESPAÑA,Transporte,PRIVADO,Vans (pasajeros),Híbrido,km,distancia,2025,2025,0.15846,ANNUAL,,DEFRA,"DEFRA - ""Passenger Vehicles"" ""Cars (by size)"" ""Business Vehicles"" ""Cars (by size)"" ""Large"" ""GLP""",,0,1,,,Transporte_Base_Maestra_y_Contrato_V2_CORREGIDA.xlsx,Factores
TRA_D6FC390AE22330,FUERA DE ESPAÑA,Transporte,PRIVADO,Vans (pasajeros),Desconocido,km,distancia,2022,2022,0.2261158,ANNUAL,,DEFRA,"DEFRA - ""Passenger Vehicles"" ""Cars (by size)"" ""Business Vehicles"" ""Cars (by size)"" ""Large"" ""Unknown""",,0,1,,,Transporte_Base_Maestra_y_Contrato_V2_CORREGIDA.xlsx,Factores
TRA_3F2B02D1DDA227,FUERA DE ESPAÑA,Transporte,PRIVADO,Vans (pasajeros),Desconocido,km,distancia,2023,2023,0.22472,ANNUAL,,DEFRA,"DEFRA - ""Passenger Vehicles"" ""Cars (by size)"" ""Business Vehicles"" ""Cars (by size)"" ""Large"" ""Unknown""",,0,1,,,Transporte_Base_Maestra_y_Contrato_V2_CORREGIDA.xlsx,Factores
TRA_B43484B3434AD3,FUERA DE ESPAÑA,Transporte,PRIVADO,Vans (pasajeros),Desconocido,km,distancia,2024,2024,0.22678,ANNUAL,,DEFRA,"DEFRA - ""Passenger Vehicles"" ""Cars (by size)"" ""Business Vehicles"" ""Cars (by size)"" ""Large"" ""Unknown""",,0,1,,,Transporte_Base_Maestra_y_Contrato_V2_CORREGIDA.xlsx,Factores
TRA_92972DC300D888,FUERA DE ESPAÑA,Transporte,PRIVADO,Vans (pasajeros),Desconocido,km,distancia,2025,2025,0.2277,ANNUAL,,DEFRA,"DEFRA - ""Passenger Vehicles"" ""Cars (by size)"" ""Business Vehicles"" ""Cars (by size)"" ""Large"" ""Unknown""",,0,1,,,Transporte_Base_Maestra_y_Contrato_V2_CORREGIDA.xlsx,Factores
TRA_D26F2F06D0A511,FUERA DE ESPAÑA,Transporte,PRIVADO,Vans (pasajeros),Eléctrico híbrido enchufable,km,distancia,2022,2022,0.10158438255033557,ANNUAL,,DEFRA,"DEFRA - ""Passenger Vehicles"" ""Cars (by size)"" ""Business Vehicles"" ""Cars (by size)"" ""Largel"" ""Plug-in Hybrid Electric Vehicle""",,0,1,,,Transporte_Base_Maestra_y_Contrato_V2_CORREGIDA.xlsx,Factores
TRA_AD90E12EA762EF,FUERA DE ESPAÑA,Transporte,PRIVADO,Vans (pasajeros),Eléctrico híbrido enchufable,km,distancia,2023,2023,0.11923,ANNUAL,,DEFRA,"DEFRA - ""Passenger Vehicles"" ""Cars (by size)"" ""Business Vehicles"" ""Cars (by size)"" ""Largel"" ""Plug-in Hybrid Electric Vehicle""",,0,1,,,Transporte_Base_Maestra_y_Contrato_V2_CORREGIDA.xlsx,Factores
TRA_327B42F21303AB,FUERA DE ESPAÑA,Transporte,PRIVADO,Vans (pasajeros),Eléctrico híbrido enchufable,km,distancia,2024,2024,0.1143,ANNUAL,,DEFRA,"DEFRA - ""Passenger Vehicles"" ""Cars (by size)"" ""Business Vehicles"" ""Cars (by size)"" ""Largel"" ""Plug-in Hybrid Electric Vehicle""",,0,1,,,Transporte_Base_Maestra_y_Contrato_V2_CORREGIDA.xlsx,Factores
TRA_DA087A7A21F48A,FUERA DE ESPAÑA,Transporte,PRIVADO,Vans (pasajeros),Eléctrico híbrido enchufable,km,distancia,2025,2025,0.09842,ANNUAL,,DEFRA,"DEFRA - ""Passenger Vehicles"" ""Cars (by size)"" ""Business Vehicles"" ""Cars (by size)"" ""Largel"" ""Plug-in Hybrid Electric Vehicle""",,0,1,,,Transporte_Base_Maestra_y_Contrato_V2_CORREGIDA.xlsx,Factores
TRA_4D9FFA10D86E8B,FUERA DE ESPAÑA,Transporte,PRIVADO,Vans (pasajeros),Eléctrico de batería,km,distancia,2022,2022,0.057974412080536906,ANNUAL,,DEFRA,"DEFRA - ""Passenger Vehicles"" ""Cars (by size)"" ""Business Vehicles"" ""Cars (by size)"" ""Large"" ""Battery Electric Vehicle""",,0,1,,,Transporte_Base_Maestra_y_Contrato_V2_CORREGIDA.xlsx,Factores
TRA_9BF0953930F24D,FUERA DE ESPAÑA,Transporte,PRIVADO,Vans (pasajeros),Eléctrico de batería,km,distancia,2023,2023,0.04925,ANNUAL,,DEFRA,"DEFRA - ""Passenger Vehicles"" ""Cars (by size)"" ""Business Vehicles"" ""Cars (by size)"" ""Large"" ""Battery Electric Vehicle""",,0,1,,,Transporte_Base_Maestra_y_Contrato_V2_CORREGIDA.xlsx,Factores
TRA_B3773BE059D863,FUERA DE ESPAÑA,Transporte,PRIVADO,Vans (pasajeros),Eléctrico de batería,km,distancia,2024,2024,0.04205,ANNUAL,,DEFRA,"DEFRA - ""Passenger Vehicles"" ""Cars (by size)"" ""Business Vehicles"" ""Cars (by size)"" ""Large"" ""Battery Electric Vehicle""",,0,1,,,Transporte_Base_Maestra_y_Contrato_V2_CORREGIDA.xlsx,Factores
TRA_FED080569035E3,FUERA DE ESPAÑA,Transporte,PRIVADO,Vans (pasajeros),Eléctrico de batería,km,distancia,2025,2025,0,ANNUAL,,DEFRA,"DEFRA - ""Passenger Vehicles"" ""Cars (by size)"" ""Business Vehicles"" ""Cars (by size)"" ""Large"" ""Battery Electric Vehicle""",,0,1,,,Transporte_Base_Maestra_y_Contrato_V2_CORREGIDA.xlsx,Factores
TRA_1BAAB078AFC584,FUERA DE ESPAÑA,Transporte,PÚBLICO,Autobús local (promedio),Desconocido,km*pasajero,distancia,2022,2022,0.10215039463087248,ANNUAL,,DEFRA,"DEFRA - ""Business Travel - Land"" ""Bus"" ""Average local bus""",,0,1,,,Transporte_Base_Maestra_y_Contrato_V2_CORREGIDA.xlsx,Factores
TRA_C8A526A2865B60,FUERA DE ESPAÑA,Transporte,PÚBLICO,Autobús local (promedio),Desconocido,km*pasajero,distancia,2023,2023,0.10846,ANNUAL,,DEFRA,"DEFRA - ""Business Travel - Land"" ""Bus"" ""Average local bus""",,0,1,,,Transporte_Base_Maestra_y_Contrato_V2_CORREGIDA.xlsx,Factores
TRA_0F27D66F0F1D32,FUERA DE ESPAÑA,Transporte,PÚBLICO,Autobús local (promedio),Desconocido,km*pasajero,distancia,2024,2024,0.10385,ANNUAL,,DEFRA,"DEFRA - ""Business Travel - Land"" ""Bus"" ""Average local bus""",,0,1,,,Transporte_Base_Maestra_y_Contrato_V2_CORREGIDA.xlsx,Factores
TRA_F935D2B55B0AFB,FUERA DE ESPAÑA,Transporte,PÚBLICO,Autobús local (promedio),Desconocido,km*pasajero,distancia,2025,2025,0.10151,ANNUAL,,DEFRA,"DEFRA - ""Business Travel - Land"" ""Bus"" ""Average local bus""",,0,1,,,Transporte_Base_Maestra_y_Contrato_V2_CORREGIDA.xlsx,Factores
TRA_8879EB3C1B31D8,FUERA DE ESPAÑA,Transporte,PÚBLICO,Autobús local (metropolitano),Desconocido,km*pasajero,distancia,2022,2022,0.11836276912751678,ANNUAL,,DEFRA,"DEFRA - ""Business Travel - Land"" ""Bus"" ""Local bus (not London)""",,0,1,,,Transporte_Base_Maestra_y_Contrato_V2_CORREGIDA.xlsx,Factores
TRA_F25F9FCCE2FB44,FUERA DE ESPAÑA,Transporte,PÚBLICO,Autobús local (metropolitano),Desconocido,km*pasajero,distancia,2023,2023,0.12999,ANNUAL,,DEFRA,"DEFRA - ""Business Travel - Land"" ""Bus"" ""Local bus (not London)""",,0,1,,,Transporte_Base_Maestra_y_Contrato_V2_CORREGIDA.xlsx,Factores
TRA_174078B4AA9ECA,FUERA DE ESPAÑA,Transporte,PÚBLICO,Autobús local (metropolitano),Desconocido,km*pasajero,distancia,2024,2024,0.12525,ANNUAL,,DEFRA,"DEFRA - ""Business Travel - Land"" ""Bus"" ""Local bus (not London)""",,0,1,,,Transporte_Base_Maestra_y_Contrato_V2_CORREGIDA.xlsx,Factores
TRA_78EDFCA754A526,FUERA DE ESPAÑA,Transporte,PÚBLICO,Autobús local (metropolitano),Desconocido,km*pasajero,distancia,2025,2025,0.12552,ANNUAL,,DEFRA,"DEFRA - ""Business Travel - Land"" ""Bus"" ""Local bus (not London)""",,0,1,,,Transporte_Base_Maestra_y_Contrato_V2_CORREGIDA.xlsx,Factores
TRA_A7A1F1C4A558EA,FUERA DE ESPAÑA,Transporte,PÚBLICO,Autobús local (urbano),Desconocido,km*pasajero,distancia,2022,2022,0.07832250872483222,ANNUAL,,DEFRA,"DEFRA - ""Business Travel - Land"" ""Bus"" ""Local London bus""",,0,1,,,Transporte_Base_Maestra_y_Contrato_V2_CORREGIDA.xlsx,Factores
TRA_C9C14BE03DBBC5,FUERA DE ESPAÑA,Transporte,PÚBLICO,Autobús local (urbano),Desconocido,km*pasajero,distancia,2023,2023,0.07447,ANNUAL,,DEFRA,"DEFRA - ""Business Travel - Land"" ""Bus"" ""Local London bus""",,0,1,,,Transporte_Base_Maestra_y_Contrato_V2_CORREGIDA.xlsx,Factores
TRA_08ADEA4261A7C3,FUERA DE ESPAÑA,Transporte,PÚBLICO,Autobús local (urbano),Desconocido,km*pasajero,distancia,2024,2024,0.06875,ANNUAL,,DEFRA,"DEFRA - ""Business Travel - Land"" ""Bus"" ""Local London bus""",,0,1,,,Transporte_Base_Maestra_y_Contrato_V2_CORREGIDA.xlsx,Factores
TRA_39D2C9466868EF,FUERA DE ESPAÑA,Transporte,PÚBLICO,Autobús local (urbano),Desconocido,km*pasajero,distancia,2025,2025,0.0636,ANNUAL,,DEFRA,"DEFRA - ""Business Travel - Land"" ""Bus"" ""Local London bus""",,0,1,,,Transporte_Base_Maestra_y_Contrato_V2_CORREGIDA.xlsx,Factores
TRA_5F7DFE0FD836C0,FUERA DE ESPAÑA,Transporte,PÚBLICO,Taxi regular,Desconocido,km,distancia,2022,2022,0.208056448880537,ANNUAL,,DEFRA,"DEFRA - ""Business Travel - Land"" ""Taxis"" ""Regular Taxi""",,0,1,,,Transporte_Base_Maestra_y_Contrato_V2_CORREGIDA.xlsx,Factores
TRA_F71DEEFDB7DDD1,FUERA DE ESPAÑA,Transporte,PÚBLICO,Taxi regular,Desconocido,km,distancia,2023,2023,0.20805,ANNUAL,,DEFRA,"DEFRA - ""Business Travel - Land"" ""Taxis"" ""Regular Taxi""",,0,1,,,Transporte_Base_Maestra_y_Contrato_V2_CORREGIDA.xlsx,Factores
TRA_D072812AEF38F3,FUERA DE ESPAÑA,Transporte,PÚBLICO,Taxi regular,Desconocido,km,distancia,2024,2024,0.20806,ANNUAL,,DEFRA,"DEFRA - ""Business Travel - Land"" ""Taxis"" ""Regular Taxi""",,0,1,,,Transporte_Base_Maestra_y_Contrato_V2_CORREGIDA.xlsx,Factores
TRA_CDEBBBFECA1D7F,FUERA DE ESPAÑA,Transporte,PÚBLICO,Taxi regular,Desconocido,km,distancia,2025,2025,0.20806,ANNUAL,,DEFRA,"DEFRA - ""Business Travel - Land"" ""Taxis"" ""Regular Taxi""",,0,1,,,Transporte_Base_Maestra_y_Contrato_V2_CORREGIDA.xlsx,Factores
TRA_F95A426101E572,FUERA DE ESPAÑA,Transporte,PÚBLICO,Taxi regular,Desconocido,km*pasajero,distancia,2022,2022,0.148614925938255,ANNUAL,,DEFRA,"DEFRA - ""Business Travel - Land"" ""Taxis"" ""Regular Taxi""",,0,1,,,Transporte_Base_Maestra_y_Contrato_V2_CORREGIDA.xlsx,Factores
TRA_012DDCCEC70B38,FUERA DE ESPAÑA,Transporte,PÚBLICO,Taxi regular,Desconocido,km*pasajero,distancia,2023,2023,0.14861,ANNUAL,,DEFRA,"DEFRA - ""Business Travel - Land"" ""Taxis"" ""Regular Taxi""",,0,1,,,Transporte_Base_Maestra_y_Contrato_V2_CORREGIDA.xlsx,Factores
TRA_0DDE2D8E55CFCE,FUERA DE ESPAÑA,Transporte,PÚBLICO,Taxi regular,Desconocido,km*pasajero,distancia,2024,2024,0.14861,ANNUAL,,DEFRA,"DEFRA - ""Business Travel - Land"" ""Taxis"" ""Regular Taxi""",,0,1,,,Transporte_Base_Maestra_y_Contrato_V2_CORREGIDA.xlsx,Factores
TRA_1D2633F5CEE418,FUERA DE ESPAÑA,Transporte,PÚBLICO,Taxi regular,Desconocido,km*pasajero,distancia,2025,2025,0.14861,ANNUAL,,DEFRA,"DEFRA - ""Business Travel - Land"" ""Taxis"" ""Regular Taxi""",,0,1,,,Transporte_Base_Maestra_y_Contrato_V2_CORREGIDA.xlsx,Factores
TRA_8CA9AB414F7A05,FUERA DE ESPAÑA,Transporte,PÚBLICO,Metro,Desconocido,km*pasajero,distancia,2022,2022,0.0278,ANNUAL,,DEFRA,"DEFRA - ""Business Travel - Land"" ""Rail"" ""London Underground""",,0,1,,,Transporte_Base_Maestra_y_Contrato_V2_CORREGIDA.xlsx,Factores
TRA_B5C9524B7413E5,FUERA DE ESPAÑA,Transporte,PÚBLICO,Metro,Desconocido,km*pasajero,distancia,2023,2023,0.0278,ANNUAL,,DEFRA,"DEFRA - ""Business Travel - Land"" ""Rail"" ""London Underground""",,0,1,,,Transporte_Base_Maestra_y_Contrato_V2_CORREGIDA.xlsx,Factores
TRA_85347FA106FFE0,FUERA DE ESPAÑA,Transporte,PÚBLICO,Metro,Desconocido,km*pasajero,distancia,2024,2024,0.0278,ANNUAL,,DEFRA,"DEFRA - ""Business Travel - Land"" ""Rail"" ""London Underground""",,0,1,,,Transporte_Base_Maestra_y_Contrato_V2_CORREGIDA.xlsx,Factores
TRA_9FBCC3BBA01293,FUERA DE ESPAÑA,Transporte,PÚBLICO,Metro,Desconocido,km*pasajero,distancia,2025,2025,0.01549,ANNUAL,,DEFRA,"DEFRA - ""Business Travel - Land"" ""Rail"" ""London Underground""",,0,1,,,Transporte_Base_Maestra_y_Contrato_V2_CORREGIDA.xlsx,Factores
TRA_D53AD2A1212341,FUERA DE ESPAÑA,Transporte,PÚBLICO,Tren Ligero/Tranvía,Desconocido,km*pasajero,distancia,2022,2022,0.0286,ANNUAL,,DEFRA,"DEFRA - ""Business Travel - Land"" ""Rail"" ""Light rail and tram""",,0,1,,,Transporte_Base_Maestra_y_Contrato_V2_CORREGIDA.xlsx,Factores
TRA_928E8B989662F1,FUERA DE ESPAÑA,Transporte,PÚBLICO,Tren Ligero/Tranvía,Desconocido,km*pasajero,distancia,2023,2023,0.0286,ANNUAL,,DEFRA,"DEFRA - ""Business Travel - Land"" ""Rail"" ""Light rail and tram""",,0,1,,,Transporte_Base_Maestra_y_Contrato_V2_CORREGIDA.xlsx,Factores
TRA_D1BD92C21BEC11,FUERA DE ESPAÑA,Transporte,PÚBLICO,Tren Ligero/Tranvía,Desconocido,km*pasajero,distancia,2024,2024,0.0286,ANNUAL,,DEFRA,"DEFRA - ""Business Travel - Land"" ""Rail"" ""Light rail and tram""",,0,1,,,Transporte_Base_Maestra_y_Contrato_V2_CORREGIDA.xlsx,Factores
TRA_C9B15F02ACCAEB,FUERA DE ESPAÑA,Transporte,PÚBLICO,Tren Ligero/Tranvía,Desconocido,km*pasajero,distancia,2025,2025,0.02121,ANNUAL,,DEFRA,"DEFRA - ""Business Travel - Land"" ""Rail"" ""Light rail and tram""",,0,1,,,Transporte_Base_Maestra_y_Contrato_V2_CORREGIDA.xlsx,Factores
TRA_9FCA9C35A99F59,FUERA DE ESPAÑA,Transporte,PÚBLICO,Tren (urbano y metropolitano),Desconocido,km*pasajero,distancia,2022,2022,0.03546,ANNUAL,,DEFRA,"DEFRA - ""Business Travel - Land"" ""Rail"" ""National rail""",,0,1,,,Transporte_Base_Maestra_y_Contrato_V2_CORREGIDA.xlsx,Factores
TRA_1C3107F296AE2D,FUERA DE ESPAÑA,Transporte,PÚBLICO,Tren (urbano y metropolitano),Desconocido,km*pasajero,distancia,2023,2023,0.03546,ANNUAL,,DEFRA,"DEFRA - ""Business Travel - Land"" ""Rail"" ""National rail""",,0,1,,,Transporte_Base_Maestra_y_Contrato_V2_CORREGIDA.xlsx,Factores
TRA_EB22CDE292D02D,FUERA DE ESPAÑA,Transporte,PÚBLICO,Tren (urbano y metropolitano),Desconocido,km*pasajero,distancia,2024,2024,0.03546,ANNUAL,,DEFRA,"DEFRA - ""Business Travel - Land"" ""Rail"" ""National rail""",,0,1,,,Transporte_Base_Maestra_y_Contrato_V2_CORREGIDA.xlsx,Factores
TRA_DDB9278806F0D4,FUERA DE ESPAÑA,Transporte,PÚBLICO,Tren (urbano y metropolitano),Desconocido,km*pasajero,distancia,2025,2025,0.03092,ANNUAL,,DEFRA,"DEFRA - ""Business Travel - Land"" ""Rail"" ""National rail""",,0,1,,,Transporte_Base_Maestra_y_Contrato_V2_CORREGIDA.xlsx,Factores
TRA_DA32A6DFCE85FA,FUERA DE ESPAÑA,Transporte,VIAJES,Autocar (Larga distancia),Desconocido,km*pasajero,distancia,2022,2022,0.027181401342281877,ANNUAL,,DEFRA,"DEFRA -""Business Travel - Land"" ""Bus - Coach""""",,0,1,,,Transporte_Base_Maestra_y_Contrato_V2_CORREGIDA.xlsx,Factores
TRA_AE06008FE12B66,FUERA DE ESPAÑA,Transporte,VIAJES,Autocar (Larga distancia),Desconocido,km*pasajero,distancia,2023,2023,0.02717,ANNUAL,,DEFRA,"DEFRA -""Business Travel - Land"" ""Bus - Coach""""",,0,1,,,Transporte_Base_Maestra_y_Contrato_V2_CORREGIDA.xlsx,Factores
TRA_2A216D58CE3275,FUERA DE ESPAÑA,Transporte,VIAJES,Autocar (Larga distancia),Desconocido,km*pasajero,distancia,2024,2024,0.02776,ANNUAL,,DEFRA,"DEFRA -""Business Travel - Land"" ""Bus - Coach""""",,0,1,,,Transporte_Base_Maestra_y_Contrato_V2_CORREGIDA.xlsx,Factores
TRA_FC2061281DE928,FUERA DE ESPAÑA,Transporte,VIAJES,Autocar (Larga distancia),Desconocido,km*pasajero,distancia,2025,2025,0.03948,ANNUAL,,DEFRA,"DEFRA -""Business Travel - Land"" ""Bus - Coach""""",,0,1,,,Transporte_Base_Maestra_y_Contrato_V2_CORREGIDA.xlsx,Factores
TRA_2F6FF333718ECE,FUERA DE ESPAÑA,Transporte,VIAJES,Tren (Nacional),Desconocido,km*pasajero,distancia,2022,2022,0.03546,ANNUAL,,DEFRA,"DEFRA - ""Business Travel - Land ""Rail"" ""National rail""",,0,1,,,Transporte_Base_Maestra_y_Contrato_V2_CORREGIDA.xlsx,Factores
TRA_DBD49590692DF5,FUERA DE ESPAÑA,Transporte,VIAJES,Tren (Nacional),Desconocido,km*pasajero,distancia,2023,2023,0.03546,ANNUAL,,DEFRA,"DEFRA - ""Business Travel - Land ""Rail"" ""National rail""",,0,1,,,Transporte_Base_Maestra_y_Contrato_V2_CORREGIDA.xlsx,Factores
TRA_35394FE3581996,FUERA DE ESPAÑA,Transporte,VIAJES,Tren (Nacional),Desconocido,km*pasajero,distancia,2024,2024,0.03546,ANNUAL,,DEFRA,"DEFRA - ""Business Travel - Land ""Rail"" ""National rail""",,0,1,,,Transporte_Base_Maestra_y_Contrato_V2_CORREGIDA.xlsx,Factores
TRA_1DC52FF366887C,FUERA DE ESPAÑA,Transporte,VIAJES,Tren (Nacional),Desconocido,km*pasajero,distancia,2025,2025,0.03092,ANNUAL,,DEFRA,"DEFRA - ""Business Travel - Land ""Rail"" ""National rail""",,0,1,,,Transporte_Base_Maestra_y_Contrato_V2_CORREGIDA.xlsx,Factores
TRA_0825194420B240,FUERA DE ESPAÑA,Transporte,VIAJES,Tren (Internacional ),Desconocido,km*pasajero,distancia,2022,2022,0.00446,ANNUAL,,DEFRA,"DEFRA - ""Business Travel - Land ""Rail"" ""International rail""",,0,1,,,Transporte_Base_Maestra_y_Contrato_V2_CORREGIDA.xlsx,Factores
TRA_7E524A9A1F2B16,FUERA DE ESPAÑA,Transporte,VIAJES,Tren (Internacional ),Desconocido,km*pasajero,distancia,2023,2023,0.00446,ANNUAL,,DEFRA,"DEFRA - ""Business Travel - Land ""Rail"" ""International rail""",,0,1,,,Transporte_Base_Maestra_y_Contrato_V2_CORREGIDA.xlsx,Factores
TRA_04DE3E1AEE0C25,FUERA DE ESPAÑA,Transporte,VIAJES,Tren (Internacional ),Desconocido,km*pasajero,distancia,2024,2024,0.00446,ANNUAL,,DEFRA,"DEFRA - ""Business Travel - Land ""Rail"" ""International rail""",,0,1,,,Transporte_Base_Maestra_y_Contrato_V2_CORREGIDA.xlsx,Factores
TRA_7BCDB850EF958A,FUERA DE ESPAÑA,Transporte,VIAJES,Tren (Internacional ),Desconocido,km*pasajero,distancia,2025,2025,0.01135,ANNUAL,,DEFRA,"DEFRA - ""Business Travel - Land ""Rail"" ""International rail""",,0,1,,,Transporte_Base_Maestra_y_Contrato_V2_CORREGIDA.xlsx,Factores
TRA_4583B5416BDE3B,FUERA DE ESPAÑA,Transporte,VIAJES,Vuelo (Nacional pasajero promedio),Desconocido,km*pasajero,distancia,2022,2022,0.272577,ANNUAL,,DEFRA,"DEFRA -""Business Travel - Air"" ""Flights"" ""Domestic, to/from UK"" ""Average passenger",,0,1,,,Transporte_Base_Maestra_y_Contrato_V2_CORREGIDA.xlsx,Factores
TRA_3C74AC5EEF2137,FUERA DE ESPAÑA,Transporte,VIAJES,Vuelo (Nacional pasajero promedio),Desconocido,km*pasajero,distancia,2023,2023,0.27257,ANNUAL,,DEFRA,"DEFRA -""Business Travel - Air"" ""Flights"" ""Domestic, to/from UK"" ""Average passenger",,0,1,,,Transporte_Base_Maestra_y_Contrato_V2_CORREGIDA.xlsx,Factores
TRA_3ED28C48014141,FUERA DE ESPAÑA,Transporte,VIAJES,Vuelo (Nacional pasajero promedio),Desconocido,km*pasajero,distancia,2024,2024,0.22928,ANNUAL,,DEFRA,"DEFRA -""Business Travel - Air"" ""Flights"" ""Domestic, to/from UK"" ""Average passenger",,0,1,,,Transporte_Base_Maestra_y_Contrato_V2_CORREGIDA.xlsx,Factores
TRA_D1D3D13DFD1961,FUERA DE ESPAÑA,Transporte,VIAJES,Vuelo (Nacional pasajero promedio),Desconocido,km*pasajero,distancia,2025,2025,0.22928,ANNUAL,,DEFRA,"DEFRA -""Business Travel - Air"" ""Flights"" ""Domestic, to/from UK"" ""Average passenger",,0,1,,,Transporte_Base_Maestra_y_Contrato_V2_CORREGIDA.xlsx,Factores
TRA_6170444BD1AFA9,FUERA DE ESPAÑA,Transporte,VIAJES,Vuelo (Internacional pasajero promedio),Desconocido,km*pasajero,distancia,2022,2022,0.175804,ANNUAL,,DEFRA,"DEFRA -""Business Travel - Air"" ""Flights"" ""International, to/from non-UK""",,0,1,,,Transporte_Base_Maestra_y_Contrato_V2_CORREGIDA.xlsx,Factores
TRA_B57E50096A4C75,FUERA DE ESPAÑA,Transporte,VIAJES,Vuelo (Internacional pasajero promedio),Desconocido,km*pasajero,distancia,2023,2023,0.1758,ANNUAL,,DEFRA,"DEFRA -""Business Travel - Air"" ""Flights"" ""International, to/from non-UK""",,0,1,,,Transporte_Base_Maestra_y_Contrato_V2_CORREGIDA.xlsx,Factores
TRA_4EFE6F2F962D4D,FUERA DE ESPAÑA,Transporte,VIAJES,Vuelo (Internacional pasajero promedio),Desconocido,km*pasajero,distancia,2024,2024,0.14253,ANNUAL,,DEFRA,"DEFRA -""Business Travel - Air"" ""Flights"" ""International, to/from non-UK""",,0,1,,,Transporte_Base_Maestra_y_Contrato_V2_CORREGIDA.xlsx,Factores
TRA_AFED1B2AFE1D30,FUERA DE ESPAÑA,Transporte,VIAJES,Vuelo (Internacional pasajero promedio),Desconocido,km*pasajero,distancia,2025,2025,0.14253,ANNUAL,,DEFRA,"DEFRA -""Business Travel - Air"" ""Flights"" ""International, to/from non-UK""",,0,1,,,Transporte_Base_Maestra_y_Contrato_V2_CORREGIDA.xlsx,Factores
TRA_FFB346216EC56F,FUERA DE ESPAÑA,Transporte,VIAJES,Vuelo (Internacional clase económica),Desconocido,km*pasajero,distancia,2022,2022,0.134643,ANNUAL,,DEFRA,"DEFRA -""Business Travel - Air"" ""Flights"" ""International, to/from non-UK""",,0,1,,,Transporte_Base_Maestra_y_Contrato_V2_CORREGIDA.xlsx,Factores
TRA_1B52B450C520E4,FUERA DE ESPAÑA,Transporte,VIAJES,Vuelo (Internacional clase económica),Desconocido,km*pasajero,distancia,2023,2023,0.13465,ANNUAL,,DEFRA,"DEFRA -""Business Travel - Air"" ""Flights"" ""International, to/from non-UK""",,0,1,,,Transporte_Base_Maestra_y_Contrato_V2_CORREGIDA.xlsx,Factores
TRA_EC68F794B5BF3C,FUERA DE ESPAÑA,Transporte,VIAJES,Vuelo (Internacional clase económica),Desconocido,km*pasajero,distancia,2024,2024,0.10916,ANNUAL,,DEFRA,"DEFRA -""Business Travel - Air"" ""Flights"" ""International, to/from non-UK""",,0,1,,,Transporte_Base_Maestra_y_Contrato_V2_CORREGIDA.xlsx,Factores
TRA_0BADB13B3A7D37,FUERA DE ESPAÑA,Transporte,VIAJES,Vuelo (Internacional clase económica),Desconocido,km*pasajero,distancia,2025,2025,0.10916,ANNUAL,,DEFRA,"DEFRA -""Business Travel - Air"" ""Flights"" ""International, to/from non-UK""",,0,1,,,Transporte_Base_Maestra_y_Contrato_V2_CORREGIDA.xlsx,Factores
TRA_494D2FFDA123FC,FUERA DE ESPAÑA,Transporte,VIAJES,Vuelo (Internacional clase económica Premium),Desconocido,km*pasajero,distancia,2022,2022,0.215419,ANNUAL,,DEFRA,"DEFRA -""Business Travel - Air"" ""Flights"" ""International, to/from non-UK""",,0,1,,,Transporte_Base_Maestra_y_Contrato_V2_CORREGIDA.xlsx,Factores
TRA_217017ACE13FB5,FUERA DE ESPAÑA,Transporte,VIAJES,Vuelo (Internacional clase económica Premium),Desconocido,km*pasajero,distancia,2023,2023,0.21542,ANNUAL,,DEFRA,"DEFRA -""Business Travel - Air"" ""Flights"" ""International, to/from non-UK""",,0,1,,,Transporte_Base_Maestra_y_Contrato_V2_CORREGIDA.xlsx,Factores
TRA_0B55B6D596966B,FUERA DE ESPAÑA,Transporte,VIAJES,Vuelo (Internacional clase económica Premium),Desconocido,km*pasajero,distancia,2024,2024,0.17465,ANNUAL,,DEFRA,"DEFRA -""Business Travel - Air"" ""Flights"" ""International, to/from non-UK""",,0,1,,,Transporte_Base_Maestra_y_Contrato_V2_CORREGIDA.xlsx,Factores
TRA_3AAD17B3258A99,FUERA DE ESPAÑA,Transporte,VIAJES,Vuelo (Internacional clase económica Premium),Desconocido,km*pasajero,distancia,2025,2025,0.17465,ANNUAL,,DEFRA,"DEFRA -""Business Travel - Air"" ""Flights"" ""International, to/from non-UK""",,0,1,,,Transporte_Base_Maestra_y_Contrato_V2_CORREGIDA.xlsx,Factores
TRA_19E2FEAADBD918,FUERA DE ESPAÑA,Transporte,VIAJES,Vuelo (Internacional clase ejecutiva),Desconocido,km*pasajero,distancia,2022,2022,0.390443,ANNUAL,,DEFRA,"DEFRA -""Business Travel - Air"" ""Flights"" ""International, to/from non-UK""",,0,1,,,Transporte_Base_Maestra_y_Contrato_V2_CORREGIDA.xlsx,Factores
TRA_5C5D1B9116A831,FUERA DE ESPAÑA,Transporte,VIAJES,Vuelo (Internacional clase ejecutiva),Desconocido,km*pasajero,distancia,2023,2023,0.39044,ANNUAL,,DEFRA,"DEFRA -""Business Travel - Air"" ""Flights"" ""International, to/from non-UK""",,0,1,,,Transporte_Base_Maestra_y_Contrato_V2_CORREGIDA.xlsx,Factores
TRA_02B1473026847E,FUERA DE ESPAÑA,Transporte,VIAJES,Vuelo (Internacional clase ejecutiva),Desconocido,km*pasajero,distancia,2024,2024,0.31656,ANNUAL,,DEFRA,"DEFRA -""Business Travel - Air"" ""Flights"" ""International, to/from non-UK""",,0,1,,,Transporte_Base_Maestra_y_Contrato_V2_CORREGIDA.xlsx,Factores
TRA_F99FB692AA2D36,FUERA DE ESPAÑA,Transporte,VIAJES,Vuelo (Internacional clase ejecutiva),Desconocido,km*pasajero,distancia,2025,2025,0.31656,ANNUAL,,DEFRA,"DEFRA -""Business Travel - Air"" ""Flights"" ""International, to/from non-UK""",,0,1,,,Transporte_Base_Maestra_y_Contrato_V2_CORREGIDA.xlsx,Factores
TRA_50B53FA2DA08D6,FUERA DE ESPAÑA,Transporte,VIAJES,Vuelo (Internacional clase primera),Desconocido,km*pasajero,distancia,2022,2022,0.538542,ANNUAL,,DEFRA,"DEFRA -""Business Travel - Air"" ""Flights"" ""International, to/from non-UK""",,0,1,,,Transporte_Base_Maestra_y_Contrato_V2_CORREGIDA.xlsx,Factores
TRA_FABCF0C83B6C1B,FUERA DE ESPAÑA,Transporte,VIAJES,Vuelo (Internacional clase primera),Desconocido,km*pasajero,distancia,2023,2023,0.53854,ANNUAL,,DEFRA,"DEFRA -""Business Travel - Air"" ""Flights"" ""International, to/from non-UK""",,0,1,,,Transporte_Base_Maestra_y_Contrato_V2_CORREGIDA.xlsx,Factores
TRA_5F740633C51209,FUERA DE ESPAÑA,Transporte,VIAJES,Vuelo (Internacional clase primera),Desconocido,km*pasajero,distancia,2024,2024,0.43663,ANNUAL,,DEFRA,"DEFRA -""Business Travel - Air"" ""Flights"" ""International, to/from non-UK""",,0,1,,,Transporte_Base_Maestra_y_Contrato_V2_CORREGIDA.xlsx,Factores
TRA_B27566C53D4CC4,FUERA DE ESPAÑA,Transporte,VIAJES,Vuelo (Internacional clase primera),Desconocido,km*pasajero,distancia,2025,2025,0.43663,ANNUAL,,DEFRA,"DEFRA -""Business Travel - Air"" ""Flights"" ""International, to/from non-UK""",,0,1,,,Transporte_Base_Maestra_y_Contrato_V2_CORREGIDA.xlsx,Factores
TRA_E8DE4ECB28C917,FUERA DE ESPAÑA,Transporte,VIAJES,Barco de pasajeros (a Pie),Desconocido,km*pasajero,distancia,2022,2022,0.018711,ANNUAL,,DEFRA,"DEFRA -""Business Travel - Sea"" ""Ferry"" ""Foot passenger""",,0,1,,,Transporte_Base_Maestra_y_Contrato_V2_CORREGIDA.xlsx,Factores
TRA_A33ED810501229,FUERA DE ESPAÑA,Transporte,VIAJES,Barco de pasajeros (a Pie),Desconocido,km*pasajero,distancia,2023,2023,0.01871,ANNUAL,,DEFRA,"DEFRA -""Business Travel - Sea"" ""Ferry"" ""Foot passenger""",,0,1,,,Transporte_Base_Maestra_y_Contrato_V2_CORREGIDA.xlsx,Factores
TRA_0470A1DE8DBA48,FUERA DE ESPAÑA,Transporte,VIAJES,Barco de pasajeros (a Pie),Desconocido,km*pasajero,distancia,2024,2024,0.01871,ANNUAL,,DEFRA,"DEFRA -""Business Travel - Sea"" ""Ferry"" ""Foot passenger""",,0,1,,,Transporte_Base_Maestra_y_Contrato_V2_CORREGIDA.xlsx,Factores
TRA_C8174682528B07,FUERA DE ESPAÑA,Transporte,VIAJES,Barco de pasajeros (a Pie),Desconocido,km*pasajero,distancia,2025,2025,0.01871,ANNUAL,,DEFRA,"DEFRA -""Business Travel - Sea"" ""Ferry"" ""Foot passenger""",,0,1,,,Transporte_Base_Maestra_y_Contrato_V2_CORREGIDA.xlsx,Factores
TRA_F4155958F98F2B,FUERA DE ESPAÑA,Transporte,VIAJES,Barco de pasajeros (con coche),Desconocido,km*pasajero,distancia,2022,2022,0.129329,ANNUAL,,DEFRA,"DEFRA -""Business Travel - Sea"" ""Ferry"" ""Car passenger""",,0,1,,,Transporte_Base_Maestra_y_Contrato_V2_CORREGIDA.xlsx,Factores
TRA_D6ABB29477E677,FUERA DE ESPAÑA,Transporte,VIAJES,Barco de pasajeros (con coche),Desconocido,km*pasajero,distancia,2023,2023,0.12933,ANNUAL,,DEFRA,"DEFRA -""Business Travel - Sea"" ""Ferry"" ""Car passenger""",,0,1,,,Transporte_Base_Maestra_y_Contrato_V2_CORREGIDA.xlsx,Factores
TRA_B821D6641CFA14,FUERA DE ESPAÑA,Transporte,VIAJES,Barco de pasajeros (con coche),Desconocido,km*pasajero,distancia,2024,2024,0.12933,ANNUAL,,DEFRA,"DEFRA -""Business Travel - Sea"" ""Ferry"" ""Car passenger""",,0,1,,,Transporte_Base_Maestra_y_Contrato_V2_CORREGIDA.xlsx,Factores
TRA_EEE703354684B4,FUERA DE ESPAÑA,Transporte,VIAJES,Barco de pasajeros (con coche),Desconocido,km*pasajero,distancia,2025,2025,0.12933,ANNUAL,,DEFRA,"DEFRA -""Business Travel - Sea"" ""Ferry"" ""Car passenger""",,0,1,,,Transporte_Base_Maestra_y_Contrato_V2_CORREGIDA.xlsx,Factores
TRA_C79B3F31A552FD,FUERA DE ESPAÑA,Transporte,VIAJES,Barco de pasajeros promedio (a pie + coche),Desconocido,km*pasajero,distancia,2022,2022,0.112698,ANNUAL,,DEFRA,"DEFRA -""Business Travel - Sea"" ""Ferry"" ""Average (all passenger)""",,0,1,,,Transporte_Base_Maestra_y_Contrato_V2_CORREGIDA.xlsx,Factores
TRA_C941C2B6910F7A,FUERA DE ESPAÑA,Transporte,VIAJES,Barco de pasajeros promedio (a pie + coche),Desconocido,km*pasajero,distancia,2023,2023,0.1127,ANNUAL,,DEFRA,"DEFRA -""Business Travel - Sea"" ""Ferry"" ""Average (all passenger)""",,0,1,,,Transporte_Base_Maestra_y_Contrato_V2_CORREGIDA.xlsx,Factores
TRA_42C315D63E6C1D,FUERA DE ESPAÑA,Transporte,VIAJES,Barco de pasajeros promedio (a pie + coche),Desconocido,km*pasajero,distancia,2024,2024,0.1127,ANNUAL,,DEFRA,"DEFRA -""Business Travel - Sea"" ""Ferry"" ""Average (all passenger)""",,0,1,,,Transporte_Base_Maestra_y_Contrato_V2_CORREGIDA.xlsx,Factores
TRA_F595AB89F9A39B,FUERA DE ESPAÑA,Transporte,VIAJES,Barco de pasajeros promedio (a pie + coche),Desconocido,km*pasajero,distancia,2025,2025,0.1127,ANNUAL,,DEFRA,"DEFRA -""Business Travel - Sea"" ""Ferry"" ""Average (all passenger)""",,0,1,,,Transporte_Base_Maestra_y_Contrato_V2_CORREGIDA.xlsx,Factores
TRA_5D2D87D7840DCE,FUERA DE ESPAÑA,Transporte,MERCANCÍAS,"Furgonetas y furgones Promedio (< 3,5 tn)",Diésel,km,distancia,2022,2022,0.2312840268456376,ANNUAL,,DEFRA,"DEFRA - ""Freighting goods - Vans - Average (up to 3,5 tonnes)"" ""Diesel""",,0,1,,,Transporte_Base_Maestra_y_Contrato_V2_CORREGIDA.xlsx,Factores
TRA_B7EB001DCEBCF9,FUERA DE ESPAÑA,Transporte,MERCANCÍAS,"Furgonetas y furgones Promedio (< 3,5 tn)",Diésel,km,distancia,2023,2023,0.25023,ANNUAL,,DEFRA,"DEFRA - ""Freighting goods - Vans - Average (up to 3,5 tonnes)"" ""Diesel""",,0,1,,,Transporte_Base_Maestra_y_Contrato_V2_CORREGIDA.xlsx,Factores
TRA_B3B75BE4632024,FUERA DE ESPAÑA,Transporte,MERCANCÍAS,"Furgonetas y furgones Promedio (< 3,5 tn)",Diésel,km,distancia,2024,2024,0.25561,ANNUAL,,DEFRA,"DEFRA - ""Freighting goods - Vans - Average (up to 3,5 tonnes)"" ""Diesel""",,0,1,,,Transporte_Base_Maestra_y_Contrato_V2_CORREGIDA.xlsx,Factores
TRA_5523ED78817289,FUERA DE ESPAÑA,Transporte,MERCANCÍAS,"Furgonetas y furgones Promedio (< 3,5 tn)",Diésel,km,distancia,2025,2025,0.25716,ANNUAL,,DEFRA,"DEFRA - ""Freighting goods - Vans - Average (up to 3,5 tonnes)"" ""Diesel""",,0,1,,,Transporte_Base_Maestra_y_Contrato_V2_CORREGIDA.xlsx,Factores
TRA_CC1F26F2F71EE2,FUERA DE ESPAÑA,Transporte,MERCANCÍAS,"Furgonetas y furgones Promedio (< 3,5 tn)",Gasolina,km,distancia,2022,2022,0.20132453825503357,ANNUAL,,DEFRA,"DEFRA - ""Freighting goods - Vans - Average (up to 3,5 tonnes)"" ""Petrol""",,0,1,,,Transporte_Base_Maestra_y_Contrato_V2_CORREGIDA.xlsx,Factores
TRA_6028A9732B8D56,FUERA DE ESPAÑA,Transporte,MERCANCÍAS,"Furgonetas y furgones Promedio (< 3,5 tn)",Gasolina,km,distancia,2023,2023,0.22095,ANNUAL,,DEFRA,"DEFRA - ""Freighting goods - Vans - Average (up to 3,5 tonnes)"" ""Petrol""",,0,1,,,Transporte_Base_Maestra_y_Contrato_V2_CORREGIDA.xlsx,Factores
TRA_ABCA81D1E324C3,FUERA DE ESPAÑA,Transporte,MERCANCÍAS,"Furgonetas y furgones Promedio (< 3,5 tn)",Gasolina,km,distancia,2024,2024,0.21335,ANNUAL,,DEFRA,"DEFRA - ""Freighting goods - Vans - Average (up to 3,5 tonnes)"" ""Petrol""",,0,1,,,Transporte_Base_Maestra_y_Contrato_V2_CORREGIDA.xlsx,Factores
TRA_DB1B3624C5CAA5,FUERA DE ESPAÑA,Transporte,MERCANCÍAS,"Furgonetas y furgones Promedio (< 3,5 tn)",Gasolina,km,distancia,2025,2025,0.20905,ANNUAL,,DEFRA,"DEFRA - ""Freighting goods - Vans - Average (up to 3,5 tonnes)"" ""Petrol""",,0,1,,,Transporte_Base_Maestra_y_Contrato_V2_CORREGIDA.xlsx,Factores
TRA_4E34CECE5C293A,FUERA DE ESPAÑA,Transporte,MERCANCÍAS,"Furgonetas y furgones Promedio (< 3,5 tn)",CNG,km,distancia,2022,2022,0.2320895865771812,ANNUAL,,DEFRA,"DEFRA - ""Freighting goods - Vans - Average (up to 3,5 tonnes)"" ""CNG""",,0,1,,,Transporte_Base_Maestra_y_Contrato_V2_CORREGIDA.xlsx,Factores
TRA_EBF9DC5A7CA7DF,FUERA DE ESPAÑA,Transporte,MERCANCÍAS,"Furgonetas y furgones Promedio (< 3,5 tn)",CNG,km,distancia,2023,2023,0.2512,ANNUAL,,DEFRA,"DEFRA - ""Freighting goods - Vans - Average (up to 3,5 tonnes)"" ""CNG""",,0,1,,,Transporte_Base_Maestra_y_Contrato_V2_CORREGIDA.xlsx,Factores
TRA_96482CCD28F769,FUERA DE ESPAÑA,Transporte,MERCANCÍAS,"Furgonetas y furgones Promedio (< 3,5 tn)",CNG,km,distancia,2024,2024,0.25113,ANNUAL,,DEFRA,"DEFRA - ""Freighting goods - Vans - Average (up to 3,5 tonnes)"" ""CNG""",,0,1,,,Transporte_Base_Maestra_y_Contrato_V2_CORREGIDA.xlsx,Factores
TRA_8A101B346AB2B4,FUERA DE ESPAÑA,Transporte,MERCANCÍAS,"Furgonetas y furgones Promedio (< 3,5 tn)",CNG,km,distancia,2025,2025,0.25147,ANNUAL,,DEFRA,"DEFRA - ""Freighting goods - Vans - Average (up to 3,5 tonnes)"" ""CNG""",,0,1,,,Transporte_Base_Maestra_y_Contrato_V2_CORREGIDA.xlsx,Factores
TRA_266891A737F253,FUERA DE ESPAÑA,Transporte,MERCANCÍAS,"Furgonetas y furgones Promedio (< 3,5 tn)",LPG,km,distancia,2022,2022,0.2550427865771812,ANNUAL,,DEFRA,"DEFRA - ""Freighting goods - Vans - Average (up to 3,5 tonnes)"" ""LPG""",,0,1,,,Transporte_Base_Maestra_y_Contrato_V2_CORREGIDA.xlsx,Factores
TRA_DECDDB0C3D9492,FUERA DE ESPAÑA,Transporte,MERCANCÍAS,"Furgonetas y furgones Promedio (< 3,5 tn)",LPG,km,distancia,2023,2023,0.27617,ANNUAL,,DEFRA,"DEFRA - ""Freighting goods - Vans - Average (up to 3,5 tonnes)"" ""LPG""",,0,1,,,Transporte_Base_Maestra_y_Contrato_V2_CORREGIDA.xlsx,Factores
TRA_FF139ACE62F30C,FUERA DE ESPAÑA,Transporte,MERCANCÍAS,"Furgonetas y furgones Promedio (< 3,5 tn)",LPG,km,distancia,2024,2024,0.2761,ANNUAL,,DEFRA,"DEFRA - ""Freighting goods - Vans - Average (up to 3,5 tonnes)"" ""LPG""",,0,1,,,Transporte_Base_Maestra_y_Contrato_V2_CORREGIDA.xlsx,Factores
TRA_B84B28D979B98B,FUERA DE ESPAÑA,Transporte,MERCANCÍAS,"Furgonetas y furgones Promedio (< 3,5 tn)",LPG,km,distancia,2025,2025,0.27647,ANNUAL,,DEFRA,"DEFRA - ""Freighting goods - Vans - Average (up to 3,5 tonnes)"" ""LPG""",,0,1,,,Transporte_Base_Maestra_y_Contrato_V2_CORREGIDA.xlsx,Factores
TRA_19EED79C0F9494,FUERA DE ESPAÑA,Transporte,MERCANCÍAS,"Furgonetas y furgones Promedio (< 3,5 tn)",Desconocido,km,distancia,2022,2022,0.23036965637583892,ANNUAL,,DEFRA,"DEFRA - ""Freighting goods - Vans - Average (up to 3,5 tonnes)"" ""Unknown""",,0,1,,,Transporte_Base_Maestra_y_Contrato_V2_CORREGIDA.xlsx,Factores
TRA_B8B5ECACC32D0D,FUERA DE ESPAÑA,Transporte,MERCANCÍAS,"Furgonetas y furgones Promedio (< 3,5 tn)",Desconocido,km,distancia,2023,2023,0.24934,ANNUAL,,DEFRA,"DEFRA - ""Freighting goods - Vans - Average (up to 3,5 tonnes)"" ""Unknown""",,0,1,,,Transporte_Base_Maestra_y_Contrato_V2_CORREGIDA.xlsx,Factores
TRA_517B4E2227A0D3,FUERA DE ESPAÑA,Transporte,MERCANCÍAS,"Furgonetas y furgones Promedio (< 3,5 tn)",Desconocido,km,distancia,2024,2024,0.2543,ANNUAL,,DEFRA,"DEFRA - ""Freighting goods - Vans - Average (up to 3,5 tonnes)"" ""Unknown""",,0,1,,,Transporte_Base_Maestra_y_Contrato_V2_CORREGIDA.xlsx,Factores
TRA_27D9D9F1E3C35B,FUERA DE ESPAÑA,Transporte,MERCANCÍAS,"Furgonetas y furgones Promedio (< 3,5 tn)",Desconocido,km,distancia,2025,2025,0.25612,ANNUAL,,DEFRA,"DEFRA - ""Freighting goods - Vans - Average (up to 3,5 tonnes)"" ""Unknown""",,0,1,,,Transporte_Base_Maestra_y_Contrato_V2_CORREGIDA.xlsx,Factores
TRA_DDC871A87F8846,FUERA DE ESPAÑA,Transporte,MERCANCÍAS,"Furgonetas y furgones Promedio (< 3,5 tn)",Eléctrica Híbrida Enchufable,km,distancia,2023,2023,0.13292,ANNUAL,,DEFRA,"DEFRA - ""Freighting goods - Vans - Average (up to 3,5 tonnes)"" ""Plug-in Hybrid Electric Vehicle""",,0,1,,,Transporte_Base_Maestra_y_Contrato_V2_CORREGIDA.xlsx,Factores
TRA_262A79B7DBE343,FUERA DE ESPAÑA,Transporte,MERCANCÍAS,"Furgonetas y furgones Promedio (< 3,5 tn)",Eléctrica Híbrida Enchufable,km,distancia,2024,2024,0.13055,ANNUAL,,DEFRA,"DEFRA - ""Freighting goods - Vans - Average (up to 3,5 tonnes)"" ""Plug-in Hybrid Electric Vehicle""",,0,1,,,Transporte_Base_Maestra_y_Contrato_V2_CORREGIDA.xlsx,Factores
TRA_907F70037617E0,FUERA DE ESPAÑA,Transporte,MERCANCÍAS,"Furgonetas y furgones Promedio (< 3,5 tn)",Eléctrica Híbrida Enchufable,km,distancia,2025,2025,0.15154,ANNUAL,,DEFRA,"DEFRA - ""Freighting goods - Vans - Average (up to 3,5 tonnes)"" ""Plug-in Hybrid Electric Vehicle""",,0,1,,,Transporte_Base_Maestra_y_Contrato_V2_CORREGIDA.xlsx,Factores
TRA_CDAE82E011DDC0,FUERA DE ESPAÑA,Transporte,MERCANCÍAS,"Furgonetas y furgones Promedio (< 3,5 tn)",Eléctrica de Batería,km,distancia,2022,2022,0,ANNUAL,,DEFRA,"DEFRA - ""Freighting goods - Vans - Average (up to 3,5 tonnes)"" ""Battery Electric Vehicle""",,0,1,,,Transporte_Base_Maestra_y_Contrato_V2_CORREGIDA.xlsx,Factores
TRA_5A9CF1DB50F15D,FUERA DE ESPAÑA,Transporte,MERCANCÍAS,"Furgonetas y furgones Promedio (< 3,5 tn)",Eléctrica de Batería,km,distancia,2023,2023,0,ANNUAL,,DEFRA,"DEFRA - ""Freighting goods - Vans - Average (up to 3,5 tonnes)"" ""Battery Electric Vehicle""",,0,1,,,Transporte_Base_Maestra_y_Contrato_V2_CORREGIDA.xlsx,Factores
TRA_1A86DEA4360E01,FUERA DE ESPAÑA,Transporte,MERCANCÍAS,"Furgonetas y furgones Promedio (< 3,5 tn)",Eléctrica de Batería,km,distancia,2024,2024,0,ANNUAL,,DEFRA,"DEFRA - ""Freighting goods - Vans - Average (up to 3,5 tonnes)"" ""Battery Electric Vehicle""",,0,1,,,Transporte_Base_Maestra_y_Contrato_V2_CORREGIDA.xlsx,Factores
TRA_BBF5AA2EBD0A2B,FUERA DE ESPAÑA,Transporte,MERCANCÍAS,"Furgonetas y furgones Promedio (< 3,5 tn)",Eléctrica de Batería,km,distancia,2025,2025,0,ANNUAL,,DEFRA,"DEFRA - ""Freighting goods - Vans - Average (up to 3,5 tonnes)"" ""Battery Electric Vehicle""",,0,1,,,Transporte_Base_Maestra_y_Contrato_V2_CORREGIDA.xlsx,Factores
TRA_A70E56D1C52D3C,FUERA DE ESPAÑA,Transporte,MERCANCÍAS,"Furgonetas y furgones Promedio (< 3,5 tn)",Diésel,km*tonelada,distancia,2022,2022,0.570596267114094,ANNUAL,,DEFRA,"DEFRA - ""Freighting goods - Vans - Average (up to 3,5 tonnes)"" ""Diesel""",,0,1,,,Transporte_Base_Maestra_y_Contrato_V2_CORREGIDA.xlsx,Factores
TRA_CC17503769EBBE,FUERA DE ESPAÑA,Transporte,MERCANCÍAS,"Furgonetas y furgones Promedio (< 3,5 tn)",Diésel,km*tonelada,distancia,2023,2023,0.61643,ANNUAL,,DEFRA,"DEFRA - ""Freighting goods - Vans - Average (up to 3,5 tonnes)"" ""Diesel""",,0,1,,,Transporte_Base_Maestra_y_Contrato_V2_CORREGIDA.xlsx,Factores
TRA_EC7622581954D7,FUERA DE ESPAÑA,Transporte,MERCANCÍAS,"Furgonetas y furgones Promedio (< 3,5 tn)",Diésel,km*tonelada,distancia,2024,2024,0.6313,ANNUAL,,DEFRA,"DEFRA - ""Freighting goods - Vans - Average (up to 3,5 tonnes)"" ""Diesel""",,0,1,,,Transporte_Base_Maestra_y_Contrato_V2_CORREGIDA.xlsx,Factores
TRA_0B945111F97CA7,FUERA DE ESPAÑA,Transporte,MERCANCÍAS,"Furgonetas y furgones Promedio (< 3,5 tn)",Diésel,km*tonelada,distancia,2025,2025,0.63511,ANNUAL,,DEFRA,"DEFRA - ""Freighting goods - Vans - Average (up to 3,5 tonnes)"" ""Diesel""",,0,1,,,Transporte_Base_Maestra_y_Contrato_V2_CORREGIDA.xlsx,Factores
TRA_25705E5DA65A6B,FUERA DE ESPAÑA,Transporte,MERCANCÍAS,"Furgonetas y furgones Promedio (< 3,5 tn)",Gasolina,km*tonelada,distancia,2022,2022,0.7196411597315436,ANNUAL,,DEFRA,"DEFRA - ""Freighting goods - Vans - Average (up to 3,5 tonnes)"" ""Petrol""",,0,1,,,Transporte_Base_Maestra_y_Contrato_V2_CORREGIDA.xlsx,Factores
TRA_9132BDC2C0EF81,FUERA DE ESPAÑA,Transporte,MERCANCÍAS,"Furgonetas y furgones Promedio (< 3,5 tn)",Gasolina,km*tonelada,distancia,2023,2023,0.81972,ANNUAL,,DEFRA,"DEFRA - ""Freighting goods - Vans - Average (up to 3,5 tonnes)"" ""Petrol""",,0,1,,,Transporte_Base_Maestra_y_Contrato_V2_CORREGIDA.xlsx,Factores
TRA_9359C6D9173A47,FUERA DE ESPAÑA,Transporte,MERCANCÍAS,"Furgonetas y furgones Promedio (< 3,5 tn)",Gasolina,km*tonelada,distancia,2024,2024,0.85537,ANNUAL,,DEFRA,"DEFRA - ""Freighting goods - Vans - Average (up to 3,5 tonnes)"" ""Petrol""",,0,1,,,Transporte_Base_Maestra_y_Contrato_V2_CORREGIDA.xlsx,Factores
TRA_ECEBBAAD2CDF20,FUERA DE ESPAÑA,Transporte,MERCANCÍAS,"Furgonetas y furgones Promedio (< 3,5 tn)",Gasolina,km*tonelada,distancia,2025,2025,0.8381,ANNUAL,,DEFRA,"DEFRA - ""Freighting goods - Vans - Average (up to 3,5 tonnes)"" ""Petrol""",,0,1,,,Transporte_Base_Maestra_y_Contrato_V2_CORREGIDA.xlsx,Factores
TRA_1FDBB62F2EF89D,FUERA DE ESPAÑA,Transporte,MERCANCÍAS,"Furgonetas y furgones Promedio (< 3,5 tn)",CNG,km*tonelada,distancia,2022,2022,0.575138966442953,ANNUAL,,DEFRA,"DEFRA - ""Freighting goods - Vans - Average (up to 3,5 tonnes)"" ""CNG""",,0,1,,,Transporte_Base_Maestra_y_Contrato_V2_CORREGIDA.xlsx,Factores
TRA_FDC83E3516DA14,FUERA DE ESPAÑA,Transporte,MERCANCÍAS,"Furgonetas y furgones Promedio (< 3,5 tn)",CNG,km*tonelada,distancia,2023,2023,0.62197,ANNUAL,,DEFRA,"DEFRA - ""Freighting goods - Vans - Average (up to 3,5 tonnes)"" ""CNG""",,0,1,,,Transporte_Base_Maestra_y_Contrato_V2_CORREGIDA.xlsx,Factores
TRA_61B6AA6B804250,FUERA DE ESPAÑA,Transporte,MERCANCÍAS,"Furgonetas y furgones Promedio (< 3,5 tn)",CNG,km*tonelada,distancia,2024,2024,0.62419,ANNUAL,,DEFRA,"DEFRA - ""Freighting goods - Vans - Average (up to 3,5 tonnes)"" ""CNG""",,0,1,,,Transporte_Base_Maestra_y_Contrato_V2_CORREGIDA.xlsx,Factores
TRA_022C886ACF53EA,FUERA DE ESPAÑA,Transporte,MERCANCÍAS,"Furgonetas y furgones Promedio (< 3,5 tn)",CNG,km*tonelada,distancia,2025,2025,0.62503,ANNUAL,,DEFRA,"DEFRA - ""Freighting goods - Vans - Average (up to 3,5 tonnes)"" ""CNG""",,0,1,,,Transporte_Base_Maestra_y_Contrato_V2_CORREGIDA.xlsx,Factores
TRA_333A80E3724075,FUERA DE ESPAÑA,Transporte,MERCANCÍAS,"Furgonetas y furgones Promedio (< 3,5 tn)",LPG,km*tonelada,distancia,2022,2022,0.6319957664429531,ANNUAL,,DEFRA,"DEFRA - ""Freighting goods - Vans - Average (up to 3,5 tonnes)"" ""LPG""",,0,1,,,Transporte_Base_Maestra_y_Contrato_V2_CORREGIDA.xlsx,Factores
TRA_DD6E62900CF283,FUERA DE ESPAÑA,Transporte,MERCANCÍAS,"Furgonetas y furgones Promedio (< 3,5 tn)",LPG,km*tonelada,distancia,2023,2023,0.68376,ANNUAL,,DEFRA,"DEFRA - ""Freighting goods - Vans - Average (up to 3,5 tonnes)"" ""LPG""",,0,1,,,Transporte_Base_Maestra_y_Contrato_V2_CORREGIDA.xlsx,Factores
TRA_B98AD766FEDA07,FUERA DE ESPAÑA,Transporte,MERCANCÍAS,"Furgonetas y furgones Promedio (< 3,5 tn)",LPG,km*tonelada,distancia,2024,2024,0.68621,ANNUAL,,DEFRA,"DEFRA - ""Freighting goods - Vans - Average (up to 3,5 tonnes)"" ""LPG""",,0,1,,,Transporte_Base_Maestra_y_Contrato_V2_CORREGIDA.xlsx,Factores
TRA_8C3C4CC9F59859,FUERA DE ESPAÑA,Transporte,MERCANCÍAS,"Furgonetas y furgones Promedio (< 3,5 tn)",LPG,km*tonelada,distancia,2025,2025,0.68715,ANNUAL,,DEFRA,"DEFRA - ""Freighting goods - Vans - Average (up to 3,5 tonnes)"" ""LPG""",,0,1,,,Transporte_Base_Maestra_y_Contrato_V2_CORREGIDA.xlsx,Factores
TRA_9AFC65C5DD7AF3,FUERA DE ESPAÑA,Transporte,MERCANCÍAS,"Furgonetas y furgones Promedio (< 3,5 tn)",Desconocido,km*tonelada,distancia,2022,2022,0.5751397409395973,ANNUAL,,DEFRA,"DEFRA - ""Freighting goods - Vans - Average (up to 3,5 tonnes)"" ""Unknown""",,0,1,,,Transporte_Base_Maestra_y_Contrato_V2_CORREGIDA.xlsx,Factores
TRA_2324A634EDDD9F,FUERA DE ESPAÑA,Transporte,MERCANCÍAS,"Furgonetas y furgones Promedio (< 3,5 tn)",Desconocido,km*tonelada,distancia,2023,2023,0.62264,ANNUAL,,DEFRA,"DEFRA - ""Freighting goods - Vans - Average (up to 3,5 tonnes)"" ""Unknown""",,0,1,,,Transporte_Base_Maestra_y_Contrato_V2_CORREGIDA.xlsx,Factores
TRA_61B69526B55272,FUERA DE ESPAÑA,Transporte,MERCANCÍAS,"Furgonetas y furgones Promedio (< 3,5 tn)",Desconocido,km*tonelada,distancia,2024,2024,0.63823,ANNUAL,,DEFRA,"DEFRA - ""Freighting goods - Vans - Average (up to 3,5 tonnes)"" ""Unknown""",,0,1,,,Transporte_Base_Maestra_y_Contrato_V2_CORREGIDA.xlsx,Factores
TRA_CAD95F21E883DC,FUERA DE ESPAÑA,Transporte,MERCANCÍAS,"Furgonetas y furgones Promedio (< 3,5 tn)",Desconocido,km*tonelada,distancia,2025,2025,0.6394,ANNUAL,,DEFRA,"DEFRA - ""Freighting goods - Vans - Average (up to 3,5 tonnes)"" ""Unknown""",,0,1,,,Transporte_Base_Maestra_y_Contrato_V2_CORREGIDA.xlsx,Factores
TRA_531ADCA7C00DAE,FUERA DE ESPAÑA,Transporte,MERCANCÍAS,"Furgonetas y furgones Promedio (< 3,5 tn)",Eléctrica Híbrida Enchufable,km*tonelada,distancia,2023,2023,0.37952,ANNUAL,,DEFRA,"DEFRA - ""Freighting goods - Vans - Average (up to 3,5 tonnes)"" ""Plug-in Hybrid Electric Vehicle""",,0,1,,,Transporte_Base_Maestra_y_Contrato_V2_CORREGIDA.xlsx,Factores
TRA_5633089F69DC1D,FUERA DE ESPAÑA,Transporte,MERCANCÍAS,"Furgonetas y furgones Promedio (< 3,5 tn)",Eléctrica Híbrida Enchufable,km*tonelada,distancia,2024,2024,0.36985,ANNUAL,,DEFRA,"DEFRA - ""Freighting goods - Vans - Average (up to 3,5 tonnes)"" ""Plug-in Hybrid Electric Vehicle""",,0,1,,,Transporte_Base_Maestra_y_Contrato_V2_CORREGIDA.xlsx,Factores
TRA_CB0F005C76ED35,FUERA DE ESPAÑA,Transporte,MERCANCÍAS,"Furgonetas y furgones Promedio (< 3,5 tn)",Eléctrica Híbrida Enchufable,km*tonelada,distancia,2025,2025,0.39716,ANNUAL,,DEFRA,"DEFRA - ""Freighting goods - Vans - Average (up to 3,5 tonnes)"" ""Plug-in Hybrid Electric Vehicle""",,0,1,,,Transporte_Base_Maestra_y_Contrato_V2_CORREGIDA.xlsx,Factores
TRA_8F665A6F8B38EA,FUERA DE ESPAÑA,Transporte,MERCANCÍAS,"Furgonetas y furgones Promedio (< 3,5 tn)",Eléctrica de Batería,km*tonelada,distancia,2022,2022,0.26341543355704694,ANNUAL,,DEFRA,"DEFRA - ""Freighting goods - Vans - Average (up to 3,5 tonnes)"" ""Battery Electric Vehicle""",,0,1,,,Transporte_Base_Maestra_y_Contrato_V2_CORREGIDA.xlsx,Factores
TRA_0654D89746469F,FUERA DE ESPAÑA,Transporte,MERCANCÍAS,"Furgonetas y furgones Promedio (< 3,5 tn)",Eléctrica de Batería,km*tonelada,distancia,2023,2023,0.25438,ANNUAL,,DEFRA,"DEFRA - ""Freighting goods - Vans - Average (up to 3,5 tonnes)"" ""Battery Electric Vehicle""",,0,1,,,Transporte_Base_Maestra_y_Contrato_V2_CORREGIDA.xlsx,Factores
TRA_3DA0B34F8532A8,FUERA DE ESPAÑA,Transporte,MERCANCÍAS,"Furgonetas y furgones Promedio (< 3,5 tn)",Eléctrica de Batería,km*tonelada,distancia,2024,2024,0.21992,ANNUAL,,DEFRA,"DEFRA - ""Freighting goods - Vans - Average (up to 3,5 tonnes)"" ""Battery Electric Vehicle""",,0,1,,,Transporte_Base_Maestra_y_Contrato_V2_CORREGIDA.xlsx,Factores
TRA_B8176CD3FAFD26,FUERA DE ESPAÑA,Transporte,MERCANCÍAS,"Furgonetas y furgones Promedio (< 3,5 tn)",Eléctrica de Batería,km*tonelada,distancia,2025,2025,0.14699,ANNUAL,,DEFRA,"DEFRA - ""Freighting goods - Vans - Average (up to 3,5 tonnes)"" ""Battery Electric Vehicle""",,0,1,,,Transporte_Base_Maestra_y_Contrato_V2_CORREGIDA.xlsx,Factores
TRA_538918A102B8B8,FUERA DE ESPAÑA,Transporte,MERCANCÍAS,"Vehículos Pesados (> 3,5 tn)  (sin carga)",Diésel,km,distancia,2022,2022,0.6425784778523489,ANNUAL,,DEFRA,"DEFRA - ""Freighting goods - HGV (all diesel) - All HGVs"" ""0% Laden""",,0,1,,,Transporte_Base_Maestra_y_Contrato_V2_CORREGIDA.xlsx,Factores
TRA_EDBB563EFB9333,FUERA DE ESPAÑA,Transporte,MERCANCÍAS,"Vehículos Pesados (> 3,5 tn)  (sin carga)",Diésel,km,distancia,2023,2023,0.64392,ANNUAL,,DEFRA,"DEFRA - ""Freighting goods - HGV (all diesel) - All HGVs"" ""0% Laden""",,0,1,,,Transporte_Base_Maestra_y_Contrato_V2_CORREGIDA.xlsx,Factores
TRA_B68EE8ADA9B7A5,FUERA DE ESPAÑA,Transporte,MERCANCÍAS,"Vehículos Pesados (> 3,5 tn)  (sin carga)",Diésel,km,distancia,2024,2024,0.65975,ANNUAL,,DEFRA,"DEFRA - ""Freighting goods - HGV (all diesel) - All HGVs"" ""0% Laden""",,0,1,,,Transporte_Base_Maestra_y_Contrato_V2_CORREGIDA.xlsx,Factores
TRA_DA296C3309D7E6,FUERA DE ESPAÑA,Transporte,MERCANCÍAS,"Vehículos Pesados (> 3,5 tn)  (sin carga)",Diésel,km,distancia,2025,2025,0.66699,ANNUAL,,DEFRA,"DEFRA - ""Freighting goods - HGV (all diesel) - All HGVs"" ""0% Laden""",,0,1,,,Transporte_Base_Maestra_y_Contrato_V2_CORREGIDA.xlsx,Factores
TRA_B59928D4B8FBF9,FUERA DE ESPAÑA,Transporte,MERCANCÍAS,"Vehículos Pesados (> 3,5 tn)  (50% Cargado)",Diésel,km,distancia,2022,2022,0.813768477852349,ANNUAL,,DEFRA,"DEFRA - ""Freighting goods - HGV (all diesel) - All HGVs"" ""50% Laden""",,0,1,,,Transporte_Base_Maestra_y_Contrato_V2_CORREGIDA.xlsx,Factores
TRA_18473FDEB87053,FUERA DE ESPAÑA,Transporte,MERCANCÍAS,"Vehículos Pesados (> 3,5 tn)  (50% Cargado)",Diésel,km,distancia,2023,2023,0.81517,ANNUAL,,DEFRA,"DEFRA - ""Freighting goods - HGV (all diesel) - All HGVs"" ""50% Laden""",,0,1,,,Transporte_Base_Maestra_y_Contrato_V2_CORREGIDA.xlsx,Factores
TRA_9D8247C0D82C0F,FUERA DE ESPAÑA,Transporte,MERCANCÍAS,"Vehículos Pesados (> 3,5 tn)  (50% Cargado)",Diésel,km,distancia,2024,2024,0.83589,ANNUAL,,DEFRA,"DEFRA - ""Freighting goods - HGV (all diesel) - All HGVs"" ""50% Laden""",,0,1,,,Transporte_Base_Maestra_y_Contrato_V2_CORREGIDA.xlsx,Factores
TRA_9B632A93063216,FUERA DE ESPAÑA,Transporte,MERCANCÍAS,"Vehículos Pesados (> 3,5 tn)  (50% Cargado)",Diésel,km,distancia,2025,2025,0.84482,ANNUAL,,DEFRA,"DEFRA - ""Freighting goods - HGV (all diesel) - All HGVs"" ""50% Laden""",,0,1,,,Transporte_Base_Maestra_y_Contrato_V2_CORREGIDA.xlsx,Factores
TRA_89F5F97D5F6477,FUERA DE ESPAÑA,Transporte,MERCANCÍAS,"Vehículos Pesados (> 3,5 tn)  (100% Cargado)",Diésel,km,distancia,2022,2022,0.9849584778523489,ANNUAL,,DEFRA,"DEFRA - ""Freighting goods - HGV (all diesel) - All HGVs"" ""100% Laden""",,0,1,,,Transporte_Base_Maestra_y_Contrato_V2_CORREGIDA.xlsx,Factores
TRA_C48FA317342013,FUERA DE ESPAÑA,Transporte,MERCANCÍAS,"Vehículos Pesados (> 3,5 tn)  (100% Cargado)",Diésel,km,distancia,2023,2023,0.98641,ANNUAL,,DEFRA,"DEFRA - ""Freighting goods - HGV (all diesel) - All HGVs"" ""100% Laden""",,0,1,,,Transporte_Base_Maestra_y_Contrato_V2_CORREGIDA.xlsx,Factores
TRA_7EB2DED6074482,FUERA DE ESPAÑA,Transporte,MERCANCÍAS,"Vehículos Pesados (> 3,5 tn)  (100% Cargado)",Diésel,km,distancia,2024,2024,1.01203,ANNUAL,,DEFRA,"DEFRA - ""Freighting goods - HGV (all diesel) - All HGVs"" ""100% Laden""",,0,1,,,Transporte_Base_Maestra_y_Contrato_V2_CORREGIDA.xlsx,Factores
TRA_40D5014A046891,FUERA DE ESPAÑA,Transporte,MERCANCÍAS,"Vehículos Pesados (> 3,5 tn)  (100% Cargado)",Diésel,km,distancia,2025,2025,1.02266,ANNUAL,,DEFRA,"DEFRA - ""Freighting goods - HGV (all diesel) - All HGVs"" ""100% Laden""",,0,1,,,Transporte_Base_Maestra_y_Contrato_V2_CORREGIDA.xlsx,Factores
TRA_5B337445DB09B9,FUERA DE ESPAÑA,Transporte,MERCANCÍAS,"Vehículos Pesados (> 3,5 tn) (Carga media)",Diésel,km,distancia,2022,2022,0.872048477852349,ANNUAL,,DEFRA,"DEFRA - ""Freighting goods - HGV (all diesel) - All HGVs"" ""Average Laden""",,0,1,,,Transporte_Base_Maestra_y_Contrato_V2_CORREGIDA.xlsx,Factores
TRA_BD51FB00DDD4B3,FUERA DE ESPAÑA,Transporte,MERCANCÍAS,"Vehículos Pesados (> 3,5 tn) (Carga media)",Diésel,km,distancia,2023,2023,0.87296,ANNUAL,,DEFRA,"DEFRA - ""Freighting goods - HGV (all diesel) - All HGVs"" ""Average Laden""",,0,1,,,Transporte_Base_Maestra_y_Contrato_V2_CORREGIDA.xlsx,Factores
TRA_01DC3142B7672A,FUERA DE ESPAÑA,Transporte,MERCANCÍAS,"Vehículos Pesados (> 3,5 tn) (Carga media)",Diésel,km,distancia,2024,2024,0.89121,ANNUAL,,DEFRA,"DEFRA - ""Freighting goods - HGV (all diesel) - All HGVs"" ""Average Laden""",,0,1,,,Transporte_Base_Maestra_y_Contrato_V2_CORREGIDA.xlsx,Factores
TRA_0017037AEC63C1,FUERA DE ESPAÑA,Transporte,MERCANCÍAS,"Vehículos Pesados (> 3,5 tn) (Carga media)",Diésel,km,distancia,2025,2025,0.89743,ANNUAL,,DEFRA,"DEFRA - ""Freighting goods - HGV (all diesel) - All HGVs"" ""Average Laden""",,0,1,,,Transporte_Base_Maestra_y_Contrato_V2_CORREGIDA.xlsx,Factores
TRA_9184CE7A18D17C,FUERA DE ESPAÑA,Transporte,MERCANCÍAS,"Vehículos Pesados (> 3,5 tn)  (50% Cargado)",Diésel,km*tonelada,distancia,2022,2022,0.1188209234899329,ANNUAL,,DEFRA,"DEFRA - ""Freighting goods - HGV (all diesel) - All HGVs"" ""0% Laden""",,0,1,,,Transporte_Base_Maestra_y_Contrato_V2_CORREGIDA.xlsx,Factores
TRA_585446746EDC38,FUERA DE ESPAÑA,Transporte,MERCANCÍAS,"Vehículos Pesados (> 3,5 tn)  (50% Cargado)",Diésel,km*tonelada,distancia,2023,2023,0.11926,ANNUAL,,DEFRA,"DEFRA - ""Freighting goods - HGV (all diesel) - All HGVs"" ""0% Laden""",,0,1,,,Transporte_Base_Maestra_y_Contrato_V2_CORREGIDA.xlsx,Factores
TRA_11652B603F4520,FUERA DE ESPAÑA,Transporte,MERCANCÍAS,"Vehículos Pesados (> 3,5 tn)  (50% Cargado)",Diésel,km*tonelada,distancia,2024,2024,0.12226,ANNUAL,,DEFRA,"DEFRA - ""Freighting goods - HGV (all diesel) - All HGVs"" ""0% Laden""",,0,1,,,Transporte_Base_Maestra_y_Contrato_V2_CORREGIDA.xlsx,Factores
TRA_F8323F106EBC3F,FUERA DE ESPAÑA,Transporte,MERCANCÍAS,"Vehículos Pesados (> 3,5 tn)  (50% Cargado)",Diésel,km*tonelada,distancia,2025,2025,0.1232,ANNUAL,,DEFRA,"DEFRA - ""Freighting goods - HGV (all diesel) - All HGVs"" ""0% Laden""",,0,1,,,Transporte_Base_Maestra_y_Contrato_V2_CORREGIDA.xlsx,Factores
TRA_7939CDCB4C9D00,FUERA DE ESPAÑA,Transporte,MERCANCÍAS,"Vehículos Pesados (> 3,5 tn)  (100% Cargado)",Diésel,km*tonelada,distancia,2022,2022,0.07215046174496643,ANNUAL,,DEFRA,"DEFRA - ""Freighting goods - HGV (all diesel) - All HGVs"" ""50% Laden""",,0,1,,,Transporte_Base_Maestra_y_Contrato_V2_CORREGIDA.xlsx,Factores
TRA_C55EA64D0151CA,FUERA DE ESPAÑA,Transporte,MERCANCÍAS,"Vehículos Pesados (> 3,5 tn)  (100% Cargado)",Diésel,km*tonelada,distancia,2023,2023,0.0724,ANNUAL,,DEFRA,"DEFRA - ""Freighting goods - HGV (all diesel) - All HGVs"" ""50% Laden""",,0,1,,,Transporte_Base_Maestra_y_Contrato_V2_CORREGIDA.xlsx,Factores
TRA_6368C4670E2F08,FUERA DE ESPAÑA,Transporte,MERCANCÍAS,"Vehículos Pesados (> 3,5 tn)  (100% Cargado)",Diésel,km*tonelada,distancia,2024,2024,0.07431,ANNUAL,,DEFRA,"DEFRA - ""Freighting goods - HGV (all diesel) - All HGVs"" ""50% Laden""",,0,1,,,Transporte_Base_Maestra_y_Contrato_V2_CORREGIDA.xlsx,Factores
TRA_D03BAF24B1AFD7,FUERA DE ESPAÑA,Transporte,MERCANCÍAS,"Vehículos Pesados (> 3,5 tn)  (100% Cargado)",Diésel,km*tonelada,distancia,2025,2025,0.07488,ANNUAL,,DEFRA,"DEFRA - ""Freighting goods - HGV (all diesel) - All HGVs"" ""50% Laden""",,0,1,,,Transporte_Base_Maestra_y_Contrato_V2_CORREGIDA.xlsx,Factores
TRA_EFE415D9BBB52D,FUERA DE ESPAÑA,Transporte,MERCANCÍAS,"Vehículos Pesados (> 3,5 tn) (Carga media)",Diésel,km*tonelada,distancia,2022,2022,0.09695746711409396,ANNUAL,,DEFRA,"DEFRA - ""Freighting goods - HGV (all diesel) - All HGVs"" """"Average Laden""",,0,1,,,Transporte_Base_Maestra_y_Contrato_V2_CORREGIDA.xlsx,Factores
TRA_1B091482BC919C,FUERA DE ESPAÑA,Transporte,MERCANCÍAS,"Vehículos Pesados (> 3,5 tn) (Carga media)",Diésel,km*tonelada,distancia,2023,2023,0.09752,ANNUAL,,DEFRA,"DEFRA - ""Freighting goods - HGV (all diesel) - All HGVs"" """"Average Laden""",,0,1,,,Transporte_Base_Maestra_y_Contrato_V2_CORREGIDA.xlsx,Factores
TRA_3C91F3E64BE7C8,FUERA DE ESPAÑA,Transporte,MERCANCÍAS,"Vehículos Pesados (> 3,5 tn) (Carga media)",Diésel,km*tonelada,distancia,2024,2024,0.10163,ANNUAL,,DEFRA,"DEFRA - ""Freighting goods - HGV (all diesel) - All HGVs"" """"Average Laden""",,0,1,,,Transporte_Base_Maestra_y_Contrato_V2_CORREGIDA.xlsx,Factores
TRA_9B08B3526BD2AE,FUERA DE ESPAÑA,Transporte,MERCANCÍAS,"Vehículos Pesados (> 3,5 tn) (Carga media)",Diésel,km*tonelada,distancia,2025,2025,0.10356,ANNUAL,,DEFRA,"DEFRA - ""Freighting goods - HGV (all diesel) - All HGVs"" """"Average Laden""",,0,1,,,Transporte_Base_Maestra_y_Contrato_V2_CORREGIDA.xlsx,Factores
TRA_97235DDB91FF8E,FUERA DE ESPAÑA,Transporte,MERCANCÍAS,Tren de mercancías,Desconocido,km*tonelada,distancia,2022,2022,0.0277880711409396,ANNUAL,,DEFRA,"DEFRA -""Freighting Goods"" ""Rail - Freight"" ""Train""",,0,1,,,Transporte_Base_Maestra_y_Contrato_V2_CORREGIDA.xlsx,Factores
TRA_17A07EAD6EA54F,FUERA DE ESPAÑA,Transporte,MERCANCÍAS,Tren de mercancías,Desconocido,km*tonelada,distancia,2023,2023,0.02779,ANNUAL,,DEFRA,"DEFRA -""Freighting Goods"" ""Rail - Freight"" ""Train""",,0,1,,,Transporte_Base_Maestra_y_Contrato_V2_CORREGIDA.xlsx,Factores
TRA_C6E2EE225A35C9,FUERA DE ESPAÑA,Transporte,MERCANCÍAS,Tren de mercancías,Desconocido,km*tonelada,distancia,2024,2024,0.02779,ANNUAL,,DEFRA,"DEFRA -""Freighting Goods"" ""Rail - Freight"" ""Train""",,0,1,,,Transporte_Base_Maestra_y_Contrato_V2_CORREGIDA.xlsx,Factores
TRA_C70F07ADE9914E,FUERA DE ESPAÑA,Transporte,MERCANCÍAS,Tren de mercancías,Desconocido,km*tonelada,distancia,2025,2025,0.02583,ANNUAL,,DEFRA,"DEFRA -""Freighting Goods"" ""Rail - Freight"" ""Train""",,0,1,,,Transporte_Base_Maestra_y_Contrato_V2_CORREGIDA.xlsx,Factores
TRA_6F5ABE14AC3D14,FUERA DE ESPAÑA,Transporte,MERCANCÍAS,Vuelo (nacional),Desconocido,km*tonelada,distancia,2022,2022,4.64646,ANNUAL,,DEFRA,"DEFRA -""Freighting Goods"" ""Freight Flights"" ""Domestic, to/from UK""",,0,1,,,Transporte_Base_Maestra_y_Contrato_V2_CORREGIDA.xlsx,Factores
TRA_582798AA5DDBE1,FUERA DE ESPAÑA,Transporte,MERCANCÍAS,Vuelo (nacional),Desconocido,km*tonelada,distancia,2023,2023,4.64646,ANNUAL,,DEFRA,"DEFRA -""Freighting Goods"" ""Freight Flights"" ""Domestic, to/from UK""",,0,1,,,Transporte_Base_Maestra_y_Contrato_V2_CORREGIDA.xlsx,Factores
TRA_59EDE5F8D8356D,FUERA DE ESPAÑA,Transporte,MERCANCÍAS,Vuelo (nacional),Desconocido,km*tonelada,distancia,2024,2024,4.57703,ANNUAL,,DEFRA,"DEFRA -""Freighting Goods"" ""Freight Flights"" ""Domestic, to/from UK""",,0,1,,,Transporte_Base_Maestra_y_Contrato_V2_CORREGIDA.xlsx,Factores
TRA_5A33F8B99BAAA8,FUERA DE ESPAÑA,Transporte,MERCANCÍAS,Vuelo (nacional),Desconocido,km*tonelada,distancia,2025,2025,4.57703,ANNUAL,,DEFRA,"DEFRA -""Freighting Goods"" ""Freight Flights"" ""Domestic, to/from UK""",,0,1,,,Transporte_Base_Maestra_y_Contrato_V2_CORREGIDA.xlsx,Factores
TRA_7CECEEB3E48C3A,FUERA DE ESPAÑA,Transporte,MERCANCÍAS,Vuelo (internacional),Desconocido,km*tonelada,distancia,2022,2022,1.09356,ANNUAL,,DEFRA,"DEFRA -""Freighting Goods"" ""Freight Flights"" ""International, to/from non-UK""",,0,1,,,Transporte_Base_Maestra_y_Contrato_V2_CORREGIDA.xlsx,Factores
TRA_6416F388B86439,FUERA DE ESPAÑA,Transporte,MERCANCÍAS,Vuelo (internacional),Desconocido,km*tonelada,distancia,2023,2023,1.09356,ANNUAL,,DEFRA,"DEFRA -""Freighting Goods"" ""Freight Flights"" ""International, to/from non-UK""",,0,1,,,Transporte_Base_Maestra_y_Contrato_V2_CORREGIDA.xlsx,Factores
TRA_A76786C659E483,FUERA DE ESPAÑA,Transporte,MERCANCÍAS,Vuelo (internacional),Desconocido,km*tonelada,distancia,2024,2024,0.89392,ANNUAL,,DEFRA,"DEFRA -""Freighting Goods"" ""Freight Flights"" ""International, to/from non-UK""",,0,1,,,Transporte_Base_Maestra_y_Contrato_V2_CORREGIDA.xlsx,Factores
TRA_31C1D9A8CA37E2,FUERA DE ESPAÑA,Transporte,MERCANCÍAS,Vuelo (internacional),Desconocido,km*tonelada,distancia,2025,2025,0.89392,ANNUAL,,DEFRA,"DEFRA -""Freighting Goods"" ""Freight Flights"" ""International, to/from non-UK""",,0,1,,,Transporte_Base_Maestra_y_Contrato_V2_CORREGIDA.xlsx,Factores
TRA_5ACEBB5210CE6D,FUERA DE ESPAÑA,Transporte,MERCANCÍAS,Buque (carga general diversa),Desconocido,km*tonelada,distancia,2022,2022,0.013212768590604027,ANNUAL,,DEFRA,"DEFRA -""Business Travel - Sea ""Cargo Ship - General Cargo"" ""Average""",,0,1,,,Transporte_Base_Maestra_y_Contrato_V2_CORREGIDA.xlsx,Factores
TRA_3B8AB6699067BD,FUERA DE ESPAÑA,Transporte,MERCANCÍAS,Buque (carga general diversa),Desconocido,km*tonelada,distancia,2023,2023,0.01321,ANNUAL,,DEFRA,"DEFRA -""Business Travel - Sea ""Cargo Ship - General Cargo"" ""Average""",,0,1,,,Transporte_Base_Maestra_y_Contrato_V2_CORREGIDA.xlsx,Factores
TRA_ABAA70889F4345,FUERA DE ESPAÑA,Transporte,MERCANCÍAS,Buque (carga general diversa),Desconocido,km*tonelada,distancia,2024,2024,0.01321,ANNUAL,,DEFRA,"DEFRA -""Business Travel - Sea ""Cargo Ship - General Cargo"" ""Average""",,0,1,,,Transporte_Base_Maestra_y_Contrato_V2_CORREGIDA.xlsx,Factores
TRA_9C53B67AA883FC,FUERA DE ESPAÑA,Transporte,MERCANCÍAS,Buque (carga general diversa),Desconocido,km*tonelada,distancia,2025,2025,0.01321,ANNUAL,,DEFRA,"DEFRA -""Business Travel - Sea ""Cargo Ship - General Cargo"" ""Average""",,0,1,,,Transporte_Base_Maestra_y_Contrato_V2_CORREGIDA.xlsx,Factores
TRA_C3CB46203D5887,FUERA DE ESPAÑA,Transporte,MERCANCÍAS,Buque (portacontenedores),Desconocido,km*tonelada,distancia,2022,2022,0.01611856979865772,ANNUAL,,DEFRA,"DEFRA -""Business Travel - Sea"" ""Cargo Ship - Container Ship"" ""Average""",,0,1,,,Transporte_Base_Maestra_y_Contrato_V2_CORREGIDA.xlsx,Factores
TRA_8C043DDD818644,FUERA DE ESPAÑA,Transporte,MERCANCÍAS,Buque (portacontenedores),Desconocido,km*tonelada,distancia,2023,2023,0.01612,ANNUAL,,DEFRA,"DEFRA -""Business Travel - Sea"" ""Cargo Ship - Container Ship"" ""Average""",,0,1,,,Transporte_Base_Maestra_y_Contrato_V2_CORREGIDA.xlsx,Factores
TRA_8CE81E247A06AB,FUERA DE ESPAÑA,Transporte,MERCANCÍAS,Buque (portacontenedores),Desconocido,km*tonelada,distancia,2024,2024,0.01612,ANNUAL,,DEFRA,"DEFRA -""Business Travel - Sea"" ""Cargo Ship - Container Ship"" ""Average""",,0,1,,,Transporte_Base_Maestra_y_Contrato_V2_CORREGIDA.xlsx,Factores
TRA_9731E87573029F,FUERA DE ESPAÑA,Transporte,MERCANCÍAS,Buque (portacontenedores),Desconocido,km*tonelada,distancia,2025,2025,0.01612,ANNUAL,,DEFRA,"DEFRA -""Business Travel - Sea"" ""Cargo Ship - Container Ship"" ""Average""",,0,1,,,Transporte_Base_Maestra_y_Contrato_V2_CORREGIDA.xlsx,Factores
TRA_7236C5A2C6E75D,ESPAÑA,Transporte,PRIVADO,Ciclomotores (50cc),XTL (Biodiésel HVO),litros,combustible,2026,2026,0.03558,ANNUAL,,DEFRA,"DEFRA - ""Bioenergy"" ""Biofuel"" ""Biodiesel HVO"" | 2026 exacto: columna final DEFRA de la referencia, corregida por deriva de cabecera; contrastada con publicación DESNZ 2026.",,0,0,,,Transporte_Base_Maestra_y_Contrato_V2_CORREGIDA.xlsx,Factores
TRA_C5EEB3BB7232E5,ESPAÑA,Transporte,PRIVADO,Motocicletas (> 50cc),XTL (Biodiésel HVO),litros,combustible,2026,2026,0.03558,ANNUAL,,DEFRA,"DEFRA - ""Bioenergy"" ""Biofuel"" ""Biodiesel HVO"" | 2026 exacto: columna final DEFRA de la referencia, corregida por deriva de cabecera; contrastada con publicación DESNZ 2026.",,0,0,,,Transporte_Base_Maestra_y_Contrato_V2_CORREGIDA.xlsx,Factores
TRA_17BB6C18D0AEB8,ESPAÑA,Transporte,PRIVADO,Turismos (hasta 8 asientos) / Taxis,XTL (Biodiésel HVO),litros,combustible,2026,2026,0.03558,ANNUAL,,DEFRA,"DEFRA - ""Bioenergy"" ""Biofuel"" ""Biodiesel HVO"" | 2026 exacto: columna final DEFRA de la referencia, corregida por deriva de cabecera; contrastada con publicación DESNZ 2026.",,0,0,,,Transporte_Base_Maestra_y_Contrato_V2_CORREGIDA.xlsx,Factores
TRA_7F52FFCB6774FD,ESPAÑA,Transporte,PRIVADO,Vans (pasajeros),XTL (Biodiésel HVO),litros,combustible,2026,2026,0.03558,ANNUAL,,DEFRA,"DEFRA - ""Bioenergy"" ""Biofuel"" ""Biodiesel HVO"" | 2026 exacto: columna final DEFRA de la referencia, corregida por deriva de cabecera; contrastada con publicación DESNZ 2026.",,0,0,,,Transporte_Base_Maestra_y_Contrato_V2_CORREGIDA.xlsx,Factores
TRA_549BEC667D1CFE,ESPAÑA,Transporte,PÚBLICO,Autobuses (urbanos y metropolitanos),XTL (Biodiésel HVO),litros,combustible,2026,2026,0.03558,ANNUAL,,DEFRA,"DEFRA - ""Bioenergy - Biofuel - Biodiesel HVO"" | 2026 exacto: columna final DEFRA de la referencia, corregida por deriva de cabecera; contrastada con publicación DESNZ 2026.",,0,0,,,Transporte_Base_Maestra_y_Contrato_V2_CORREGIDA.xlsx,Factores
TRA_3007C728D39CC3,ESPAÑA,Transporte,VIAJES,Autocar (larga distancia),XTL (Biodiésel HVO),litros,combustible,2026,2026,0.03558,ANNUAL,,DEFRA,"DEFRA - ""Bioenergy"" ""Biofuel ""Biodiesel HVO"" | 2026 exacto: columna final DEFRA de la referencia, corregida por deriva de cabecera; contrastada con publicación DESNZ 2026.",,0,0,,,Transporte_Base_Maestra_y_Contrato_V2_CORREGIDA.xlsx,Factores
TRA_0FF5133B909C00,ESPAÑA,Transporte,MERCANCÍAS,"Camiones (> 3,5 tn)",Biodiésel HVO,litros,combustible,2026,2026,0.03558,ANNUAL,,DEFRA,"DEFRA - ""Bioenergy - Biofuel - Biodiesel HVO"" | 2026 exacto: columna final DEFRA de la referencia, corregida por deriva de cabecera; contrastada con publicación DESNZ 2026.",,0,0,,,Transporte_Base_Maestra_y_Contrato_V2_CORREGIDA.xlsx,Factores
TRA_17651B4ED54CC7,FUERA DE ESPAÑA,Transporte,PRIVADO,Moto promedio,Gasolina,litros,combustible,2026,2026,2.075,ANNUAL,,DEFRA,"DEFRA - ""Fuels - Liquid Fuels - Petrol (average biofuel blend)"" | 2026 exacto: columna final DEFRA de la referencia, corregida por deriva de cabecera; contrastada con publicación DESNZ 2026.",,0,1,,,Transporte_Base_Maestra_y_Contrato_V2_CORREGIDA.xlsx,Factores
TRA_F9E0AABFAE6C16,FUERA DE ESPAÑA,Transporte,PRIVADO,Moto promedio,Diésel,litros,combustible,2026,2026,2.58354,ANNUAL,,DEFRA,"DEFRA - ""Fuels - Liquid Fuels -Diesel (average biofuel blend)"" | 2026 exacto: columna final DEFRA de la referencia, corregida por deriva de cabecera; contrastada con publicación DESNZ 2026.",,0,1,,,Transporte_Base_Maestra_y_Contrato_V2_CORREGIDA.xlsx,Factores
TRA_C7BBB1EA11A510,FUERA DE ESPAÑA,Transporte,PRIVADO,Moto promedio,Biodiésel,litros,combustible,2026,2026,0.16751,ANNUAL,,DEFRA,"DEFRA - ""Bioenergy - Biofuel - Biodiesel ME"" | 2026 exacto: columna final DEFRA de la referencia, corregida por deriva de cabecera; contrastada con publicación DESNZ 2026.",,0,1,,,Transporte_Base_Maestra_y_Contrato_V2_CORREGIDA.xlsx,Factores
TRA_FB115B6C2C4512,FUERA DE ESPAÑA,Transporte,PRIVADO,Moto promedio,Bioetanol,litros,combustible,2026,2026,0.00901,ANNUAL,,DEFRA,"DEFRA - ""Bioenergy - Biofuel - Bioethanol"" | 2026 exacto: columna final DEFRA de la referencia, corregida por deriva de cabecera; contrastada con publicación DESNZ 2026.",,0,1,,,Transporte_Base_Maestra_y_Contrato_V2_CORREGIDA.xlsx,Factores
TRA_DF2948D776EEEC,FUERA DE ESPAÑA,Transporte,PRIVADO,Moto promedio,XTL (Biodiésel HVO),litros,combustible,2026,2026,0.03558,ANNUAL,,DEFRA,"DEFRA - ""Bioenergy - Biofuel - Biodiesel HVO"" | 2026 exacto: columna final DEFRA de la referencia, corregida por deriva de cabecera; contrastada con publicación DESNZ 2026.",,0,1,,,Transporte_Base_Maestra_y_Contrato_V2_CORREGIDA.xlsx,Factores
TRA_E721617DC3600F,FUERA DE ESPAÑA,Transporte,PRIVADO,Coche promedio,Gasolina,litros,combustible,2026,2026,2.075,ANNUAL,,DEFRA,"DEFRA - ""Fuels - Liquid Fuels - Petrol (average biofuel blend)"" | 2026 exacto: columna final DEFRA de la referencia, corregida por deriva de cabecera; contrastada con publicación DESNZ 2026.",,0,1,,,Transporte_Base_Maestra_y_Contrato_V2_CORREGIDA.xlsx,Factores
TRA_A2F7E0727B96AF,FUERA DE ESPAÑA,Transporte,PRIVADO,Coche promedio,Diésel,litros,combustible,2026,2026,2.58354,ANNUAL,,DEFRA,"DEFRA - ""Fuels - Liquid Fuels -Diesel (average biofuel blend)"" | 2026 exacto: columna final DEFRA de la referencia, corregida por deriva de cabecera; contrastada con publicación DESNZ 2026.",,0,1,,,Transporte_Base_Maestra_y_Contrato_V2_CORREGIDA.xlsx,Factores
TRA_BD6EF414508CE6,FUERA DE ESPAÑA,Transporte,PRIVADO,Coche promedio,Biodiésel,litros,combustible,2026,2026,0.16751,ANNUAL,,DEFRA,"DEFRA - ""Bioenergy - Biofuel - Biodiesel ME"" | 2026 exacto: columna final DEFRA de la referencia, corregida por deriva de cabecera; contrastada con publicación DESNZ 2026.",,0,1,,,Transporte_Base_Maestra_y_Contrato_V2_CORREGIDA.xlsx,Factores
TRA_715152F655A175,FUERA DE ESPAÑA,Transporte,PRIVADO,Coche promedio,Bioetanol,litros,combustible,2026,2026,0.00901,ANNUAL,,DEFRA,"DEFRA - ""Bioenergy - Biofuel - Bioethanol"" | 2026 exacto: columna final DEFRA de la referencia, corregida por deriva de cabecera; contrastada con publicación DESNZ 2026.",,0,1,,,Transporte_Base_Maestra_y_Contrato_V2_CORREGIDA.xlsx,Factores
TRA_6422B56113F05C,FUERA DE ESPAÑA,Transporte,PRIVADO,Coche promedio,XTL (Biodiésel HVO),litros,combustible,2026,2026,0.03558,ANNUAL,,DEFRA,"DEFRA - ""Bioenergy - Biofuel - Biodiesel HVO"" | 2026 exacto: columna final DEFRA de la referencia, corregida por deriva de cabecera; contrastada con publicación DESNZ 2026.",,0,1,,,Transporte_Base_Maestra_y_Contrato_V2_CORREGIDA.xlsx,Factores
TRA_AEA8062633D77F,FUERA DE ESPAÑA,Transporte,PRIVADO,Coche promedio,Híbrido gasolina,litros,combustible,2026,2026,2.075,ANNUAL,,DEFRA,"DEFRA - ""Fuels - Liquid Fuels - Petrol (average biofuel blend)"" | 2026 exacto: columna final DEFRA de la referencia, corregida por deriva de cabecera; contrastada con publicación DESNZ 2026.",,0,1,,,Transporte_Base_Maestra_y_Contrato_V2_CORREGIDA.xlsx,Factores
TRA_D7F571D2757E85,FUERA DE ESPAÑA,Transporte,PRIVADO,Coche promedio,Híbrido diésel,litros,combustible,2026,2026,2.58354,ANNUAL,,DEFRA,"DEFRA - ""Fuels - Liquid Fuels -Diesel (average biofuel blend)"" | 2026 exacto: columna final DEFRA de la referencia, corregida por deriva de cabecera; contrastada con publicación DESNZ 2026.",,0,1,,,Transporte_Base_Maestra_y_Contrato_V2_CORREGIDA.xlsx,Factores
TRA_18BFEF16FCD504,FUERA DE ESPAÑA,Transporte,PRIVADO,Vans (pasajeros),Gasolina,litros,combustible,2026,2026,2.075,ANNUAL,,DEFRA,"DEFRA - ""Fuels - Liquid Fuels - Petrol (average biofuel blend)"" | 2026 exacto: columna final DEFRA de la referencia, corregida por deriva de cabecera; contrastada con publicación DESNZ 2026.",,0,1,,,Transporte_Base_Maestra_y_Contrato_V2_CORREGIDA.xlsx,Factores
TRA_B195105231C7B6,FUERA DE ESPAÑA,Transporte,PRIVADO,Vans (pasajeros),Diésel,litros,combustible,2026,2026,2.58354,ANNUAL,,DEFRA,"DEFRA - ""Fuels - Liquid Fuels -Diesel (average biofuel blend)"" | 2026 exacto: columna final DEFRA de la referencia, corregida por deriva de cabecera; contrastada con publicación DESNZ 2026.",,0,1,,,Transporte_Base_Maestra_y_Contrato_V2_CORREGIDA.xlsx,Factores
TRA_FD9DEDF65BD8A7,FUERA DE ESPAÑA,Transporte,PRIVADO,Vans (pasajeros),Biodiésel,litros,combustible,2026,2026,0.16751,ANNUAL,,DEFRA,"DEFRA - ""Bioenergy - Biofuel - Biodiesel ME"" | 2026 exacto: columna final DEFRA de la referencia, corregida por deriva de cabecera; contrastada con publicación DESNZ 2026.",,0,1,,,Transporte_Base_Maestra_y_Contrato_V2_CORREGIDA.xlsx,Factores
TRA_3B6E353D9053DA,FUERA DE ESPAÑA,Transporte,PRIVADO,Vans (pasajeros),Bioetanol,litros,combustible,2026,2026,0.00901,ANNUAL,,DEFRA,"DEFRA - ""Bioenergy - Biofuel - Bioethanol"" | 2026 exacto: columna final DEFRA de la referencia, corregida por deriva de cabecera; contrastada con publicación DESNZ 2026.",,0,1,,,Transporte_Base_Maestra_y_Contrato_V2_CORREGIDA.xlsx,Factores
TRA_5AED9A1EAD77B0,FUERA DE ESPAÑA,Transporte,PRIVADO,Vans (pasajeros),XTL (Biodiésel HVO),litros,combustible,2026,2026,0.03558,ANNUAL,,DEFRA,"DEFRA - ""Bioenergy - Biofuel - Biodiesel HVO"" | 2026 exacto: columna final DEFRA de la referencia, corregida por deriva de cabecera; contrastada con publicación DESNZ 2026.",,0,1,,,Transporte_Base_Maestra_y_Contrato_V2_CORREGIDA.xlsx,Factores
TRA_942D790F5E25FC,FUERA DE ESPAÑA,Transporte,PRIVADO,Vans (pasajeros),LPG,litros,combustible,2026,2026,1.55713,ANNUAL,,DEFRA,"DEFRA ""Fuels - Gaseous fuels - LPG"" | 2026 exacto: columna final DEFRA de la referencia, corregida por deriva de cabecera; contrastada con publicación DESNZ 2026.",,0,1,,,Transporte_Base_Maestra_y_Contrato_V2_CORREGIDA.xlsx,Factores
TRA_2B8378638BC4E1,FUERA DE ESPAÑA,Transporte,PRIVADO,Vans (pasajeros),CNG,litros,combustible,2026,2026,0.43885,ANNUAL,,DEFRA,"DEFRA - ""Fuels - Gaseous fuels - CNG"" | 2026 exacto: columna final DEFRA de la referencia, corregida por deriva de cabecera; contrastada con publicación DESNZ 2026.",,0,1,,,Transporte_Base_Maestra_y_Contrato_V2_CORREGIDA.xlsx,Factores
TRA_B8AA47D940A04E,FUERA DE ESPAÑA,Transporte,PRIVADO,Vans (pasajeros),Híbrida gasolina,litros,combustible,2026,2026,2.075,ANNUAL,,DEFRA,"DEFRA - ""Fuels - Liquid Fuels - Petrol (average biofuel blend)"" | 2026 exacto: columna final DEFRA de la referencia, corregida por deriva de cabecera; contrastada con publicación DESNZ 2026.",,0,1,,,Transporte_Base_Maestra_y_Contrato_V2_CORREGIDA.xlsx,Factores
TRA_327E7505EF0BB6,FUERA DE ESPAÑA,Transporte,PRIVADO,Vans (pasajeros),Híbrida diésel,litros,combustible,2026,2026,2.58354,ANNUAL,,DEFRA,"DEFRA - ""Fuels - Liquid Fuels -Diesel (average biofuel blend)"" | 2026 exacto: columna final DEFRA de la referencia, corregida por deriva de cabecera; contrastada con publicación DESNZ 2026.",,0,1,,,Transporte_Base_Maestra_y_Contrato_V2_CORREGIDA.xlsx,Factores
TRA_9D763D98B9D523,FUERA DE ESPAÑA,Transporte,PÚBLICO,Autobús Local (urbano y metropolitano),Diésel,litros,combustible,2026,2026,2.58354,ANNUAL,,DEFRA,"DEFRA - ""Fuels - Liquid Fuels -Diesel (average biofuel blend)"" | 2026 exacto: columna final DEFRA de la referencia, corregida por deriva de cabecera; contrastada con publicación DESNZ 2026.",,0,1,,,Transporte_Base_Maestra_y_Contrato_V2_CORREGIDA.xlsx,Factores
TRA_5BAD2ACAF4CFFE,FUERA DE ESPAÑA,Transporte,VIAJES,Autocar (coach) / Minibús,Gasolina,litros,combustible,2026,2026,2.075,ANNUAL,,DEFRA,"DEFRA -""Fuels"" ""Liquid Fuels"" ""Petrol (average biofuel blend)"" | 2026 exacto: columna final DEFRA de la referencia, corregida por deriva de cabecera; contrastada con publicación DESNZ 2026.",,0,1,,,Transporte_Base_Maestra_y_Contrato_V2_CORREGIDA.xlsx,Factores
TRA_AAD81AD4C83A39,FUERA DE ESPAÑA,Transporte,VIAJES,Autocar (coach) / Minibús,Diésel,litros,combustible,2026,2026,2.58354,ANNUAL,,DEFRA,"DEFRA -""Fuels"" ""Liquid Fuels"" ""Diesel (average biofuel blend)"" | 2026 exacto: columna final DEFRA de la referencia, corregida por deriva de cabecera; contrastada con publicación DESNZ 2026.",,0,1,,,Transporte_Base_Maestra_y_Contrato_V2_CORREGIDA.xlsx,Factores
TRA_4E00D6A3C0AD0D,FUERA DE ESPAÑA,Transporte,VIAJES,Autocar (coach) / Minibús,Biodiésel,litros,combustible,2026,2026,0.16751,ANNUAL,,DEFRA,"DEFRA -""Bioenergy"" ""Biofuel"" ""Biodiesel ME"" | 2026 exacto: columna final DEFRA de la referencia, corregida por deriva de cabecera; contrastada con publicación DESNZ 2026.",,0,1,,,Transporte_Base_Maestra_y_Contrato_V2_CORREGIDA.xlsx,Factores
TRA_99474F9A348489,FUERA DE ESPAÑA,Transporte,VIAJES,Autocar (coach) / Minibús,Bioetanol,litros,combustible,2026,2026,0.00901,ANNUAL,,DEFRA,"DEFRA -""Bioenergy"" ""Biofuel"" ""Bioethanol"" | 2026 exacto: columna final DEFRA de la referencia, corregida por deriva de cabecera; contrastada con publicación DESNZ 2026.",,0,1,,,Transporte_Base_Maestra_y_Contrato_V2_CORREGIDA.xlsx,Factores
TRA_5D6CC089ED6DC3,FUERA DE ESPAÑA,Transporte,VIAJES,Autocar (coach) / Minibús,XTL (Biodiésel HVO),litros,combustible,2026,2026,0.03558,ANNUAL,,DEFRA,"DEFRA -""Bioenergy"" ""Biofuel"" ""Biodiesel HVO"" | 2026 exacto: columna final DEFRA de la referencia, corregida por deriva de cabecera; contrastada con publicación DESNZ 2026.",,0,1,,,Transporte_Base_Maestra_y_Contrato_V2_CORREGIDA.xlsx,Factores
TRA_9DCA0C722BCF5D,FUERA DE ESPAÑA,Transporte,VIAJES,Avión,Gasolina,litros,combustible,2026,2026,2.33116,ANNUAL,,DEFRA,"DEFRA -""Fuels"" ""Liquid Fuels -Aviation Spirit"" | 2026 exacto: columna final DEFRA de la referencia, corregida por deriva de cabecera; contrastada con publicación DESNZ 2026.",,0,1,,,Transporte_Base_Maestra_y_Contrato_V2_CORREGIDA.xlsx,Factores
TRA_3325B64EA187B0,FUERA DE ESPAÑA,Transporte,VIAJES,Avión,Queroseno,litros,combustible,2026,2026,2.54269,ANNUAL,,DEFRA,"DEFRA -""Fuels"" ""Liquid Fuels -Aviation turbine fuel"" | 2026 exacto: columna final DEFRA de la referencia, corregida por deriva de cabecera; contrastada con publicación DESNZ 2026.",,0,1,,,Transporte_Base_Maestra_y_Contrato_V2_CORREGIDA.xlsx,Factores
TRA_0BA08FC3934A5F,FUERA DE ESPAÑA,Transporte,VIAJES,Barco,Gasóleo,litros,combustible,2026,2026,2.77139,ANNUAL,,DEFRA,"DEFRA -""Fuels"" ""Liquid Fuels - Marine gas oil"" | 2026 exacto: columna final DEFRA de la referencia, corregida por deriva de cabecera; contrastada con publicación DESNZ 2026.",,0,1,,,Transporte_Base_Maestra_y_Contrato_V2_CORREGIDA.xlsx,Factores
TRA_41C880F8C1E6D7,FUERA DE ESPAÑA,Transporte,VIAJES,Barco,Fueloil,litros,combustible,2026,2026,3.10202,ANNUAL,,DEFRA,"DEFRA -""Fuels"" ""Liquid Fuels -Marine fuel oil"" | 2026 exacto: columna final DEFRA de la referencia, corregida por deriva de cabecera; contrastada con publicación DESNZ 2026.",,0,1,,,Transporte_Base_Maestra_y_Contrato_V2_CORREGIDA.xlsx,Factores
TRA_F54DE4E8B273BA,FUERA DE ESPAÑA,Transporte,MERCANCÍAS,"Furgoneta / Camión (< 3,5 Tn)",Gasolina,litros,combustible,2026,2026,2.075,ANNUAL,,DEFRA,"DEFRA - ""Fuels - Liquid Fuels - Petrol (average biofuel blend)"" | 2026 exacto: columna final DEFRA de la referencia, corregida por deriva de cabecera; contrastada con publicación DESNZ 2026.",,0,1,,,Transporte_Base_Maestra_y_Contrato_V2_CORREGIDA.xlsx,Factores
TRA_3F5BEA6BAF9D14,FUERA DE ESPAÑA,Transporte,MERCANCÍAS,"Furgoneta / Camión (< 3,5 Tn)",Diésel,litros,combustible,2026,2026,2.58354,ANNUAL,,DEFRA,"DEFRA - ""Fuels - Liquid Fuels -Diesel (average biofuel blend)"" | 2026 exacto: columna final DEFRA de la referencia, corregida por deriva de cabecera; contrastada con publicación DESNZ 2026.",,0,1,,,Transporte_Base_Maestra_y_Contrato_V2_CORREGIDA.xlsx,Factores
TRA_8E08B9FD9BAC53,FUERA DE ESPAÑA,Transporte,MERCANCÍAS,"Furgoneta / Camión (< 3,5 Tn)",Biodiésel,litros,combustible,2026,2026,0.16751,ANNUAL,,DEFRA,"DEFRA - ""Bioenergy - Biofuel - Biodiesel ME"" | 2026 exacto: columna final DEFRA de la referencia, corregida por deriva de cabecera; contrastada con publicación DESNZ 2026.",,0,1,,,Transporte_Base_Maestra_y_Contrato_V2_CORREGIDA.xlsx,Factores
TRA_1CAF8E7E9D89F5,FUERA DE ESPAÑA,Transporte,MERCANCÍAS,"Furgoneta / Camión (< 3,5 Tn)",Bioetanol,litros,combustible,2026,2026,0.00901,ANNUAL,,DEFRA,"DEFRA - ""Bioenergy - Biofuel - Bioethanol"" | 2026 exacto: columna final DEFRA de la referencia, corregida por deriva de cabecera; contrastada con publicación DESNZ 2026.",,0,1,,,Transporte_Base_Maestra_y_Contrato_V2_CORREGIDA.xlsx,Factores
TRA_89675A46A1836B,FUERA DE ESPAÑA,Transporte,MERCANCÍAS,"Furgoneta / Camión (< 3,5 Tn)",XTL (Biodiésel HVO),litros,combustible,2026,2026,0.03558,ANNUAL,,DEFRA,"DEFRA - ""Bioenergy - Biofuel - Biodiesel HVO"" | 2026 exacto: columna final DEFRA de la referencia, corregida por deriva de cabecera; contrastada con publicación DESNZ 2026.",,0,1,,,Transporte_Base_Maestra_y_Contrato_V2_CORREGIDA.xlsx,Factores
TRA_3A82C2127678BA,FUERA DE ESPAÑA,Transporte,MERCANCÍAS,"Furgoneta / Camión (< 3,5 Tn)",LPG,litros,combustible,2026,2026,1.55713,ANNUAL,,DEFRA,"DEFRA - ""Fuels - Gaseous fuels - LPG"" | 2026 exacto: columna final DEFRA de la referencia, corregida por deriva de cabecera; contrastada con publicación DESNZ 2026.",,0,1,,,Transporte_Base_Maestra_y_Contrato_V2_CORREGIDA.xlsx,Factores
TRA_052D675A89BF9B,FUERA DE ESPAÑA,Transporte,MERCANCÍAS,"Furgoneta / Camión (< 3,5 Tn)",CNG,litros,combustible,2026,2026,0.43885,ANNUAL,,DEFRA,"DEFRA - ""Fuels - Gaseous fuels - CNG"" | 2026 exacto: columna final DEFRA de la referencia, corregida por deriva de cabecera; contrastada con publicación DESNZ 2026.",,0,1,,,Transporte_Base_Maestra_y_Contrato_V2_CORREGIDA.xlsx,Factores
TRA_485BFC5D4AB86B,FUERA DE ESPAÑA,Transporte,MERCANCÍAS,"Furgoneta / Camión (< 3,5 Tn)",Híbrido gasolina,litros,combustible,2026,2026,2.075,ANNUAL,,DEFRA,"DEFRA - ""Fuels - Liquid Fuels - Petrol (average biofuel blend)"" | 2026 exacto: columna final DEFRA de la referencia, corregida por deriva de cabecera; contrastada con publicación DESNZ 2026.",,0,1,,,Transporte_Base_Maestra_y_Contrato_V2_CORREGIDA.xlsx,Factores
TRA_D241491DD51ECA,FUERA DE ESPAÑA,Transporte,MERCANCÍAS,"Furgoneta / Camión (< 3,5 Tn)",Híbrido diésel,litros,combustible,2026,2026,2.58354,ANNUAL,,DEFRA,"DEFRA - ""Fuels - Liquid Fuels -Diesel (average biofuel blend)"" | 2026 exacto: columna final DEFRA de la referencia, corregida por deriva de cabecera; contrastada con publicación DESNZ 2026.",,0,1,,,Transporte_Base_Maestra_y_Contrato_V2_CORREGIDA.xlsx,Factores
TRA_FBE239A4C51913,FUERA DE ESPAÑA,Transporte,MERCANCÍAS,"Vehículo pesado (> 3,5 Tn)",Gasolina,litros,combustible,2026,2026,2.075,ANNUAL,,DEFRA,"DEFRA - ""Fuels - Liquid Fuels - Petrol (average biofuel blend)"" | 2026 exacto: columna final DEFRA de la referencia, corregida por deriva de cabecera; contrastada con publicación DESNZ 2026.",,0,1,,,Transporte_Base_Maestra_y_Contrato_V2_CORREGIDA.xlsx,Factores
TRA_59A3676B5B3CEF,FUERA DE ESPAÑA,Transporte,MERCANCÍAS,"Vehículo pesado (> 3,5 Tn)",Diésel,litros,combustible,2026,2026,2.58354,ANNUAL,,DEFRA,"DEFRA - ""Fuels - Liquid Fuels -Diesel (average biofuel blend)"" | 2026 exacto: columna final DEFRA de la referencia, corregida por deriva de cabecera; contrastada con publicación DESNZ 2026.",,0,1,,,Transporte_Base_Maestra_y_Contrato_V2_CORREGIDA.xlsx,Factores
TRA_8A7DD17AB50858,FUERA DE ESPAÑA,Transporte,MERCANCÍAS,"Vehículo pesado (> 3,5 Tn)",Biodiésel,litros,combustible,2026,2026,0.16751,ANNUAL,,DEFRA,"DEFRA - ""Bioenergy - Biofuel - Biodiesel ME"" | 2026 exacto: columna final DEFRA de la referencia, corregida por deriva de cabecera; contrastada con publicación DESNZ 2026.",,0,1,,,Transporte_Base_Maestra_y_Contrato_V2_CORREGIDA.xlsx,Factores
TRA_BA9C7992142939,FUERA DE ESPAÑA,Transporte,MERCANCÍAS,"Vehículo pesado (> 3,5 Tn)",Bioetanol,litros,combustible,2026,2026,0.00901,ANNUAL,,DEFRA,"DEFRA - ""Bioenergy - Biofuel - Bioethanol"" | 2026 exacto: columna final DEFRA de la referencia, corregida por deriva de cabecera; contrastada con publicación DESNZ 2026.",,0,1,,,Transporte_Base_Maestra_y_Contrato_V2_CORREGIDA.xlsx,Factores
TRA_D59CD59F9F4D1D,FUERA DE ESPAÑA,Transporte,MERCANCÍAS,"Vehículo pesado (> 3,5 Tn)",XTL (Biodiésel HVO),litros,combustible,2026,2026,0.03558,ANNUAL,,DEFRA,"DEFRA - ""Bioenergy - Biofuel - Biodiesel HVO"" | 2026 exacto: columna final DEFRA de la referencia, corregida por deriva de cabecera; contrastada con publicación DESNZ 2026.",,0,1,,,Transporte_Base_Maestra_y_Contrato_V2_CORREGIDA.xlsx,Factores
TRA_31F23B2FB99148,FUERA DE ESPAÑA,Transporte,MERCANCÍAS,"Vehículo pesado (> 3,5 Tn)",LPG,litros,combustible,2026,2026,1.55713,ANNUAL,,DEFRA,"DEFRA - ""Fuels - Gaseous fuels - LPG"" | 2026 exacto: columna final DEFRA de la referencia, corregida por deriva de cabecera; contrastada con publicación DESNZ 2026.",,0,1,,,Transporte_Base_Maestra_y_Contrato_V2_CORREGIDA.xlsx,Factores
TRA_A05DDCCA673F05,ESPAÑA,Transporte,PRIVADO,Turismos/ Taxis (hasta 8 asientos),Híbrido,km,distancia,2026,2026,0.12825,ANNUAL,,DEFRA,"DEFRA ""Passenger vehicles / Business travel - land"" ""Car (by size) Average Car"" ""Hybrid"" | 2026 exacto: columna final DEFRA de la referencia, corregida por deriva de cabecera; contrastada con publicación DESNZ 2026.",,0,0,,,Transporte_Base_Maestra_y_Contrato_V2_CORREGIDA.xlsx,Factores
TRA_B74F5B9F2C615A,ESPAÑA,Transporte,PRIVADO,Vans (pasajeros),Diésel,km,distancia,2026,2026,0.21007,ANNUAL,,DEFRA,"DEFRA ""Passenger vehicles / Business travel - land"" ""Car (by size) Large Car"" ""Diésel"" | 2026 exacto: columna final DEFRA de la referencia, corregida por deriva de cabecera; contrastada con publicación DESNZ 2026.",,0,0,,,Transporte_Base_Maestra_y_Contrato_V2_CORREGIDA.xlsx,Factores
TRA_93F045A3203421,ESPAÑA,Transporte,PRIVADO,Vans (pasajeros),Gasolina,km,distancia,2026,2026,0.26828,ANNUAL,,DEFRA,"DEFRA ""Passenger vehicles / Business travel - land"" ""Car (by size) Large Car"" ""Petrol"" | 2026 exacto: columna final DEFRA de la referencia, corregida por deriva de cabecera; contrastada con publicación DESNZ 2026.",,0,0,,,Transporte_Base_Maestra_y_Contrato_V2_CORREGIDA.xlsx,Factores
TRA_EE67E671BAAE77,ESPAÑA,Transporte,PRIVADO,Vans (pasajeros),GNC,km,distancia,2026,2026,0.23722,ANNUAL,,DEFRA,"DEFRA ""Passenger vehicles / Business travel - land"" ""Car (by size) Large Car"" ""CNG"" | 2026 exacto: columna final DEFRA de la referencia, corregida por deriva de cabecera; contrastada con publicación DESNZ 2026.",,0,0,,,Transporte_Base_Maestra_y_Contrato_V2_CORREGIDA.xlsx,Factores
TRA_6125DB4EE8FC88,ESPAÑA,Transporte,PRIVADO,Vans (pasajeros),GLP,km,distancia,2026,2026,0.26771,ANNUAL,,DEFRA,"DEFRA ""Passenger vehicles / Business travel - land"" ""Car (by size) Large Car""""LPG"" | 2026 exacto: columna final DEFRA de la referencia, corregida por deriva de cabecera; contrastada con publicación DESNZ 2026.",,0,0,,,Transporte_Base_Maestra_y_Contrato_V2_CORREGIDA.xlsx,Factores
TRA_A47D1AA8BA2E96,ESPAÑA,Transporte,PRIVADO,Vans (pasajeros),Híbrido,km,distancia,2026,2026,0.1565,ANNUAL,,DEFRA,"DEFRA ""Passenger vehicles / Business travel - land"" ""Car (by size) Large Car"" ""Hybrid"" | 2026 exacto: columna final DEFRA de la referencia, corregida por deriva de cabecera; contrastada con publicación DESNZ 2026.",,0,0,,,Transporte_Base_Maestra_y_Contrato_V2_CORREGIDA.xlsx,Factores
TRA_3FC29C19C1AC44,ESPAÑA,Transporte,PRIVADO,Vans (pasajeros),Desconocido,km,distancia,2026,2026,0.22678,ANNUAL,,DEFRA,"DEFRA ""Passenger vehicles / Business travel - land"" ""Car (by size) Large Car"" ""Unknown"" | 2026 exacto: columna final DEFRA de la referencia, corregida por deriva de cabecera; contrastada con publicación DESNZ 2026.",,0,0,,,Transporte_Base_Maestra_y_Contrato_V2_CORREGIDA.xlsx,Factores
TRA_9C3252D916BA97,ESPAÑA,Transporte,VIAJES,Vuelo (Nacional pasajero promedio),Desconocido,km*pasajero,distancia,2026,2026,0.22928,ANNUAL,,DEFRA,"DEFRA -""Business Travel - Air"" ""Flights"" ""Domestic, to/from UK"" ""Average passenger | 2026 exacto: columna final DEFRA de la referencia, corregida por deriva de cabecera; contrastada con publicación DESNZ 2026.",,0,0,,,Transporte_Base_Maestra_y_Contrato_V2_CORREGIDA.xlsx,Factores
TRA_B29ED9F294676E,ESPAÑA,Transporte,VIAJES,Vuelo (Internacional pasajero promedio),Desconocido,km*pasajero,distancia,2026,2026,0.14253,ANNUAL,,DEFRA,"DEFRA -""Business Travel - Air"" ""Flights"" ""International, to/from non-UK"" | 2026 exacto: columna final DEFRA de la referencia, corregida por deriva de cabecera; contrastada con publicación DESNZ 2026.",,0,0,,,Transporte_Base_Maestra_y_Contrato_V2_CORREGIDA.xlsx,Factores
TRA_90E5651D1318EF,ESPAÑA,Transporte,VIAJES,Vuelo (Internacional clase económica),Desconocido,km*pasajero,distancia,2026,2026,0.10916,ANNUAL,,DEFRA,"DEFRA -""Business Travel - Air"" ""Flights"" ""International, to/from non-UK"" | 2026 exacto: columna final DEFRA de la referencia, corregida por deriva de cabecera; contrastada con publicación DESNZ 2026.",,0,0,,,Transporte_Base_Maestra_y_Contrato_V2_CORREGIDA.xlsx,Factores
TRA_E2E6634170D2FB,ESPAÑA,Transporte,VIAJES,Vuelo (Internacional clase económica Premium),Desconocido,km*pasajero,distancia,2026,2026,0.17465,ANNUAL,,DEFRA,"DEFRA -""Business Travel - Air"" ""Flights"" ""International, to/from non-UK"" | 2026 exacto: columna final DEFRA de la referencia, corregida por deriva de cabecera; contrastada con publicación DESNZ 2026.",,0,0,,,Transporte_Base_Maestra_y_Contrato_V2_CORREGIDA.xlsx,Factores
TRA_36AC4A41060838,ESPAÑA,Transporte,VIAJES,Vuelo (Internacional clase ejecutiva),Desconocido,km*pasajero,distancia,2026,2026,0.31656,ANNUAL,,DEFRA,"DEFRA -""Business Travel - Air"" ""Flights"" ""International, to/from non-UK"" | 2026 exacto: columna final DEFRA de la referencia, corregida por deriva de cabecera; contrastada con publicación DESNZ 2026.",,0,0,,,Transporte_Base_Maestra_y_Contrato_V2_CORREGIDA.xlsx,Factores
TRA_014203528C82ED,ESPAÑA,Transporte,VIAJES,Vuelo (Internacional clase primera),Desconocido,km*pasajero,distancia,2026,2026,0.43663,ANNUAL,,DEFRA,"DEFRA -""Business Travel - Air"" ""Flights"" ""International, to/from non-UK"" | 2026 exacto: columna final DEFRA de la referencia, corregida por deriva de cabecera; contrastada con publicación DESNZ 2026.",,0,0,,,Transporte_Base_Maestra_y_Contrato_V2_CORREGIDA.xlsx,Factores
TRA_B69855233E7E9E,ESPAÑA,Transporte,VIAJES,Barco de pasajeros (a Pie),Desconocido,km*pasajero,distancia,2026,2026,0.01871,ANNUAL,,DEFRA,"DEFRA -""Business Travel - Sea"" ""Ferry"" ""Foot passenger"" | 2026 exacto: columna final DEFRA de la referencia, corregida por deriva de cabecera; contrastada con publicación DESNZ 2026.",,0,0,,,Transporte_Base_Maestra_y_Contrato_V2_CORREGIDA.xlsx,Factores
TRA_E04DAC92E81E10,ESPAÑA,Transporte,VIAJES,Barco de pasajeros (con coche),Desconocido,km*pasajero,distancia,2026,2026,0.12933,ANNUAL,,DEFRA,"DEFRA -""Business Travel - Sea"" ""Ferry"" ""Car passenger"" | 2026 exacto: columna final DEFRA de la referencia, corregida por deriva de cabecera; contrastada con publicación DESNZ 2026.",,0,0,,,Transporte_Base_Maestra_y_Contrato_V2_CORREGIDA.xlsx,Factores
TRA_CFA7ECDB1B1362,ESPAÑA,Transporte,VIAJES,Barco de pasajeros promedio (a pie + coche),Desconocido,km*pasajero,distancia,2026,2026,0.1127,ANNUAL,,DEFRA,"DEFRA -""Business Travel - Sea"" ""Ferry"" ""Average (all passenger)"" | 2026 exacto: columna final DEFRA de la referencia, corregida por deriva de cabecera; contrastada con publicación DESNZ 2026.",,0,0,,,Transporte_Base_Maestra_y_Contrato_V2_CORREGIDA.xlsx,Factores
TRA_6A21FFA5F2AA3A,ESPAÑA,Transporte,MERCANCÍAS,Vuelo (nacional),Desconocido,km*tonelada,distancia,2026,2026,4.57703,ANNUAL,,DEFRA,"DEFRA -""Freighting Goods"" ""Freight Flights"" ""Domestic, to/from UK"" | 2026 exacto: columna final DEFRA de la referencia, corregida por deriva de cabecera; contrastada con publicación DESNZ 2026.",,0,0,,,Transporte_Base_Maestra_y_Contrato_V2_CORREGIDA.xlsx,Factores
TRA_18978AFCFA958B,ESPAÑA,Transporte,MERCANCÍAS,Vuelo (internacional),Desconocido,km*tonelada,distancia,2026,2026,0.89392,ANNUAL,,DEFRA,"DEFRA -""Freighting Goods"" ""Freight Flights"" ""International, to/from non-UK"" | 2026 exacto: columna final DEFRA de la referencia, corregida por deriva de cabecera; contrastada con publicación DESNZ 2026.",,0,0,,,Transporte_Base_Maestra_y_Contrato_V2_CORREGIDA.xlsx,Factores
TRA_AF9D1735180EE5,ESPAÑA,Transporte,MERCANCÍAS,Buque de transporte de mercancías (carga general diversa),Desconocido,km*tonelada,distancia,2026,2026,0.01321,ANNUAL,,DEFRA,"DEFRA -""Business Travel - Sea ""Cargo Ship - General Cargo"" ""Average"" | 2026 exacto: columna final DEFRA de la referencia, corregida por deriva de cabecera; contrastada con publicación DESNZ 2026.",,0,0,,,Transporte_Base_Maestra_y_Contrato_V2_CORREGIDA.xlsx,Factores
TRA_A8FCC42DE79402,ESPAÑA,Transporte,MERCANCÍAS,Buque de transporte de mercancías (portacontenedores),Desconocido,km*tonelada,distancia,2026,2026,0.01612,ANNUAL,,DEFRA,"DEFRA -""Business Travel - Sea"" ""Cargo Ship - Container Ship"" ""Average"" | 2026 exacto: columna final DEFRA de la referencia, corregida por deriva de cabecera; contrastada con publicación DESNZ 2026.",,0,0,,,Transporte_Base_Maestra_y_Contrato_V2_CORREGIDA.xlsx,Factores
TRA_6BB6BDFFB29497,FUERA DE ESPAÑA,Transporte,PRIVADO,Moto promedio (tamaño del motor desconocido),Gasolina,km,distancia,2026,2026,0.11367000000000001,ANNUAL,,DEFRA,"DEFRA - ""Passenger Vehicles"" ""Motorbike"" ""Business Vehicles"" ""Motorbike"" ""Average"" | 2026 exacto: columna final DEFRA de la referencia, corregida por deriva de cabecera; contrastada con publicación DESNZ 2026.",,0,1,,,Transporte_Base_Maestra_y_Contrato_V2_CORREGIDA.xlsx,Factores
TRA_9EC12358164047,FUERA DE ESPAÑA,Transporte,PRIVADO,Moto pequeña (< 125cc),Gasolina,km,distancia,2026,2026,0.08319,ANNUAL,,DEFRA,"DEFRA - ""Passenger Vehicles"" ""Motorbike"" ""Business Vehicles"" ""Motorbike"" ""Small"" | 2026 exacto: columna final DEFRA de la referencia, corregida por deriva de cabecera; contrastada con publicación DESNZ 2026.",,0,1,,,Transporte_Base_Maestra_y_Contrato_V2_CORREGIDA.xlsx,Factores
TRA_67D403EE2EFE48,FUERA DE ESPAÑA,Transporte,PRIVADO,Moto mediana (125-500 cc),Gasolina,km,distancia,2026,2026,0.10107000000000001,ANNUAL,,DEFRA,"DEFRA - ""Passenger Vehicles"" ""Motorbike"" ""Business Vehicles"" ""Motorbike"" ""Medium"" | 2026 exacto: columna final DEFRA de la referencia, corregida por deriva de cabecera; contrastada con publicación DESNZ 2026.",,0,1,,,Transporte_Base_Maestra_y_Contrato_V2_CORREGIDA.xlsx,Factores
TRA_F5BF4CD0989138,FUERA DE ESPAÑA,Transporte,PRIVADO,Moto grande (> 500 cc),Gasolina,km,distancia,2026,2026,0.13252,ANNUAL,,DEFRA,"DEFRA - ""Passenger Vehicles"" ""Motorbike"" ""Business Vehicles"" ""Motorbike"" ""Large"" | 2026 exacto: columna final DEFRA de la referencia, corregida por deriva de cabecera; contrastada con publicación DESNZ 2026.",,0,1,,,Transporte_Base_Maestra_y_Contrato_V2_CORREGIDA.xlsx,Factores
TRA_CA4CB3F26F2994,FUERA DE ESPAÑA,Transporte,PRIVADO,Coche promedio (tamaño del motor desconocido),Diésel,km,distancia,2026,2026,0.17265,ANNUAL,,DEFRA,"DEFRA - ""Passenger Vehicles"" ""Cars (by size)"" ""Business Vehicles"" ""Cars (by size)"" ""Average"" ""Diesel"" | 2026 exacto: columna final DEFRA de la referencia, corregida por deriva de cabecera; contrastada con publicación DESNZ 2026.",,0,1,,,Transporte_Base_Maestra_y_Contrato_V2_CORREGIDA.xlsx,Factores
TRA_BC9A04FAD0C026,FUERA DE ESPAÑA,Transporte,PRIVADO,Coche promedio (tamaño del motor desconocido),Gasolina,km,distancia,2026,2026,0.16152,ANNUAL,,DEFRA,"DEFRA - ""Passenger Vehicles"" ""Cars (by size)"" ""Business Vehicles"" ""Cars (by size)"" ""Average"" ""Petrol"" | 2026 exacto: columna final DEFRA de la referencia, corregida por deriva de cabecera; contrastada con publicación DESNZ 2026.",,0,1,,,Transporte_Base_Maestra_y_Contrato_V2_CORREGIDA.xlsx,Factores
TRA_D0A8A3EB2DA9C5,FUERA DE ESPAÑA,Transporte,PRIVADO,Coche promedio (tamaño del motor desconocido),Híbrido,km,distancia,2026,2026,0.12961,ANNUAL,,DEFRA,"DEFRA - ""Passenger Vehicles"" ""Cars (by size)"" ""Business Vehicles"" ""Cars (by size)"" ""Average"" ""Hybrid"" | 2026 exacto: columna final DEFRA de la referencia, corregida por deriva de cabecera; contrastada con publicación DESNZ 2026.",,0,1,,,Transporte_Base_Maestra_y_Contrato_V2_CORREGIDA.xlsx,Factores
TRA_F6B43EB56DC779,FUERA DE ESPAÑA,Transporte,PRIVADO,Coche promedio (tamaño del motor desconocido),GNC,km,distancia,2026,2026,0.17314,ANNUAL,,DEFRA,"DEFRA - ""Passenger Vehicles"" ""Cars (by size)"" ""Business Vehicles"" ""Cars (by size)"" ""Average"" ""GNP"" | 2026 exacto: columna final DEFRA de la referencia, corregida por deriva de cabecera; contrastada con publicación DESNZ 2026.",,0,1,,,Transporte_Base_Maestra_y_Contrato_V2_CORREGIDA.xlsx,Factores
TRA_EE1BEECB0FBC67,FUERA DE ESPAÑA,Transporte,PRIVADO,Coche promedio (tamaño del motor desconocido),GLP,km,distancia,2026,2026,0.19553,ANNUAL,,DEFRA,"DEFRA - ""Passenger Vehicles"" ""Cars (by size)"" ""Business Vehicles"" ""Cars (by size)"" ""Average"" ""GLP"" | 2026 exacto: columna final DEFRA de la referencia, corregida por deriva de cabecera; contrastada con publicación DESNZ 2026.",,0,1,,,Transporte_Base_Maestra_y_Contrato_V2_CORREGIDA.xlsx,Factores
TRA_CEA1B4677DC4DD,FUERA DE ESPAÑA,Transporte,PRIVADO,Coche promedio (tamaño del motor desconocido),Desconocido,km,distancia,2026,2026,0.16591,ANNUAL,,DEFRA,"DEFRA - ""Passenger Vehicles"" ""Cars (by size)"" ""Business Vehicles"" ""Cars (by size)"" ""Average"" ""Unknown"" | 2026 exacto: columna final DEFRA de la referencia, corregida por deriva de cabecera; contrastada con publicación DESNZ 2026.",,0,1,,,Transporte_Base_Maestra_y_Contrato_V2_CORREGIDA.xlsx,Factores
TRA_6B2EB908482781,FUERA DE ESPAÑA,Transporte,PRIVADO,Coche promedio (tamaño del motor desconocido),Eléctrico híbrido enchufable*,km,distancia,2026,2026,0.08959,ANNUAL,,DEFRA,"DEFRA - ""Passenger Vehicles"" ""Cars (by size)"" ""Business Vehicles"" ""Cars (by size)"" ""Average"" ""Plug-in Hybrid Electric Vehicle"" | 2026 exacto: columna final DEFRA de la referencia, corregida por deriva de cabecera; contrastada con publicación DESNZ 2026.",,0,1,,,Transporte_Base_Maestra_y_Contrato_V2_CORREGIDA.xlsx,Factores
TRA_91C3157674DBF3,FUERA DE ESPAÑA,Transporte,PRIVADO,Coche promedio (tamaño del motor desconocido),Eléctrico de batería*,km,distancia,2026,2026,0,ANNUAL,,DEFRA,"DEFRA - ""Passenger Vehicles"" ""Cars (by size)"" ""Business Vehicles"" ""Cars (by size)"" ""Average"" ""Battery Electric Vehicle"" | 2026 exacto: columna final DEFRA de la referencia, corregida por deriva de cabecera; contrastada con publicación DESNZ 2026.",,0,1,,,Transporte_Base_Maestra_y_Contrato_V2_CORREGIDA.xlsx,Factores
TRA_62C1F58B7A1B1E,FUERA DE ESPAÑA,Transporte,PRIVADO,Coche pequeño (< 1.400 cc),Gasolina,km,distancia,2026,2026,0.14257,ANNUAL,,DEFRA,"DEFRA - ""Passenger Vehicles"" ""Cars (by size)"" ""Business Vehicles"" ""Cars (by size)"" ""Small"" ""Diesel"" | 2026 exacto: columna final DEFRA de la referencia, corregida por deriva de cabecera; contrastada con publicación DESNZ 2026.",,0,1,,,Transporte_Base_Maestra_y_Contrato_V2_CORREGIDA.xlsx,Factores
TRA_D8DBBA15DC1A42,FUERA DE ESPAÑA,Transporte,PRIVADO,Coche pequeño (< 1.700 cc),Diésel,km,distancia,2026,2026,0.14327,ANNUAL,,DEFRA,"DEFRA - ""Passenger Vehicles"" ""Cars (by size)"" ""Business Vehicles"" ""Cars (by size)"" ""Small"" ""GNP"" | 2026 exacto: columna final DEFRA de la referencia, corregida por deriva de cabecera; contrastada con publicación DESNZ 2026.",,0,1,,,Transporte_Base_Maestra_y_Contrato_V2_CORREGIDA.xlsx,Factores
TRA_91EEB35FC1964A,FUERA DE ESPAÑA,Transporte,PRIVADO,Coche pequeño (< 1.700 cc),Híbrido,km,distancia,2026,2026,0.1138,ANNUAL,,DEFRA,"DEFRA - ""Passenger Vehicles"" ""Cars (by size)"" ""Business Vehicles"" ""Cars (by size)"" ""Small"" ""GLP"" | 2026 exacto: columna final DEFRA de la referencia, corregida por deriva de cabecera; contrastada con publicación DESNZ 2026.",,0,1,,,Transporte_Base_Maestra_y_Contrato_V2_CORREGIDA.xlsx,Factores
TRA_A7D39477B6AEFE,FUERA DE ESPAÑA,Transporte,PRIVADO,Coche pequeño (< 1.700 cc),Desconocido,km,distancia,2026,2026,0.14282,ANNUAL,,DEFRA,"DEFRA - ""Passenger Vehicles"" ""Cars (by size)"" ""Business Vehicles"" ""Cars (by size)"" ""Small"" ""Unknown"" | 2026 exacto: columna final DEFRA de la referencia, corregida por deriva de cabecera; contrastada con publicación DESNZ 2026.",,0,1,,,Transporte_Base_Maestra_y_Contrato_V2_CORREGIDA.xlsx,Factores
TRA_45AA203B3773D7,FUERA DE ESPAÑA,Transporte,PRIVADO,Coche pequeño (< 1.700 cc),Eléctrico híbrido enchufable,km,distancia,2026,2026,0.03002,ANNUAL,,DEFRA,"DEFRA - ""Passenger Vehicles"" ""Cars (by size)"" ""Business Vehicles"" ""Cars (by size)"" ""Small"" ""Plug-in Hybrid Electric Vehicle"" | 2026 exacto: columna final DEFRA de la referencia, corregida por deriva de cabecera; contrastada con publicación DESNZ 2026.",,0,1,,,Transporte_Base_Maestra_y_Contrato_V2_CORREGIDA.xlsx,Factores
TRA_6310CD1F927789,FUERA DE ESPAÑA,Transporte,PRIVADO,Coche pequeño (< 1.700 cc),Eléctrico de batería,km,distancia,2026,2026,0,ANNUAL,,DEFRA,"DEFRA - ""Passenger Vehicles"" ""Cars (by size)"" ""Business Vehicles"" ""Cars (by size)"" ""Small"" ""Battery Electric Vehicle"" | 2026 exacto: columna final DEFRA de la referencia, corregida por deriva de cabecera; contrastada con publicación DESNZ 2026.",,0,1,,,Transporte_Base_Maestra_y_Contrato_V2_CORREGIDA.xlsx,Factores
TRA_15817785949992,FUERA DE ESPAÑA,Transporte,PRIVADO,Coche mediano (1.400 - 2.000 cc),Gasolina,km,distancia,2026,2026,0.17411,ANNUAL,,DEFRA,"DEFRA - ""Passenger Vehicles"" ""Cars (by size)"" ""Business Vehicles"" ""Cars (by size)"" ""Medium"" ""Diesel"" | 2026 exacto: columna final DEFRA de la referencia, corregida por deriva de cabecera; contrastada con publicación DESNZ 2026.",,0,1,,,Transporte_Base_Maestra_y_Contrato_V2_CORREGIDA.xlsx,Factores
TRA_4377408C908190,FUERA DE ESPAÑA,Transporte,PRIVADO,Coche mediano (1.400 - 2.000 cc),GNC,km,distancia,2026,2026,0.15407,ANNUAL,,DEFRA,"DEFRA - ""Passenger Vehicles"" ""Cars (by size)"" ""Business Vehicles"" ""Cars (by size)"" ""Medium"" ""Petrol"" | 2026 exacto: columna final DEFRA de la referencia, corregida por deriva de cabecera; contrastada con publicación DESNZ 2026.",,0,1,,,Transporte_Base_Maestra_y_Contrato_V2_CORREGIDA.xlsx,Factores
TRA_D404A78DFF79E9,FUERA DE ESPAÑA,Transporte,PRIVADO,Coche mediano (1.400 - 2.000 cc),GLP,km,distancia,2026,2026,0.17378,ANNUAL,,DEFRA,"DEFRA - ""Passenger Vehicles"" ""Cars (by size)"" ""Business Vehicles"" ""Cars (by size)"" ""Medium"" ""Hybrid"" | 2026 exacto: columna final DEFRA de la referencia, corregida por deriva de cabecera; contrastada con publicación DESNZ 2026.",,0,1,,,Transporte_Base_Maestra_y_Contrato_V2_CORREGIDA.xlsx,Factores
TRA_8FD31BE2AE49BC,FUERA DE ESPAÑA,Transporte,PRIVADO,Coche mediano (1.700 - 2.000 cc),Diésel,km,distancia,2026,2026,0.17209,ANNUAL,,DEFRA,"DEFRA - ""Passenger Vehicles"" ""Cars (by size)"" ""Business Vehicles"" ""Cars (by size)"" ""Medium"" ""GNP"" | 2026 exacto: columna final DEFRA de la referencia, corregida por deriva de cabecera; contrastada con publicación DESNZ 2026.",,0,1,,,Transporte_Base_Maestra_y_Contrato_V2_CORREGIDA.xlsx,Factores
TRA_CCFC9B7CF27CF3,FUERA DE ESPAÑA,Transporte,PRIVADO,Coche mediano (1.700 - 2.000 cc),Híbrido,km,distancia,2026,2026,0.11678,ANNUAL,,DEFRA,"DEFRA - ""Passenger Vehicles"" ""Cars (by size)"" ""Business Vehicles"" ""Cars (by size)"" ""Medium"" ""GLP"" | 2026 exacto: columna final DEFRA de la referencia, corregida por deriva de cabecera; contrastada con publicación DESNZ 2026.",,0,1,,,Transporte_Base_Maestra_y_Contrato_V2_CORREGIDA.xlsx,Factores
TRA_07E60D51DE7AA5,FUERA DE ESPAÑA,Transporte,PRIVADO,Coche mediano (1.700 - 2.000 cc),Desconocido,km,distancia,2026,2026,0.17322,ANNUAL,,DEFRA,"DEFRA - ""Passenger Vehicles"" ""Cars (by size)"" ""Business Vehicles"" ""Cars (by size)"" ""Medium"" ""Unknown"" | 2026 exacto: columna final DEFRA de la referencia, corregida por deriva de cabecera; contrastada con publicación DESNZ 2026.",,0,1,,,Transporte_Base_Maestra_y_Contrato_V2_CORREGIDA.xlsx,Factores
TRA_1FE96192901B06,FUERA DE ESPAÑA,Transporte,PRIVADO,Coche mediano (1.700 - 2.000 cc),Eléctrico híbrido enchufable,km,distancia,2026,2026,0.07349,ANNUAL,,DEFRA,"DEFRA - ""Passenger Vehicles"" ""Cars (by size)"" ""Business Vehicles"" ""Cars (by size)"" ""Mediuml"" ""Plug-in Hybrid Electric Vehicle"" | 2026 exacto: columna final DEFRA de la referencia, corregida por deriva de cabecera; contrastada con publicación DESNZ 2026.",,0,1,,,Transporte_Base_Maestra_y_Contrato_V2_CORREGIDA.xlsx,Factores
TRA_8F8FDCC05E5A07,FUERA DE ESPAÑA,Transporte,PRIVADO,Coche mediano (1.700 - 2.000 cc),Eléctrico de batería,km,distancia,2026,2026,0,ANNUAL,,DEFRA,"DEFRA - ""Passenger Vehicles"" ""Cars (by size)"" ""Business Vehicles"" ""Cars (by size)"" ""Mediuml"" ""Battery Electric Vehicle"" | 2026 exacto: columna final DEFRA de la referencia, corregida por deriva de cabecera; contrastada con publicación DESNZ 2026.",,0,1,,,Transporte_Base_Maestra_y_Contrato_V2_CORREGIDA.xlsx,Factores
TRA_26A0E5924B0B78,FUERA DE ESPAÑA,Transporte,PRIVADO,Coche grande (> 2.000 cc),Diésel,km,distancia,2026,2026,0.20905,ANNUAL,,DEFRA,"DEFRA - ""Passenger Vehicles"" ""Cars (by size)"" ""Business Vehicles"" ""Cars (by size)"" ""Large"" ""Diesel"" | 2026 exacto: columna final DEFRA de la referencia, corregida por deriva de cabecera; contrastada con publicación DESNZ 2026.",,0,1,,,Transporte_Base_Maestra_y_Contrato_V2_CORREGIDA.xlsx,Factores
TRA_7E572E92AEA340,FUERA DE ESPAÑA,Transporte,PRIVADO,Coche grande (> 2.000 cc),Gasolina,km,distancia,2026,2026,0.26606,ANNUAL,,DEFRA,"DEFRA - ""Passenger Vehicles"" ""Cars (by size)"" ""Business Vehicles"" ""Cars (by size)"" ""Large"" ""Petrol"" | 2026 exacto: columna final DEFRA de la referencia, corregida por deriva de cabecera; contrastada con publicación DESNZ 2026.",,0,1,,,Transporte_Base_Maestra_y_Contrato_V2_CORREGIDA.xlsx,Factores
TRA_B0F962E0E897CF,FUERA DE ESPAÑA,Transporte,PRIVADO,Coche grande (> 2.000 cc),GNC,km,distancia,2026,2026,0.23463,ANNUAL,,DEFRA,"DEFRA - ""Passenger Vehicles"" ""Cars (by size)"" ""Business Vehicles"" ""Cars (by size)"" ""Largel"" ""Hybrid"" | 2026 exacto: columna final DEFRA de la referencia, corregida por deriva de cabecera; contrastada con publicación DESNZ 2026.",,0,1,,,Transporte_Base_Maestra_y_Contrato_V2_CORREGIDA.xlsx,Factores
TRA_DFBB61594B7CB3,FUERA DE ESPAÑA,Transporte,PRIVADO,Coche grande (> 2.000 cc),GLP,km,distancia,2026,2026,0.26569,ANNUAL,,DEFRA,"DEFRA - ""Passenger Vehicles"" ""Cars (by size)"" ""Business Vehicles"" ""Cars (by size)"" ""Large"" ""GNP"" | 2026 exacto: columna final DEFRA de la referencia, corregida por deriva de cabecera; contrastada con publicación DESNZ 2026.",,0,1,,,Transporte_Base_Maestra_y_Contrato_V2_CORREGIDA.xlsx,Factores
TRA_B03F7091FAF02E,FUERA DE ESPAÑA,Transporte,PRIVADO,Coche grande (> 2.000 cc),Híbrido,km,distancia,2026,2026,0.15846,ANNUAL,,DEFRA,"DEFRA - ""Passenger Vehicles"" ""Cars (by size)"" ""Business Vehicles"" ""Cars (by size)"" ""Large"" ""GLP"" | 2026 exacto: columna final DEFRA de la referencia, corregida por deriva de cabecera; contrastada con publicación DESNZ 2026.",,0,1,,,Transporte_Base_Maestra_y_Contrato_V2_CORREGIDA.xlsx,Factores
TRA_3387AC4F37D0FB,FUERA DE ESPAÑA,Transporte,PRIVADO,Coche grande (> 2.000 cc),Desconocido,km,distancia,2026,2026,0.2277,ANNUAL,,DEFRA,"DEFRA - ""Passenger Vehicles"" ""Cars (by size)"" ""Business Vehicles"" ""Cars (by size)"" ""Large"" ""Unknown"" | 2026 exacto: columna final DEFRA de la referencia, corregida por deriva de cabecera; contrastada con publicación DESNZ 2026.",,0,1,,,Transporte_Base_Maestra_y_Contrato_V2_CORREGIDA.xlsx,Factores
TRA_4E1FEF1DBAD239,FUERA DE ESPAÑA,Transporte,PRIVADO,Coche grande (> 2.000 cc),Eléctrico híbrido enchufable,km,distancia,2026,2026,0.09842,ANNUAL,,DEFRA,"DEFRA - ""Passenger Vehicles"" ""Cars (by size)"" ""Business Vehicles"" ""Cars (by size)"" ""Largel"" ""Plug-in Hybrid Electric Vehicle"" | 2026 exacto: columna final DEFRA de la referencia, corregida por deriva de cabecera; contrastada con publicación DESNZ 2026.",,0,1,,,Transporte_Base_Maestra_y_Contrato_V2_CORREGIDA.xlsx,Factores
TRA_205658066E6A4D,FUERA DE ESPAÑA,Transporte,PRIVADO,Coche grande (> 2.000 cc),Eléctrico de batería,km,distancia,2026,2026,0,ANNUAL,,DEFRA,"DEFRA - ""Passenger Vehicles"" ""Cars (by size)"" ""Business Vehicles"" ""Cars (by size)"" ""Large"" ""Battery Electric Vehicle"" | 2026 exacto: columna final DEFRA de la referencia, corregida por deriva de cabecera; contrastada con publicación DESNZ 2026.",,0,1,,,Transporte_Base_Maestra_y_Contrato_V2_CORREGIDA.xlsx,Factores
TRA_1AE6CFE3C5807E,FUERA DE ESPAÑA,Transporte,PRIVADO,Vans (pasajeros),Diésel,km,distancia,2026,2026,0.20905,ANNUAL,,DEFRA,"DEFRA - ""Passenger Vehicles"" ""Cars (by size)"" ""Business Vehicles"" ""Cars (by size)"" ""Large"" ""Diesel"" | 2026 exacto: columna final DEFRA de la referencia, corregida por deriva de cabecera; contrastada con publicación DESNZ 2026.",,0,1,,,Transporte_Base_Maestra_y_Contrato_V2_CORREGIDA.xlsx,Factores
TRA_06134DFAA54D62,FUERA DE ESPAÑA,Transporte,PRIVADO,Vans (pasajeros),Gasolina,km,distancia,2026,2026,0.26606,ANNUAL,,DEFRA,"DEFRA - ""Passenger Vehicles"" ""Cars (by size)"" ""Business Vehicles"" ""Cars (by size)"" ""Large"" ""Petrol"" | 2026 exacto: columna final DEFRA de la referencia, corregida por deriva de cabecera; contrastada con publicación DESNZ 2026.",,0,1,,,Transporte_Base_Maestra_y_Contrato_V2_CORREGIDA.xlsx,Factores
TRA_14456C04CCCC4C,FUERA DE ESPAÑA,Transporte,PRIVADO,Vans (pasajeros),GNC,km,distancia,2026,2026,0.23463,ANNUAL,,DEFRA,"DEFRA - ""Passenger Vehicles"" ""Cars (by size)"" ""Business Vehicles"" ""Cars (by size)"" ""Largel"" ""Hybrid"" | 2026 exacto: columna final DEFRA de la referencia, corregida por deriva de cabecera; contrastada con publicación DESNZ 2026.",,0,1,,,Transporte_Base_Maestra_y_Contrato_V2_CORREGIDA.xlsx,Factores
TRA_497C8DE9E8FD55,FUERA DE ESPAÑA,Transporte,PRIVADO,Vans (pasajeros),GLP,km,distancia,2026,2026,0.26569,ANNUAL,,DEFRA,"DEFRA - ""Passenger Vehicles"" ""Cars (by size)"" ""Business Vehicles"" ""Cars (by size)"" ""Large"" ""GNP"" | 2026 exacto: columna final DEFRA de la referencia, corregida por deriva de cabecera; contrastada con publicación DESNZ 2026.",,0,1,,,Transporte_Base_Maestra_y_Contrato_V2_CORREGIDA.xlsx,Factores
TRA_31E253A564D129,FUERA DE ESPAÑA,Transporte,PRIVADO,Vans (pasajeros),Híbrido,km,distancia,2026,2026,0.15846,ANNUAL,,DEFRA,"DEFRA - ""Passenger Vehicles"" ""Cars (by size)"" ""Business Vehicles"" ""Cars (by size)"" ""Large"" ""GLP"" | 2026 exacto: columna final DEFRA de la referencia, corregida por deriva de cabecera; contrastada con publicación DESNZ 2026.",,0,1,,,Transporte_Base_Maestra_y_Contrato_V2_CORREGIDA.xlsx,Factores
TRA_2B9C9CDAA7EF80,FUERA DE ESPAÑA,Transporte,PRIVADO,Vans (pasajeros),Desconocido,km,distancia,2026,2026,0.2277,ANNUAL,,DEFRA,"DEFRA - ""Passenger Vehicles"" ""Cars (by size)"" ""Business Vehicles"" ""Cars (by size)"" ""Large"" ""Unknown"" | 2026 exacto: columna final DEFRA de la referencia, corregida por deriva de cabecera; contrastada con publicación DESNZ 2026.",,0,1,,,Transporte_Base_Maestra_y_Contrato_V2_CORREGIDA.xlsx,Factores
TRA_962D22F65D8896,FUERA DE ESPAÑA,Transporte,PRIVADO,Vans (pasajeros),Eléctrico híbrido enchufable,km,distancia,2026,2026,0.09842,ANNUAL,,DEFRA,"DEFRA - ""Passenger Vehicles"" ""Cars (by size)"" ""Business Vehicles"" ""Cars (by size)"" ""Largel"" ""Plug-in Hybrid Electric Vehicle"" | 2026 exacto: columna final DEFRA de la referencia, corregida por deriva de cabecera; contrastada con publicación DESNZ 2026.",,0,1,,,Transporte_Base_Maestra_y_Contrato_V2_CORREGIDA.xlsx,Factores
TRA_CD14EEA5F49B64,FUERA DE ESPAÑA,Transporte,PRIVADO,Vans (pasajeros),Eléctrico de batería,km,distancia,2026,2026,0,ANNUAL,,DEFRA,"DEFRA - ""Passenger Vehicles"" ""Cars (by size)"" ""Business Vehicles"" ""Cars (by size)"" ""Large"" ""Battery Electric Vehicle"" | 2026 exacto: columna final DEFRA de la referencia, corregida por deriva de cabecera; contrastada con publicación DESNZ 2026.",,0,1,,,Transporte_Base_Maestra_y_Contrato_V2_CORREGIDA.xlsx,Factores
TRA_8003337B709168,FUERA DE ESPAÑA,Transporte,PÚBLICO,Autobús local (promedio),Desconocido,km*pasajero,distancia,2026,2026,0.10151,ANNUAL,,DEFRA,"DEFRA - ""Business Travel - Land"" ""Bus"" ""Average local bus"" | 2026 exacto: columna final DEFRA de la referencia, corregida por deriva de cabecera; contrastada con publicación DESNZ 2026.",,0,1,,,Transporte_Base_Maestra_y_Contrato_V2_CORREGIDA.xlsx,Factores
TRA_045F0DBC8A2C34,FUERA DE ESPAÑA,Transporte,PÚBLICO,Autobús local (metropolitano),Desconocido,km*pasajero,distancia,2026,2026,0.12552,ANNUAL,,DEFRA,"DEFRA - ""Business Travel - Land"" ""Bus"" ""Local bus (not London)"" | 2026 exacto: columna final DEFRA de la referencia, corregida por deriva de cabecera; contrastada con publicación DESNZ 2026.",,0,1,,,Transporte_Base_Maestra_y_Contrato_V2_CORREGIDA.xlsx,Factores
TRA_6A5A9DC40C2EE2,FUERA DE ESPAÑA,Transporte,PÚBLICO,Autobús local (urbano),Desconocido,km*pasajero,distancia,2026,2026,0.0636,ANNUAL,,DEFRA,"DEFRA - ""Business Travel - Land"" ""Bus"" ""Local London bus"" | 2026 exacto: columna final DEFRA de la referencia, corregida por deriva de cabecera; contrastada con publicación DESNZ 2026.",,0,1,,,Transporte_Base_Maestra_y_Contrato_V2_CORREGIDA.xlsx,Factores
TRA_9957C75F8B1405,FUERA DE ESPAÑA,Transporte,PÚBLICO,Taxi regular,Desconocido,km,distancia,2026,2026,0.20806,ANNUAL,,DEFRA,"DEFRA - ""Business Travel - Land"" ""Taxis"" ""Regular Taxi"" | 2026 exacto: columna final DEFRA de la referencia, corregida por deriva de cabecera; contrastada con publicación DESNZ 2026.",,0,1,,,Transporte_Base_Maestra_y_Contrato_V2_CORREGIDA.xlsx,Factores
TRA_9A84DE60B2124B,FUERA DE ESPAÑA,Transporte,PÚBLICO,Taxi regular,Desconocido,km*pasajero,distancia,2026,2026,0.14861,ANNUAL,,DEFRA,"DEFRA - ""Business Travel - Land"" ""Taxis"" ""Regular Taxi"" | 2026 exacto: columna final DEFRA de la referencia, corregida por deriva de cabecera; contrastada con publicación DESNZ 2026.",,0,1,,,Transporte_Base_Maestra_y_Contrato_V2_CORREGIDA.xlsx,Factores
TRA_C9C10754BCD423,FUERA DE ESPAÑA,Transporte,PÚBLICO,Metro,Desconocido,km*pasajero,distancia,2026,2026,0.01549,ANNUAL,,DEFRA,"DEFRA - ""Business Travel - Land"" ""Rail"" ""London Underground"" | 2026 exacto: columna final DEFRA de la referencia, corregida por deriva de cabecera; contrastada con publicación DESNZ 2026.",,0,1,,,Transporte_Base_Maestra_y_Contrato_V2_CORREGIDA.xlsx,Factores
TRA_6A9723103194CA,FUERA DE ESPAÑA,Transporte,PÚBLICO,Tren Ligero/Tranvía,Desconocido,km*pasajero,distancia,2026,2026,0.02121,ANNUAL,,DEFRA,"DEFRA - ""Business Travel - Land"" ""Rail"" ""Light rail and tram"" | 2026 exacto: columna final DEFRA de la referencia, corregida por deriva de cabecera; contrastada con publicación DESNZ 2026.",,0,1,,,Transporte_Base_Maestra_y_Contrato_V2_CORREGIDA.xlsx,Factores
TRA_267005C6BAC6CD,FUERA DE ESPAÑA,Transporte,PÚBLICO,Tren (urbano y metropolitano),Desconocido,km*pasajero,distancia,2026,2026,0.03092,ANNUAL,,DEFRA,"DEFRA - ""Business Travel - Land"" ""Rail"" ""National rail"" | 2026 exacto: columna final DEFRA de la referencia, corregida por deriva de cabecera; contrastada con publicación DESNZ 2026.",,0,1,,,Transporte_Base_Maestra_y_Contrato_V2_CORREGIDA.xlsx,Factores
TRA_85BD96B1692DF8,FUERA DE ESPAÑA,Transporte,VIAJES,Autocar (Larga distancia),Desconocido,km*pasajero,distancia,2026,2026,0.03948,ANNUAL,,DEFRA,"DEFRA -""Business Travel - Land"" ""Bus - Coach"""" | 2026 exacto: columna final DEFRA de la referencia, corregida por deriva de cabecera; contrastada con publicación DESNZ 2026.",,0,1,,,Transporte_Base_Maestra_y_Contrato_V2_CORREGIDA.xlsx,Factores
TRA_7D61C719DA1C52,FUERA DE ESPAÑA,Transporte,VIAJES,Tren (Nacional),Desconocido,km*pasajero,distancia,2026,2026,0.03092,ANNUAL,,DEFRA,"DEFRA - ""Business Travel - Land ""Rail"" ""National rail"" | 2026 exacto: columna final DEFRA de la referencia, corregida por deriva de cabecera; contrastada con publicación DESNZ 2026.",,0,1,,,Transporte_Base_Maestra_y_Contrato_V2_CORREGIDA.xlsx,Factores
TRA_E33E9BF5AF97D9,FUERA DE ESPAÑA,Transporte,VIAJES,Tren (Internacional ),Desconocido,km*pasajero,distancia,2026,2026,0.01135,ANNUAL,,DEFRA,"DEFRA - ""Business Travel - Land ""Rail"" ""International rail"" | 2026 exacto: columna final DEFRA de la referencia, corregida por deriva de cabecera; contrastada con publicación DESNZ 2026.",,0,1,,,Transporte_Base_Maestra_y_Contrato_V2_CORREGIDA.xlsx,Factores
TRA_00FC116E2E856B,FUERA DE ESPAÑA,Transporte,VIAJES,Vuelo (Nacional pasajero promedio),Desconocido,km*pasajero,distancia,2026,2026,0.22928,ANNUAL,,DEFRA,"DEFRA -""Business Travel - Air"" ""Flights"" ""Domestic, to/from UK"" ""Average passenger | 2026 exacto: columna final DEFRA de la referencia, corregida por deriva de cabecera; contrastada con publicación DESNZ 2026.",,0,1,,,Transporte_Base_Maestra_y_Contrato_V2_CORREGIDA.xlsx,Factores
TRA_C818596D203565,FUERA DE ESPAÑA,Transporte,VIAJES,Vuelo (Internacional pasajero promedio),Desconocido,km*pasajero,distancia,2026,2026,0.14253,ANNUAL,,DEFRA,"DEFRA -""Business Travel - Air"" ""Flights"" ""International, to/from non-UK"" | 2026 exacto: columna final DEFRA de la referencia, corregida por deriva de cabecera; contrastada con publicación DESNZ 2026.",,0,1,,,Transporte_Base_Maestra_y_Contrato_V2_CORREGIDA.xlsx,Factores
TRA_629BAF0CF56E90,FUERA DE ESPAÑA,Transporte,VIAJES,Vuelo (Internacional clase económica),Desconocido,km*pasajero,distancia,2026,2026,0.10916,ANNUAL,,DEFRA,"DEFRA -""Business Travel - Air"" ""Flights"" ""International, to/from non-UK"" | 2026 exacto: columna final DEFRA de la referencia, corregida por deriva de cabecera; contrastada con publicación DESNZ 2026.",,0,1,,,Transporte_Base_Maestra_y_Contrato_V2_CORREGIDA.xlsx,Factores
TRA_2B0F325DCFC189,FUERA DE ESPAÑA,Transporte,VIAJES,Vuelo (Internacional clase económica Premium),Desconocido,km*pasajero,distancia,2026,2026,0.17465,ANNUAL,,DEFRA,"DEFRA -""Business Travel - Air"" ""Flights"" ""International, to/from non-UK"" | 2026 exacto: columna final DEFRA de la referencia, corregida por deriva de cabecera; contrastada con publicación DESNZ 2026.",,0,1,,,Transporte_Base_Maestra_y_Contrato_V2_CORREGIDA.xlsx,Factores
TRA_BA1237DA679398,FUERA DE ESPAÑA,Transporte,VIAJES,Vuelo (Internacional clase ejecutiva),Desconocido,km*pasajero,distancia,2026,2026,0.31656,ANNUAL,,DEFRA,"DEFRA -""Business Travel - Air"" ""Flights"" ""International, to/from non-UK"" | 2026 exacto: columna final DEFRA de la referencia, corregida por deriva de cabecera; contrastada con publicación DESNZ 2026.",,0,1,,,Transporte_Base_Maestra_y_Contrato_V2_CORREGIDA.xlsx,Factores
TRA_5DB38C623892D2,FUERA DE ESPAÑA,Transporte,VIAJES,Vuelo (Internacional clase primera),Desconocido,km*pasajero,distancia,2026,2026,0.43663,ANNUAL,,DEFRA,"DEFRA -""Business Travel - Air"" ""Flights"" ""International, to/from non-UK"" | 2026 exacto: columna final DEFRA de la referencia, corregida por deriva de cabecera; contrastada con publicación DESNZ 2026.",,0,1,,,Transporte_Base_Maestra_y_Contrato_V2_CORREGIDA.xlsx,Factores
TRA_1E2376BAA51D58,FUERA DE ESPAÑA,Transporte,VIAJES,Barco de pasajeros (a Pie),Desconocido,km*pasajero,distancia,2026,2026,0.01871,ANNUAL,,DEFRA,"DEFRA -""Business Travel - Sea"" ""Ferry"" ""Foot passenger"" | 2026 exacto: columna final DEFRA de la referencia, corregida por deriva de cabecera; contrastada con publicación DESNZ 2026.",,0,1,,,Transporte_Base_Maestra_y_Contrato_V2_CORREGIDA.xlsx,Factores
TRA_4BDB0A808E5BD0,FUERA DE ESPAÑA,Transporte,VIAJES,Barco de pasajeros (con coche),Desconocido,km*pasajero,distancia,2026,2026,0.12933,ANNUAL,,DEFRA,"DEFRA -""Business Travel - Sea"" ""Ferry"" ""Car passenger"" | 2026 exacto: columna final DEFRA de la referencia, corregida por deriva de cabecera; contrastada con publicación DESNZ 2026.",,0,1,,,Transporte_Base_Maestra_y_Contrato_V2_CORREGIDA.xlsx,Factores
TRA_33BE57A07187E5,FUERA DE ESPAÑA,Transporte,VIAJES,Barco de pasajeros promedio (a pie + coche),Desconocido,km*pasajero,distancia,2026,2026,0.1127,ANNUAL,,DEFRA,"DEFRA -""Business Travel - Sea"" ""Ferry"" ""Average (all passenger)"" | 2026 exacto: columna final DEFRA de la referencia, corregida por deriva de cabecera; contrastada con publicación DESNZ 2026.",,0,1,,,Transporte_Base_Maestra_y_Contrato_V2_CORREGIDA.xlsx,Factores
TRA_FA57E2E931A3CF,FUERA DE ESPAÑA,Transporte,MERCANCÍAS,"Furgonetas y furgones Promedio (< 3,5 tn)",Diésel,km,distancia,2026,2026,0.25716,ANNUAL,,DEFRA,"DEFRA - ""Freighting goods - Vans - Average (up to 3,5 tonnes)"" ""Diesel"" | 2026 exacto: columna final DEFRA de la referencia, corregida por deriva de cabecera; contrastada con publicación DESNZ 2026.",,0,1,,,Transporte_Base_Maestra_y_Contrato_V2_CORREGIDA.xlsx,Factores
TRA_30DDAEBE55EFAC,FUERA DE ESPAÑA,Transporte,MERCANCÍAS,"Furgonetas y furgones Promedio (< 3,5 tn)",Gasolina,km,distancia,2026,2026,0.20905,ANNUAL,,DEFRA,"DEFRA - ""Freighting goods - Vans - Average (up to 3,5 tonnes)"" ""Petrol"" | 2026 exacto: columna final DEFRA de la referencia, corregida por deriva de cabecera; contrastada con publicación DESNZ 2026.",,0,1,,,Transporte_Base_Maestra_y_Contrato_V2_CORREGIDA.xlsx,Factores
TRA_6A465927F83D76,FUERA DE ESPAÑA,Transporte,MERCANCÍAS,"Furgonetas y furgones Promedio (< 3,5 tn)",CNG,km,distancia,2026,2026,0.25147,ANNUAL,,DEFRA,"DEFRA - ""Freighting goods - Vans - Average (up to 3,5 tonnes)"" ""CNG"" | 2026 exacto: columna final DEFRA de la referencia, corregida por deriva de cabecera; contrastada con publicación DESNZ 2026.",,0,1,,,Transporte_Base_Maestra_y_Contrato_V2_CORREGIDA.xlsx,Factores
TRA_14B58FE63E22E3,FUERA DE ESPAÑA,Transporte,MERCANCÍAS,"Furgonetas y furgones Promedio (< 3,5 tn)",LPG,km,distancia,2026,2026,0.27647,ANNUAL,,DEFRA,"DEFRA - ""Freighting goods - Vans - Average (up to 3,5 tonnes)"" ""LPG"" | 2026 exacto: columna final DEFRA de la referencia, corregida por deriva de cabecera; contrastada con publicación DESNZ 2026.",,0,1,,,Transporte_Base_Maestra_y_Contrato_V2_CORREGIDA.xlsx,Factores
TRA_7B65DB1BE4FD6F,FUERA DE ESPAÑA,Transporte,MERCANCÍAS,"Furgonetas y furgones Promedio (< 3,5 tn)",Desconocido,km,distancia,2026,2026,0.25612,ANNUAL,,DEFRA,"DEFRA - ""Freighting goods - Vans - Average (up to 3,5 tonnes)"" ""Unknown"" | 2026 exacto: columna final DEFRA de la referencia, corregida por deriva de cabecera; contrastada con publicación DESNZ 2026.",,0,1,,,Transporte_Base_Maestra_y_Contrato_V2_CORREGIDA.xlsx,Factores
TRA_14F75E0878131D,FUERA DE ESPAÑA,Transporte,MERCANCÍAS,"Furgonetas y furgones Promedio (< 3,5 tn)",Eléctrica Híbrida Enchufable,km,distancia,2026,2026,0.15154,ANNUAL,,DEFRA,"DEFRA - ""Freighting goods - Vans - Average (up to 3,5 tonnes)"" ""Plug-in Hybrid Electric Vehicle"" | 2026 exacto: columna final DEFRA de la referencia, corregida por deriva de cabecera; contrastada con publicación DESNZ 2026.",,0,1,,,Transporte_Base_Maestra_y_Contrato_V2_CORREGIDA.xlsx,Factores
TRA_A20241CF9BE69F,FUERA DE ESPAÑA,Transporte,MERCANCÍAS,"Furgonetas y furgones Promedio (< 3,5 tn)",Eléctrica de Batería,km,distancia,2026,2026,0,ANNUAL,,DEFRA,"DEFRA - ""Freighting goods - Vans - Average (up to 3,5 tonnes)"" ""Battery Electric Vehicle"" | 2026 exacto: columna final DEFRA de la referencia, corregida por deriva de cabecera; contrastada con publicación DESNZ 2026.",,0,1,,,Transporte_Base_Maestra_y_Contrato_V2_CORREGIDA.xlsx,Factores
TRA_5D7B5CE74EC3EF,FUERA DE ESPAÑA,Transporte,MERCANCÍAS,"Furgonetas y furgones Promedio (< 3,5 tn)",Diésel,km*tonelada,distancia,2026,2026,0.63511,ANNUAL,,DEFRA,"DEFRA - ""Freighting goods - Vans - Average (up to 3,5 tonnes)"" ""Diesel"" | 2026 exacto: columna final DEFRA de la referencia, corregida por deriva de cabecera; contrastada con publicación DESNZ 2026.",,0,1,,,Transporte_Base_Maestra_y_Contrato_V2_CORREGIDA.xlsx,Factores
TRA_EBB216DE54F719,FUERA DE ESPAÑA,Transporte,MERCANCÍAS,"Furgonetas y furgones Promedio (< 3,5 tn)",Gasolina,km*tonelada,distancia,2026,2026,0.8381,ANNUAL,,DEFRA,"DEFRA - ""Freighting goods - Vans - Average (up to 3,5 tonnes)"" ""Petrol"" | 2026 exacto: columna final DEFRA de la referencia, corregida por deriva de cabecera; contrastada con publicación DESNZ 2026.",,0,1,,,Transporte_Base_Maestra_y_Contrato_V2_CORREGIDA.xlsx,Factores
TRA_B0F2D09EAA06E6,FUERA DE ESPAÑA,Transporte,MERCANCÍAS,"Furgonetas y furgones Promedio (< 3,5 tn)",CNG,km*tonelada,distancia,2026,2026,0.62503,ANNUAL,,DEFRA,"DEFRA - ""Freighting goods - Vans - Average (up to 3,5 tonnes)"" ""CNG"" | 2026 exacto: columna final DEFRA de la referencia, corregida por deriva de cabecera; contrastada con publicación DESNZ 2026.",,0,1,,,Transporte_Base_Maestra_y_Contrato_V2_CORREGIDA.xlsx,Factores
TRA_F1DC38832DB2A7,FUERA DE ESPAÑA,Transporte,MERCANCÍAS,"Furgonetas y furgones Promedio (< 3,5 tn)",LPG,km*tonelada,distancia,2026,2026,0.68715,ANNUAL,,DEFRA,"DEFRA - ""Freighting goods - Vans - Average (up to 3,5 tonnes)"" ""LPG"" | 2026 exacto: columna final DEFRA de la referencia, corregida por deriva de cabecera; contrastada con publicación DESNZ 2026.",,0,1,,,Transporte_Base_Maestra_y_Contrato_V2_CORREGIDA.xlsx,Factores
TRA_0AD1EA7C7114F6,FUERA DE ESPAÑA,Transporte,MERCANCÍAS,"Furgonetas y furgones Promedio (< 3,5 tn)",Desconocido,km*tonelada,distancia,2026,2026,0.6394,ANNUAL,,DEFRA,"DEFRA - ""Freighting goods - Vans - Average (up to 3,5 tonnes)"" ""Unknown"" | 2026 exacto: columna final DEFRA de la referencia, corregida por deriva de cabecera; contrastada con publicación DESNZ 2026.",,0,1,,,Transporte_Base_Maestra_y_Contrato_V2_CORREGIDA.xlsx,Factores
TRA_CB0B36F2D676C0,FUERA DE ESPAÑA,Transporte,MERCANCÍAS,"Furgonetas y furgones Promedio (< 3,5 tn)",Eléctrica Híbrida Enchufable,km*tonelada,distancia,2026,2026,0.39716,ANNUAL,,DEFRA,"DEFRA - ""Freighting goods - Vans - Average (up to 3,5 tonnes)"" ""Plug-in Hybrid Electric Vehicle"" | 2026 exacto: columna final DEFRA de la referencia, corregida por deriva de cabecera; contrastada con publicación DESNZ 2026.",,0,1,,,Transporte_Base_Maestra_y_Contrato_V2_CORREGIDA.xlsx,Factores
TRA_DD954DACD68388,FUERA DE ESPAÑA,Transporte,MERCANCÍAS,"Furgonetas y furgones Promedio (< 3,5 tn)",Eléctrica de Batería,km*tonelada,distancia,2026,2026,0.14699,ANNUAL,,DEFRA,"DEFRA - ""Freighting goods - Vans - Average (up to 3,5 tonnes)"" ""Battery Electric Vehicle"" | 2026 exacto: columna final DEFRA de la referencia, corregida por deriva de cabecera; contrastada con publicación DESNZ 2026.",,0,1,,,Transporte_Base_Maestra_y_Contrato_V2_CORREGIDA.xlsx,Factores
TRA_4447D94BF2C71C,FUERA DE ESPAÑA,Transporte,MERCANCÍAS,"Vehículos Pesados (> 3,5 tn)  (sin carga)",Diésel,km,distancia,2026,2026,0.66699,ANNUAL,,DEFRA,"DEFRA - ""Freighting goods - HGV (all diesel) - All HGVs"" ""0% Laden"" | 2026 exacto: columna final DEFRA de la referencia, corregida por deriva de cabecera; contrastada con publicación DESNZ 2026.",,0,1,,,Transporte_Base_Maestra_y_Contrato_V2_CORREGIDA.xlsx,Factores
TRA_D26B2A597E9197,FUERA DE ESPAÑA,Transporte,MERCANCÍAS,"Vehículos Pesados (> 3,5 tn)  (50% Cargado)",Diésel,km,distancia,2026,2026,0.84482,ANNUAL,,DEFRA,"DEFRA - ""Freighting goods - HGV (all diesel) - All HGVs"" ""50% Laden"" | 2026 exacto: columna final DEFRA de la referencia, corregida por deriva de cabecera; contrastada con publicación DESNZ 2026.",,0,1,,,Transporte_Base_Maestra_y_Contrato_V2_CORREGIDA.xlsx,Factores
TRA_25DEC6055B7932,FUERA DE ESPAÑA,Transporte,MERCANCÍAS,"Vehículos Pesados (> 3,5 tn)  (100% Cargado)",Diésel,km,distancia,2026,2026,1.02266,ANNUAL,,DEFRA,"DEFRA - ""Freighting goods - HGV (all diesel) - All HGVs"" ""100% Laden"" | 2026 exacto: columna final DEFRA de la referencia, corregida por deriva de cabecera; contrastada con publicación DESNZ 2026.",,0,1,,,Transporte_Base_Maestra_y_Contrato_V2_CORREGIDA.xlsx,Factores
TRA_82F38BEA8A3ED5,FUERA DE ESPAÑA,Transporte,MERCANCÍAS,"Vehículos Pesados (> 3,5 tn) (Carga media)",Diésel,km,distancia,2026,2026,0.89743,ANNUAL,,DEFRA,"DEFRA - ""Freighting goods - HGV (all diesel) - All HGVs"" ""Average Laden"" | 2026 exacto: columna final DEFRA de la referencia, corregida por deriva de cabecera; contrastada con publicación DESNZ 2026.",,0,1,,,Transporte_Base_Maestra_y_Contrato_V2_CORREGIDA.xlsx,Factores
TRA_25D12076E6EF3D,FUERA DE ESPAÑA,Transporte,MERCANCÍAS,"Vehículos Pesados (> 3,5 tn)  (50% Cargado)",Diésel,km*tonelada,distancia,2026,2026,0.1232,ANNUAL,,DEFRA,"DEFRA - ""Freighting goods - HGV (all diesel) - All HGVs"" ""0% Laden"" | 2026 exacto: columna final DEFRA de la referencia, corregida por deriva de cabecera; contrastada con publicación DESNZ 2026.",,0,1,,,Transporte_Base_Maestra_y_Contrato_V2_CORREGIDA.xlsx,Factores
TRA_E03D8659F1DF46,FUERA DE ESPAÑA,Transporte,MERCANCÍAS,"Vehículos Pesados (> 3,5 tn)  (100% Cargado)",Diésel,km*tonelada,distancia,2026,2026,0.07488,ANNUAL,,DEFRA,"DEFRA - ""Freighting goods - HGV (all diesel) - All HGVs"" ""50% Laden"" | 2026 exacto: columna final DEFRA de la referencia, corregida por deriva de cabecera; contrastada con publicación DESNZ 2026.",,0,1,,,Transporte_Base_Maestra_y_Contrato_V2_CORREGIDA.xlsx,Factores
TRA_4CB9992CCFB9C6,FUERA DE ESPAÑA,Transporte,MERCANCÍAS,"Vehículos Pesados (> 3,5 tn) (Carga media)",Diésel,km*tonelada,distancia,2026,2026,0.10356,ANNUAL,,DEFRA,"DEFRA - ""Freighting goods - HGV (all diesel) - All HGVs"" """"Average Laden"" | 2026 exacto: columna final DEFRA de la referencia, corregida por deriva de cabecera; contrastada con publicación DESNZ 2026.",,0,1,,,Transporte_Base_Maestra_y_Contrato_V2_CORREGIDA.xlsx,Factores
TRA_14F209779A7131,FUERA DE ESPAÑA,Transporte,MERCANCÍAS,Tren de mercancías,Desconocido,km*tonelada,distancia,2026,2026,0.02583,ANNUAL,,DEFRA,"DEFRA -""Freighting Goods"" ""Rail - Freight"" ""Train"" | 2026 exacto: columna final DEFRA de la referencia, corregida por deriva de cabecera; contrastada con publicación DESNZ 2026.",,0,1,,,Transporte_Base_Maestra_y_Contrato_V2_CORREGIDA.xlsx,Factores
TRA_99B4C28C021E3A,FUERA DE ESPAÑA,Transporte,MERCANCÍAS,Vuelo (nacional),Desconocido,km*tonelada,distancia,2026,2026,4.57703,ANNUAL,,DEFRA,"DEFRA -""Freighting Goods"" ""Freight Flights"" ""Domestic, to/from UK"" | 2026 exacto: columna final DEFRA de la referencia, corregida por deriva de cabecera; contrastada con publicación DESNZ 2026.",,0,1,,,Transporte_Base_Maestra_y_Contrato_V2_CORREGIDA.xlsx,Factores
TRA_479F5E708DD351,FUERA DE ESPAÑA,Transporte,MERCANCÍAS,Vuelo (internacional),Desconocido,km*tonelada,distancia,2026,2026,0.89392,ANNUAL,,DEFRA,"DEFRA -""Freighting Goods"" ""Freight Flights"" ""International, to/from non-UK"" | 2026 exacto: columna final DEFRA de la referencia, corregida por deriva de cabecera; contrastada con publicación DESNZ 2026.",,0,1,,,Transporte_Base_Maestra_y_Contrato_V2_CORREGIDA.xlsx,Factores
TRA_8BFEADA5F3BC13,FUERA DE ESPAÑA,Transporte,MERCANCÍAS,Buque (carga general diversa),Desconocido,km*tonelada,distancia,2026,2026,0.01321,ANNUAL,,DEFRA,"DEFRA -""Business Travel - Sea ""Cargo Ship - General Cargo"" ""Average"" | 2026 exacto: columna final DEFRA de la referencia, corregida por deriva de cabecera; contrastada con publicación DESNZ 2026.",,0,1,,,Transporte_Base_Maestra_y_Contrato_V2_CORREGIDA.xlsx,Factores
TRA_7CE9E062F7DFAD,FUERA DE ESPAÑA,Transporte,MERCANCÍAS,Buque (portacontenedores),Desconocido,km*tonelada,distancia,2026,2026,0.01612,ANNUAL,,DEFRA,"DEFRA -""Business Travel - Sea"" ""Cargo Ship - Container Ship"" ""Average"" | 2026 exacto: columna final DEFRA de la referencia, corregida por deriva de cabecera; contrastada con publicación DESNZ 2026.",,0,1,,,Transporte_Base_Maestra_y_Contrato_V2_CORREGIDA.xlsx,Factores
