region_scope,region_label,waste_type,waste_activity,treatment,activity_unit,factor_value,factor_year,factor_version,source_family,temporal_type,status,notes,source_row,activity_year_scope
outside_spain,Fuera de España,Aparatos eléctricos y electrónicos (RAEE),Aparatos eléctricos y electrónicos (RAEE),Combustión / Incineración (recuperación de energía),kg,0.02128019379844961,2022,,DEFRA,ANNUAL,VALIDATED_FROM_REFERENCE,"Serie anual reconstruida 2022-2026; 2023-2026 del bloque Fuera, 2022 del bloque histórico España",347,2022
outside_spain,Fuera de España,Aparatos eléctricos y electrónicos (RAEE),Aparatos eléctricos y electrónicos (RAEE),Combustión / Incineración (recuperación de energía),kg,0.0212808072368763,2023,,DEFRA,ANNUAL,VALIDATED_FROM_REFERENCE,"Serie anual reconstruida 2022-2026; 2023-2026 del bloque Fuera, 2022 del bloque histórico España",347,2023
outside_spain,Fuera de España,Aparatos eléctricos y electrónicos (RAEE),Aparatos eléctricos y electrónicos (RAEE),Combustión / Incineración (recuperación de energía),kg,0.00641061,2024,,DEFRA,ANNUAL,VALIDATED_FROM_REFERENCE,"Serie anual reconstruida 2022-2026; 2023-2026 del bloque Fuera, 2022 del bloque histórico España",347,2024
outside_spain,Fuera de España,Aparatos eléctricos y electrónicos (RAEE),Aparatos eléctricos y electrónicos (RAEE),Combustión / Incineración (recuperación de energía),kg,0.00468568,2025,,DEFRA,ANNUAL,VALIDATED_FROM_REFERENCE,"Serie anual reconstruida 2022-2026; 2023-2026 del bloque Fuera, 2022 del bloque histórico España",347,2025
outside_spain,Fuera de España,Aparatos eléctricos y electrónicos (RAEE),Aparatos eléctricos y electrónicos (RAEE),Combustión / Incineración (recuperación de energía),kg,0.00465358,2026,,DEFRA,ANNUAL,VALIDATED_FROM_REFERENCE,"Serie anual reconstruida 2022-2026; 2023-2026 del bloque Fuera, 2022 del bloque histórico España",347,2026
outside_spain,Fuera de España,Aparatos eléctricos y electrónicos (RAEE),Aparatos eléctricos y electrónicos (RAEE),Reciclaje (Bucle abierto),kg,0.02128019379844961,2022,,DEFRA,ANNUAL,VALIDATED_FROM_REFERENCE,"Serie anual reconstruida 2022-2026; 2023-2026 del bloque Fuera, 2022 del bloque histórico España",346,2022
outside_spain,Fuera de España,Aparatos eléctricos y electrónicos (RAEE),Aparatos eléctricos y electrónicos (RAEE),Reciclaje (Bucle abierto),kg,0.02128081,2023,,DEFRA,ANNUAL,VALIDATED_FROM_REFERENCE,"Serie anual reconstruida 2022-2026; 2023-2026 del bloque Fuera, 2022 del bloque histórico España",346,2023
outside_spain,Fuera de España,Aparatos eléctricos y electrónicos (RAEE),Aparatos eléctricos y electrónicos (RAEE),Reciclaje (Bucle abierto),kg,0.00641061,2024,,DEFRA,ANNUAL,VALIDATED_FROM_REFERENCE,"Serie anual reconstruida 2022-2026; 2023-2026 del bloque Fuera, 2022 del bloque histórico España",346,2024
outside_spain,Fuera de España,Aparatos eléctricos y electrónicos (RAEE),Aparatos eléctricos y electrónicos (RAEE),Reciclaje (Bucle abierto),kg,0.00468568,2025,,DEFRA,ANNUAL,VALIDATED_FROM_REFERENCE,"Serie anual reconstruida 2022-2026; 2023-2026 del bloque Fuera, 2022 del bloque histórico España",346,2025
outside_spain,Fuera de España,Aparatos eléctricos y electrónicos (RAEE),Aparatos eléctricos y electrónicos (RAEE),Reciclaje (Bucle abierto),kg,0.00465358,2026,,DEFRA,ANNUAL,VALIDATED_FROM_REFERENCE,"Serie anual reconstruida 2022-2026; 2023-2026 del bloque Fuera, 2022 del bloque histórico España",346,2026
outside_spain,Fuera de España,Aparatos eléctricos y electrónicos (RAEE),Aparatos eléctricos y electrónicos (RAEE),Vertedero,kg,0.008883271317829459,2022,,DEFRA,ANNUAL,VALIDATED_FROM_REFERENCE,"Serie anual reconstruida 2022-2026; 2023-2026 del bloque Fuera, 2022 del bloque histórico España",348,2022
outside_spain,Fuera de España,Aparatos eléctricos y electrónicos (RAEE),Aparatos eléctricos y electrónicos (RAEE),Vertedero,kg,0.00888413013162686,2023,,DEFRA,ANNUAL,VALIDATED_FROM_REFERENCE,"Serie anual reconstruida 2022-2026; 2023-2026 del bloque Fuera, 2022 del bloque histórico España",348,2023
outside_spain,Fuera de España,Aparatos eléctricos y electrónicos (RAEE),Aparatos eléctricos y electrónicos (RAEE),Vertedero,kg,0.00888386,2024,,DEFRA,ANNUAL,VALIDATED_FROM_REFERENCE,"Serie anual reconstruida 2022-2026; 2023-2026 del bloque Fuera, 2022 del bloque histórico España",348,2024
outside_spain,Fuera de España,Aparatos eléctricos y electrónicos (RAEE),Aparatos eléctricos y electrónicos (RAEE),Vertedero,kg,0.00898311,2025,,DEFRA,ANNUAL,VALIDATED_FROM_REFERENCE,"Serie anual reconstruida 2022-2026; 2023-2026 del bloque Fuera, 2022 del bloque histórico España",348,2025
outside_spain,Fuera de España,Aparatos eléctricos y electrónicos (RAEE),Aparatos eléctricos y electrónicos (RAEE),Vertedero,kg,0.00900687,2026,,DEFRA,ANNUAL,VALIDATED_FROM_REFERENCE,"Serie anual reconstruida 2022-2026; 2023-2026 del bloque Fuera, 2022 del bloque histórico España",348,2026
outside_spain,Fuera de España,Construcción / Set promedio,Construcción / Set promedio,Combustión / Incineración (recuperación de energía),kg,0.02128019379844961,2022,,DEFRA,ANNUAL,VALIDATED_FROM_REFERENCE,"Serie anual reconstruida 2022-2026; 2023-2026 del bloque Fuera, 2022 del bloque histórico España",334,2022
outside_spain,Fuera de España,Construcción / Set promedio,Construcción / Set promedio,Combustión / Incineración (recuperación de energía),kg,0.0212808072368763,2023,,DEFRA,ANNUAL,VALIDATED_FROM_REFERENCE,"Serie anual reconstruida 2022-2026; 2023-2026 del bloque Fuera, 2022 del bloque histórico España",334,2023
outside_spain,Fuera de España,Construcción / Set promedio,Construcción / Set promedio,Combustión / Incineración (recuperación de energía),kg,0.00641061,2024,,DEFRA,ANNUAL,VALIDATED_FROM_REFERENCE,"Serie anual reconstruida 2022-2026; 2023-2026 del bloque Fuera, 2022 del bloque histórico España",334,2024
outside_spain,Fuera de España,Construcción / Set promedio,Construcción / Set promedio,Combustión / Incineración (recuperación de energía),kg,0.00468568,2025,,DEFRA,ANNUAL,VALIDATED_FROM_REFERENCE,"Serie anual reconstruida 2022-2026; 2023-2026 del bloque Fuera, 2022 del bloque histórico España",334,2025
outside_spain,Fuera de España,Construcción / Set promedio,Construcción / Set promedio,Combustión / Incineración (recuperación de energía),kg,0.00465358,2026,,DEFRA,ANNUAL,VALIDATED_FROM_REFERENCE,"Serie anual reconstruida 2022-2026; 2023-2026 del bloque Fuera, 2022 del bloque histórico España",334,2026
outside_spain,Fuera de España,Construcción / Set promedio,Construcción / Set promedio,Reciclaje (Bucle abierto),kg,0.00098470835,2022,,DEFRA,ANNUAL,VALIDATED_FROM_REFERENCE,"Serie anual reconstruida 2022-2026; 2023-2026 del bloque Fuera, 2022 del bloque histórico España",333,2022
outside_spain,Fuera de España,Construcción / Set promedio,Construcción / Set promedio,Reciclaje (Bucle abierto),kg,0.00098491,2023,,DEFRA,ANNUAL,VALIDATED_FROM_REFERENCE,"Serie anual reconstruida 2022-2026; 2023-2026 del bloque Fuera, 2022 del bloque histórico España",333,2023
outside_spain,Fuera de España,Construcción / Set promedio,Construcción / Set promedio,Reciclaje (Bucle abierto),kg,0.00098485,2024,,DEFRA,ANNUAL,VALIDATED_FROM_REFERENCE,"Serie anual reconstruida 2022-2026; 2023-2026 del bloque Fuera, 2022 del bloque histórico España",333,2024
outside_spain,Fuera de España,Construcción / Set promedio,Construcción / Set promedio,Reciclaje (Bucle abierto),kg,0.00100835,2025,,DEFRA,ANNUAL,VALIDATED_FROM_REFERENCE,"Serie anual reconstruida 2022-2026; 2023-2026 del bloque Fuera, 2022 del bloque histórico España",333,2025
outside_spain,Fuera de España,Construcción / Set promedio,Construcción / Set promedio,Reciclaje (Bucle abierto),kg,0.00101398,2026,,DEFRA,ANNUAL,VALIDATED_FROM_REFERENCE,"Serie anual reconstruida 2022-2026; 2023-2026 del bloque Fuera, 2022 del bloque histórico España",333,2026
outside_spain,Fuera de España,Madera,Madera,Combustión / Incineración (recuperación de energía),kg,0.0212801938,2022,DEFRA 2022,DEFRA,ANNUAL,VALIDATED_DEFRA_2022_RECONSTRUCTED,DEFRA 2022: valor reconstruido y contrastado con inventarios que citan el flat/full set 2022; unidad convertida de kgCO2e/t a kgCO2e/kg.,328,2022
outside_spain,Fuera de España,Madera,Madera,Combustión / Incineración (recuperación de energía),kg,0.0212808072368763,2023,,DEFRA,ANNUAL,VALIDATED_FROM_REFERENCE,"Serie anual reconstruida 2022-2026; 2023-2026 del bloque Fuera, 2022 del bloque histórico España",328,2023
outside_spain,Fuera de España,Madera,Madera,Combustión / Incineración (recuperación de energía),kg,0.00641061,2024,,DEFRA,ANNUAL,VALIDATED_FROM_REFERENCE,"Serie anual reconstruida 2022-2026; 2023-2026 del bloque Fuera, 2022 del bloque histórico España",328,2024
outside_spain,Fuera de España,Madera,Madera,Combustión / Incineración (recuperación de energía),kg,0.00468568,2025,,DEFRA,ANNUAL,VALIDATED_FROM_REFERENCE,"Serie anual reconstruida 2022-2026; 2023-2026 del bloque Fuera, 2022 del bloque histórico España",328,2025
outside_spain,Fuera de España,Madera,Madera,Combustión / Incineración (recuperación de energía),kg,0.00465358,2026,,DEFRA,ANNUAL,VALIDATED_FROM_REFERENCE,"Serie anual reconstruida 2022-2026; 2023-2026 del bloque Fuera, 2022 del bloque histórico España",328,2026
outside_spain,Fuera de España,Madera,Madera,Compostaje,kg,0.008910581,2022,DEFRA 2022,DEFRA,ANNUAL,VALIDATED_DEFRA_2022_RECONSTRUCTED,DEFRA 2022: valor reconstruido y contrastado con inventarios que citan el flat/full set 2022; unidad convertida de kgCO2e/t a kgCO2e/kg.,329,2022
outside_spain,Fuera de España,Madera,Madera,Compostaje,kg,0.008912421710629,2023,,DEFRA,ANNUAL,VALIDATED_FROM_REFERENCE,"Serie anual reconstruida 2022-2026; 2023-2026 del bloque Fuera, 2022 del bloque histórico España",329,2023
outside_spain,Fuera de España,Madera,Madera,Compostaje,kg,0.00888386,2024,,DEFRA,ANNUAL,VALIDATED_FROM_REFERENCE,"Serie anual reconstruida 2022-2026; 2023-2026 del bloque Fuera, 2022 del bloque histórico España",329,2024
outside_spain,Fuera de España,Madera,Madera,Compostaje,kg,0.00898311,2025,,DEFRA,ANNUAL,VALIDATED_FROM_REFERENCE,"Serie anual reconstruida 2022-2026; 2023-2026 del bloque Fuera, 2022 del bloque histórico España",329,2025
outside_spain,Fuera de España,Madera,Madera,Compostaje,kg,0.00900687,2026,,DEFRA,ANNUAL,VALIDATED_FROM_REFERENCE,"Serie anual reconstruida 2022-2026; 2023-2026 del bloque Fuera, 2022 del bloque histórico España",329,2026
outside_spain,Fuera de España,Madera,Madera,Reciclaje (Circuito cerrado),kg,0.0212801938,2022,DEFRA 2022,DEFRA,ANNUAL,VALIDATED_DEFRA_2022_RECONSTRUCTED,DEFRA 2022: valor reconstruido y contrastado con inventarios que citan el flat/full set 2022; unidad convertida de kgCO2e/t a kgCO2e/kg.,327,2022
outside_spain,Fuera de España,Madera,Madera,Reciclaje (Circuito cerrado),kg,0.0212808072368763,2023,,DEFRA,ANNUAL,VALIDATED_FROM_REFERENCE,"Serie anual reconstruida 2022-2026; 2023-2026 del bloque Fuera, 2022 del bloque histórico España",327,2023
outside_spain,Fuera de España,Madera,Madera,Reciclaje (Circuito cerrado),kg,0.00641061,2024,,DEFRA,ANNUAL,VALIDATED_FROM_REFERENCE,"Serie anual reconstruida 2022-2026; 2023-2026 del bloque Fuera, 2022 del bloque histórico España",327,2024
outside_spain,Fuera de España,Madera,Madera,Reciclaje (Circuito cerrado),kg,0.00468568,2025,,DEFRA,ANNUAL,VALIDATED_FROM_REFERENCE,"Serie anual reconstruida 2022-2026; 2023-2026 del bloque Fuera, 2022 del bloque histórico España",327,2025
outside_spain,Fuera de España,Madera,Madera,Reciclaje (Circuito cerrado),kg,0.00465358,2026,,DEFRA,ANNUAL,VALIDATED_FROM_REFERENCE,"Serie anual reconstruida 2022-2026; 2023-2026 del bloque Fuera, 2022 del bloque histórico España",327,2026
outside_spain,Fuera de España,Madera,Madera,Vertedero,kg,0.828014,2022,DEFRA 2022,DEFRA,ANNUAL,VALIDATED_DEFRA_2022_RECONSTRUCTED,DEFRA 2022: valor reconstruido y contrastado con inventarios que citan el flat/full set 2022; unidad convertida de kgCO2e/t a kgCO2e/kg.,330,2022
outside_spain,Fuera de España,Madera,Madera,Vertedero,kg,0.925244500830241,2023,,DEFRA,ANNUAL,VALIDATED_FROM_REFERENCE,"Serie anual reconstruida 2022-2026; 2023-2026 del bloque Fuera, 2022 del bloque histórico España",330,2023
outside_spain,Fuera de España,Madera,Madera,Vertedero,kg,0.92524423,2024,,DEFRA,ANNUAL,VALIDATED_FROM_REFERENCE,"Serie anual reconstruida 2022-2026; 2023-2026 del bloque Fuera, 2022 del bloque histórico España",330,2024
outside_spain,Fuera de España,Madera,Madera,Vertedero,kg,0.92534348,2025,,DEFRA,ANNUAL,VALIDATED_FROM_REFERENCE,"Serie anual reconstruida 2022-2026; 2023-2026 del bloque Fuera, 2022 del bloque histórico España",330,2025
outside_spain,Fuera de España,Madera,Madera,Vertedero,kg,0.92536725,2026,,DEFRA,ANNUAL,VALIDATED_FROM_REFERENCE,"Serie anual reconstruida 2022-2026; 2023-2026 del bloque Fuera, 2022 del bloque histórico España",330,2026
outside_spain,Fuera de España,Metal (envases),Metal (envases),Combustión / Incineración (recuperación de energía),kg,0.0212801938,2022,DEFRA 2022,DEFRA,ANNUAL,VALIDATED_DEFRA_2022_RECONSTRUCTED,DEFRA 2022: valor reconstruido y contrastado con inventarios que citan el flat/full set 2022; unidad convertida de kgCO2e/t a kgCO2e/kg.,310,2022
outside_spain,Fuera de España,Metal (envases),Metal (envases),Combustión / Incineración (recuperación de energía),kg,0.0212808072368763,2023,,DEFRA,ANNUAL,VALIDATED_FROM_REFERENCE,"Serie anual reconstruida 2022-2026; 2023-2026 del bloque Fuera, 2022 del bloque histórico España",310,2023
outside_spain,Fuera de España,Metal (envases),Metal (envases),Combustión / Incineración (recuperación de energía),kg,0.00641061,2024,,DEFRA,ANNUAL,VALIDATED_FROM_REFERENCE,"Serie anual reconstruida 2022-2026; 2023-2026 del bloque Fuera, 2022 del bloque histórico España",310,2024
outside_spain,Fuera de España,Metal (envases),Metal (envases),Combustión / Incineración (recuperación de energía),kg,0.00468568,2025,,DEFRA,ANNUAL,VALIDATED_FROM_REFERENCE,"Serie anual reconstruida 2022-2026; 2023-2026 del bloque Fuera, 2022 del bloque histórico España",310,2025
outside_spain,Fuera de España,Metal (envases),Metal (envases),Combustión / Incineración (recuperación de energía),kg,0.00465358,2026,,DEFRA,ANNUAL,VALIDATED_FROM_REFERENCE,"Serie anual reconstruida 2022-2026; 2023-2026 del bloque Fuera, 2022 del bloque histórico España",310,2026
outside_spain,Fuera de España,Metal (envases),Metal (envases),Reciclaje (Circuito cerrado),kg,0.0212801938,2022,DEFRA 2022,DEFRA,ANNUAL,VALIDATED_DEFRA_2022_RECONSTRUCTED,DEFRA 2022: valor reconstruido y contrastado con inventarios que citan el flat/full set 2022; unidad convertida de kgCO2e/t a kgCO2e/kg.,309,2022
outside_spain,Fuera de España,Metal (envases),Metal (envases),Reciclaje (Circuito cerrado),kg,0.0212808072368763,2023,,DEFRA,ANNUAL,VALIDATED_FROM_REFERENCE,"Serie anual reconstruida 2022-2026; 2023-2026 del bloque Fuera, 2022 del bloque histórico España",309,2023
outside_spain,Fuera de España,Metal (envases),Metal (envases),Reciclaje (Circuito cerrado),kg,0.00641061,2024,,DEFRA,ANNUAL,VALIDATED_FROM_REFERENCE,"Serie anual reconstruida 2022-2026; 2023-2026 del bloque Fuera, 2022 del bloque histórico España",309,2024
outside_spain,Fuera de España,Metal (envases),Metal (envases),Reciclaje (Circuito cerrado),kg,0.00468568,2025,,DEFRA,ANNUAL,VALIDATED_FROM_REFERENCE,"Serie anual reconstruida 2022-2026; 2023-2026 del bloque Fuera, 2022 del bloque histórico España",309,2025
outside_spain,Fuera de España,Metal (envases),Metal (envases),Reciclaje (Circuito cerrado),kg,0.00465358,2026,,DEFRA,ANNUAL,VALIDATED_FROM_REFERENCE,"Serie anual reconstruida 2022-2026; 2023-2026 del bloque Fuera, 2022 del bloque histórico España",309,2026
outside_spain,Fuera de España,Metal (envases),Metal (envases),Vertedero,kg,0.008883271,2022,DEFRA 2022,DEFRA,ANNUAL,VALIDATED_DEFRA_2022_RECONSTRUCTED,DEFRA 2022: valor reconstruido y contrastado con inventarios que citan el flat/full set 2022; unidad convertida de kgCO2e/t a kgCO2e/kg.,311,2022
outside_spain,Fuera de España,Metal (envases),Metal (envases),Vertedero,kg,0.00888413013162686,2023,,DEFRA,ANNUAL,VALIDATED_FROM_REFERENCE,"Serie anual reconstruida 2022-2026; 2023-2026 del bloque Fuera, 2022 del bloque histórico España",311,2023
outside_spain,Fuera de España,Metal (envases),Metal (envases),Vertedero,kg,0.00888386,2024,,DEFRA,ANNUAL,VALIDATED_FROM_REFERENCE,"Serie anual reconstruida 2022-2026; 2023-2026 del bloque Fuera, 2022 del bloque histórico España",311,2024
outside_spain,Fuera de España,Metal (envases),Metal (envases),Vertedero,kg,0.00898311,2025,,DEFRA,ANNUAL,VALIDATED_FROM_REFERENCE,"Serie anual reconstruida 2022-2026; 2023-2026 del bloque Fuera, 2022 del bloque histórico España",311,2025
outside_spain,Fuera de España,Metal (envases),Metal (envases),Vertedero,kg,0.00900687,2026,,DEFRA,ANNUAL,VALIDATED_FROM_REFERENCE,"Serie anual reconstruida 2022-2026; 2023-2026 del bloque Fuera, 2022 del bloque histórico España",311,2026
outside_spain,Fuera de España,Metal (estructuras),Metal (estructuras),Reciclado (Circuito cerrado),kg,0.00098470835,2022,DEFRA 2022,DEFRA,ANNUAL,VALIDATED_DEFRA_2022_RECONSTRUCTED,DEFRA 2022: valor reconstruido y contrastado con inventarios que citan el flat/full set 2022; unidad convertida de kgCO2e/t a kgCO2e/kg.,337,2022
outside_spain,Fuera de España,Metal (estructuras),Metal (estructuras),Reciclado (Circuito cerrado),kg,0.000984911723241611,2023,,DEFRA,ANNUAL,VALIDATED_FROM_REFERENCE,"Serie anual reconstruida 2022-2026; 2023-2026 del bloque Fuera, 2022 del bloque histórico España",337,2023
outside_spain,Fuera de España,Metal (estructuras),Metal (estructuras),Reciclado (Circuito cerrado),kg,0.00098485,2024,,DEFRA,ANNUAL,VALIDATED_FROM_REFERENCE,"Serie anual reconstruida 2022-2026; 2023-2026 del bloque Fuera, 2022 del bloque histórico España",337,2024
outside_spain,Fuera de España,Metal (estructuras),Metal (estructuras),Reciclado (Circuito cerrado),kg,0.00100835,2025,,DEFRA,ANNUAL,VALIDATED_FROM_REFERENCE,"Serie anual reconstruida 2022-2026; 2023-2026 del bloque Fuera, 2022 del bloque histórico España",337,2025
outside_spain,Fuera de España,Metal (estructuras),Metal (estructuras),Reciclado (Circuito cerrado),kg,0.00101398,2026,,DEFRA,ANNUAL,VALIDATED_FROM_REFERENCE,"Serie anual reconstruida 2022-2026; 2023-2026 del bloque Fuera, 2022 del bloque histórico España",337,2026
outside_spain,Fuera de España,Metal (estructuras),Metal (estructuras),Vertedero,kg,0.0012643491,2022,DEFRA 2022,DEFRA,ANNUAL,VALIDATED_DEFRA_2022_RECONSTRUCTED,DEFRA 2022: valor reconstruido y contrastado con inventarios que citan el flat/full set 2022; unidad convertida de kgCO2e/t a kgCO2e/kg.,338,2022
outside_spain,Fuera de España,Metal (estructuras),Metal (estructuras),Vertedero,kg,0.0012643491,2023,,DEFRA,ANNUAL,VALIDATED_FROM_REFERENCE,"Serie anual reconstruida 2022-2026; 2023-2026 del bloque Fuera, 2022 del bloque histórico España",338,2023
outside_spain,Fuera de España,Metal (estructuras),Metal (estructuras),Vertedero,kg,0.00126435,2024,,DEFRA,ANNUAL,VALIDATED_FROM_REFERENCE,"Serie anual reconstruida 2022-2026; 2023-2026 del bloque Fuera, 2022 del bloque histórico España",338,2024
outside_spain,Fuera de España,Metal (estructuras),Metal (estructuras),Vertedero,kg,0.00126435,2025,,DEFRA,ANNUAL,VALIDATED_FROM_REFERENCE,"Serie anual reconstruida 2022-2026; 2023-2026 del bloque Fuera, 2022 del bloque histórico España",338,2025
outside_spain,Fuera de España,Metal (estructuras),Metal (estructuras),Vertedero,kg,0.00126435,2026,,DEFRA,ANNUAL,VALIDATED_FROM_REFERENCE,"Serie anual reconstruida 2022-2026; 2023-2026 del bloque Fuera, 2022 del bloque histórico España",338,2026
outside_spain,Fuera de España,Orgánico (alimentación y bebidas),Orgánico (alimentación),Combustión / Incineración (recuperación de energía),kg,0.0212801938,2022,DEFRA 2022,DEFRA,ANNUAL,VALIDATED_DEFRA_2022_RECONSTRUCTED,DEFRA 2022: valor reconstruido y contrastado con inventarios que citan el flat/full set 2022; unidad convertida de kgCO2e/t a kgCO2e/kg.,293,2022
outside_spain,Fuera de España,Orgánico (alimentación y bebidas),Orgánico (alimentación),Combustión / Incineración (recuperación de energía),kg,0.0212808072368763,2023,,DEFRA,ANNUAL,VALIDATED_FROM_REFERENCE,"Serie anual reconstruida 2022-2026; 2023-2026 del bloque Fuera, 2022 del bloque histórico España",293,2023
outside_spain,Fuera de España,Orgánico (alimentación y bebidas),Orgánico (alimentación),Combustión / Incineración (recuperación de energía),kg,0.00641061,2024,,DEFRA,ANNUAL,VALIDATED_FROM_REFERENCE,"Serie anual reconstruida 2022-2026; 2023-2026 del bloque Fuera, 2022 del bloque histórico España",293,2024
outside_spain,Fuera de España,Orgánico (alimentación y bebidas),Orgánico (alimentación),Combustión / Incineración (recuperación de energía),kg,0.00468568,2025,,DEFRA,ANNUAL,VALIDATED_FROM_REFERENCE,"Serie anual reconstruida 2022-2026; 2023-2026 del bloque Fuera, 2022 del bloque histórico España",293,2025
outside_spain,Fuera de España,Orgánico (alimentación y bebidas),Orgánico (alimentación),Combustión / Incineración (recuperación de energía),kg,0.00465358,2026,,DEFRA,ANNUAL,VALIDATED_FROM_REFERENCE,"Serie anual reconstruida 2022-2026; 2023-2026 del bloque Fuera, 2022 del bloque histórico España",293,2026
outside_spain,Fuera de España,Orgánico (alimentación y bebidas),Orgánico (alimentación),Compostaje,kg,0.008910581,2022,DEFRA 2022,DEFRA,ANNUAL,VALIDATED_DEFRA_2022_RECONSTRUCTED,DEFRA 2022: valor reconstruido y contrastado con inventarios que citan el flat/full set 2022; unidad convertida de kgCO2e/t a kgCO2e/kg.,294,2022
outside_spain,Fuera de España,Orgánico (alimentación y bebidas),Orgánico (alimentación),Compostaje,kg,0.008912421710629,2023,,DEFRA,ANNUAL,VALIDATED_FROM_REFERENCE,"Serie anual reconstruida 2022-2026; 2023-2026 del bloque Fuera, 2022 del bloque histórico España",294,2023
outside_spain,Fuera de España,Orgánico (alimentación y bebidas),Orgánico (alimentación),Compostaje,kg,0.00888386,2024,,DEFRA,ANNUAL,VALIDATED_FROM_REFERENCE,"Serie anual reconstruida 2022-2026; 2023-2026 del bloque Fuera, 2022 del bloque histórico España",294,2024
outside_spain,Fuera de España,Orgánico (alimentación y bebidas),Orgánico (alimentación),Compostaje,kg,0.00898311,2025,,DEFRA,ANNUAL,VALIDATED_FROM_REFERENCE,"Serie anual reconstruida 2022-2026; 2023-2026 del bloque Fuera, 2022 del bloque histórico España",294,2025
outside_spain,Fuera de España,Orgánico (alimentación y bebidas),Orgánico (alimentación),Compostaje,kg,0.00900687,2026,,DEFRA,ANNUAL,VALIDATED_FROM_REFERENCE,"Serie anual reconstruida 2022-2026; 2023-2026 del bloque Fuera, 2022 del bloque histórico España",294,2026
outside_spain,Fuera de España,Orgánico (alimentación y bebidas),Orgánico (alimentación),Digestión anaeróbica (recuperación de energía),kg,0.008910581,2022,DEFRA 2022,DEFRA,ANNUAL,VALIDATED_DEFRA_2022_RECONSTRUCTED,DEFRA 2022: valor reconstruido y contrastado con inventarios que citan el flat/full set 2022; unidad convertida de kgCO2e/t a kgCO2e/kg.,296,2022
outside_spain,Fuera de España,Orgánico (alimentación y bebidas),Orgánico (alimentación),Digestión anaeróbica (recuperación de energía),kg,0.008912421710629,2023,,DEFRA,ANNUAL,VALIDATED_FROM_REFERENCE,"Serie anual reconstruida 2022-2026; 2023-2026 del bloque Fuera, 2022 del bloque histórico España",296,2023
outside_spain,Fuera de España,Orgánico (alimentación y bebidas),Orgánico (alimentación),Digestión anaeróbica (recuperación de energía),kg,0.00888386,2024,,DEFRA,ANNUAL,VALIDATED_FROM_REFERENCE,"Serie anual reconstruida 2022-2026; 2023-2026 del bloque Fuera, 2022 del bloque histórico España",296,2024
outside_spain,Fuera de España,Orgánico (alimentación y bebidas),Orgánico (alimentación),Digestión anaeróbica (recuperación de energía),kg,0.00898311,2025,,DEFRA,ANNUAL,VALIDATED_FROM_REFERENCE,"Serie anual reconstruida 2022-2026; 2023-2026 del bloque Fuera, 2022 del bloque histórico España",296,2025
outside_spain,Fuera de España,Orgánico (alimentación y bebidas),Orgánico (alimentación),Digestión anaeróbica (recuperación de energía),kg,0.00900687,2026,,DEFRA,ANNUAL,VALIDATED_FROM_REFERENCE,"Serie anual reconstruida 2022-2026; 2023-2026 del bloque Fuera, 2022 del bloque histórico España",296,2026
outside_spain,Fuera de España,Orgánico (alimentación y bebidas),Orgánico (alimentación),Vertedero,kg,0.626875,2022,DEFRA 2022,DEFRA,ANNUAL,VALIDATED_DEFRA_2022_RECONSTRUCTED,DEFRA 2022: valor reconstruido y contrastado con inventarios que citan el flat/full set 2022; unidad convertida de kgCO2e/t a kgCO2e/kg.,295,2022
outside_spain,Fuera de España,Orgánico (alimentación y bebidas),Orgánico (alimentación),Vertedero,kg,0.700209881753428,2023,,DEFRA,ANNUAL,VALIDATED_FROM_REFERENCE,"Serie anual reconstruida 2022-2026; 2023-2026 del bloque Fuera, 2022 del bloque histórico España",295,2023
outside_spain,Fuera de España,Orgánico (alimentación y bebidas),Orgánico (alimentación),Vertedero,kg,0.70020961,2024,,DEFRA,ANNUAL,VALIDATED_FROM_REFERENCE,"Serie anual reconstruida 2022-2026; 2023-2026 del bloque Fuera, 2022 del bloque histórico España",295,2024
outside_spain,Fuera de España,Orgánico (alimentación y bebidas),Orgánico (alimentación),Vertedero,kg,0.70030886,2025,,DEFRA,ANNUAL,VALIDATED_FROM_REFERENCE,"Serie anual reconstruida 2022-2026; 2023-2026 del bloque Fuera, 2022 del bloque histórico España",295,2025
outside_spain,Fuera de España,Orgánico (alimentación y bebidas),Orgánico (alimentación),Vertedero,kg,0.70033263,2026,,DEFRA,ANNUAL,VALIDATED_FROM_REFERENCE,"Serie anual reconstruida 2022-2026; 2023-2026 del bloque Fuera, 2022 del bloque histórico España",295,2026
outside_spain,Fuera de España,Orgánico (residuos de jardín),Orgánico (residuos de jardín),Combustión / Incineración (recuperación de energía),kg,0.0212801938,2022,DEFRA 2022,DEFRA,ANNUAL,VALIDATED_DEFRA_2022_RECONSTRUCTED,DEFRA 2022: valor reconstruido y contrastado con inventarios que citan el flat/full set 2022; unidad convertida de kgCO2e/t a kgCO2e/kg.,299,2022
outside_spain,Fuera de España,Orgánico (residuos de jardín),Orgánico (residuos de jardín),Combustión / Incineración (recuperación de energía),kg,0.0212808072368763,2023,,DEFRA,ANNUAL,VALIDATED_FROM_REFERENCE,"Serie anual reconstruida 2022-2026; 2023-2026 del bloque Fuera, 2022 del bloque histórico España",299,2023
outside_spain,Fuera de España,Orgánico (residuos de jardín),Orgánico (residuos de jardín),Combustión / Incineración (recuperación de energía),kg,0.00641061,2024,,DEFRA,ANNUAL,VALIDATED_FROM_REFERENCE,"Serie anual reconstruida 2022-2026; 2023-2026 del bloque Fuera, 2022 del bloque histórico España",299,2024
outside_spain,Fuera de España,Orgánico (residuos de jardín),Orgánico (residuos de jardín),Combustión / Incineración (recuperación de energía),kg,0.00468568,2025,,DEFRA,ANNUAL,VALIDATED_FROM_REFERENCE,"Serie anual reconstruida 2022-2026; 2023-2026 del bloque Fuera, 2022 del bloque histórico España",299,2025
outside_spain,Fuera de España,Orgánico (residuos de jardín),Orgánico (residuos de jardín),Combustión / Incineración (recuperación de energía),kg,0.00465358,2026,,DEFRA,ANNUAL,VALIDATED_FROM_REFERENCE,"Serie anual reconstruida 2022-2026; 2023-2026 del bloque Fuera, 2022 del bloque histórico España",299,2026
outside_spain,Fuera de España,Orgánico (residuos de jardín),Orgánico (residuos de jardín),Compostaje,kg,0.008910581,2022,DEFRA 2022,DEFRA,ANNUAL,VALIDATED_DEFRA_2022_RECONSTRUCTED,DEFRA 2022: valor reconstruido y contrastado con inventarios que citan el flat/full set 2022; unidad convertida de kgCO2e/t a kgCO2e/kg.,300,2022
outside_spain,Fuera de España,Orgánico (residuos de jardín),Orgánico (residuos de jardín),Compostaje,kg,0.008912421710629,2023,,DEFRA,ANNUAL,VALIDATED_FROM_REFERENCE,"Serie anual reconstruida 2022-2026; 2023-2026 del bloque Fuera, 2022 del bloque histórico España",300,2023
outside_spain,Fuera de España,Orgánico (residuos de jardín),Orgánico (residuos de jardín),Compostaje,kg,0.00888386,2024,,DEFRA,ANNUAL,VALIDATED_FROM_REFERENCE,"Serie anual reconstruida 2022-2026; 2023-2026 del bloque Fuera, 2022 del bloque histórico España",300,2024
outside_spain,Fuera de España,Orgánico (residuos de jardín),Orgánico (residuos de jardín),Compostaje,kg,0.00898311,2025,,DEFRA,ANNUAL,VALIDATED_FROM_REFERENCE,"Serie anual reconstruida 2022-2026; 2023-2026 del bloque Fuera, 2022 del bloque histórico España",300,2025
outside_spain,Fuera de España,Orgánico (residuos de jardín),Orgánico (residuos de jardín),Compostaje,kg,0.00900687,2026,,DEFRA,ANNUAL,VALIDATED_FROM_REFERENCE,"Serie anual reconstruida 2022-2026; 2023-2026 del bloque Fuera, 2022 del bloque histórico España",300,2026
outside_spain,Fuera de España,Orgánico (residuos de jardín),Orgánico (residuos de jardín),Digestión anaeróbica (recuperación de energía),kg,0.008910581,2022,DEFRA 2022,DEFRA,ANNUAL,VALIDATED_DEFRA_2022_RECONSTRUCTED,DEFRA 2022: valor reconstruido y contrastado con inventarios que citan el flat/full set 2022; unidad convertida de kgCO2e/t a kgCO2e/kg.,302,2022
outside_spain,Fuera de España,Orgánico (residuos de jardín),Orgánico (residuos de jardín),Digestión anaeróbica (recuperación de energía),kg,0.008912,2023,,DEFRA,ANNUAL,VALIDATED_FROM_REFERENCE,"Serie anual reconstruida 2022-2026; 2023-2026 del bloque Fuera, 2022 del bloque histórico España",302,2023
outside_spain,Fuera de España,Orgánico (residuos de jardín),Orgánico (residuos de jardín),Digestión anaeróbica (recuperación de energía),kg,0.00888386,2024,,DEFRA,ANNUAL,VALIDATED_FROM_REFERENCE,"Serie anual reconstruida 2022-2026; 2023-2026 del bloque Fuera, 2022 del bloque histórico España",302,2024
outside_spain,Fuera de España,Orgánico (residuos de jardín),Orgánico (residuos de jardín),Digestión anaeróbica (recuperación de energía),kg,0.00898311,2025,,DEFRA,ANNUAL,VALIDATED_FROM_REFERENCE,"Serie anual reconstruida 2022-2026; 2023-2026 del bloque Fuera, 2022 del bloque histórico España",302,2025
outside_spain,Fuera de España,Orgánico (residuos de jardín),Orgánico (residuos de jardín),Digestión anaeróbica (recuperación de energía),kg,0.00900687,2026,,DEFRA,ANNUAL,VALIDATED_FROM_REFERENCE,"Serie anual reconstruida 2022-2026; 2023-2026 del bloque Fuera, 2022 del bloque histórico España",302,2026
outside_spain,Fuera de España,Orgánico (residuos de jardín),Orgánico (residuos de jardín),Vertedero,kg,0.57896,2022,DEFRA 2022,DEFRA,ANNUAL,VALIDATED_DEFRA_2022_RECONSTRUCTED,DEFRA 2022: valor reconstruido y contrastado con inventarios que citan el flat/full set 2022; unidad convertida de kgCO2e/t a kgCO2e/kg.,301,2022
outside_spain,Fuera de España,Orgánico (residuos de jardín),Orgánico (residuos de jardín),Vertedero,kg,0.646606590825315,2023,,DEFRA,ANNUAL,VALIDATED_FROM_REFERENCE,"Serie anual reconstruida 2022-2026; 2023-2026 del bloque Fuera, 2022 del bloque histórico España",301,2023
outside_spain,Fuera de España,Orgánico (residuos de jardín),Orgánico (residuos de jardín),Vertedero,kg,0.64660632,2024,,DEFRA,ANNUAL,VALIDATED_FROM_REFERENCE,"Serie anual reconstruida 2022-2026; 2023-2026 del bloque Fuera, 2022 del bloque histórico España",301,2024
outside_spain,Fuera de España,Orgánico (residuos de jardín),Orgánico (residuos de jardín),Vertedero,kg,0.64670557,2025,,DEFRA,ANNUAL,VALIDATED_FROM_REFERENCE,"Serie anual reconstruida 2022-2026; 2023-2026 del bloque Fuera, 2022 del bloque histórico España",301,2025
outside_spain,Fuera de España,Orgánico (residuos de jardín),Orgánico (residuos de jardín),Vertedero,kg,0.64672934,2026,,DEFRA,ANNUAL,VALIDATED_FROM_REFERENCE,"Serie anual reconstruida 2022-2026; 2023-2026 del bloque Fuera, 2022 del bloque histórico España",301,2026
outside_spain,Fuera de España,Papel y cartón,Papel y cartón,Combustión / Incineración (recuperación de energía),kg,0.0212801938,2022,DEFRA 2022,DEFRA,ANNUAL,VALIDATED_DEFRA_2022_RECONSTRUCTED,DEFRA 2022: valor reconstruido y contrastado con inventarios que citan el flat/full set 2022; unidad convertida de kgCO2e/t a kgCO2e/kg.,315,2022
outside_spain,Fuera de España,Papel y cartón,Papel y cartón,Combustión / Incineración (recuperación de energía),kg,0.0212808072368763,2023,,DEFRA,ANNUAL,VALIDATED_FROM_REFERENCE,"Serie anual reconstruida 2022-2026; 2023-2026 del bloque Fuera, 2022 del bloque histórico España",315,2023
outside_spain,Fuera de España,Papel y cartón,Papel y cartón,Combustión / Incineración (recuperación de energía),kg,0.00641061,2024,,DEFRA,ANNUAL,VALIDATED_FROM_REFERENCE,"Serie anual reconstruida 2022-2026; 2023-2026 del bloque Fuera, 2022 del bloque histórico España",315,2024
outside_spain,Fuera de España,Papel y cartón,Papel y cartón,Combustión / Incineración (recuperación de energía),kg,0.00468568,2025,,DEFRA,ANNUAL,VALIDATED_FROM_REFERENCE,"Serie anual reconstruida 2022-2026; 2023-2026 del bloque Fuera, 2022 del bloque histórico España",315,2025
outside_spain,Fuera de España,Papel y cartón,Papel y cartón,Combustión / Incineración (recuperación de energía),kg,0.00465358,2026,,DEFRA,ANNUAL,VALIDATED_FROM_REFERENCE,"Serie anual reconstruida 2022-2026; 2023-2026 del bloque Fuera, 2022 del bloque histórico España",315,2026
outside_spain,Fuera de España,Papel y cartón,Papel y cartón,Compostaje,kg,0.008910581,2022,DEFRA 2022,DEFRA,ANNUAL,VALIDATED_DEFRA_2022_RECONSTRUCTED,DEFRA 2022: valor reconstruido y contrastado con inventarios que citan el flat/full set 2022; unidad convertida de kgCO2e/t a kgCO2e/kg.,316,2022
outside_spain,Fuera de España,Papel y cartón,Papel y cartón,Compostaje,kg,0.008912421710629,2023,,DEFRA,ANNUAL,VALIDATED_FROM_REFERENCE,"Serie anual reconstruida 2022-2026; 2023-2026 del bloque Fuera, 2022 del bloque histórico España",316,2023
outside_spain,Fuera de España,Papel y cartón,Papel y cartón,Compostaje,kg,0.00888386,2024,,DEFRA,ANNUAL,VALIDATED_FROM_REFERENCE,"Serie anual reconstruida 2022-2026; 2023-2026 del bloque Fuera, 2022 del bloque histórico España",316,2024
outside_spain,Fuera de España,Papel y cartón,Papel y cartón,Compostaje,kg,0.00898311,2025,,DEFRA,ANNUAL,VALIDATED_FROM_REFERENCE,"Serie anual reconstruida 2022-2026; 2023-2026 del bloque Fuera, 2022 del bloque histórico España",316,2025
outside_spain,Fuera de España,Papel y cartón,Papel y cartón,Compostaje,kg,0.00900687,2026,,DEFRA,ANNUAL,VALIDATED_FROM_REFERENCE,"Serie anual reconstruida 2022-2026; 2023-2026 del bloque Fuera, 2022 del bloque histórico España",316,2026
outside_spain,Fuera de España,Papel y cartón,Papel y cartón,Reciclaje (Circuito cerrado),kg,0.0212801938,2022,DEFRA 2022,DEFRA,ANNUAL,VALIDATED_DEFRA_2022_RECONSTRUCTED,DEFRA 2022: valor reconstruido y contrastado con inventarios que citan el flat/full set 2022; unidad convertida de kgCO2e/t a kgCO2e/kg.,314,2022
outside_spain,Fuera de España,Papel y cartón,Papel y cartón,Reciclaje (Circuito cerrado),kg,0.02128081,2023,,DEFRA,ANNUAL,VALIDATED_FROM_REFERENCE,"Serie anual reconstruida 2022-2026; 2023-2026 del bloque Fuera, 2022 del bloque histórico España",314,2023
outside_spain,Fuera de España,Papel y cartón,Papel y cartón,Reciclaje (Circuito cerrado),kg,0.00641061,2024,,DEFRA,ANNUAL,VALIDATED_FROM_REFERENCE,"Serie anual reconstruida 2022-2026; 2023-2026 del bloque Fuera, 2022 del bloque histórico España",314,2024
outside_spain,Fuera de España,Papel y cartón,Papel y cartón,Reciclaje (Circuito cerrado),kg,0.00468568,2025,,DEFRA,ANNUAL,VALIDATED_FROM_REFERENCE,"Serie anual reconstruida 2022-2026; 2023-2026 del bloque Fuera, 2022 del bloque histórico España",314,2025
outside_spain,Fuera de España,Papel y cartón,Papel y cartón,Reciclaje (Circuito cerrado),kg,0.00465358,2026,,DEFRA,ANNUAL,VALIDATED_FROM_REFERENCE,"Serie anual reconstruida 2022-2026; 2023-2026 del bloque Fuera, 2022 del bloque histórico España",314,2026
outside_spain,Fuera de España,Papel y cartón,Papel y cartón,Vertedero,kg,1.041804,2022,DEFRA 2022,DEFRA,ANNUAL,VALIDATED_DEFRA_2022_RECONSTRUCTED,DEFRA 2022: valor reconstruido y contrastado con inventarios que citan el flat/full set 2022; unidad convertida de kgCO2e/t a kgCO2e/kg.,317,2022
outside_spain,Fuera de España,Papel y cartón,Papel y cartón,Vertedero,kg,1.16439042359037,2023,,DEFRA,ANNUAL,VALIDATED_FROM_REFERENCE,"Serie anual reconstruida 2022-2026; 2023-2026 del bloque Fuera, 2022 del bloque histórico España",317,2023
outside_spain,Fuera de España,Papel y cartón,Papel y cartón,Vertedero,kg,1.16439015,2024,,DEFRA,ANNUAL,VALIDATED_FROM_REFERENCE,"Serie anual reconstruida 2022-2026; 2023-2026 del bloque Fuera, 2022 del bloque histórico España",317,2024
outside_spain,Fuera de España,Papel y cartón,Papel y cartón,Vertedero,kg,1.1644894,2025,,DEFRA,ANNUAL,VALIDATED_FROM_REFERENCE,"Serie anual reconstruida 2022-2026; 2023-2026 del bloque Fuera, 2022 del bloque histórico España",317,2025
outside_spain,Fuera de España,Papel y cartón,Papel y cartón,Vertedero,kg,1.16451317,2026,,DEFRA,ANNUAL,VALIDATED_FROM_REFERENCE,"Serie anual reconstruida 2022-2026; 2023-2026 del bloque Fuera, 2022 del bloque histórico España",317,2026
outside_spain,Fuera de España,Pilas y baterías,Pilas y baterías,Reciclaje (Bucle abierto),kg,0.02128019379844961,2022,,DEFRA,ANNUAL,VALIDATED_FROM_REFERENCE,"Serie anual reconstruida 2022-2026; 2023-2026 del bloque Fuera, 2022 del bloque histórico España",351,2022
outside_spain,Fuera de España,Pilas y baterías,Pilas y baterías,Reciclaje (Bucle abierto),kg,0.02128081,2023,,DEFRA,ANNUAL,VALIDATED_FROM_REFERENCE,"Serie anual reconstruida 2022-2026; 2023-2026 del bloque Fuera, 2022 del bloque histórico España",351,2023
outside_spain,Fuera de España,Pilas y baterías,Pilas y baterías,Reciclaje (Bucle abierto),kg,0.00641061,2024,,DEFRA,ANNUAL,VALIDATED_FROM_REFERENCE,"Serie anual reconstruida 2022-2026; 2023-2026 del bloque Fuera, 2022 del bloque histórico España",351,2024
outside_spain,Fuera de España,Pilas y baterías,Pilas y baterías,Reciclaje (Bucle abierto),kg,0.00468568,2025,,DEFRA,ANNUAL,VALIDATED_FROM_REFERENCE,"Serie anual reconstruida 2022-2026; 2023-2026 del bloque Fuera, 2022 del bloque histórico España",351,2025
outside_spain,Fuera de España,Pilas y baterías,Pilas y baterías,Reciclaje (Bucle abierto),kg,0.00465358,2026,,DEFRA,ANNUAL,VALIDATED_FROM_REFERENCE,"Serie anual reconstruida 2022-2026; 2023-2026 del bloque Fuera, 2022 del bloque histórico España",351,2026
outside_spain,Fuera de España,Pilas y baterías,Pilas y baterías,Vertedero,kg,0.008883271317829459,2022,,DEFRA,ANNUAL,VALIDATED_FROM_REFERENCE,"Serie anual reconstruida 2022-2026; 2023-2026 del bloque Fuera, 2022 del bloque histórico España",352,2022
outside_spain,Fuera de España,Pilas y baterías,Pilas y baterías,Vertedero,kg,0.00888413,2023,,DEFRA,ANNUAL,VALIDATED_FROM_REFERENCE,"Serie anual reconstruida 2022-2026; 2023-2026 del bloque Fuera, 2022 del bloque histórico España",352,2023
outside_spain,Fuera de España,Pilas y baterías,Pilas y baterías,Vertedero,kg,0.00888386,2024,,DEFRA,ANNUAL,VALIDATED_FROM_REFERENCE,"Serie anual reconstruida 2022-2026; 2023-2026 del bloque Fuera, 2022 del bloque histórico España",352,2024
outside_spain,Fuera de España,Pilas y baterías,Pilas y baterías,Vertedero,kg,0.00898311,2025,,DEFRA,ANNUAL,VALIDATED_FROM_REFERENCE,"Serie anual reconstruida 2022-2026; 2023-2026 del bloque Fuera, 2022 del bloque histórico España",352,2025
outside_spain,Fuera de España,Pilas y baterías,Pilas y baterías,Vertedero,kg,0.00900687,2026,,DEFRA,ANNUAL,VALIDATED_FROM_REFERENCE,"Serie anual reconstruida 2022-2026; 2023-2026 del bloque Fuera, 2022 del bloque histórico España",352,2026
outside_spain,Fuera de España,Plástico (envases),Plástico (envases),Combustión / Incineración (recuperación de energía),kg,0.0212801938,2022,DEFRA 2022,DEFRA,ANNUAL,VALIDATED_DEFRA_2022_RECONSTRUCTED,DEFRA 2022: valor reconstruido y contrastado con inventarios que citan el flat/full set 2022; unidad convertida de kgCO2e/t a kgCO2e/kg.,305,2022
outside_spain,Fuera de España,Plástico (envases),Plástico (envases),Combustión / Incineración (recuperación de energía),kg,0.02128081,2023,,DEFRA,ANNUAL,VALIDATED_FROM_REFERENCE,"Serie anual reconstruida 2022-2026; 2023-2026 del bloque Fuera, 2022 del bloque histórico España",305,2023
outside_spain,Fuera de España,Plástico (envases),Plástico (envases),Combustión / Incineración (recuperación de energía),kg,0.00641061,2024,,DEFRA,ANNUAL,VALIDATED_FROM_REFERENCE,"Serie anual reconstruida 2022-2026; 2023-2026 del bloque Fuera, 2022 del bloque histórico España",305,2024
outside_spain,Fuera de España,Plástico (envases),Plástico (envases),Combustión / Incineración (recuperación de energía),kg,0.00468568,2025,,DEFRA,ANNUAL,VALIDATED_FROM_REFERENCE,"Serie anual reconstruida 2022-2026; 2023-2026 del bloque Fuera, 2022 del bloque histórico España",305,2025
outside_spain,Fuera de España,Plástico (envases),Plástico (envases),Combustión / Incineración (recuperación de energía),kg,0.00465358,2026,,DEFRA,ANNUAL,VALIDATED_FROM_REFERENCE,"Serie anual reconstruida 2022-2026; 2023-2026 del bloque Fuera, 2022 del bloque histórico España",305,2026
outside_spain,Fuera de España,Plástico (envases),Plástico (envases),Reciclaje (Bucle abierto),kg,0.0212801938,2022,DEFRA 2022,DEFRA,ANNUAL,VALIDATED_DEFRA_2022_RECONSTRUCTED,DEFRA 2022: valor reconstruido y contrastado con inventarios que citan el flat/full set 2022; unidad convertida de kgCO2e/t a kgCO2e/kg.,304,2022
outside_spain,Fuera de España,Plástico (envases),Plástico (envases),Reciclaje (Bucle abierto),kg,0.02128081,2023,,DEFRA,ANNUAL,VALIDATED_FROM_REFERENCE,"Serie anual reconstruida 2022-2026; 2023-2026 del bloque Fuera, 2022 del bloque histórico España",304,2023
outside_spain,Fuera de España,Plástico (envases),Plástico (envases),Reciclaje (Bucle abierto),kg,0.00641061,2024,,DEFRA,ANNUAL,VALIDATED_FROM_REFERENCE,"Serie anual reconstruida 2022-2026; 2023-2026 del bloque Fuera, 2022 del bloque histórico España",304,2024
outside_spain,Fuera de España,Plástico (envases),Plástico (envases),Reciclaje (Bucle abierto),kg,0.00468568,2025,,DEFRA,ANNUAL,VALIDATED_FROM_REFERENCE,"Serie anual reconstruida 2022-2026; 2023-2026 del bloque Fuera, 2022 del bloque histórico España",304,2025
outside_spain,Fuera de España,Plástico (envases),Plástico (envases),Reciclaje (Bucle abierto),kg,0.00465358,2026,,DEFRA,ANNUAL,VALIDATED_FROM_REFERENCE,"Serie anual reconstruida 2022-2026; 2023-2026 del bloque Fuera, 2022 del bloque histórico España",304,2026
outside_spain,Fuera de España,Plástico (envases),Plástico (envases),Vertedero,kg,0.008883271,2022,DEFRA 2022,DEFRA,ANNUAL,VALIDATED_DEFRA_2022_RECONSTRUCTED,DEFRA 2022: valor reconstruido y contrastado con inventarios que citan el flat/full set 2022; unidad convertida de kgCO2e/t a kgCO2e/kg.,306,2022
outside_spain,Fuera de España,Plástico (envases),Plástico (envases),Vertedero,kg,0.00888413,2023,,DEFRA,ANNUAL,VALIDATED_FROM_REFERENCE,"Serie anual reconstruida 2022-2026; 2023-2026 del bloque Fuera, 2022 del bloque histórico España",306,2023
outside_spain,Fuera de España,Plástico (envases),Plástico (envases),Vertedero,kg,0.00888386,2024,,DEFRA,ANNUAL,VALIDATED_FROM_REFERENCE,"Serie anual reconstruida 2022-2026; 2023-2026 del bloque Fuera, 2022 del bloque histórico España",306,2024
outside_spain,Fuera de España,Plástico (envases),Plástico (envases),Vertedero,kg,0.00898311,2025,,DEFRA,ANNUAL,VALIDATED_FROM_REFERENCE,"Serie anual reconstruida 2022-2026; 2023-2026 del bloque Fuera, 2022 del bloque histórico España",306,2025
outside_spain,Fuera de España,Plástico (envases),Plástico (envases),Vertedero,kg,0.00900687,2026,,DEFRA,ANNUAL,VALIDATED_FROM_REFERENCE,"Serie anual reconstruida 2022-2026; 2023-2026 del bloque Fuera, 2022 del bloque histórico España",306,2026
outside_spain,Fuera de España,Residuos domésticos residuales,Residuos domésticos residuales,Combustión / Incineración (recuperación de energía),kg,0.0212801938,2022,DEFRA 2022,DEFRA,ANNUAL,VALIDATED_DEFRA_2022_RECONSTRUCTED,DEFRA 2022: valor reconstruido y contrastado con inventarios que citan el flat/full set 2022; unidad convertida de kgCO2e/t a kgCO2e/kg.,290,2022
outside_spain,Fuera de España,Residuos domésticos residuales,Residuos domésticos residuales,Combustión / Incineración (recuperación de energía),kg,0.021281,2023,,DEFRA,ANNUAL,VALIDATED_FROM_REFERENCE,"Serie anual reconstruida 2022-2026; 2023-2026 del bloque Fuera, 2022 del bloque histórico España",290,2023
outside_spain,Fuera de España,Residuos domésticos residuales,Residuos domésticos residuales,Combustión / Incineración (recuperación de energía),kg,0.00641061,2024,,DEFRA,ANNUAL,VALIDATED_FROM_REFERENCE,"Serie anual reconstruida 2022-2026; 2023-2026 del bloque Fuera, 2022 del bloque histórico España",290,2024
outside_spain,Fuera de España,Residuos domésticos residuales,Residuos domésticos residuales,Combustión / Incineración (recuperación de energía),kg,0.00468568,2025,,DEFRA,ANNUAL,VALIDATED_FROM_REFERENCE,"Serie anual reconstruida 2022-2026; 2023-2026 del bloque Fuera, 2022 del bloque histórico España",290,2025
outside_spain,Fuera de España,Residuos domésticos residuales,Residuos domésticos residuales,Combustión / Incineración (recuperación de energía),kg,0.00465358,2026,,DEFRA,ANNUAL,VALIDATED_FROM_REFERENCE,"Serie anual reconstruida 2022-2026; 2023-2026 del bloque Fuera, 2022 del bloque histórico España",290,2026
outside_spain,Fuera de España,Residuos domésticos residuales,Residuos domésticos residuales,Vertedero,kg,0.4462041084,2022,DEFRA 2022,DEFRA,ANNUAL,VALIDATED_DEFRA_2022_RECONSTRUCTED,DEFRA 2022: valor reconstruido y contrastado con inventarios que citan el flat/full set 2022; unidad convertida de kgCO2e/t a kgCO2e/kg.,291,2022
outside_spain,Fuera de España,Residuos domésticos residuales,Residuos domésticos residuales,Vertedero,kg,0.497044706528032,2023,,DEFRA,ANNUAL,VALIDATED_FROM_REFERENCE,"Serie anual reconstruida 2022-2026; 2023-2026 del bloque Fuera, 2022 del bloque histórico España",291,2023
outside_spain,Fuera de España,Residuos domésticos residuales,Residuos domésticos residuales,Vertedero,kg,0.49704416,2024,,DEFRA,ANNUAL,VALIDATED_FROM_REFERENCE,"Serie anual reconstruida 2022-2026; 2023-2026 del bloque Fuera, 2022 del bloque histórico España",291,2024
outside_spain,Fuera de España,Residuos domésticos residuales,Residuos domésticos residuales,Vertedero,kg,0.497242,2025,,DEFRA,ANNUAL,VALIDATED_FROM_REFERENCE,"Serie anual reconstruida 2022-2026; 2023-2026 del bloque Fuera, 2022 del bloque histórico España",291,2025
outside_spain,Fuera de España,Residuos domésticos residuales,Residuos domésticos residuales,Vertedero,kg,0.49729,2026,,DEFRA,ANNUAL,VALIDATED_FROM_REFERENCE,"Serie anual reconstruida 2022-2026; 2023-2026 del bloque Fuera, 2022 del bloque histórico España",291,2026
outside_spain,Fuera de España,Resto (mezcla),Resto (mezcla),Combustión / Incineración (recuperación de energía),kg,0.0212801938,2022,DEFRA 2022,DEFRA,ANNUAL,VALIDATED_DEFRA_2022_RECONSTRUCTED,DEFRA 2022: valor reconstruido y contrastado con inventarios que citan el flat/full set 2022; unidad convertida de kgCO2e/t a kgCO2e/kg.,324,2022
outside_spain,Fuera de España,Resto (mezcla),Resto (mezcla),Combustión / Incineración (recuperación de energía),kg,0.021281,2023,,DEFRA,ANNUAL,VALIDATED_FROM_REFERENCE,"Serie anual reconstruida 2022-2026; 2023-2026 del bloque Fuera, 2022 del bloque histórico España",324,2023
outside_spain,Fuera de España,Resto (mezcla),Resto (mezcla),Combustión / Incineración (recuperación de energía),kg,0.00641061,2024,,DEFRA,ANNUAL,VALIDATED_FROM_REFERENCE,"Serie anual reconstruida 2022-2026; 2023-2026 del bloque Fuera, 2022 del bloque histórico España",324,2024
outside_spain,Fuera de España,Resto (mezcla),Resto (mezcla),Combustión / Incineración (recuperación de energía),kg,0.00468568,2025,,DEFRA,ANNUAL,VALIDATED_FROM_REFERENCE,"Serie anual reconstruida 2022-2026; 2023-2026 del bloque Fuera, 2022 del bloque histórico España",324,2025
outside_spain,Fuera de España,Resto (mezcla),Resto (mezcla),Combustión / Incineración (recuperación de energía),kg,0.00465358,2026,,DEFRA,ANNUAL,VALIDATED_FROM_REFERENCE,"Serie anual reconstruida 2022-2026; 2023-2026 del bloque Fuera, 2022 del bloque histórico España",324,2026
outside_spain,Fuera de España,Resto (mezcla),Resto (mezcla),Vertedero,kg,0.4462041084,2022,DEFRA 2022,DEFRA,ANNUAL,VALIDATED_DEFRA_2022_RECONSTRUCTED,DEFRA 2022: valor reconstruido y contrastado con inventarios que citan el flat/full set 2022; unidad convertida de kgCO2e/t a kgCO2e/kg.,325,2022
outside_spain,Fuera de España,Resto (mezcla),Resto (mezcla),Vertedero,kg,0.497044706528032,2023,,DEFRA,ANNUAL,VALIDATED_FROM_REFERENCE,"Serie anual reconstruida 2022-2026; 2023-2026 del bloque Fuera, 2022 del bloque histórico España",325,2023
outside_spain,Fuera de España,Resto (mezcla),Resto (mezcla),Vertedero,kg,0.49704416,2024,,DEFRA,ANNUAL,VALIDATED_FROM_REFERENCE,"Serie anual reconstruida 2022-2026; 2023-2026 del bloque Fuera, 2022 del bloque histórico España",325,2024
outside_spain,Fuera de España,Resto (mezcla),Resto (mezcla),Vertedero,kg,0.497242,2025,,DEFRA,ANNUAL,VALIDATED_FROM_REFERENCE,"Serie anual reconstruida 2022-2026; 2023-2026 del bloque Fuera, 2022 del bloque histórico España",325,2025
outside_spain,Fuera de España,Resto (mezcla),Resto (mezcla),Vertedero,kg,0.49729,2026,,DEFRA,ANNUAL,VALIDATED_FROM_REFERENCE,"Serie anual reconstruida 2022-2026; 2023-2026 del bloque Fuera, 2022 del bloque histórico España",325,2026
outside_spain,Fuera de España,Textil,Textil,Combustión / Incineración (recuperación de energía),kg,0.02128019379844961,2022,,DEFRA,ANNUAL,VALIDATED_FROM_REFERENCE,"Serie anual reconstruida 2022-2026; 2023-2026 del bloque Fuera, 2022 del bloque histórico España",342,2022
outside_spain,Fuera de España,Textil,Textil,Combustión / Incineración (recuperación de energía),kg,0.0212808072368763,2023,,DEFRA,ANNUAL,VALIDATED_FROM_REFERENCE,"Serie anual reconstruida 2022-2026; 2023-2026 del bloque Fuera, 2022 del bloque histórico España",342,2023
outside_spain,Fuera de España,Textil,Textil,Combustión / Incineración (recuperación de energía),kg,0.00641061,2024,,DEFRA,ANNUAL,VALIDATED_FROM_REFERENCE,"Serie anual reconstruida 2022-2026; 2023-2026 del bloque Fuera, 2022 del bloque histórico España",342,2024
outside_spain,Fuera de España,Textil,Textil,Combustión / Incineración (recuperación de energía),kg,0.00468568,2025,,DEFRA,ANNUAL,VALIDATED_FROM_REFERENCE,"Serie anual reconstruida 2022-2026; 2023-2026 del bloque Fuera, 2022 del bloque histórico España",342,2025
outside_spain,Fuera de España,Textil,Textil,Combustión / Incineración (recuperación de energía),kg,0.00465358,2026,,DEFRA,ANNUAL,VALIDATED_FROM_REFERENCE,"Serie anual reconstruida 2022-2026; 2023-2026 del bloque Fuera, 2022 del bloque histórico España",342,2026
outside_spain,Fuera de España,Textil,Textil,Reciclaje (Circuito cerrado),kg,0.02128019379844961,2022,,DEFRA,ANNUAL,VALIDATED_FROM_REFERENCE,"Serie anual reconstruida 2022-2026; 2023-2026 del bloque Fuera, 2022 del bloque histórico España",341,2022
outside_spain,Fuera de España,Textil,Textil,Reciclaje (Circuito cerrado),kg,0.0212808072368763,2023,,DEFRA,ANNUAL,VALIDATED_FROM_REFERENCE,"Serie anual reconstruida 2022-2026; 2023-2026 del bloque Fuera, 2022 del bloque histórico España",341,2023
outside_spain,Fuera de España,Textil,Textil,Reciclaje (Circuito cerrado),kg,0.00641061,2024,,DEFRA,ANNUAL,VALIDATED_FROM_REFERENCE,"Serie anual reconstruida 2022-2026; 2023-2026 del bloque Fuera, 2022 del bloque histórico España",341,2024
outside_spain,Fuera de España,Textil,Textil,Reciclaje (Circuito cerrado),kg,0.00468568,2025,,DEFRA,ANNUAL,VALIDATED_FROM_REFERENCE,"Serie anual reconstruida 2022-2026; 2023-2026 del bloque Fuera, 2022 del bloque histórico España",341,2025
outside_spain,Fuera de España,Textil,Textil,Reciclaje (Circuito cerrado),kg,0.00465358,2026,,DEFRA,ANNUAL,VALIDATED_FROM_REFERENCE,"Serie anual reconstruida 2022-2026; 2023-2026 del bloque Fuera, 2022 del bloque histórico España",341,2026
outside_spain,Fuera de España,Textil,Textil,Vertedero,kg,0.4449246857167893,2022,,DEFRA,ANNUAL,VALIDATED_FROM_REFERENCE,"Serie anual reconstruida 2022-2026; 2023-2026 del bloque Fuera, 2022 del bloque histórico España",343,2022
outside_spain,Fuera de España,Textil,Textil,Vertedero,kg,0.496683305914528,2023,,DEFRA,ANNUAL,VALIDATED_FROM_REFERENCE,"Serie anual reconstruida 2022-2026; 2023-2026 del bloque Fuera, 2022 del bloque histórico España",343,2023
outside_spain,Fuera de España,Textil,Textil,Vertedero,kg,0.49668303,2024,,DEFRA,ANNUAL,VALIDATED_FROM_REFERENCE,"Serie anual reconstruida 2022-2026; 2023-2026 del bloque Fuera, 2022 del bloque histórico España",343,2024
outside_spain,Fuera de España,Textil,Textil,Vertedero,kg,0.49678228,2025,,DEFRA,ANNUAL,VALIDATED_FROM_REFERENCE,"Serie anual reconstruida 2022-2026; 2023-2026 del bloque Fuera, 2022 del bloque histórico España",343,2025
outside_spain,Fuera de España,Textil,Textil,Vertedero,kg,0.49680605,2026,,DEFRA,ANNUAL,VALIDATED_FROM_REFERENCE,"Serie anual reconstruida 2022-2026; 2023-2026 del bloque Fuera, 2022 del bloque histórico España",343,2026
outside_spain,Fuera de España,Vidrio,Vidrio,Combustión / Incineración (recuperación de energía),kg,0.0212801938,2022,DEFRA 2022,DEFRA,ANNUAL,VALIDATED_DEFRA_2022_RECONSTRUCTED,DEFRA 2022: valor reconstruido y contrastado con inventarios que citan el flat/full set 2022; unidad convertida de kgCO2e/t a kgCO2e/kg.,320,2022
outside_spain,Fuera de España,Vidrio,Vidrio,Combustión / Incineración (recuperación de energía),kg,0.0212808072368763,2023,,DEFRA,ANNUAL,VALIDATED_FROM_REFERENCE,"Serie anual reconstruida 2022-2026; 2023-2026 del bloque Fuera, 2022 del bloque histórico España",320,2023
outside_spain,Fuera de España,Vidrio,Vidrio,Combustión / Incineración (recuperación de energía),kg,0.00641061,2024,,DEFRA,ANNUAL,VALIDATED_FROM_REFERENCE,"Serie anual reconstruida 2022-2026; 2023-2026 del bloque Fuera, 2022 del bloque histórico España",320,2024
outside_spain,Fuera de España,Vidrio,Vidrio,Combustión / Incineración (recuperación de energía),kg,0.00468568,2025,,DEFRA,ANNUAL,VALIDATED_FROM_REFERENCE,"Serie anual reconstruida 2022-2026; 2023-2026 del bloque Fuera, 2022 del bloque histórico España",320,2025
outside_spain,Fuera de España,Vidrio,Vidrio,Combustión / Incineración (recuperación de energía),kg,0.00465358,2026,,DEFRA,ANNUAL,VALIDATED_FROM_REFERENCE,"Serie anual reconstruida 2022-2026; 2023-2026 del bloque Fuera, 2022 del bloque histórico España",320,2026
outside_spain,Fuera de España,Vidrio,Vidrio,Reciclaje (Circuito cerrado),kg,0.0212801938,2022,DEFRA 2022,DEFRA,ANNUAL,VALIDATED_DEFRA_2022_RECONSTRUCTED,DEFRA 2022: valor reconstruido y contrastado con inventarios que citan el flat/full set 2022; unidad convertida de kgCO2e/t a kgCO2e/kg.,319,2022
outside_spain,Fuera de España,Vidrio,Vidrio,Reciclaje (Circuito cerrado),kg,0.0212808072368763,2023,,DEFRA,ANNUAL,VALIDATED_FROM_REFERENCE,"Serie anual reconstruida 2022-2026; 2023-2026 del bloque Fuera, 2022 del bloque histórico España",319,2023
outside_spain,Fuera de España,Vidrio,Vidrio,Reciclaje (Circuito cerrado),kg,0.00641061,2024,,DEFRA,ANNUAL,VALIDATED_FROM_REFERENCE,"Serie anual reconstruida 2022-2026; 2023-2026 del bloque Fuera, 2022 del bloque histórico España",319,2024
outside_spain,Fuera de España,Vidrio,Vidrio,Reciclaje (Circuito cerrado),kg,0.00468568,2025,,DEFRA,ANNUAL,VALIDATED_FROM_REFERENCE,"Serie anual reconstruida 2022-2026; 2023-2026 del bloque Fuera, 2022 del bloque histórico España",319,2025
outside_spain,Fuera de España,Vidrio,Vidrio,Reciclaje (Circuito cerrado),kg,0.00465358,2026,,DEFRA,ANNUAL,VALIDATED_FROM_REFERENCE,"Serie anual reconstruida 2022-2026; 2023-2026 del bloque Fuera, 2022 del bloque histórico España",319,2026
outside_spain,Fuera de España,Vidrio,Vidrio,Vertedero,kg,0.008883271,2022,DEFRA 2022,DEFRA,ANNUAL,VALIDATED_DEFRA_2022_RECONSTRUCTED,DEFRA 2022: valor reconstruido y contrastado con inventarios que citan el flat/full set 2022; unidad convertida de kgCO2e/t a kgCO2e/kg.,321,2022
outside_spain,Fuera de España,Vidrio,Vidrio,Vertedero,kg,0.00888413013162686,2023,,DEFRA,ANNUAL,VALIDATED_FROM_REFERENCE,"Serie anual reconstruida 2022-2026; 2023-2026 del bloque Fuera, 2022 del bloque histórico España",321,2023
outside_spain,Fuera de España,Vidrio,Vidrio,Vertedero,kg,0.00888386,2024,,DEFRA,ANNUAL,VALIDATED_FROM_REFERENCE,"Serie anual reconstruida 2022-2026; 2023-2026 del bloque Fuera, 2022 del bloque histórico España",321,2024
outside_spain,Fuera de España,Vidrio,Vidrio,Vertedero,kg,0.00898311,2025,,DEFRA,ANNUAL,VALIDATED_FROM_REFERENCE,"Serie anual reconstruida 2022-2026; 2023-2026 del bloque Fuera, 2022 del bloque histórico España",321,2025
outside_spain,Fuera de España,Vidrio,Vidrio,Vertedero,kg,0.00900687,2026,,DEFRA,ANNUAL,VALIDATED_FROM_REFERENCE,"Serie anual reconstruida 2022-2026; 2023-2026 del bloque Fuera, 2022 del bloque histórico España",321,2026
spain,España,Aceites usados,Aceites y combustibles usados,Gestión a través de un Centro de Recogida y Transferencia,kg,0.22542,,OCCC v2025,OCCC,VERSIONED,VALIDATED_FROM_REFERENCE,Factor versionado; no se presenta como FE anual,156,2022-2026
spain,España,Aceites usados,Aceites y combustibles usados,Incineración de residuos no halogenados,kg,0.53635,,OCCC v2025,OCCC,VERSIONED,VALIDATED_FROM_REFERENCE,Factor versionado; no se presenta como FE anual,157,2022-2026
spain,España,Aceites usados,Aceites y combustibles usados,"Recuperación, regeneración y reutilización de envases",kg,0.13926,,OCCC v2025,OCCC,VERSIONED,VALIDATED_FROM_REFERENCE,Factor versionado; no se presenta como FE anual,155,2022-2026
spain,España,Aceites usados,Aceites y combustibles usados,Regeneración de disolventes,kg,0.30311,,OCCC v2025,OCCC,VERSIONED,VALIDATED_FROM_REFERENCE,Factor versionado; no se presenta como FE anual,158,2022-2026
spain,España,Aceites usados,Aceites y combustibles usados,Tratamiento físico-químico y biológico,kg,0.03851,,OCCC v2025,OCCC,VERSIONED,VALIDATED_FROM_REFERENCE,Factor versionado; no se presenta como FE anual,153,2022-2026
spain,España,Aceites usados,Aceites y combustibles usados,Tratamiento por evaporación,kg,0.167,,OCCC v2025,OCCC,VERSIONED,VALIDATED_FROM_REFERENCE,Factor versionado; no se presenta como FE anual,154,2022-2026
spain,España,Aceites usados,Aceites y sustancias oleosas,Gestión a través de un Centro de Recogida y Transferencia,kg,0.22542,,OCCC v2025,OCCC,VERSIONED,VALIDATED_FROM_REFERENCE,Factor versionado; no se presenta como FE anual,196,2022-2026
spain,España,Aceites usados,Aceites y sustancias oleosas,Incineración de residuos no halogenados,kg,0.53635,,OCCC v2025,OCCC,VERSIONED,VALIDATED_FROM_REFERENCE,Factor versionado; no se presenta como FE anual,197,2022-2026
spain,España,Aceites usados,Aceites y sustancias oleosas,"Recuperación, regeneración y reutilización de envases",kg,0.13926,,OCCC v2025,OCCC,VERSIONED,VALIDATED_FROM_REFERENCE,Factor versionado; no se presenta como FE anual,195,2022-2026
spain,España,Aceites usados,Aceites y sustancias oleosas,Regeneración de disolventes,kg,0.30311,,OCCC v2025,OCCC,VERSIONED,VALIDATED_FROM_REFERENCE,Factor versionado; no se presenta como FE anual,198,2022-2026
spain,España,Aceites usados,Aceites y sustancias oleosas,Tratamiento físico-químico y biológico,kg,0.03851,,OCCC v2025,OCCC,VERSIONED,VALIDATED_FROM_REFERENCE,Factor versionado; no se presenta como FE anual,193,2022-2026
spain,España,Aceites usados,Aceites y sustancias oleosas,Tratamiento por evaporación,kg,0.167,,OCCC v2025,OCCC,VERSIONED,VALIDATED_FROM_REFERENCE,Factor versionado; no se presenta como FE anual,194,2022-2026
spain,España,Aparatos eléctricos y electrónicos (RAEE),Aparatos eléctricos y electrónicos (RAEE),Combustión / Incineración (recuperación de energía),kg,0.02128019379844961,2022,,DEFRA,ANNUAL,VALIDATED_FROM_REFERENCE,"Serie anual reconstruida 2022-2026; 2023-2026 del bloque Fuera, 2022 del bloque histórico España",30,2022
spain,España,Aparatos eléctricos y electrónicos (RAEE),Aparatos eléctricos y electrónicos (RAEE),Combustión / Incineración (recuperación de energía),kg,0.0212808072368763,2023,,DEFRA,ANNUAL,VALIDATED_FROM_REFERENCE,"Serie anual reconstruida 2022-2026; 2023-2026 del bloque Fuera, 2022 del bloque histórico España",30,2023
spain,España,Aparatos eléctricos y electrónicos (RAEE),Aparatos eléctricos y electrónicos (RAEE),Combustión / Incineración (recuperación de energía),kg,0.00641061,2024,,DEFRA,ANNUAL,VALIDATED_FROM_REFERENCE,"Serie anual reconstruida 2022-2026; 2023-2026 del bloque Fuera, 2022 del bloque histórico España",30,2024
spain,España,Aparatos eléctricos y electrónicos (RAEE),Aparatos eléctricos y electrónicos (RAEE),Combustión / Incineración (recuperación de energía),kg,0.00468568,2025,,DEFRA,ANNUAL,VALIDATED_FROM_REFERENCE,"Serie anual reconstruida 2022-2026; 2023-2026 del bloque Fuera, 2022 del bloque histórico España",30,2025
spain,España,Aparatos eléctricos y electrónicos (RAEE),Aparatos eléctricos y electrónicos (RAEE),Combustión / Incineración (recuperación de energía),kg,0.00465358,2026,,DEFRA,ANNUAL,VALIDATED_FROM_REFERENCE,"Serie anual reconstruida 2022-2026; 2023-2026 del bloque Fuera, 2022 del bloque histórico España",30,2026
spain,España,Aparatos eléctricos y electrónicos (RAEE),Aparatos eléctricos y electrónicos (RAEE),Reciclaje (Bucle abierto),kg,0.02128019379844961,2022,,DEFRA,ANNUAL,VALIDATED_FROM_REFERENCE,"Serie anual reconstruida 2022-2026; 2023-2026 del bloque Fuera, 2022 del bloque histórico España",29,2022
spain,España,Aparatos eléctricos y electrónicos (RAEE),Aparatos eléctricos y electrónicos (RAEE),Reciclaje (Bucle abierto),kg,0.02128081,2023,,DEFRA,ANNUAL,VALIDATED_FROM_REFERENCE,"Serie anual reconstruida 2022-2026; 2023-2026 del bloque Fuera, 2022 del bloque histórico España",29,2023
spain,España,Aparatos eléctricos y electrónicos (RAEE),Aparatos eléctricos y electrónicos (RAEE),Reciclaje (Bucle abierto),kg,0.00641061,2024,,DEFRA,ANNUAL,VALIDATED_FROM_REFERENCE,"Serie anual reconstruida 2022-2026; 2023-2026 del bloque Fuera, 2022 del bloque histórico España",29,2024
spain,España,Aparatos eléctricos y electrónicos (RAEE),Aparatos eléctricos y electrónicos (RAEE),Reciclaje (Bucle abierto),kg,0.00468568,2025,,DEFRA,ANNUAL,VALIDATED_FROM_REFERENCE,"Serie anual reconstruida 2022-2026; 2023-2026 del bloque Fuera, 2022 del bloque histórico España",29,2025
spain,España,Aparatos eléctricos y electrónicos (RAEE),Aparatos eléctricos y electrónicos (RAEE),Reciclaje (Bucle abierto),kg,0.00465358,2026,,DEFRA,ANNUAL,VALIDATED_FROM_REFERENCE,"Serie anual reconstruida 2022-2026; 2023-2026 del bloque Fuera, 2022 del bloque histórico España",29,2026
spain,España,Aparatos eléctricos y electrónicos (RAEE),Aparatos eléctricos y electrónicos (RAEE),Vertedero,kg,0.008883271317829459,2022,,DEFRA,ANNUAL,VALIDATED_FROM_REFERENCE,"Serie anual reconstruida 2022-2026; 2023-2026 del bloque Fuera, 2022 del bloque histórico España",31,2022
spain,España,Aparatos eléctricos y electrónicos (RAEE),Aparatos eléctricos y electrónicos (RAEE),Vertedero,kg,0.00888413013162686,2023,,DEFRA,ANNUAL,VALIDATED_FROM_REFERENCE,"Serie anual reconstruida 2022-2026; 2023-2026 del bloque Fuera, 2022 del bloque histórico España",31,2023
spain,España,Aparatos eléctricos y electrónicos (RAEE),Aparatos eléctricos y electrónicos (RAEE),Vertedero,kg,0.00888386,2024,,DEFRA,ANNUAL,VALIDATED_FROM_REFERENCE,"Serie anual reconstruida 2022-2026; 2023-2026 del bloque Fuera, 2022 del bloque histórico España",31,2024
spain,España,Aparatos eléctricos y electrónicos (RAEE),Aparatos eléctricos y electrónicos (RAEE),Vertedero,kg,0.00898311,2025,,DEFRA,ANNUAL,VALIDATED_FROM_REFERENCE,"Serie anual reconstruida 2022-2026; 2023-2026 del bloque Fuera, 2022 del bloque histórico España",31,2025
spain,España,Aparatos eléctricos y electrónicos (RAEE),Aparatos eléctricos y electrónicos (RAEE),Vertedero,kg,0.00900687,2026,,DEFRA,ANNUAL,VALIDATED_FROM_REFERENCE,"Serie anual reconstruida 2022-2026; 2023-2026 del bloque Fuera, 2022 del bloque histórico España",31,2026
spain,España,Aparatos eléctricos y electrónicos (RAEE),Bombillas y fluorescentes,Combustión / Incineración (recuperación de energía),kg,0.02128019379844961,2022,,DEFRA,ANNUAL,VALIDATED_FROM_REFERENCE,"Serie anual reconstruida 2022-2026; 2023-2026 del bloque Fuera, 2022 del bloque histórico España",217,2022
spain,España,Aparatos eléctricos y electrónicos (RAEE),Bombillas y fluorescentes,Combustión / Incineración (recuperación de energía),kg,0.0212808072368763,2023,,DEFRA,ANNUAL,VALIDATED_FROM_REFERENCE,"Serie anual reconstruida 2022-2026; 2023-2026 del bloque Fuera, 2022 del bloque histórico España",217,2023
spain,España,Aparatos eléctricos y electrónicos (RAEE),Bombillas y fluorescentes,Combustión / Incineración (recuperación de energía),kg,0.00641061,2024,,DEFRA,ANNUAL,VALIDATED_FROM_REFERENCE,"Serie anual reconstruida 2022-2026; 2023-2026 del bloque Fuera, 2022 del bloque histórico España",217,2024
spain,España,Aparatos eléctricos y electrónicos (RAEE),Bombillas y fluorescentes,Combustión / Incineración (recuperación de energía),kg,0.00468568,2025,,DEFRA,ANNUAL,VALIDATED_FROM_REFERENCE,"Serie anual reconstruida 2022-2026; 2023-2026 del bloque Fuera, 2022 del bloque histórico España",217,2025
spain,España,Aparatos eléctricos y electrónicos (RAEE),Bombillas y fluorescentes,Combustión / Incineración (recuperación de energía),kg,0.00465358,2026,,DEFRA,ANNUAL,VALIDATED_FROM_REFERENCE,"Serie anual reconstruida 2022-2026; 2023-2026 del bloque Fuera, 2022 del bloque histórico España",217,2026
spain,España,Aparatos eléctricos y electrónicos (RAEE),Bombillas y fluorescentes,Reciclaje (Bucle abierto),kg,0.02128019379844961,2022,,DEFRA,ANNUAL,VALIDATED_FROM_REFERENCE,"Serie anual reconstruida 2022-2026; 2023-2026 del bloque Fuera, 2022 del bloque histórico España",216,2022
spain,España,Aparatos eléctricos y electrónicos (RAEE),Bombillas y fluorescentes,Reciclaje (Bucle abierto),kg,0.02128081,2023,,DEFRA,ANNUAL,VALIDATED_FROM_REFERENCE,"Serie anual reconstruida 2022-2026; 2023-2026 del bloque Fuera, 2022 del bloque histórico España",216,2023
spain,España,Aparatos eléctricos y electrónicos (RAEE),Bombillas y fluorescentes,Reciclaje (Bucle abierto),kg,0.00641061,2024,,DEFRA,ANNUAL,VALIDATED_FROM_REFERENCE,"Serie anual reconstruida 2022-2026; 2023-2026 del bloque Fuera, 2022 del bloque histórico España",216,2024
spain,España,Aparatos eléctricos y electrónicos (RAEE),Bombillas y fluorescentes,Reciclaje (Bucle abierto),kg,0.00468568,2025,,DEFRA,ANNUAL,VALIDATED_FROM_REFERENCE,"Serie anual reconstruida 2022-2026; 2023-2026 del bloque Fuera, 2022 del bloque histórico España",216,2025
spain,España,Aparatos eléctricos y electrónicos (RAEE),Bombillas y fluorescentes,Reciclaje (Bucle abierto),kg,0.00465358,2026,,DEFRA,ANNUAL,VALIDATED_FROM_REFERENCE,"Serie anual reconstruida 2022-2026; 2023-2026 del bloque Fuera, 2022 del bloque histórico España",216,2026
spain,España,Aparatos eléctricos y electrónicos (RAEE),Bombillas y fluorescentes,Vertedero,kg,0.008883271317829459,2022,,DEFRA,ANNUAL,VALIDATED_FROM_REFERENCE,"Serie anual reconstruida 2022-2026; 2023-2026 del bloque Fuera, 2022 del bloque histórico España",218,2022
spain,España,Aparatos eléctricos y electrónicos (RAEE),Bombillas y fluorescentes,Vertedero,kg,0.00888413013162686,2023,,DEFRA,ANNUAL,VALIDATED_FROM_REFERENCE,"Serie anual reconstruida 2022-2026; 2023-2026 del bloque Fuera, 2022 del bloque histórico España",218,2023
spain,España,Aparatos eléctricos y electrónicos (RAEE),Bombillas y fluorescentes,Vertedero,kg,0.00888386,2024,,DEFRA,ANNUAL,VALIDATED_FROM_REFERENCE,"Serie anual reconstruida 2022-2026; 2023-2026 del bloque Fuera, 2022 del bloque histórico España",218,2024
spain,España,Aparatos eléctricos y electrónicos (RAEE),Bombillas y fluorescentes,Vertedero,kg,0.00898311,2025,,DEFRA,ANNUAL,VALIDATED_FROM_REFERENCE,"Serie anual reconstruida 2022-2026; 2023-2026 del bloque Fuera, 2022 del bloque histórico España",218,2025
spain,España,Aparatos eléctricos y electrónicos (RAEE),Bombillas y fluorescentes,Vertedero,kg,0.00900687,2026,,DEFRA,ANNUAL,VALIDATED_FROM_REFERENCE,"Serie anual reconstruida 2022-2026; 2023-2026 del bloque Fuera, 2022 del bloque histórico España",218,2026
spain,España,Aparatos eléctricos y electrónicos (RAEE),Discos duros,Combustión / Incineración (recuperación de energía),kg,0.02128019379844961,2022,,DEFRA,ANNUAL,VALIDATED_FROM_REFERENCE,"Serie anual reconstruida 2022-2026; 2023-2026 del bloque Fuera, 2022 del bloque histórico España",246,2022
spain,España,Aparatos eléctricos y electrónicos (RAEE),Discos duros,Combustión / Incineración (recuperación de energía),kg,0.0212808072368763,2023,,DEFRA,ANNUAL,VALIDATED_FROM_REFERENCE,"Serie anual reconstruida 2022-2026; 2023-2026 del bloque Fuera, 2022 del bloque histórico España",246,2023
spain,España,Aparatos eléctricos y electrónicos (RAEE),Discos duros,Combustión / Incineración (recuperación de energía),kg,0.00641061,2024,,DEFRA,ANNUAL,VALIDATED_FROM_REFERENCE,"Serie anual reconstruida 2022-2026; 2023-2026 del bloque Fuera, 2022 del bloque histórico España",246,2024
spain,España,Aparatos eléctricos y electrónicos (RAEE),Discos duros,Combustión / Incineración (recuperación de energía),kg,0.00468568,2025,,DEFRA,ANNUAL,VALIDATED_FROM_REFERENCE,"Serie anual reconstruida 2022-2026; 2023-2026 del bloque Fuera, 2022 del bloque histórico España",246,2025
spain,España,Aparatos eléctricos y electrónicos (RAEE),Discos duros,Combustión / Incineración (recuperación de energía),kg,0.00465358,2026,,DEFRA,ANNUAL,VALIDATED_FROM_REFERENCE,"Serie anual reconstruida 2022-2026; 2023-2026 del bloque Fuera, 2022 del bloque histórico España",246,2026
spain,España,Aparatos eléctricos y electrónicos (RAEE),Discos duros,Reciclaje (Bucle abierto),kg,0.02128019379844961,2022,,DEFRA,ANNUAL,VALIDATED_FROM_REFERENCE,"Serie anual reconstruida 2022-2026; 2023-2026 del bloque Fuera, 2022 del bloque histórico España",245,2022
spain,España,Aparatos eléctricos y electrónicos (RAEE),Discos duros,Reciclaje (Bucle abierto),kg,0.02128081,2023,,DEFRA,ANNUAL,VALIDATED_FROM_REFERENCE,"Serie anual reconstruida 2022-2026; 2023-2026 del bloque Fuera, 2022 del bloque histórico España",245,2023
spain,España,Aparatos eléctricos y electrónicos (RAEE),Discos duros,Reciclaje (Bucle abierto),kg,0.00641061,2024,,DEFRA,ANNUAL,VALIDATED_FROM_REFERENCE,"Serie anual reconstruida 2022-2026; 2023-2026 del bloque Fuera, 2022 del bloque histórico España",245,2024
spain,España,Aparatos eléctricos y electrónicos (RAEE),Discos duros,Reciclaje (Bucle abierto),kg,0.00468568,2025,,DEFRA,ANNUAL,VALIDATED_FROM_REFERENCE,"Serie anual reconstruida 2022-2026; 2023-2026 del bloque Fuera, 2022 del bloque histórico España",245,2025
spain,España,Aparatos eléctricos y electrónicos (RAEE),Discos duros,Reciclaje (Bucle abierto),kg,0.00465358,2026,,DEFRA,ANNUAL,VALIDATED_FROM_REFERENCE,"Serie anual reconstruida 2022-2026; 2023-2026 del bloque Fuera, 2022 del bloque histórico España",245,2026
spain,España,Aparatos eléctricos y electrónicos (RAEE),Discos duros,Vertedero,kg,0.008883271317829459,2022,,DEFRA,ANNUAL,VALIDATED_FROM_REFERENCE,"Serie anual reconstruida 2022-2026; 2023-2026 del bloque Fuera, 2022 del bloque histórico España",247,2022
spain,España,Aparatos eléctricos y electrónicos (RAEE),Discos duros,Vertedero,kg,0.00888413013162686,2023,,DEFRA,ANNUAL,VALIDATED_FROM_REFERENCE,"Serie anual reconstruida 2022-2026; 2023-2026 del bloque Fuera, 2022 del bloque histórico España",247,2023
spain,España,Aparatos eléctricos y electrónicos (RAEE),Discos duros,Vertedero,kg,0.00888386,2024,,DEFRA,ANNUAL,VALIDATED_FROM_REFERENCE,"Serie anual reconstruida 2022-2026; 2023-2026 del bloque Fuera, 2022 del bloque histórico España",247,2024
spain,España,Aparatos eléctricos y electrónicos (RAEE),Discos duros,Vertedero,kg,0.00898311,2025,,DEFRA,ANNUAL,VALIDATED_FROM_REFERENCE,"Serie anual reconstruida 2022-2026; 2023-2026 del bloque Fuera, 2022 del bloque histórico España",247,2025
spain,España,Aparatos eléctricos y electrónicos (RAEE),Discos duros,Vertedero,kg,0.00900687,2026,,DEFRA,ANNUAL,VALIDATED_FROM_REFERENCE,"Serie anual reconstruida 2022-2026; 2023-2026 del bloque Fuera, 2022 del bloque histórico España",247,2026
spain,España,Aparatos eléctricos y electrónicos (RAEE),Dispositivos electrónicos,Combustión / Incineración (recuperación de energía),kg,0.02128019379844961,2022,,DEFRA,ANNUAL,VALIDATED_FROM_REFERENCE,"Serie anual reconstruida 2022-2026; 2023-2026 del bloque Fuera, 2022 del bloque histórico España",169,2022
spain,España,Aparatos eléctricos y electrónicos (RAEE),Dispositivos electrónicos,Combustión / Incineración (recuperación de energía),kg,0.0212808072368763,2023,,DEFRA,ANNUAL,VALIDATED_FROM_REFERENCE,"Serie anual reconstruida 2022-2026; 2023-2026 del bloque Fuera, 2022 del bloque histórico España",169,2023
spain,España,Aparatos eléctricos y electrónicos (RAEE),Dispositivos electrónicos,Combustión / Incineración (recuperación de energía),kg,0.00641061,2024,,DEFRA,ANNUAL,VALIDATED_FROM_REFERENCE,"Serie anual reconstruida 2022-2026; 2023-2026 del bloque Fuera, 2022 del bloque histórico España",169,2024
spain,España,Aparatos eléctricos y electrónicos (RAEE),Dispositivos electrónicos,Combustión / Incineración (recuperación de energía),kg,0.00468568,2025,,DEFRA,ANNUAL,VALIDATED_FROM_REFERENCE,"Serie anual reconstruida 2022-2026; 2023-2026 del bloque Fuera, 2022 del bloque histórico España",169,2025
spain,España,Aparatos eléctricos y electrónicos (RAEE),Dispositivos electrónicos,Combustión / Incineración (recuperación de energía),kg,0.00465358,2026,,DEFRA,ANNUAL,VALIDATED_FROM_REFERENCE,"Serie anual reconstruida 2022-2026; 2023-2026 del bloque Fuera, 2022 del bloque histórico España",169,2026
spain,España,Aparatos eléctricos y electrónicos (RAEE),Dispositivos electrónicos,Reciclaje (Bucle abierto),kg,0.02128019379844961,2022,,DEFRA,ANNUAL,VALIDATED_FROM_REFERENCE,"Serie anual reconstruida 2022-2026; 2023-2026 del bloque Fuera, 2022 del bloque histórico España",168,2022
spain,España,Aparatos eléctricos y electrónicos (RAEE),Dispositivos electrónicos,Reciclaje (Bucle abierto),kg,0.02128081,2023,,DEFRA,ANNUAL,VALIDATED_FROM_REFERENCE,"Serie anual reconstruida 2022-2026; 2023-2026 del bloque Fuera, 2022 del bloque histórico España",168,2023
spain,España,Aparatos eléctricos y electrónicos (RAEE),Dispositivos electrónicos,Reciclaje (Bucle abierto),kg,0.00641061,2024,,DEFRA,ANNUAL,VALIDATED_FROM_REFERENCE,"Serie anual reconstruida 2022-2026; 2023-2026 del bloque Fuera, 2022 del bloque histórico España",168,2024
spain,España,Aparatos eléctricos y electrónicos (RAEE),Dispositivos electrónicos,Reciclaje (Bucle abierto),kg,0.00468568,2025,,DEFRA,ANNUAL,VALIDATED_FROM_REFERENCE,"Serie anual reconstruida 2022-2026; 2023-2026 del bloque Fuera, 2022 del bloque histórico España",168,2025
spain,España,Aparatos eléctricos y electrónicos (RAEE),Dispositivos electrónicos,Reciclaje (Bucle abierto),kg,0.00465358,2026,,DEFRA,ANNUAL,VALIDATED_FROM_REFERENCE,"Serie anual reconstruida 2022-2026; 2023-2026 del bloque Fuera, 2022 del bloque histórico España",168,2026
spain,España,Aparatos eléctricos y electrónicos (RAEE),Dispositivos electrónicos,Vertedero,kg,0.008883271317829459,2022,,DEFRA,ANNUAL,VALIDATED_FROM_REFERENCE,"Serie anual reconstruida 2022-2026; 2023-2026 del bloque Fuera, 2022 del bloque histórico España",170,2022
spain,España,Aparatos eléctricos y electrónicos (RAEE),Dispositivos electrónicos,Vertedero,kg,0.00888413013162686,2023,,DEFRA,ANNUAL,VALIDATED_FROM_REFERENCE,"Serie anual reconstruida 2022-2026; 2023-2026 del bloque Fuera, 2022 del bloque histórico España",170,2023
spain,España,Aparatos eléctricos y electrónicos (RAEE),Dispositivos electrónicos,Vertedero,kg,0.00888386,2024,,DEFRA,ANNUAL,VALIDATED_FROM_REFERENCE,"Serie anual reconstruida 2022-2026; 2023-2026 del bloque Fuera, 2022 del bloque histórico España",170,2024
spain,España,Aparatos eléctricos y electrónicos (RAEE),Dispositivos electrónicos,Vertedero,kg,0.00898311,2025,,DEFRA,ANNUAL,VALIDATED_FROM_REFERENCE,"Serie anual reconstruida 2022-2026; 2023-2026 del bloque Fuera, 2022 del bloque histórico España",170,2025
spain,España,Aparatos eléctricos y electrónicos (RAEE),Dispositivos electrónicos,Vertedero,kg,0.00900687,2026,,DEFRA,ANNUAL,VALIDATED_FROM_REFERENCE,"Serie anual reconstruida 2022-2026; 2023-2026 del bloque Fuera, 2022 del bloque histórico España",170,2026
spain,España,Construcción / Set promedio,Construcción / Set promedio,Combustión / Incineración (recuperación de energía),kg,0.02128019379844961,2022,,DEFRA,ANNUAL,VALIDATED_FROM_REFERENCE,"Serie anual reconstruida 2022-2026; 2023-2026 del bloque Fuera, 2022 del bloque histórico España",21,2022
spain,España,Construcción / Set promedio,Construcción / Set promedio,Combustión / Incineración (recuperación de energía),kg,0.0212808072368763,2023,,DEFRA,ANNUAL,VALIDATED_FROM_REFERENCE,"Serie anual reconstruida 2022-2026; 2023-2026 del bloque Fuera, 2022 del bloque histórico España",21,2023
spain,España,Construcción / Set promedio,Construcción / Set promedio,Combustión / Incineración (recuperación de energía),kg,0.00641061,2024,,DEFRA,ANNUAL,VALIDATED_FROM_REFERENCE,"Serie anual reconstruida 2022-2026; 2023-2026 del bloque Fuera, 2022 del bloque histórico España",21,2024
spain,España,Construcción / Set promedio,Construcción / Set promedio,Combustión / Incineración (recuperación de energía),kg,0.00468568,2025,,DEFRA,ANNUAL,VALIDATED_FROM_REFERENCE,"Serie anual reconstruida 2022-2026; 2023-2026 del bloque Fuera, 2022 del bloque histórico España",21,2025
spain,España,Construcción / Set promedio,Construcción / Set promedio,Combustión / Incineración (recuperación de energía),kg,0.00465358,2026,,DEFRA,ANNUAL,VALIDATED_FROM_REFERENCE,"Serie anual reconstruida 2022-2026; 2023-2026 del bloque Fuera, 2022 del bloque histórico España",21,2026
spain,España,Construcción / Set promedio,Construcción / Set promedio,Reciclaje (Bucle abierto),kg,0.00098470835,2022,,DEFRA,ANNUAL,VALIDATED_FROM_REFERENCE,"Serie anual reconstruida 2022-2026; 2023-2026 del bloque Fuera, 2022 del bloque histórico España",20,2022
spain,España,Construcción / Set promedio,Construcción / Set promedio,Reciclaje (Bucle abierto),kg,0.00098491,2023,,DEFRA,ANNUAL,VALIDATED_FROM_REFERENCE,"Serie anual reconstruida 2022-2026; 2023-2026 del bloque Fuera, 2022 del bloque histórico España",20,2023
spain,España,Construcción / Set promedio,Construcción / Set promedio,Reciclaje (Bucle abierto),kg,0.00098485,2024,,DEFRA,ANNUAL,VALIDATED_FROM_REFERENCE,"Serie anual reconstruida 2022-2026; 2023-2026 del bloque Fuera, 2022 del bloque histórico España",20,2024
spain,España,Construcción / Set promedio,Construcción / Set promedio,Reciclaje (Bucle abierto),kg,0.00100835,2025,,DEFRA,ANNUAL,VALIDATED_FROM_REFERENCE,"Serie anual reconstruida 2022-2026; 2023-2026 del bloque Fuera, 2022 del bloque histórico España",20,2025
spain,España,Construcción / Set promedio,Construcción / Set promedio,Reciclaje (Bucle abierto),kg,0.00101398,2026,,DEFRA,ANNUAL,VALIDATED_FROM_REFERENCE,"Serie anual reconstruida 2022-2026; 2023-2026 del bloque Fuera, 2022 del bloque histórico España",20,2026
spain,España,Disolventes usados,Acetonas y alcohol isopropílico,Incineración de residuos no halogenados,kg,0.57936,,OCCC v2025,OCCC,VERSIONED,VALIDATED_FROM_REFERENCE,Factor versionado; no se presenta como FE anual,39,2022-2026
spain,España,Disolventes usados,Acetonas y alcohol isopropílico,Regeneración de disolventes,kg,0.29488,,OCCC v2025,OCCC,VERSIONED,VALIDATED_FROM_REFERENCE,Factor versionado; no se presenta como FE anual,38,2022-2026
spain,España,Disolventes usados,Aguarrás mineral (White Spirit),Incineración de residuos no halogenados,kg,0.57936,,OCCC v2025,OCCC,VERSIONED,VALIDATED_FROM_REFERENCE,Factor versionado; no se presenta como FE anual,42,2022-2026
spain,España,Disolventes usados,Aguarrás mineral (White Spirit),Regeneración de disolventes,kg,0.29488,,OCCC v2025,OCCC,VERSIONED,VALIDATED_FROM_REFERENCE,Factor versionado; no se presenta como FE anual,41,2022-2026
spain,España,Disolventes usados,Alcohol isopropílico,Incineración de residuos no halogenados,kg,0.57936,,OCCC v2025,OCCC,VERSIONED,VALIDATED_FROM_REFERENCE,Factor versionado; no se presenta como FE anual,45,2022-2026
spain,España,Disolventes usados,Alcohol isopropílico,Regeneración de disolventes,kg,0.29488,,OCCC v2025,OCCC,VERSIONED,VALIDATED_FROM_REFERENCE,Factor versionado; no se presenta como FE anual,44,2022-2026
spain,España,Disolventes usados,Disolventes universales o de Poliuretano (PU),Incineración de residuos no halogenados,kg,0.57936,,OCCC v2025,OCCC,VERSIONED,VALIDATED_FROM_REFERENCE,Factor versionado; no se presenta como FE anual,48,2022-2026
spain,España,Disolventes usados,Disolventes universales o de Poliuretano (PU),Regeneración de disolventes,kg,0.29488,,OCCC v2025,OCCC,VERSIONED,VALIDATED_FROM_REFERENCE,Factor versionado; no se presenta como FE anual,47,2022-2026
spain,España,Lodos de efluentes industriales (no peligrosos),Lodos de efluentes industriales,Deposición de residuos no especiales,kg,0.021,,OCCC v2025,OCCC,VERSIONED,VALIDATED_FROM_REFERENCE,Factor versionado; no se presenta como FE anual,282,2022-2026
spain,España,Madera,Madera,Reciclaje (Circuito cerrado),kg,0.03753,,OCCC v2025,OCCC,VERSIONED,VALIDATED_FROM_REFERENCE,Factor versionado; no se presenta como FE anual,18,2022-2026
spain,España,Materiales mezclados y no diferenciados,Cuadros,Compostaje,kg,0.23412,,OCCC v2025,OCCC,VERSIONED,VALIDATED_FROM_REFERENCE,Factor versionado; no se presenta como FE anual,203,2022-2026
spain,España,Materiales mezclados y no diferenciados,Cuadros,Deposición de residuos no especiales,kg,1.11354,,OCCC v2025,OCCC,VERSIONED,VALIDATED_FROM_REFERENCE,Factor versionado; no se presenta como FE anual,205,2022-2026
spain,España,Materiales mezclados y no diferenciados,Cuadros,Gestión a través de un Centro de Recogida y Transferencia,kg,0.23203,,OCCC v2025,OCCC,VERSIONED,VALIDATED_FROM_REFERENCE,Factor versionado; no se presenta como FE anual,200,2022-2026
spain,España,Materiales mezclados y no diferenciados,Cuadros,Reciclaje de sustancias orgánicas que no se utilizan como disolventes,kg,0.01764,,OCCC v2025,OCCC,VERSIONED,VALIDATED_FROM_REFERENCE,Factor versionado; no se presenta como FE anual,202,2022-2026
spain,España,Materiales mezclados y no diferenciados,Cuadros,Reciclaje y recuperación de metales o compuestos metálicos,kg,0.09465,,OCCC v2025,OCCC,VERSIONED,VALIDATED_FROM_REFERENCE,Factor versionado; no se presenta como FE anual,201,2022-2026
spain,España,Materiales mezclados y no diferenciados,Cuadros,Utilización en provecho de la agricultura,kg,0.03598,,OCCC v2025,OCCC,VERSIONED,VALIDATED_FROM_REFERENCE,Factor versionado; no se presenta como FE anual,204,2022-2026
spain,España,Materiales mezclados y no diferenciados,Papel fotográfico,Compostaje,kg,0.23412,,OCCC v2025,OCCC,VERSIONED,VALIDATED_FROM_REFERENCE,Factor versionado; no se presenta como FE anual,211,2022-2026
spain,España,Materiales mezclados y no diferenciados,Papel fotográfico,Deposición de residuos no especiales,kg,1.11354,,OCCC v2025,OCCC,VERSIONED,VALIDATED_FROM_REFERENCE,Factor versionado; no se presenta como FE anual,213,2022-2026
spain,España,Materiales mezclados y no diferenciados,Papel fotográfico,Gestión a través de un Centro de Recogida y Transferencia,kg,0.23203,,OCCC v2025,OCCC,VERSIONED,VALIDATED_FROM_REFERENCE,Factor versionado; no se presenta como FE anual,208,2022-2026
spain,España,Materiales mezclados y no diferenciados,Papel fotográfico,Reciclaje de sustancias orgánicas que no se utilizan como disolventes,kg,0.01764,,OCCC v2025,OCCC,VERSIONED,VALIDATED_FROM_REFERENCE,Factor versionado; no se presenta como FE anual,210,2022-2026
spain,España,Materiales mezclados y no diferenciados,Papel fotográfico,Reciclaje y recuperación de metales o compuestos metálicos,kg,0.09465,,OCCC v2025,OCCC,VERSIONED,VALIDATED_FROM_REFERENCE,Factor versionado; no se presenta como FE anual,209,2022-2026
spain,España,Materiales mezclados y no diferenciados,Papel fotográfico,Utilización en provecho de la agricultura,kg,0.03598,,OCCC v2025,OCCC,VERSIONED,VALIDATED_FROM_REFERENCE,Factor versionado; no se presenta como FE anual,212,2022-2026
spain,España,Materiales mezclados y no diferenciados,Radiografías,Compostaje,kg,0.23412,,OCCC v2025,OCCC,VERSIONED,VALIDATED_FROM_REFERENCE,Factor versionado; no se presenta como FE anual,228,2022-2026
spain,España,Materiales mezclados y no diferenciados,Radiografías,Deposición de residuos no especiales,kg,1.11354,,OCCC v2025,OCCC,VERSIONED,VALIDATED_FROM_REFERENCE,Factor versionado; no se presenta como FE anual,230,2022-2026
spain,España,Materiales mezclados y no diferenciados,Radiografías,Gestión a través de un Centro de Recogida y Transferencia,kg,0.23203,,OCCC v2025,OCCC,VERSIONED,VALIDATED_FROM_REFERENCE,Factor versionado; no se presenta como FE anual,225,2022-2026
spain,España,Materiales mezclados y no diferenciados,Radiografías,Reciclaje de sustancias orgánicas que no se utilizan como disolventes,kg,0.01764,,OCCC v2025,OCCC,VERSIONED,VALIDATED_FROM_REFERENCE,Factor versionado; no se presenta como FE anual,227,2022-2026
spain,España,Materiales mezclados y no diferenciados,Radiografías,Reciclaje y recuperación de metales o compuestos metálicos,kg,0.09465,,OCCC v2025,OCCC,VERSIONED,VALIDATED_FROM_REFERENCE,Factor versionado; no se presenta como FE anual,226,2022-2026
spain,España,Materiales mezclados y no diferenciados,Radiografías,Utilización en provecho de la agricultura,kg,0.03598,,OCCC v2025,OCCC,VERSIONED,VALIDATED_FROM_REFERENCE,Factor versionado; no se presenta como FE anual,229,2022-2026
spain,España,Metal (envases),Metal (envases),Gestión municipal (envases ligeros),kg,0.12009,,OCCC v2025,OCCC,VERSIONED,VALIDATED_FROM_REFERENCE,Factor versionado; no se presenta como FE anual,14,2022-2026
spain,España,Metal (estructuras),Metal (estructuras),Reciclado (Circuito cerrado),kg,0.06917,,OCCC v2025,OCCC,VERSIONED,VALIDATED_FROM_REFERENCE,Factor versionado; no se presenta como FE anual,19,2022-2026
spain,España,Orgánico (alimentación y bebidas),Orgánico (alimentación),Gestión municipal (FORM),kg,0.36102,,OCCC v2025,OCCC,VERSIONED,VALIDATED_FROM_REFERENCE,Factor versionado; no se presenta como FE anual,9,2022-2026
spain,España,Orgánico (residuos de jardín),Orgánico (residuos de jardín),Compostaje,kg,0.24542,,OCCC v2025,OCCC,VERSIONED,VALIDATED_FROM_REFERENCE,Factor versionado; no se presenta como FE anual,10,2022-2026
spain,España,Orgánico (residuos de jardín),Orgánico (residuos de jardín),Digestión anaeróbica (recuperación de energía),kg,0.11507,,OCCC v2025,OCCC,VERSIONED,VALIDATED_FROM_REFERENCE,Factor versionado; no se presenta como FE anual,11,2022-2026
spain,España,Papel y cartón,Papel y cartón,Gestión municipal (mezcla real),kg,0.05641,,OCCC v2025,OCCC,VERSIONED,VALIDATED_FROM_REFERENCE,Factor versionado; no se presenta como FE anual,15,2022-2026
spain,España,Pilas y baterías,Pilas y baterías,Reciclaje (Bucle abierto),kg,0.02128019379844961,2022,,DEFRA,ANNUAL,VALIDATED_FROM_REFERENCE,"Serie anual reconstruida 2022-2026; 2023-2026 del bloque Fuera, 2022 del bloque histórico España",34,2022
spain,España,Pilas y baterías,Pilas y baterías,Reciclaje (Bucle abierto),kg,0.02128081,2023,,DEFRA,ANNUAL,VALIDATED_FROM_REFERENCE,"Serie anual reconstruida 2022-2026; 2023-2026 del bloque Fuera, 2022 del bloque histórico España",34,2023
spain,España,Pilas y baterías,Pilas y baterías,Reciclaje (Bucle abierto),kg,0.00641061,2024,,DEFRA,ANNUAL,VALIDATED_FROM_REFERENCE,"Serie anual reconstruida 2022-2026; 2023-2026 del bloque Fuera, 2022 del bloque histórico España",34,2024
spain,España,Pilas y baterías,Pilas y baterías,Reciclaje (Bucle abierto),kg,0.00468568,2025,,DEFRA,ANNUAL,VALIDATED_FROM_REFERENCE,"Serie anual reconstruida 2022-2026; 2023-2026 del bloque Fuera, 2022 del bloque histórico España",34,2025
spain,España,Pilas y baterías,Pilas y baterías,Reciclaje (Bucle abierto),kg,0.00465358,2026,,DEFRA,ANNUAL,VALIDATED_FROM_REFERENCE,"Serie anual reconstruida 2022-2026; 2023-2026 del bloque Fuera, 2022 del bloque histórico España",34,2026
spain,España,Pilas y baterías,Pilas y baterías,Vertedero,kg,0.008883271317829459,2022,,DEFRA,ANNUAL,VALIDATED_FROM_REFERENCE,"Serie anual reconstruida 2022-2026; 2023-2026 del bloque Fuera, 2022 del bloque histórico España",35,2022
spain,España,Pilas y baterías,Pilas y baterías,Vertedero,kg,0.00888413,2023,,DEFRA,ANNUAL,VALIDATED_FROM_REFERENCE,"Serie anual reconstruida 2022-2026; 2023-2026 del bloque Fuera, 2022 del bloque histórico España",35,2023
spain,España,Pilas y baterías,Pilas y baterías,Vertedero,kg,0.00888386,2024,,DEFRA,ANNUAL,VALIDATED_FROM_REFERENCE,"Serie anual reconstruida 2022-2026; 2023-2026 del bloque Fuera, 2022 del bloque histórico España",35,2024
spain,España,Pilas y baterías,Pilas y baterías,Vertedero,kg,0.00898311,2025,,DEFRA,ANNUAL,VALIDATED_FROM_REFERENCE,"Serie anual reconstruida 2022-2026; 2023-2026 del bloque Fuera, 2022 del bloque histórico España",35,2025
spain,España,Pilas y baterías,Pilas y baterías,Vertedero,kg,0.00900687,2026,,DEFRA,ANNUAL,VALIDATED_FROM_REFERENCE,"Serie anual reconstruida 2022-2026; 2023-2026 del bloque Fuera, 2022 del bloque histórico España",35,2026
spain,España,Pilas y baterías,Pilas y baterías usadas,Reciclaje (Bucle abierto),kg,0.02128019379844961,2022,,DEFRA,ANNUAL,VALIDATED_FROM_REFERENCE,"Serie anual reconstruida 2022-2026; 2023-2026 del bloque Fuera, 2022 del bloque histórico España",160,2022
spain,España,Pilas y baterías,Pilas y baterías usadas,Reciclaje (Bucle abierto),kg,0.02128081,2023,,DEFRA,ANNUAL,VALIDATED_FROM_REFERENCE,"Serie anual reconstruida 2022-2026; 2023-2026 del bloque Fuera, 2022 del bloque histórico España",160,2023
spain,España,Pilas y baterías,Pilas y baterías usadas,Reciclaje (Bucle abierto),kg,0.00641061,2024,,DEFRA,ANNUAL,VALIDATED_FROM_REFERENCE,"Serie anual reconstruida 2022-2026; 2023-2026 del bloque Fuera, 2022 del bloque histórico España",160,2024
spain,España,Pilas y baterías,Pilas y baterías usadas,Reciclaje (Bucle abierto),kg,0.00468568,2025,,DEFRA,ANNUAL,VALIDATED_FROM_REFERENCE,"Serie anual reconstruida 2022-2026; 2023-2026 del bloque Fuera, 2022 del bloque histórico España",160,2025
spain,España,Pilas y baterías,Pilas y baterías usadas,Reciclaje (Bucle abierto),kg,0.00465358,2026,,DEFRA,ANNUAL,VALIDATED_FROM_REFERENCE,"Serie anual reconstruida 2022-2026; 2023-2026 del bloque Fuera, 2022 del bloque histórico España",160,2026
spain,España,Pilas y baterías,Pilas y baterías usadas,Vertedero,kg,0.008883271317829459,2022,,DEFRA,ANNUAL,VALIDATED_FROM_REFERENCE,"Serie anual reconstruida 2022-2026; 2023-2026 del bloque Fuera, 2022 del bloque histórico España",161,2022
spain,España,Pilas y baterías,Pilas y baterías usadas,Vertedero,kg,0.00888413,2023,,DEFRA,ANNUAL,VALIDATED_FROM_REFERENCE,"Serie anual reconstruida 2022-2026; 2023-2026 del bloque Fuera, 2022 del bloque histórico España",161,2023
spain,España,Pilas y baterías,Pilas y baterías usadas,Vertedero,kg,0.00888386,2024,,DEFRA,ANNUAL,VALIDATED_FROM_REFERENCE,"Serie anual reconstruida 2022-2026; 2023-2026 del bloque Fuera, 2022 del bloque histórico España",161,2024
spain,España,Pilas y baterías,Pilas y baterías usadas,Vertedero,kg,0.00898311,2025,,DEFRA,ANNUAL,VALIDATED_FROM_REFERENCE,"Serie anual reconstruida 2022-2026; 2023-2026 del bloque Fuera, 2022 del bloque histórico España",161,2025
spain,España,Pilas y baterías,Pilas y baterías usadas,Vertedero,kg,0.00900687,2026,,DEFRA,ANNUAL,VALIDATED_FROM_REFERENCE,"Serie anual reconstruida 2022-2026; 2023-2026 del bloque Fuera, 2022 del bloque histórico España",161,2026
spain,España,Plástico (envases),Plástico (envases),Gestión municipal (envases ligeros),kg,0.12009,,OCCC v2025,OCCC,VERSIONED,VALIDATED_FROM_REFERENCE,Factor versionado; no se presenta como FE anual,13,2022-2026
spain,España,Residuo general (no recogida selectiva),Residuo general (no recogida selectiva),Gestión municipal (mezcla real),kg,0.71647,,OCCC v2025,OCCC,VERSIONED,VALIDATED_FROM_REFERENCE,Factor versionado; no se presenta como FE anual,8,2022-2026
spain,España,Residuos animales y de productos alimenticios mezclados,Aceite de cocinado de catering,Compostaje,kg,0.22506,,OCCC v2025,OCCC,VERSIONED,VALIDATED_FROM_REFERENCE,Factor versionado; no se presenta como FE anual,250,2022-2026
spain,España,Residuos animales y de productos alimenticios mezclados,Aceite de cocinado de catering,Recuperación de productos alimenticios,kg,0.02894,,OCCC v2025,OCCC,VERSIONED,VALIDATED_FROM_REFERENCE,Factor versionado; no se presenta como FE anual,252,2022-2026
spain,España,Residuos animales y de productos alimenticios mezclados,Aceite de cocinado de catering,Recuperación de tejidos y órganos animales,kg,0.14911,,OCCC v2025,OCCC,VERSIONED,VALIDATED_FROM_REFERENCE,Factor versionado; no se presenta como FE anual,251,2022-2026
spain,España,Residuos animales y de productos alimenticios mezclados,Aceite de cocinado de catering,Tratamiento específico,kg,0.15814,,OCCC v2025,OCCC,VERSIONED,VALIDATED_FROM_REFERENCE,Factor versionado; no se presenta como FE anual,253,2022-2026
spain,España,Residuos animales y de productos alimenticios mezclados,Aceite de cocinado de catering,Valorización mediante proceso anaerobio,kg,0.15436,,OCCC v2025,OCCC,VERSIONED,VALIDATED_FROM_REFERENCE,Factor versionado; no se presenta como FE anual,254,2022-2026
spain,España,Residuos animales y de productos alimenticios mezclados,Aceite vegetal,Compostaje,kg,0.22506,,OCCC v2025,OCCC,VERSIONED,VALIDATED_FROM_REFERENCE,Factor versionado; no se presenta como FE anual,232,2022-2026
spain,España,Residuos animales y de productos alimenticios mezclados,Aceite vegetal,Recuperación de productos alimenticios,kg,0.02894,,OCCC v2025,OCCC,VERSIONED,VALIDATED_FROM_REFERENCE,Factor versionado; no se presenta como FE anual,234,2022-2026
spain,España,Residuos animales y de productos alimenticios mezclados,Aceite vegetal,Recuperación de tejidos y órganos animales,kg,0.14911,,OCCC v2025,OCCC,VERSIONED,VALIDATED_FROM_REFERENCE,Factor versionado; no se presenta como FE anual,233,2022-2026
spain,España,Residuos animales y de productos alimenticios mezclados,Aceite vegetal,Tratamiento específico,kg,0.15814,,OCCC v2025,OCCC,VERSIONED,VALIDATED_FROM_REFERENCE,Factor versionado; no se presenta como FE anual,235,2022-2026
spain,España,Residuos animales y de productos alimenticios mezclados,Aceite vegetal,Valorización mediante proceso anaerobio,kg,0.15436,,OCCC v2025,OCCC,VERSIONED,VALIDATED_FROM_REFERENCE,Factor versionado; no se presenta como FE anual,236,2022-2026
spain,España,Residuos de vidrio,Espejos,Reciclaje de vidrio,kg,0.02671,,OCCC v2025,OCCC,VERSIONED,VALIDATED_FROM_REFERENCE,Factor versionado; no se presenta como FE anual,215,2022-2026
spain,España,"Residuos metálicos, no férreos",Cables,Reciclaje y recuperación de metales o compuestos metálicos,kg,0.12093,,OCCC v2025,OCCC,VERSIONED,VALIDATED_FROM_REFERENCE,Factor versionado; no se presenta como FE anual,164,2022-2026
spain,España,"Residuos metálicos, no férreos",Cables,Recuperación de cables,kg,0.065,,OCCC v2025,OCCC,VERSIONED,VALIDATED_FROM_REFERENCE,Factor versionado; no se presenta como FE anual,165,2022-2026
spain,España,Residuos plásticos,CD Rom,Deposición de residuos no especiales,kg,0.01981,,OCCC v2025,OCCC,VERSIONED,VALIDATED_FROM_REFERENCE,Factor versionado; no se presenta como FE anual,223,2022-2026
spain,España,Residuos plásticos,CD Rom,Gestión a través de un Centro de Recogida y Transferencia,kg,0.10622,,OCCC v2025,OCCC,VERSIONED,VALIDATED_FROM_REFERENCE,Factor versionado; no se presenta como FE anual,222,2022-2026
spain,España,Residuos plásticos,CD Rom,Reciclaje de plásticos,kg,0.07791,,OCCC v2025,OCCC,VERSIONED,VALIDATED_FROM_REFERENCE,Factor versionado; no se presenta como FE anual,221,2022-2026
spain,España,Residuos plásticos,Cintas LTO,Deposición de residuos no especiales,kg,0.01981,,OCCC v2025,OCCC,VERSIONED,VALIDATED_FROM_REFERENCE,Factor versionado; no se presenta como FE anual,265,2022-2026
spain,España,Residuos plásticos,Cintas LTO,Gestión a través de un Centro de Recogida y Transferencia,kg,0.10622,,OCCC v2025,OCCC,VERSIONED,VALIDATED_FROM_REFERENCE,Factor versionado; no se presenta como FE anual,264,2022-2026
spain,España,Residuos plásticos,Cintas LTO,Reciclaje de plásticos,kg,0.07791,,OCCC v2025,OCCC,VERSIONED,VALIDATED_FROM_REFERENCE,Factor versionado; no se presenta como FE anual,263,2022-2026
spain,España,Residuos plásticos,Lonas o lonetas,Deposición de residuos no especiales,kg,0.01981,,OCCC v2025,OCCC,VERSIONED,VALIDATED_FROM_REFERENCE,Factor versionado; no se presenta como FE anual,185,2022-2026
spain,España,Residuos plásticos,Lonas o lonetas,Gestión a través de un Centro de Recogida y Transferencia,kg,0.10622,,OCCC v2025,OCCC,VERSIONED,VALIDATED_FROM_REFERENCE,Factor versionado; no se presenta como FE anual,184,2022-2026
spain,España,Residuos plásticos,Lonas o lonetas,Reciclaje de plásticos,kg,0.07791,,OCCC v2025,OCCC,VERSIONED,VALIDATED_FROM_REFERENCE,Factor versionado; no se presenta como FE anual,183,2022-2026
spain,España,Residuos plásticos,Vinilos,Deposición de residuos no especiales,kg,0.01981,,OCCC v2025,OCCC,VERSIONED,VALIDATED_FROM_REFERENCE,Factor versionado; no se presenta como FE anual,175,2022-2026
spain,España,Residuos plásticos,Vinilos,Gestión a través de un Centro de Recogida y Transferencia,kg,0.10622,,OCCC v2025,OCCC,VERSIONED,VALIDATED_FROM_REFERENCE,Factor versionado; no se presenta como FE anual,174,2022-2026
spain,España,Residuos plásticos,Vinilos,Reciclaje de plásticos,kg,0.07791,,OCCC v2025,OCCC,VERSIONED,VALIDATED_FROM_REFERENCE,Factor versionado; no se presenta como FE anual,173,2022-2026
spain,España,Residuos plásticos (proxy),Látex / Caucho,Deposición de residuos no especiales,kg,0.01981,,OCCC v2025,OCCC,VERSIONED,VALIDATED_FROM_REFERENCE,Factor versionado; no se presenta como FE anual,102,2022-2026
spain,España,Residuos plásticos (proxy),Látex / Caucho,Gestión a través de un Centro de Recogida y Transferencia,kg,0.10622,,OCCC v2025,OCCC,VERSIONED,VALIDATED_FROM_REFERENCE,Factor versionado; no se presenta como FE anual,101,2022-2026
spain,España,Residuos plásticos (proxy),Látex / Caucho,Reciclaje de plásticos,kg,0.07791,,OCCC v2025,OCCC,VERSIONED,VALIDATED_FROM_REFERENCE,Factor versionado; no se presenta como FE anual,100,2022-2026
spain,España,Residuos químicos (no peligrosos),Cola blanca,Compostaje,kg,0.20812,,OCCC v2025,OCCC,VERSIONED,VALIDATED_FROM_REFERENCE,Factor versionado; no se presenta como FE anual,97,2022-2026
spain,España,Residuos químicos (no peligrosos),Cola blanca,Deposición de residuos no especiales,kg,0.29182,,OCCC v2025,OCCC,VERSIONED,VALIDATED_FROM_REFERENCE,Factor versionado; no se presenta como FE anual,98,2022-2026
spain,España,Residuos químicos (no peligrosos),Cola blanca,Tratamiento físico-químico y biológico,kg,0.02866,,OCCC v2025,OCCC,VERSIONED,VALIDATED_FROM_REFERENCE,Factor versionado; no se presenta como FE anual,96,2022-2026
spain,España,Residuos químicos (no peligrosos),Pintura al agua,Compostaje,kg,0.20812,,OCCC v2025,OCCC,VERSIONED,VALIDATED_FROM_REFERENCE,Factor versionado; no se presenta como FE anual,58,2022-2026
spain,España,Residuos químicos (no peligrosos),Pintura al agua,Deposición de residuos no especiales,kg,0.29182,,OCCC v2025,OCCC,VERSIONED,VALIDATED_FROM_REFERENCE,Factor versionado; no se presenta como FE anual,59,2022-2026
spain,España,Residuos químicos (no peligrosos),Pintura al agua,Tratamiento físico-químico y biológico,kg,0.02866,,OCCC v2025,OCCC,VERSIONED,VALIDATED_FROM_REFERENCE,Factor versionado; no se presenta como FE anual,57,2022-2026
spain,España,Residuos químicos (peligrosos),"Absorbentes, trapos y materiales de limpieza contaminados",Gestión a través de un Centro de Recogida y Transferencia (CRT),kg,0.22542,,OCCC v2025,OCCC,VERSIONED,VALIDATED_FROM_REFERENCE,Factor versionado; no se presenta como FE anual,278,2022-2026
spain,España,Residuos químicos (peligrosos),"Absorbentes, trapos y materiales de limpieza contaminados",Incineración de residuos no halogenados,kg,0.53635,,OCCC v2025,OCCC,VERSIONED,VALIDATED_FROM_REFERENCE,Factor versionado; no se presenta como FE anual,279,2022-2026
spain,España,Residuos químicos (peligrosos),"Absorbentes, trapos y materiales de limpieza contaminados","Recuperación, regeneración y reutilización de envases",kg,0.13926,,OCCC v2025,OCCC,VERSIONED,VALIDATED_FROM_REFERENCE,Factor versionado; no se presenta como FE anual,277,2022-2026
spain,España,Residuos químicos (peligrosos),"Absorbentes, trapos y materiales de limpieza contaminados",Regeneración de disolventes,kg,0.30311,,OCCC v2025,OCCC,VERSIONED,VALIDATED_FROM_REFERENCE,Factor versionado; no se presenta como FE anual,280,2022-2026
spain,España,Residuos químicos (peligrosos),"Absorbentes, trapos y materiales de limpieza contaminados",Tratamiento físico-químico y biológico,kg,0.03851,,OCCC v2025,OCCC,VERSIONED,VALIDATED_FROM_REFERENCE,Factor versionado; no se presenta como FE anual,275,2022-2026
spain,España,Residuos químicos (peligrosos),"Absorbentes, trapos y materiales de limpieza contaminados",Tratamiento por evaporación,kg,0.167,,OCCC v2025,OCCC,VERSIONED,VALIDATED_FROM_REFERENCE,Factor versionado; no se presenta como FE anual,276,2022-2026
spain,España,Residuos químicos (peligrosos),Aerosoles,Gestión a través de un Centro de Recogida y Transferencia,kg,0.22542,,OCCC v2025,OCCC,VERSIONED,VALIDATED_FROM_REFERENCE,Factor versionado; no se presenta como FE anual,114,2022-2026
spain,España,Residuos químicos (peligrosos),Aerosoles,Incineración de residuos no halogenados,kg,0.53635,,OCCC v2025,OCCC,VERSIONED,VALIDATED_FROM_REFERENCE,Factor versionado; no se presenta como FE anual,115,2022-2026
spain,España,Residuos químicos (peligrosos),Aerosoles,"Recuperación, regeneración y reutilización de envases",kg,0.13926,,OCCC v2025,OCCC,VERSIONED,VALIDATED_FROM_REFERENCE,Factor versionado; no se presenta como FE anual,113,2022-2026
spain,España,Residuos químicos (peligrosos),Aerosoles,Regeneración de disolventes,kg,0.30311,,OCCC v2025,OCCC,VERSIONED,VALIDATED_FROM_REFERENCE,Factor versionado; no se presenta como FE anual,116,2022-2026
spain,España,Residuos químicos (peligrosos),Aerosoles,Tratamiento físico-químico y biológico,kg,0.03851,,OCCC v2025,OCCC,VERSIONED,VALIDATED_FROM_REFERENCE,Factor versionado; no se presenta como FE anual,111,2022-2026
spain,España,Residuos químicos (peligrosos),Aerosoles,Tratamiento por evaporación,kg,0.167,,OCCC v2025,OCCC,VERSIONED,VALIDATED_FROM_REFERENCE,Factor versionado; no se presenta como FE anual,112,2022-2026
spain,España,Residuos químicos (peligrosos),Betún de judea,Gestión a través de un Centro de Recogida y Transferencia,kg,0.22542,,OCCC v2025,OCCC,VERSIONED,VALIDATED_FROM_REFERENCE,Factor versionado; no se presenta como FE anual,121,2022-2026
spain,España,Residuos químicos (peligrosos),Betún de judea,Incineración de residuos no halogenados,kg,0.53635,,OCCC v2025,OCCC,VERSIONED,VALIDATED_FROM_REFERENCE,Factor versionado; no se presenta como FE anual,122,2022-2026
spain,España,Residuos químicos (peligrosos),Betún de judea,"Recuperación, regeneración y reutilización de envases",kg,0.13926,,OCCC v2025,OCCC,VERSIONED,VALIDATED_FROM_REFERENCE,Factor versionado; no se presenta como FE anual,120,2022-2026
spain,España,Residuos químicos (peligrosos),Betún de judea,Regeneración de disolventes,kg,0.30311,,OCCC v2025,OCCC,VERSIONED,VALIDATED_FROM_REFERENCE,Factor versionado; no se presenta como FE anual,123,2022-2026
spain,España,Residuos químicos (peligrosos),Betún de judea,Tratamiento físico-químico y biológico,kg,0.03851,,OCCC v2025,OCCC,VERSIONED,VALIDATED_FROM_REFERENCE,Factor versionado; no se presenta como FE anual,118,2022-2026
spain,España,Residuos químicos (peligrosos),Betún de judea,Tratamiento por evaporación,kg,0.167,,OCCC v2025,OCCC,VERSIONED,VALIDATED_FROM_REFERENCE,Factor versionado; no se presenta como FE anual,119,2022-2026
spain,España,Residuos químicos (peligrosos),"Botes y latas con restos de pintura, barniz y disolventes",Gestión a través de un Centro de Recogida y Transferencia (CRT),kg,0.22542,,OCCC v2025,OCCC,VERSIONED,VALIDATED_FROM_REFERENCE,Factor versionado; no se presenta como FE anual,271,2022-2026
spain,España,Residuos químicos (peligrosos),"Botes y latas con restos de pintura, barniz y disolventes",Incineración de residuos no halogenados,kg,0.53635,,OCCC v2025,OCCC,VERSIONED,VALIDATED_FROM_REFERENCE,Factor versionado; no se presenta como FE anual,272,2022-2026
spain,España,Residuos químicos (peligrosos),"Botes y latas con restos de pintura, barniz y disolventes","Recuperación, regeneración y reutilización de envases",kg,0.13926,,OCCC v2025,OCCC,VERSIONED,VALIDATED_FROM_REFERENCE,Factor versionado; no se presenta como FE anual,270,2022-2026
spain,España,Residuos químicos (peligrosos),"Botes y latas con restos de pintura, barniz y disolventes",Regeneración de disolventes,kg,0.30311,,OCCC v2025,OCCC,VERSIONED,VALIDATED_FROM_REFERENCE,Factor versionado; no se presenta como FE anual,273,2022-2026
spain,España,Residuos químicos (peligrosos),"Botes y latas con restos de pintura, barniz y disolventes",Tratamiento físico-químico y biológico,kg,0.03851,,OCCC v2025,OCCC,VERSIONED,VALIDATED_FROM_REFERENCE,Factor versionado; no se presenta como FE anual,268,2022-2026
spain,España,Residuos químicos (peligrosos),"Botes y latas con restos de pintura, barniz y disolventes",Tratamiento por evaporación,kg,0.167,,OCCC v2025,OCCC,VERSIONED,VALIDATED_FROM_REFERENCE,Factor versionado; no se presenta como FE anual,269,2022-2026
spain,España,Residuos químicos (peligrosos),Colas,Gestión a través de un Centro de Recogida y Transferencia,kg,0.22542,,OCCC v2025,OCCC,VERSIONED,VALIDATED_FROM_REFERENCE,Factor versionado; no se presenta como FE anual,92,2022-2026
spain,España,Residuos químicos (peligrosos),Colas,Incineración de residuos no halogenados,kg,0.53635,,OCCC v2025,OCCC,VERSIONED,VALIDATED_FROM_REFERENCE,Factor versionado; no se presenta como FE anual,93,2022-2026
spain,España,Residuos químicos (peligrosos),Colas,"Recuperación, regeneración y reutilización de envases",kg,0.13926,,OCCC v2025,OCCC,VERSIONED,VALIDATED_FROM_REFERENCE,Factor versionado; no se presenta como FE anual,91,2022-2026
spain,España,Residuos químicos (peligrosos),Colas,Regeneración de disolventes,kg,0.30311,,OCCC v2025,OCCC,VERSIONED,VALIDATED_FROM_REFERENCE,Factor versionado; no se presenta como FE anual,94,2022-2026
spain,España,Residuos químicos (peligrosos),Colas,Tratamiento físico-químico y biológico,kg,0.03851,,OCCC v2025,OCCC,VERSIONED,VALIDATED_FROM_REFERENCE,Factor versionado; no se presenta como FE anual,89,2022-2026
spain,España,Residuos químicos (peligrosos),Colas,Tratamiento por evaporación,kg,0.167,,OCCC v2025,OCCC,VERSIONED,VALIDATED_FROM_REFERENCE,Factor versionado; no se presenta como FE anual,90,2022-2026
spain,España,Residuos químicos (peligrosos),Esmaltes sintéticos,Gestión a través de un Centro de Recogida y Transferencia,kg,0.22542,,OCCC v2025,OCCC,VERSIONED,VALIDATED_FROM_REFERENCE,Factor versionado; no se presenta como FE anual,128,2022-2026
spain,España,Residuos químicos (peligrosos),Esmaltes sintéticos,Incineración de residuos no halogenados,kg,0.53635,,OCCC v2025,OCCC,VERSIONED,VALIDATED_FROM_REFERENCE,Factor versionado; no se presenta como FE anual,129,2022-2026
spain,España,Residuos químicos (peligrosos),Esmaltes sintéticos,"Recuperación, regeneración y reutilización de envases",kg,0.13926,,OCCC v2025,OCCC,VERSIONED,VALIDATED_FROM_REFERENCE,Factor versionado; no se presenta como FE anual,127,2022-2026
spain,España,Residuos químicos (peligrosos),Esmaltes sintéticos,Regeneración de disolventes,kg,0.30311,,OCCC v2025,OCCC,VERSIONED,VALIDATED_FROM_REFERENCE,Factor versionado; no se presenta como FE anual,130,2022-2026
spain,España,Residuos químicos (peligrosos),Esmaltes sintéticos,Tratamiento físico-químico y biológico,kg,0.03851,,OCCC v2025,OCCC,VERSIONED,VALIDATED_FROM_REFERENCE,Factor versionado; no se presenta como FE anual,125,2022-2026
spain,España,Residuos químicos (peligrosos),Esmaltes sintéticos,Tratamiento por evaporación,kg,0.167,,OCCC v2025,OCCC,VERSIONED,VALIDATED_FROM_REFERENCE,Factor versionado; no se presenta como FE anual,126,2022-2026
spain,España,Residuos químicos (peligrosos),Imprimación,Gestión a través de un Centro de Recogida y Transferencia,kg,0.22542,,OCCC v2025,OCCC,VERSIONED,VALIDATED_FROM_REFERENCE,Factor versionado; no se presenta como FE anual,259,2022-2026
spain,España,Residuos químicos (peligrosos),Imprimación,Incineración de residuos no halogenados,kg,0.53635,,OCCC v2025,OCCC,VERSIONED,VALIDATED_FROM_REFERENCE,Factor versionado; no se presenta como FE anual,260,2022-2026
spain,España,Residuos químicos (peligrosos),Imprimación,"Recuperación, regeneración y reutilización de envases",kg,0.13926,,OCCC v2025,OCCC,VERSIONED,VALIDATED_FROM_REFERENCE,Factor versionado; no se presenta como FE anual,258,2022-2026
spain,España,Residuos químicos (peligrosos),Imprimación,Regeneración de disolventes,kg,0.30311,,OCCC v2025,OCCC,VERSIONED,VALIDATED_FROM_REFERENCE,Factor versionado; no se presenta como FE anual,261,2022-2026
spain,España,Residuos químicos (peligrosos),Imprimación,Tratamiento físico-químico y biológico,kg,0.03851,,OCCC v2025,OCCC,VERSIONED,VALIDATED_FROM_REFERENCE,Factor versionado; no se presenta como FE anual,256,2022-2026
spain,España,Residuos químicos (peligrosos),Imprimación,Tratamiento por evaporación,kg,0.167,,OCCC v2025,OCCC,VERSIONED,VALIDATED_FROM_REFERENCE,Factor versionado; no se presenta como FE anual,257,2022-2026
spain,España,Residuos químicos (peligrosos),Lacas,Gestión a través de un Centro de Recogida y Transferencia,kg,0.22542,,OCCC v2025,OCCC,VERSIONED,VALIDATED_FROM_REFERENCE,Factor versionado; no se presenta como FE anual,78,2022-2026
spain,España,Residuos químicos (peligrosos),Lacas,Incineración de residuos no halogenados,kg,0.53635,,OCCC v2025,OCCC,VERSIONED,VALIDATED_FROM_REFERENCE,Factor versionado; no se presenta como FE anual,79,2022-2026
spain,España,Residuos químicos (peligrosos),Lacas,"Recuperación, regeneración y reutilización de envases",kg,0.13926,,OCCC v2025,OCCC,VERSIONED,VALIDATED_FROM_REFERENCE,Factor versionado; no se presenta como FE anual,77,2022-2026
spain,España,Residuos químicos (peligrosos),Lacas,Regeneración de disolventes,kg,0.30311,,OCCC v2025,OCCC,VERSIONED,VALIDATED_FROM_REFERENCE,Factor versionado; no se presenta como FE anual,80,2022-2026
spain,España,Residuos químicos (peligrosos),Lacas,Tratamiento físico-químico y biológico,kg,0.03851,,OCCC v2025,OCCC,VERSIONED,VALIDATED_FROM_REFERENCE,Factor versionado; no se presenta como FE anual,75,2022-2026
spain,España,Residuos químicos (peligrosos),Lacas,Tratamiento por evaporación,kg,0.167,,OCCC v2025,OCCC,VERSIONED,VALIDATED_FROM_REFERENCE,Factor versionado; no se presenta como FE anual,76,2022-2026
spain,España,Residuos químicos (peligrosos),Limpiadores de contacto en aerosol,Gestión a través de un Centro de Recogida y Transferencia,kg,0.22542,,OCCC v2025,OCCC,VERSIONED,VALIDATED_FROM_REFERENCE,Factor versionado; no se presenta como FE anual,53,2022-2026
spain,España,Residuos químicos (peligrosos),Limpiadores de contacto en aerosol,Incineración de residuos no halogenados,kg,0.53635,,OCCC v2025,OCCC,VERSIONED,VALIDATED_FROM_REFERENCE,Factor versionado; no se presenta como FE anual,54,2022-2026
spain,España,Residuos químicos (peligrosos),Limpiadores de contacto en aerosol,"Recuperación, regeneración y reutilización de envases",kg,0.13926,,OCCC v2025,OCCC,VERSIONED,VALIDATED_FROM_REFERENCE,Factor versionado; no se presenta como FE anual,52,2022-2026
spain,España,Residuos químicos (peligrosos),Limpiadores de contacto en aerosol,Regeneración de disolventes,kg,0.30311,,OCCC v2025,OCCC,VERSIONED,VALIDATED_FROM_REFERENCE,Factor versionado; no se presenta como FE anual,55,2022-2026
spain,España,Residuos químicos (peligrosos),Limpiadores de contacto en aerosol,Tratamiento físico-químico y biológico,kg,0.03851,,OCCC v2025,OCCC,VERSIONED,VALIDATED_FROM_REFERENCE,Factor versionado; no se presenta como FE anual,50,2022-2026
spain,España,Residuos químicos (peligrosos),Limpiadores de contacto en aerosol,Tratamiento por evaporación,kg,0.167,,OCCC v2025,OCCC,VERSIONED,VALIDATED_FROM_REFERENCE,Factor versionado; no se presenta como FE anual,51,2022-2026
spain,España,Residuos químicos (peligrosos),Líquidos de FX (base de glicol o glicerina),Gestión a través de un Centro de Recogida y Transferencia,kg,0.22542,,OCCC v2025,OCCC,VERSIONED,VALIDATED_FROM_REFERENCE,Factor versionado; no se presenta como FE anual,149,2022-2026
spain,España,Residuos químicos (peligrosos),Líquidos de FX (base de glicol o glicerina),Incineración de residuos no halogenados,kg,0.53635,,OCCC v2025,OCCC,VERSIONED,VALIDATED_FROM_REFERENCE,Factor versionado; no se presenta como FE anual,150,2022-2026
spain,España,Residuos químicos (peligrosos),Líquidos de FX (base de glicol o glicerina),"Recuperación, regeneración y reutilización de envases",kg,0.13926,,OCCC v2025,OCCC,VERSIONED,VALIDATED_FROM_REFERENCE,Factor versionado; no se presenta como FE anual,148,2022-2026
spain,España,Residuos químicos (peligrosos),Líquidos de FX (base de glicol o glicerina),Regeneración de disolventes,kg,0.30311,,OCCC v2025,OCCC,VERSIONED,VALIDATED_FROM_REFERENCE,Factor versionado; no se presenta como FE anual,151,2022-2026
spain,España,Residuos químicos (peligrosos),Líquidos de FX (base de glicol o glicerina),Tratamiento físico-químico y biológico,kg,0.03851,,OCCC v2025,OCCC,VERSIONED,VALIDATED_FROM_REFERENCE,Factor versionado; no se presenta como FE anual,146,2022-2026
spain,España,Residuos químicos (peligrosos),Líquidos de FX (base de glicol o glicerina),Tratamiento por evaporación,kg,0.167,,OCCC v2025,OCCC,VERSIONED,VALIDATED_FROM_REFERENCE,Factor versionado; no se presenta como FE anual,147,2022-2026
spain,España,Residuos químicos (peligrosos),Pegamentos,Gestión a través de un Centro de Recogida y Transferencia,kg,0.22542,,OCCC v2025,OCCC,VERSIONED,VALIDATED_FROM_REFERENCE,Factor versionado; no se presenta como FE anual,85,2022-2026
spain,España,Residuos químicos (peligrosos),Pegamentos,Incineración de residuos no halogenados,kg,0.53635,,OCCC v2025,OCCC,VERSIONED,VALIDATED_FROM_REFERENCE,Factor versionado; no se presenta como FE anual,86,2022-2026
spain,España,Residuos químicos (peligrosos),Pegamentos,"Recuperación, regeneración y reutilización de envases",kg,0.13926,,OCCC v2025,OCCC,VERSIONED,VALIDATED_FROM_REFERENCE,Factor versionado; no se presenta como FE anual,84,2022-2026
spain,España,Residuos químicos (peligrosos),Pegamentos,Regeneración de disolventes,kg,0.30311,,OCCC v2025,OCCC,VERSIONED,VALIDATED_FROM_REFERENCE,Factor versionado; no se presenta como FE anual,87,2022-2026
spain,España,Residuos químicos (peligrosos),Pegamentos,Tratamiento físico-químico y biológico,kg,0.03851,,OCCC v2025,OCCC,VERSIONED,VALIDATED_FROM_REFERENCE,Factor versionado; no se presenta como FE anual,82,2022-2026
spain,España,Residuos químicos (peligrosos),Pegamentos,Tratamiento por evaporación,kg,0.167,,OCCC v2025,OCCC,VERSIONED,VALIDATED_FROM_REFERENCE,Factor versionado; no se presenta como FE anual,83,2022-2026
spain,España,Residuos químicos (peligrosos),Pegamentos y resinas de dos componentes,Gestión a través de un Centro de Recogida y Transferencia,kg,0.22542,,OCCC v2025,OCCC,VERSIONED,VALIDATED_FROM_REFERENCE,Factor versionado; no se presenta como FE anual,142,2022-2026
spain,España,Residuos químicos (peligrosos),Pegamentos y resinas de dos componentes,Incineración de residuos no halogenados,kg,0.53635,,OCCC v2025,OCCC,VERSIONED,VALIDATED_FROM_REFERENCE,Factor versionado; no se presenta como FE anual,143,2022-2026
spain,España,Residuos químicos (peligrosos),Pegamentos y resinas de dos componentes,"Recuperación, regeneración y reutilización de envases",kg,0.13926,,OCCC v2025,OCCC,VERSIONED,VALIDATED_FROM_REFERENCE,Factor versionado; no se presenta como FE anual,141,2022-2026
spain,España,Residuos químicos (peligrosos),Pegamentos y resinas de dos componentes,Regeneración de disolventes,kg,0.30311,,OCCC v2025,OCCC,VERSIONED,VALIDATED_FROM_REFERENCE,Factor versionado; no se presenta como FE anual,144,2022-2026
spain,España,Residuos químicos (peligrosos),Pegamentos y resinas de dos componentes,Tratamiento físico-químico y biológico,kg,0.03851,,OCCC v2025,OCCC,VERSIONED,VALIDATED_FROM_REFERENCE,Factor versionado; no se presenta como FE anual,139,2022-2026
spain,España,Residuos químicos (peligrosos),Pegamentos y resinas de dos componentes,Tratamiento por evaporación,kg,0.167,,OCCC v2025,OCCC,VERSIONED,VALIDATED_FROM_REFERENCE,Factor versionado; no se presenta como FE anual,140,2022-2026
spain,España,Residuos químicos (peligrosos),Pintura al disolvente,Gestión a través de un Centro de Recogida y Transferencia,kg,0.22542,,OCCC v2025,OCCC,VERSIONED,VALIDATED_FROM_REFERENCE,Factor versionado; no se presenta como FE anual,241,2022-2026
spain,España,Residuos químicos (peligrosos),Pintura al disolvente,Incineración de residuos no halogenados,kg,0.53635,,OCCC v2025,OCCC,VERSIONED,VALIDATED_FROM_REFERENCE,Factor versionado; no se presenta como FE anual,242,2022-2026
spain,España,Residuos químicos (peligrosos),Pintura al disolvente,"Recuperación, regeneración y reutilización de envases",kg,0.13926,,OCCC v2025,OCCC,VERSIONED,VALIDATED_FROM_REFERENCE,Factor versionado; no se presenta como FE anual,240,2022-2026
spain,España,Residuos químicos (peligrosos),Pintura al disolvente,Regeneración de disolventes,kg,0.30311,,OCCC v2025,OCCC,VERSIONED,VALIDATED_FROM_REFERENCE,Factor versionado; no se presenta como FE anual,243,2022-2026
spain,España,Residuos químicos (peligrosos),Pintura al disolvente,Tratamiento físico-químico y biológico,kg,0.03851,,OCCC v2025,OCCC,VERSIONED,VALIDATED_FROM_REFERENCE,Factor versionado; no se presenta como FE anual,238,2022-2026
spain,España,Residuos químicos (peligrosos),Pintura al disolvente,Tratamiento por evaporación,kg,0.167,,OCCC v2025,OCCC,VERSIONED,VALIDATED_FROM_REFERENCE,Factor versionado; no se presenta como FE anual,239,2022-2026
spain,España,Residuos químicos (peligrosos),"Pinturas, barnices y resinas",Gestión a través de un Centro de Recogida y Transferencia,kg,0.22542,,OCCC v2025,OCCC,VERSIONED,VALIDATED_FROM_REFERENCE,Factor versionado; no se presenta como FE anual,64,2022-2026
spain,España,Residuos químicos (peligrosos),"Pinturas, barnices y resinas",Incineración de residuos no halogenados,kg,0.53635,,OCCC v2025,OCCC,VERSIONED,VALIDATED_FROM_REFERENCE,Factor versionado; no se presenta como FE anual,65,2022-2026
spain,España,Residuos químicos (peligrosos),"Pinturas, barnices y resinas","Recuperación, regeneración y reutilización de envases",kg,0.13926,,OCCC v2025,OCCC,VERSIONED,VALIDATED_FROM_REFERENCE,Factor versionado; no se presenta como FE anual,63,2022-2026
spain,España,Residuos químicos (peligrosos),"Pinturas, barnices y resinas",Regeneración de disolventes,kg,0.30311,,OCCC v2025,OCCC,VERSIONED,VALIDATED_FROM_REFERENCE,Factor versionado; no se presenta como FE anual,66,2022-2026
spain,España,Residuos químicos (peligrosos),"Pinturas, barnices y resinas",Tratamiento físico-químico y biológico,kg,0.03851,,OCCC v2025,OCCC,VERSIONED,VALIDATED_FROM_REFERENCE,Factor versionado; no se presenta como FE anual,61,2022-2026
spain,España,Residuos químicos (peligrosos),"Pinturas, barnices y resinas",Tratamiento por evaporación,kg,0.167,,OCCC v2025,OCCC,VERSIONED,VALIDATED_FROM_REFERENCE,Factor versionado; no se presenta como FE anual,62,2022-2026
spain,España,Residuos químicos (peligrosos),Plastificantes,Gestión a través de un Centro de Recogida y Transferencia,kg,0.22542,,OCCC v2025,OCCC,VERSIONED,VALIDATED_FROM_REFERENCE,Factor versionado; no se presenta como FE anual,107,2022-2026
spain,España,Residuos químicos (peligrosos),Plastificantes,Incineración de residuos no halogenados,kg,0.53635,,OCCC v2025,OCCC,VERSIONED,VALIDATED_FROM_REFERENCE,Factor versionado; no se presenta como FE anual,108,2022-2026
spain,España,Residuos químicos (peligrosos),Plastificantes,"Recuperación, regeneración y reutilización de envases",kg,0.13926,,OCCC v2025,OCCC,VERSIONED,VALIDATED_FROM_REFERENCE,Factor versionado; no se presenta como FE anual,106,2022-2026
spain,España,Residuos químicos (peligrosos),Plastificantes,Regeneración de disolventes,kg,0.30311,,OCCC v2025,OCCC,VERSIONED,VALIDATED_FROM_REFERENCE,Factor versionado; no se presenta como FE anual,109,2022-2026
spain,España,Residuos químicos (peligrosos),Plastificantes,Tratamiento físico-químico y biológico,kg,0.03851,,OCCC v2025,OCCC,VERSIONED,VALIDATED_FROM_REFERENCE,Factor versionado; no se presenta como FE anual,104,2022-2026
spain,España,Residuos químicos (peligrosos),Plastificantes,Tratamiento por evaporación,kg,0.167,,OCCC v2025,OCCC,VERSIONED,VALIDATED_FROM_REFERENCE,Factor versionado; no se presenta como FE anual,105,2022-2026
spain,España,Residuos químicos (peligrosos),Químicos de baños portátiles,Gestión a través de un Centro de Recogida y Transferencia,kg,0.22542,,OCCC v2025,OCCC,VERSIONED,VALIDATED_FROM_REFERENCE,Factor versionado; no se presenta como FE anual,135,2022-2026
spain,España,Residuos químicos (peligrosos),Químicos de baños portátiles,Incineración de residuos no halogenados,kg,0.53635,,OCCC v2025,OCCC,VERSIONED,VALIDATED_FROM_REFERENCE,Factor versionado; no se presenta como FE anual,136,2022-2026
spain,España,Residuos químicos (peligrosos),Químicos de baños portátiles,"Recuperación, regeneración y reutilización de envases",kg,0.13926,,OCCC v2025,OCCC,VERSIONED,VALIDATED_FROM_REFERENCE,Factor versionado; no se presenta como FE anual,134,2022-2026
spain,España,Residuos químicos (peligrosos),Químicos de baños portátiles,Regeneración de disolventes,kg,0.30311,,OCCC v2025,OCCC,VERSIONED,VALIDATED_FROM_REFERENCE,Factor versionado; no se presenta como FE anual,137,2022-2026
spain,España,Residuos químicos (peligrosos),Químicos de baños portátiles,Tratamiento físico-químico y biológico,kg,0.03851,,OCCC v2025,OCCC,VERSIONED,VALIDATED_FROM_REFERENCE,Factor versionado; no se presenta como FE anual,132,2022-2026
spain,España,Residuos químicos (peligrosos),Químicos de baños portátiles,Tratamiento por evaporación,kg,0.167,,OCCC v2025,OCCC,VERSIONED,VALIDATED_FROM_REFERENCE,Factor versionado; no se presenta como FE anual,133,2022-2026
spain,España,Residuos químicos (peligrosos),Texturizadores,Gestión a través de un Centro de Recogida y Transferencia,kg,0.22542,,OCCC v2025,OCCC,VERSIONED,VALIDATED_FROM_REFERENCE,Factor versionado; no se presenta como FE anual,71,2022-2026
spain,España,Residuos químicos (peligrosos),Texturizadores,Incineración de residuos no halogenados,kg,0.53635,,OCCC v2025,OCCC,VERSIONED,VALIDATED_FROM_REFERENCE,Factor versionado; no se presenta como FE anual,72,2022-2026
spain,España,Residuos químicos (peligrosos),Texturizadores,"Recuperación, regeneración y reutilización de envases",kg,0.13926,,OCCC v2025,OCCC,VERSIONED,VALIDATED_FROM_REFERENCE,Factor versionado; no se presenta como FE anual,70,2022-2026
spain,España,Residuos químicos (peligrosos),Texturizadores,Regeneración de disolventes,kg,0.30311,,OCCC v2025,OCCC,VERSIONED,VALIDATED_FROM_REFERENCE,Factor versionado; no se presenta como FE anual,73,2022-2026
spain,España,Residuos químicos (peligrosos),Texturizadores,Tratamiento físico-químico y biológico,kg,0.03851,,OCCC v2025,OCCC,VERSIONED,VALIDATED_FROM_REFERENCE,Factor versionado; no se presenta como FE anual,68,2022-2026
spain,España,Residuos químicos (peligrosos),Texturizadores,Tratamiento por evaporación,kg,0.167,,OCCC v2025,OCCC,VERSIONED,VALIDATED_FROM_REFERENCE,Factor versionado; no se presenta como FE anual,69,2022-2026
spain,España,Resto (mezcla),Resto (mezcla),Gestión municipal (fracción resto),kg,0.71647,,OCCC v2025,OCCC,VERSIONED,VALIDATED_FROM_REFERENCE,Factor versionado; no se presenta como FE anual,17,2022-2026
spain,España,Textil,Moquetas,Combustión / Incineración (recuperación de energía),kg,0.02128019379844961,2022,,DEFRA,ANNUAL,VALIDATED_FROM_REFERENCE,"Serie anual reconstruida 2022-2026; 2023-2026 del bloque Fuera, 2022 del bloque histórico España",179,2022
spain,España,Textil,Moquetas,Combustión / Incineración (recuperación de energía),kg,0.0212808072368763,2023,,DEFRA,ANNUAL,VALIDATED_FROM_REFERENCE,"Serie anual reconstruida 2022-2026; 2023-2026 del bloque Fuera, 2022 del bloque histórico España",179,2023
spain,España,Textil,Moquetas,Combustión / Incineración (recuperación de energía),kg,0.00641061,2024,,DEFRA,ANNUAL,VALIDATED_FROM_REFERENCE,"Serie anual reconstruida 2022-2026; 2023-2026 del bloque Fuera, 2022 del bloque histórico España",179,2024
spain,España,Textil,Moquetas,Combustión / Incineración (recuperación de energía),kg,0.00468568,2025,,DEFRA,ANNUAL,VALIDATED_FROM_REFERENCE,"Serie anual reconstruida 2022-2026; 2023-2026 del bloque Fuera, 2022 del bloque histórico España",179,2025
spain,España,Textil,Moquetas,Combustión / Incineración (recuperación de energía),kg,0.00465358,2026,,DEFRA,ANNUAL,VALIDATED_FROM_REFERENCE,"Serie anual reconstruida 2022-2026; 2023-2026 del bloque Fuera, 2022 del bloque histórico España",179,2026
spain,España,Textil,Moquetas,Reciclaje (Circuito cerrado),kg,0.02128019379844961,2022,,DEFRA,ANNUAL,VALIDATED_FROM_REFERENCE,"Serie anual reconstruida 2022-2026; 2023-2026 del bloque Fuera, 2022 del bloque histórico España",178,2022
spain,España,Textil,Moquetas,Reciclaje (Circuito cerrado),kg,0.0212808072368763,2023,,DEFRA,ANNUAL,VALIDATED_FROM_REFERENCE,"Serie anual reconstruida 2022-2026; 2023-2026 del bloque Fuera, 2022 del bloque histórico España",178,2023
spain,España,Textil,Moquetas,Reciclaje (Circuito cerrado),kg,0.00641061,2024,,DEFRA,ANNUAL,VALIDATED_FROM_REFERENCE,"Serie anual reconstruida 2022-2026; 2023-2026 del bloque Fuera, 2022 del bloque histórico España",178,2024
spain,España,Textil,Moquetas,Reciclaje (Circuito cerrado),kg,0.00468568,2025,,DEFRA,ANNUAL,VALIDATED_FROM_REFERENCE,"Serie anual reconstruida 2022-2026; 2023-2026 del bloque Fuera, 2022 del bloque histórico España",178,2025
spain,España,Textil,Moquetas,Reciclaje (Circuito cerrado),kg,0.00465358,2026,,DEFRA,ANNUAL,VALIDATED_FROM_REFERENCE,"Serie anual reconstruida 2022-2026; 2023-2026 del bloque Fuera, 2022 del bloque histórico España",178,2026
spain,España,Textil,Moquetas,Vertedero,kg,0.4449246857167893,2022,,DEFRA,ANNUAL,VALIDATED_FROM_REFERENCE,"Serie anual reconstruida 2022-2026; 2023-2026 del bloque Fuera, 2022 del bloque histórico España",180,2022
spain,España,Textil,Moquetas,Vertedero,kg,0.496683305914528,2023,,DEFRA,ANNUAL,VALIDATED_FROM_REFERENCE,"Serie anual reconstruida 2022-2026; 2023-2026 del bloque Fuera, 2022 del bloque histórico España",180,2023
spain,España,Textil,Moquetas,Vertedero,kg,0.49668303,2024,,DEFRA,ANNUAL,VALIDATED_FROM_REFERENCE,"Serie anual reconstruida 2022-2026; 2023-2026 del bloque Fuera, 2022 del bloque histórico España",180,2024
spain,España,Textil,Moquetas,Vertedero,kg,0.49678228,2025,,DEFRA,ANNUAL,VALIDATED_FROM_REFERENCE,"Serie anual reconstruida 2022-2026; 2023-2026 del bloque Fuera, 2022 del bloque histórico España",180,2025
spain,España,Textil,Moquetas,Vertedero,kg,0.49680605,2026,,DEFRA,ANNUAL,VALIDATED_FROM_REFERENCE,"Serie anual reconstruida 2022-2026; 2023-2026 del bloque Fuera, 2022 del bloque histórico España",180,2026
spain,España,Textil,Telas y tejidos,Combustión / Incineración (recuperación de energía),kg,0.02128019379844961,2022,,DEFRA,ANNUAL,VALIDATED_FROM_REFERENCE,"Serie anual reconstruida 2022-2026; 2023-2026 del bloque Fuera, 2022 del bloque histórico España",189,2022
spain,España,Textil,Telas y tejidos,Combustión / Incineración (recuperación de energía),kg,0.0212808072368763,2023,,DEFRA,ANNUAL,VALIDATED_FROM_REFERENCE,"Serie anual reconstruida 2022-2026; 2023-2026 del bloque Fuera, 2022 del bloque histórico España",189,2023
spain,España,Textil,Telas y tejidos,Combustión / Incineración (recuperación de energía),kg,0.00641061,2024,,DEFRA,ANNUAL,VALIDATED_FROM_REFERENCE,"Serie anual reconstruida 2022-2026; 2023-2026 del bloque Fuera, 2022 del bloque histórico España",189,2024
spain,España,Textil,Telas y tejidos,Combustión / Incineración (recuperación de energía),kg,0.00468568,2025,,DEFRA,ANNUAL,VALIDATED_FROM_REFERENCE,"Serie anual reconstruida 2022-2026; 2023-2026 del bloque Fuera, 2022 del bloque histórico España",189,2025
spain,España,Textil,Telas y tejidos,Combustión / Incineración (recuperación de energía),kg,0.00465358,2026,,DEFRA,ANNUAL,VALIDATED_FROM_REFERENCE,"Serie anual reconstruida 2022-2026; 2023-2026 del bloque Fuera, 2022 del bloque histórico España",189,2026
spain,España,Textil,Telas y tejidos,Reciclaje (Circuito cerrado),kg,0.02128019379844961,2022,,DEFRA,ANNUAL,VALIDATED_FROM_REFERENCE,"Serie anual reconstruida 2022-2026; 2023-2026 del bloque Fuera, 2022 del bloque histórico España",188,2022
spain,España,Textil,Telas y tejidos,Reciclaje (Circuito cerrado),kg,0.0212808072368763,2023,,DEFRA,ANNUAL,VALIDATED_FROM_REFERENCE,"Serie anual reconstruida 2022-2026; 2023-2026 del bloque Fuera, 2022 del bloque histórico España",188,2023
spain,España,Textil,Telas y tejidos,Reciclaje (Circuito cerrado),kg,0.00641061,2024,,DEFRA,ANNUAL,VALIDATED_FROM_REFERENCE,"Serie anual reconstruida 2022-2026; 2023-2026 del bloque Fuera, 2022 del bloque histórico España",188,2024
spain,España,Textil,Telas y tejidos,Reciclaje (Circuito cerrado),kg,0.00468568,2025,,DEFRA,ANNUAL,VALIDATED_FROM_REFERENCE,"Serie anual reconstruida 2022-2026; 2023-2026 del bloque Fuera, 2022 del bloque histórico España",188,2025
spain,España,Textil,Telas y tejidos,Reciclaje (Circuito cerrado),kg,0.00465358,2026,,DEFRA,ANNUAL,VALIDATED_FROM_REFERENCE,"Serie anual reconstruida 2022-2026; 2023-2026 del bloque Fuera, 2022 del bloque histórico España",188,2026
spain,España,Textil,Telas y tejidos,Vertedero,kg,0.4449246857167893,2022,,DEFRA,ANNUAL,VALIDATED_FROM_REFERENCE,"Serie anual reconstruida 2022-2026; 2023-2026 del bloque Fuera, 2022 del bloque histórico España",190,2022
spain,España,Textil,Telas y tejidos,Vertedero,kg,0.496683305914528,2023,,DEFRA,ANNUAL,VALIDATED_FROM_REFERENCE,"Serie anual reconstruida 2022-2026; 2023-2026 del bloque Fuera, 2022 del bloque histórico España",190,2023
spain,España,Textil,Telas y tejidos,Vertedero,kg,0.49668303,2024,,DEFRA,ANNUAL,VALIDATED_FROM_REFERENCE,"Serie anual reconstruida 2022-2026; 2023-2026 del bloque Fuera, 2022 del bloque histórico España",190,2024
spain,España,Textil,Telas y tejidos,Vertedero,kg,0.49678228,2025,,DEFRA,ANNUAL,VALIDATED_FROM_REFERENCE,"Serie anual reconstruida 2022-2026; 2023-2026 del bloque Fuera, 2022 del bloque histórico España",190,2025
spain,España,Textil,Telas y tejidos,Vertedero,kg,0.49680605,2026,,DEFRA,ANNUAL,VALIDATED_FROM_REFERENCE,"Serie anual reconstruida 2022-2026; 2023-2026 del bloque Fuera, 2022 del bloque histórico España",190,2026
spain,España,Textil,Textil,Combustión / Incineración (recuperación de energía),kg,0.02128019379844961,2022,,DEFRA,ANNUAL,VALIDATED_FROM_REFERENCE,"Serie anual reconstruida 2022-2026; 2023-2026 del bloque Fuera, 2022 del bloque histórico España",25,2022
spain,España,Textil,Textil,Combustión / Incineración (recuperación de energía),kg,0.0212808072368763,2023,,DEFRA,ANNUAL,VALIDATED_FROM_REFERENCE,"Serie anual reconstruida 2022-2026; 2023-2026 del bloque Fuera, 2022 del bloque histórico España",25,2023
spain,España,Textil,Textil,Combustión / Incineración (recuperación de energía),kg,0.00641061,2024,,DEFRA,ANNUAL,VALIDATED_FROM_REFERENCE,"Serie anual reconstruida 2022-2026; 2023-2026 del bloque Fuera, 2022 del bloque histórico España",25,2024
spain,España,Textil,Textil,Combustión / Incineración (recuperación de energía),kg,0.00468568,2025,,DEFRA,ANNUAL,VALIDATED_FROM_REFERENCE,"Serie anual reconstruida 2022-2026; 2023-2026 del bloque Fuera, 2022 del bloque histórico España",25,2025
spain,España,Textil,Textil,Combustión / Incineración (recuperación de energía),kg,0.00465358,2026,,DEFRA,ANNUAL,VALIDATED_FROM_REFERENCE,"Serie anual reconstruida 2022-2026; 2023-2026 del bloque Fuera, 2022 del bloque histórico España",25,2026
spain,España,Textil,Textil,Reciclaje (Circuito cerrado),kg,0.02128019379844961,2022,,DEFRA,ANNUAL,VALIDATED_FROM_REFERENCE,"Serie anual reconstruida 2022-2026; 2023-2026 del bloque Fuera, 2022 del bloque histórico España",24,2022
spain,España,Textil,Textil,Reciclaje (Circuito cerrado),kg,0.0212808072368763,2023,,DEFRA,ANNUAL,VALIDATED_FROM_REFERENCE,"Serie anual reconstruida 2022-2026; 2023-2026 del bloque Fuera, 2022 del bloque histórico España",24,2023
spain,España,Textil,Textil,Reciclaje (Circuito cerrado),kg,0.00641061,2024,,DEFRA,ANNUAL,VALIDATED_FROM_REFERENCE,"Serie anual reconstruida 2022-2026; 2023-2026 del bloque Fuera, 2022 del bloque histórico España",24,2024
spain,España,Textil,Textil,Reciclaje (Circuito cerrado),kg,0.00468568,2025,,DEFRA,ANNUAL,VALIDATED_FROM_REFERENCE,"Serie anual reconstruida 2022-2026; 2023-2026 del bloque Fuera, 2022 del bloque histórico España",24,2025
spain,España,Textil,Textil,Reciclaje (Circuito cerrado),kg,0.00465358,2026,,DEFRA,ANNUAL,VALIDATED_FROM_REFERENCE,"Serie anual reconstruida 2022-2026; 2023-2026 del bloque Fuera, 2022 del bloque histórico España",24,2026
spain,España,Textil,Textil,Vertedero,kg,0.4449246857167893,2022,,DEFRA,ANNUAL,VALIDATED_FROM_REFERENCE,"Serie anual reconstruida 2022-2026; 2023-2026 del bloque Fuera, 2022 del bloque histórico España",26,2022
spain,España,Textil,Textil,Vertedero,kg,0.496683305914528,2023,,DEFRA,ANNUAL,VALIDATED_FROM_REFERENCE,"Serie anual reconstruida 2022-2026; 2023-2026 del bloque Fuera, 2022 del bloque histórico España",26,2023
spain,España,Textil,Textil,Vertedero,kg,0.49668303,2024,,DEFRA,ANNUAL,VALIDATED_FROM_REFERENCE,"Serie anual reconstruida 2022-2026; 2023-2026 del bloque Fuera, 2022 del bloque histórico España",26,2024
spain,España,Textil,Textil,Vertedero,kg,0.49678228,2025,,DEFRA,ANNUAL,VALIDATED_FROM_REFERENCE,"Serie anual reconstruida 2022-2026; 2023-2026 del bloque Fuera, 2022 del bloque histórico España",26,2025
spain,España,Textil,Textil,Vertedero,kg,0.49680605,2026,,DEFRA,ANNUAL,VALIDATED_FROM_REFERENCE,"Serie anual reconstruida 2022-2026; 2023-2026 del bloque Fuera, 2022 del bloque histórico España",26,2026
spain,España,Vidrio,Vidrio,Gestión municipal (envases de vidrio),kg,0.0305,,OCCC v2025,OCCC,VERSIONED,VALIDATED_FROM_REFERENCE,Factor versionado; no se presenta como FE anual,16,2022-2026
